system,n,mean,std,sem,ci95
system1,11,4.7272727272727275,1.2720777563426764,0.3835458747223452,0.7517499144557965
system2,11,5.363636363636363,1.2862913567871996,0.3878314365036644,0.7601496155471822
