system_type,count,mean,std,median,min,max
system1,12,560.202311,227.1800815276553,591.441145,191.976426,824.245438
system2,12,900.1793763333334,412.85954407813546,924.694012,162.479794,1474.031855
