system_type,count,mean,std,median,min,max
system1,25,852.7507648400001,326.03777456858177,887.302351,238.959275,1481.879895
system2,35,1314.7786464285714,488.4020932038146,1289.375899,270.071163,2310.105397
