system_type,n_persons,mean_of_person_means,std_of_person_means,sem_of_person_means,min_of_person_means,max_of_person_means,ci95_of_person_means
system1,11,769.2334669393939,250.51015849198484,75.53165471730702,327.80753566666664,1103.98929425,148.04204324592175
system2,11,1290.831524681818,390.4546741990739,117.72651381443539,664.934305,1931.426428,230.74396707629336
