system_type,n,mean,median,std,sem,min,max,ci95
system1,34,753.695873382353,771.9044839999999,334.92294274624203,57.438810812746,191.976426,1481.879895,112.58006919298215
system2,42,1196.8573210952381,1195.884193,518.9597783681212,80.07723229778587,162.479794,2310.105397,156.9513753036603
