timestamp,event,details
23:59:30,experiment_started,"{'language': 'ko', 'demographic_data': {'age': '25', 'gender': 'female', 'occupation': '대학원생', 'ai_tool_types': ['text', 'image', 'video', 'audio'], 'ai_frequency': 'daily', 'ai_purposes': ['work', 'study'], 'ai_proficiency': '5', 'english_level': 'intermediate', 'programming_duration': '>3', 'programming_languages': ['cpp', 'python', 'matlab'], 'programming_contexts': ['research', 'ml', 'automation'], 'programming_proficiency': '4', 'system_order': 'system2_first'}, 'session_id': 'c8a11a37-2a2a-4691-84d9-7d4c35c7cc61', 'user_id': 'P5'}"
00:01:17,layout_board.new_box_initiated,"{'board_type': 'advanced', 'timestamp': '2025-08-30T00:01:17.581Z', 'session_id': 'c8a11a37-2a2a-4691-84d9-7d4c35c7cc61', 'user_id': 'P5'}"
00:01:41,layout_board.new_box_initiated,"{'board_type': 'advanced', 'timestamp': '2025-08-30T00:01:41.750Z', 'session_id': 'c8a11a37-2a2a-4691-84d9-7d4c35c7cc61', 'user_id': 'P5'}"
00:01:41,layout_board.new_box_positioned,"{'position': {'x': 66.671875, 'y': 537}, 'screen_position': {'x': 126, 'y': 580}, 'board_type': 'advanced', 'session_id': 'c8a11a37-2a2a-4691-84d9-7d4c35c7cc61', 'user_id': 'P5'}"
00:01:52,api.generate_text_to_graph.started,"{'has_previous': None, 'text_length': 34, 'previous_objects_count': 0, 'session_id': 'c8a11a37-2a2a-4691-84d9-7d4c35c7cc61', 'user_id': 'P5'}"
00:01:54,api.generate_text_to_graph.succeeded,"{'objects_count': 2, 'relationships_count': 1, 'root_object': 'object1', 'session_id': 'c8a11a37-2a2a-4691-84d9-7d4c35c7cc61', 'user_id': 'P5'}"
00:01:59,instance_selected,"{'instance_id': 'instance-837d9423-a5a2-4bc1-8da2-6f0f75c74db7', 'instance_label': 'rabbit', 'is_from_class': False, 'class_id': None, 'session_id': 'c8a11a37-2a2a-4691-84d9-7d4c35c7cc61', 'user_id': 'P5'}"
00:02:03,layout_board.new_box_initiated,"{'board_type': 'advanced', 'timestamp': '2025-08-30T00:02:03.394Z', 'session_id': 'c8a11a37-2a2a-4691-84d9-7d4c35c7cc61', 'user_id': 'P5'}"
00:02:04,layout_board.new_box_positioned,"{'position': {'x': 171.671875, 'y': 187}, 'screen_position': {'x': 231, 'y': 230}, 'board_type': 'advanced', 'session_id': 'c8a11a37-2a2a-4691-84d9-7d4c35c7cc61', 'user_id': 'P5'}"
00:02:17,api.generate_text_to_graph.started,"{'has_previous': None, 'text_length': 54, 'previous_objects_count': 0, 'session_id': 'c8a11a37-2a2a-4691-84d9-7d4c35c7cc61', 'user_id': 'P5'}"
00:02:21,instance.deleted,"{'instance_id': 'instance-c47ff8c9-12d2-4110-b771-9ea8f25c7e26', 'instance_label': 'Processing...', 'is_from_class': False, 'class_id': None, 'session_id': 'c8a11a37-2a2a-4691-84d9-7d4c35c7cc61', 'user_id': 'P5'}"
00:02:21,api.generate_text_to_graph.succeeded,"{'objects_count': 3, 'relationships_count': 2, 'root_object': 'object1', 'session_id': 'c8a11a37-2a2a-4691-84d9-7d4c35c7cc61', 'user_id': 'P5'}"
00:02:24,instance.deleted,"{'instance_id': 'instance-837d9423-a5a2-4bc1-8da2-6f0f75c74db7', 'instance_label': 'rabbit', 'is_from_class': False, 'class_id': None, 'session_id': 'c8a11a37-2a2a-4691-84d9-7d4c35c7cc61', 'user_id': 'P5'}"
00:02:25,layout_board.new_box_initiated,"{'board_type': 'advanced', 'timestamp': '2025-08-30T00:02:25.088Z', 'session_id': 'c8a11a37-2a2a-4691-84d9-7d4c35c7cc61', 'user_id': 'P5'}"
00:02:26,layout_board.new_box_positioned,"{'position': {'x': 116.671875, 'y': 107}, 'screen_position': {'x': 176, 'y': 150}, 'board_type': 'advanced', 'session_id': 'c8a11a37-2a2a-4691-84d9-7d4c35c7cc61', 'user_id': 'P5'}"
00:02:34,api.generate_text_to_graph.started,"{'has_previous': None, 'text_length': 54, 'previous_objects_count': 0, 'session_id': 'c8a11a37-2a2a-4691-84d9-7d4c35c7cc61', 'user_id': 'P5'}"
00:02:38,api.generate_text_to_graph.succeeded,"{'objects_count': 3, 'relationships_count': 2, 'root_object': 'object1', 'session_id': 'c8a11a37-2a2a-4691-84d9-7d4c35c7cc61', 'user_id': 'P5'}"
00:02:43,layout.node.moved,"{'nodeId': 'instance-edbd3103-cac2-4580-84fc-14fac7d09d76-resizable', 'newPos': {'x': 129.671875, 'y': 139}, 'session_id': 'c8a11a37-2a2a-4691-84d9-7d4c35c7cc61', 'user_id': 'P5'}"
00:02:47,instance_selected,"{'instance_id': 'instance-edbd3103-cac2-4580-84fc-14fac7d09d76', 'instance_label': 'rabbit', 'is_from_class': False, 'class_id': None, 'session_id': 'c8a11a37-2a2a-4691-84d9-7d4c35c7cc61', 'user_id': 'P5'}"
00:02:50,instance.edit.started,"{'instance_id': 'instance-edbd3103-cac2-4580-84fc-14fac7d09d76', 'instance_label': 'rabbit', 'edit_type': 'text', 'session_id': 'c8a11a37-2a2a-4691-84d9-7d4c35c7cc61', 'user_id': 'P5'}"
00:02:58,api.generate_image.started,"{'sentence_count': 1, 'box_count': 1, 'has_global_caption': False, 'has_required_keywords': False, 'session_id': 'c8a11a37-2a2a-4691-84d9-7d4c35c7cc61', 'user_id': 'P5'}"
00:03:02,instance.save,"{'instance_id': 'instance-edbd3103-cac2-4580-84fc-14fac7d09d76', 'session_id': 'c8a11a37-2a2a-4691-84d9-7d4c35c7cc61', 'user_id': 'P5'}"
00:03:02,api.generate_text_to_graph.started,"{'has_previous': 'a white rabbit wearing blue jacket holding red balloon', 'text_length': 68, 'previous_objects_count': 3, 'session_id': 'c8a11a37-2a2a-4691-84d9-7d4c35c7cc61', 'user_id': 'P5'}"
00:03:07,api.generate_text_to_graph.succeeded,"{'objects_count': 4, 'relationships_count': 3, 'root_object': 'object1', 'session_id': 'c8a11a37-2a2a-4691-84d9-7d4c35c7cc61', 'user_id': 'P5'}"
00:03:07,instance.updated,"{'instance_id': 'instance-edbd3103-cac2-4580-84fc-14fac7d09d76', 'instance_label': 'rabbit', 'text_changed': True, 'graph_changed': False, 'session_id': 'c8a11a37-2a2a-4691-84d9-7d4c35c7cc61', 'user_id': 'P5'}"
00:03:07,instance_selected,"{'instance_id': 'instance-edbd3103-cac2-4580-84fc-14fac7d09d76', 'instance_label': 'rabbit', 'is_from_class': False, 'class_id': None, 'session_id': 'c8a11a37-2a2a-4691-84d9-7d4c35c7cc61', 'user_id': 'P5'}"
00:03:21,prompt_saved,{'path': 'output/P5/2025-08-30_00-03-21/prompt.json'}
00:03:22,api.generate_image.succeeded,"{'global_caption': 'a scene featuring a white rabbit wearing a blue jacket holding a red balloon', 'region_count': 1, 'has_image': True, 'detected_objects_count': 0, 'image_path': 'output/P5/2025-08-30_00-03-21/image.png', 'image_with_layout_path': 'output/P5/2025-08-30_00-03-21/image_with_layout.png', 'timestamp_dir': 'output/P5/2025-08-30_00-03-21', 'session_id': 'c8a11a37-2a2a-4691-84d9-7d4c35c7cc61', 'user_id': 'P5'}"
00:03:22,object_detection_integrated,"{'objectsCount': 0, 'objects': [], 'session_id': 'c8a11a37-2a2a-4691-84d9-7d4c35c7cc61', 'user_id': 'P5'}"
00:03:39,api.generate_image.started,"{'sentence_count': 1, 'box_count': 1, 'has_global_caption': True, 'has_required_keywords': False, 'session_id': 'c8a11a37-2a2a-4691-84d9-7d4c35c7cc61', 'user_id': 'P5'}"
00:04:02,prompt_saved,{'path': 'output/P5/2025-08-30_00-04-02/prompt.json'}
00:04:03,api.generate_image.succeeded,"{'global_caption': 'a scene featuring a white rabbit wearing a blue jacket holding a red balloon in the forest', 'region_count': 1, 'has_image': True, 'detected_objects_count': 0, 'image_path': 'output/P5/2025-08-30_00-04-02/image.png', 'image_with_layout_path': 'output/P5/2025-08-30_00-04-02/image_with_layout.png', 'timestamp_dir': 'output/P5/2025-08-30_00-04-02', 'session_id': 'c8a11a37-2a2a-4691-84d9-7d4c35c7cc61', 'user_id': 'P5'}"
00:04:03,object_detection_integrated,"{'objectsCount': 0, 'objects': [], 'session_id': 'c8a11a37-2a2a-4691-84d9-7d4c35c7cc61', 'user_id': 'P5'}"
00:04:17,scene_saved,"{'slotNumber': 1, 'instanceCount': 1, 'nodeCount': 2, 'edgeCount': 0, 'session_id': 'c8a11a37-2a2a-4691-84d9-7d4c35c7cc61', 'user_id': 'P5'}"
00:04:25,scene_loaded,"{'slotNumber': 1, 'instanceCount': 1, 'nodeCount': 2, 'edgeCount': 0, 'session_id': 'c8a11a37-2a2a-4691-84d9-7d4c35c7cc61', 'user_id': 'P5'}"
00:04:25,instance_selected,"{'instance_id': 'instance-edbd3103-cac2-4580-84fc-14fac7d09d76', 'instance_label': 'rabbit', 'is_from_class': False, 'class_id': None, 'session_id': 'c8a11a37-2a2a-4691-84d9-7d4c35c7cc61', 'user_id': 'P5'}"
00:04:26,scene_loaded,"{'slotNumber': 1, 'instanceCount': 1, 'nodeCount': 2, 'edgeCount': 0, 'session_id': 'c8a11a37-2a2a-4691-84d9-7d4c35c7cc61', 'user_id': 'P5'}"
00:04:27,scene_saved,"{'slotNumber': 1, 'instanceCount': 1, 'nodeCount': 2, 'edgeCount': 0, 'session_id': 'c8a11a37-2a2a-4691-84d9-7d4c35c7cc61', 'user_id': 'P5'}"
00:04:27,scene_loaded,"{'slotNumber': 1, 'instanceCount': 1, 'nodeCount': 2, 'edgeCount': 0, 'session_id': 'c8a11a37-2a2a-4691-84d9-7d4c35c7cc61', 'user_id': 'P5'}"
00:04:27,instance_selected,"{'instance_id': 'instance-edbd3103-cac2-4580-84fc-14fac7d09d76', 'instance_label': 'rabbit', 'is_from_class': False, 'class_id': None, 'session_id': 'c8a11a37-2a2a-4691-84d9-7d4c35c7cc61', 'user_id': 'P5'}"
00:04:33,scene_saved,"{'slotNumber': 2, 'instanceCount': 1, 'nodeCount': 2, 'edgeCount': 0, 'session_id': 'c8a11a37-2a2a-4691-84d9-7d4c35c7cc61', 'user_id': 'P5'}"
00:04:34,scene_saved,"{'slotNumber': 2, 'instanceCount': 1, 'nodeCount': 2, 'edgeCount': 0, 'session_id': 'c8a11a37-2a2a-4691-84d9-7d4c35c7cc61', 'user_id': 'P5'}"
00:05:13,instance.deleted,"{'instance_id': 'instance-edbd3103-cac2-4580-84fc-14fac7d09d76', 'instance_label': 'rabbit', 'is_from_class': False, 'class_id': None, 'session_id': 'c8a11a37-2a2a-4691-84d9-7d4c35c7cc61', 'user_id': 'P5'}"
00:05:14,class_library_toggle,"{'expanded': True, 'class_count': 0, 'session_id': 'c8a11a37-2a2a-4691-84d9-7d4c35c7cc61', 'user_id': 'P5'}"
00:05:17,class_library_toggle,"{'expanded': False, 'class_count': 0, 'session_id': 'c8a11a37-2a2a-4691-84d9-7d4c35c7cc61', 'user_id': 'P5'}"
00:05:18,layout_board.new_box_initiated,"{'board_type': 'advanced', 'timestamp': '2025-08-30T00:05:18.904Z', 'session_id': 'c8a11a37-2a2a-4691-84d9-7d4c35c7cc61', 'user_id': 'P5'}"
00:05:19,layout_board.new_box_positioned,"{'position': {'x': 175.671875, 'y': 215}, 'screen_position': {'x': 235, 'y': 258}, 'board_type': 'advanced', 'session_id': 'c8a11a37-2a2a-4691-84d9-7d4c35c7cc61', 'user_id': 'P5'}"
00:05:25,api.generate_text_to_graph.started,"{'has_previous': None, 'text_length': 14, 'previous_objects_count': 0, 'session_id': 'c8a11a37-2a2a-4691-84d9-7d4c35c7cc61', 'user_id': 'P5'}"
00:05:26,api.generate_text_to_graph.succeeded,"{'objects_count': 1, 'relationships_count': 0, 'root_object': 'object1', 'session_id': 'c8a11a37-2a2a-4691-84d9-7d4c35c7cc61', 'user_id': 'P5'}"
00:05:28,instance_selected,"{'instance_id': 'instance-b3ff8f32-a1d6-44e2-bc26-cb8607b96358', 'instance_label': 'rabbit', 'is_from_class': False, 'class_id': None, 'session_id': 'c8a11a37-2a2a-4691-84d9-7d4c35c7cc61', 'user_id': 'P5'}"
00:05:29,instance.edit.started,"{'instance_id': 'instance-b3ff8f32-a1d6-44e2-bc26-cb8607b96358', 'instance_label': 'rabbit', 'edit_type': 'text', 'session_id': 'c8a11a37-2a2a-4691-84d9-7d4c35c7cc61', 'user_id': 'P5'}"
00:05:43,instance.save,"{'instance_id': 'instance-b3ff8f32-a1d6-44e2-bc26-cb8607b96358', 'session_id': 'c8a11a37-2a2a-4691-84d9-7d4c35c7cc61', 'user_id': 'P5'}"
00:05:43,api.generate_text_to_graph.started,"{'has_previous': 'a white rabbit', 'text_length': 40, 'previous_objects_count': 1, 'session_id': 'c8a11a37-2a2a-4691-84d9-7d4c35c7cc61', 'user_id': 'P5'}"
00:05:46,api.generate_text_to_graph.succeeded,"{'objects_count': 2, 'relationships_count': 0, 'root_object': 'object1', 'session_id': 'c8a11a37-2a2a-4691-84d9-7d4c35c7cc61', 'user_id': 'P5'}"
00:05:46,instance_selected,"{'instance_id': 'instance-b3ff8f32-a1d6-44e2-bc26-cb8607b96358', 'instance_label': 'rabbit', 'is_from_class': False, 'class_id': None, 'session_id': 'c8a11a37-2a2a-4691-84d9-7d4c35c7cc61', 'user_id': 'P5'}"
00:05:46,instance.updated,"{'instance_id': 'instance-b3ff8f32-a1d6-44e2-bc26-cb8607b96358', 'instance_label': 'rabbit', 'text_changed': True, 'graph_changed': False, 'session_id': 'c8a11a37-2a2a-4691-84d9-7d4c35c7cc61', 'user_id': 'P5'}"
00:05:49,instance.edit.started,"{'instance_id': 'instance-b3ff8f32-a1d6-44e2-bc26-cb8607b96358', 'instance_label': 'rabbit', 'edit_type': 'text', 'session_id': 'c8a11a37-2a2a-4691-84d9-7d4c35c7cc61', 'user_id': 'P5'}"
00:05:55,api.generate_text_to_graph.started,"{'has_previous': 'a cute white rabbit, animation character', 'text_length': 50, 'previous_objects_count': 2, 'session_id': 'c8a11a37-2a2a-4691-84d9-7d4c35c7cc61', 'user_id': 'P5'}"
00:05:55,instance.save,"{'instance_id': 'instance-b3ff8f32-a1d6-44e2-bc26-cb8607b96358', 'session_id': 'c8a11a37-2a2a-4691-84d9-7d4c35c7cc61', 'user_id': 'P5'}"
00:05:58,instance_selected,"{'instance_id': 'instance-b3ff8f32-a1d6-44e2-bc26-cb8607b96358', 'instance_label': 'rabbit', 'is_from_class': False, 'class_id': None, 'session_id': 'c8a11a37-2a2a-4691-84d9-7d4c35c7cc61', 'user_id': 'P5'}"
00:05:58,instance.updated,"{'instance_id': 'instance-b3ff8f32-a1d6-44e2-bc26-cb8607b96358', 'instance_label': 'rabbit', 'text_changed': True, 'graph_changed': False, 'session_id': 'c8a11a37-2a2a-4691-84d9-7d4c35c7cc61', 'user_id': 'P5'}"
00:05:58,api.generate_text_to_graph.succeeded,"{'objects_count': 2, 'relationships_count': 1, 'root_object': 'object1', 'session_id': 'c8a11a37-2a2a-4691-84d9-7d4c35c7cc61', 'user_id': 'P5'}"
00:06:02,layout.node.moved,"{'nodeId': 'instance-b3ff8f32-a1d6-44e2-bc26-cb8607b96358-resizable', 'newPos': {'x': 170.671875, 'y': 157}, 'session_id': 'c8a11a37-2a2a-4691-84d9-7d4c35c7cc61', 'user_id': 'P5'}"
00:06:06,layout.node.moved,"{'nodeId': 'instance-b3ff8f32-a1d6-44e2-bc26-cb8607b96358-resizable', 'newPos': {'x': 126.671875, 'y': 194}, 'session_id': 'c8a11a37-2a2a-4691-84d9-7d4c35c7cc61', 'user_id': 'P5'}"
00:06:07,class_library_toggle,"{'expanded': True, 'class_count': 0, 'session_id': 'c8a11a37-2a2a-4691-84d9-7d4c35c7cc61', 'user_id': 'P5'}"
00:06:11,api.generate_placeholders.started,"{'has_objects': True, 'has_relationships': True, 'object_count': 2, 'relationship_count': 1, 'session_id': 'c8a11a37-2a2a-4691-84d9-7d4c35c7cc61', 'user_id': 'P5'}"
00:06:11,class.create.started,"{'instance_id': 'instance-b3ff8f32-a1d6-44e2-bc26-cb8607b96358', 'instance_label': 'rabbit', 'has_scene_graph': True, 'object_count': 2, 'session_id': 'c8a11a37-2a2a-4691-84d9-7d4c35c7cc61', 'user_id': 'P5'}"
00:06:12,class.created,"{'class_id': 'class-8267a52d-5b60-4f16-abd3-e57662c661e8', 'class_name': 'rabbit Class', 'placeholder_count': 2, 'created_from': 'rabbit', 'session_id': 'c8a11a37-2a2a-4691-84d9-7d4c35c7cc61', 'user_id': 'P5'}"
00:06:12,api.generate_placeholders.succeeded,"{'object_count': 2, 'unique_value_count': 6, 'session_id': 'c8a11a37-2a2a-4691-84d9-7d4c35c7cc61', 'user_id': 'P5'}"
00:06:12,instance_selected,"{'instance_id': 'instance-b3ff8f32-a1d6-44e2-bc26-cb8607b96358', 'instance_label': 'rabbit', 'is_from_class': True, 'class_id': 'class-8267a52d-5b60-4f16-abd3-e57662c661e8', 'session_id': 'c8a11a37-2a2a-4691-84d9-7d4c35c7cc61', 'user_id': 'P5'}"
00:06:14,class_detail_opened,"{'class_id': 'class-8267a52d-5b60-4f16-abd3-e57662c661e8', 'class_name': 'rabbit Class', 'instance_count': 1, 'session_id': 'c8a11a37-2a2a-4691-84d9-7d4c35c7cc61', 'user_id': 'P5'}"
00:06:22,class.instance_creation.started,"{'class_id': 'class-8267a52d-5b60-4f16-abd3-e57662c661e8', 'class_name': 'rabbit Class', 'session_id': 'c8a11a37-2a2a-4691-84d9-7d4c35c7cc61', 'user_id': 'P5'}"
00:06:27,instance.create_from_class.started,"{'class_id': 'class-8267a52d-5b60-4f16-abd3-e57662c661e8', 'class_name': 'rabbit Class', 'value_count': 2, 'session_id': 'c8a11a37-2a2a-4691-84d9-7d4c35c7cc61', 'user_id': 'P5'}"
00:06:27,api.generate_scene_graph_to_text.started,"{'has_previous': None, 'objects_count': 2, 'relationships_count': 1, 'session_id': 'c8a11a37-2a2a-4691-84d9-7d4c35c7cc61', 'user_id': 'P5'}"
00:06:27,api.generate_scene_graph_to_text.succeeded,"{'text_length': 43, 'generated_text': 'A cute white rabbit with an animated style.', 'session_id': 'c8a11a37-2a2a-4691-84d9-7d4c35c7cc61', 'user_id': 'P5'}"
00:06:27,api.generate_instance_label_from_description.started,"{'text_length': 43, 'session_id': 'c8a11a37-2a2a-4691-84d9-7d4c35c7cc61', 'user_id': 'P5'}"
00:06:32,instance.created_from_class,"{'instance_id': 'instance-22c981cd-8c2b-408d-bda2-1c9405ff58ea', 'class_id': 'class-8267a52d-5b60-4f16-abd3-e57662c661e8', 'instance_label': 'Rabbit', 'has_text_description': True, 'session_id': 'c8a11a37-2a2a-4691-84d9-7d4c35c7cc61', 'user_id': 'P5'}"
00:06:32,api.generate_instance_label_from_description.succeeded,"{'generated_label': 'Rabbit', 'original_text': 'A cute white rabbit with an animated style.', 'session_id': 'c8a11a37-2a2a-4691-84d9-7d4c35c7cc61', 'user_id': 'P5'}"
00:06:32,instance_selected,"{'instance_id': 'instance-b3ff8f32-a1d6-44e2-bc26-cb8607b96358', 'instance_label': 'rabbit', 'is_from_class': True, 'class_id': 'class-8267a52d-5b60-4f16-abd3-e57662c661e8', 'session_id': 'c8a11a37-2a2a-4691-84d9-7d4c35c7cc61', 'user_id': 'P5'}"
00:06:39,layout.node.moved,"{'nodeId': 'instance-22c981cd-8c2b-408d-bda2-1c9405ff58ea-resizable', 'newPos': {'x': 256, 'y': 249}, 'session_id': 'c8a11a37-2a2a-4691-84d9-7d4c35c7cc61', 'user_id': 'P5'}"
00:06:41,layout.node.moved,"{'nodeId': 'instance-22c981cd-8c2b-408d-bda2-1c9405ff58ea-resizable', 'newPos': {'x': 268, 'y': 212}, 'session_id': 'c8a11a37-2a2a-4691-84d9-7d4c35c7cc61', 'user_id': 'P5'}"
00:06:49,layout.node.moved,"{'nodeId': 'instance-22c981cd-8c2b-408d-bda2-1c9405ff58ea-resizable', 'newPos': {'x': 262, 'y': 206}, 'session_id': 'c8a11a37-2a2a-4691-84d9-7d4c35c7cc61', 'user_id': 'P5'}"
00:06:50,class_detail_opened,"{'class_id': 'class-8267a52d-5b60-4f16-abd3-e57662c661e8', 'class_name': 'rabbit Class', 'instance_count': 2, 'session_id': 'c8a11a37-2a2a-4691-84d9-7d4c35c7cc61', 'user_id': 'P5'}"
00:06:54,class.edit.started,"{'class_id': 'class-8267a52d-5b60-4f16-abd3-e57662c661e8', 'class_name': 'rabbit Class', 'placeholder_count': 2, 'object_count': 2, 'session_id': 'c8a11a37-2a2a-4691-84d9-7d4c35c7cc61', 'user_id': 'P5'}"
00:07:06,object_node.edit.started,"{'object_id': '0f2f425e-71b9-44c1-baf8-e645be6cfa11', 'object_name': 'new object', 'edit_mode': 'name', 'is_class_mode': True, 'session_id': 'c8a11a37-2a2a-4691-84d9-7d4c35c7cc61', 'user_id': 'P5'}"
00:07:15,object_node.edit.saved,"{'object_id': '0f2f425e-71b9-44c1-baf8-e645be6cfa11', 'object_name': 'new object', 'edit_mode': 'name', 'new_value': 'background forest', 'is_class_mode': True, 'session_id': 'c8a11a37-2a2a-4691-84d9-7d4c35c7cc61', 'user_id': 'P5'}"
00:07:15,object_node.edit.cancelled,"{'object_id': '0f2f425e-71b9-44c1-baf8-e645be6cfa11', 'object_name': 'new object', 'edit_mode': 'name', 'is_class_mode': True, 'session_id': 'c8a11a37-2a2a-4691-84d9-7d4c35c7cc61', 'user_id': 'P5'}"
00:07:17,object_node.connection_drag.started,"{'object_id': '0f2f425e-71b9-44c1-baf8-e645be6cfa11', 'object_name': 'forest', 'is_class_mode': True, 'session_id': 'c8a11a37-2a2a-4691-84d9-7d4c35c7cc61', 'user_id': 'P5'}"
00:07:18,object_node.connection_drag.cancelled,"{'reason': 'no_target', 'object_id': '0f2f425e-71b9-44c1-baf8-e645be6cfa11', 'session_id': 'c8a11a37-2a2a-4691-84d9-7d4c35c7cc61', 'user_id': 'P5'}"
00:07:19,object_node.connection_drag.started,"{'object_id': 'object1', 'object_name': 'rabbit', 'is_class_mode': True, 'session_id': 'c8a11a37-2a2a-4691-84d9-7d4c35c7cc61', 'user_id': 'P5'}"
00:07:21,object_node.connection_drag.completed,"{'source_object_id': 'object1', 'target_object_id': '0f2f425e-71b9-44c1-baf8-e645be6cfa11', 'session_id': 'c8a11a37-2a2a-4691-84d9-7d4c35c7cc61', 'user_id': 'P5'}"
00:07:30,relationship_node.edited,"{'relationship_id': 'object1-0f2f425e-71b9-44c1-baf8-e645be6cfa11', 'source_object_id': 'object1', 'target_object_id': '0f2f425e-71b9-44c1-baf8-e645be6cfa11', 'old_relation': 'connected to', 'new_relation': 'in the', 'source_object_name': 'rabbit', 'target_object_name': 'forest', 'session_id': 'c8a11a37-2a2a-4691-84d9-7d4c35c7cc61', 'user_id': 'P5'}"
00:07:30,class.updated,"{'class_id': 'class-8267a52d-5b60-4f16-abd3-e57662c661e8', 'class_name': 'rabbit Class', 'placeholder_count': 3, 'object_count': 3, 'session_id': 'c8a11a37-2a2a-4691-84d9-7d4c35c7cc61', 'user_id': 'P5'}"
00:07:30,api.generate_scene_graph_to_text.started,"{'has_previous': 'a cute white rabbit with animation character style', 'objects_count': 3, 'relationships_count': 2, 'session_id': 'c8a11a37-2a2a-4691-84d9-7d4c35c7cc61', 'user_id': 'P5'}"
00:07:30,api.generate_scene_graph_to_text.started,"{'has_previous': 'A cute white rabbit with an animated style.', 'objects_count': 3, 'relationships_count': 2, 'session_id': 'c8a11a37-2a2a-4691-84d9-7d4c35c7cc61', 'user_id': 'P5'}"
00:07:31,api.generate_scene_graph_to_text.succeeded,"{'text_length': 65, 'generated_text': 'A cute white rabbit with animation character style in the forest.', 'session_id': 'c8a11a37-2a2a-4691-84d9-7d4c35c7cc61', 'user_id': 'P5'}"
00:07:31,api.generate_scene_graph_to_text.succeeded,"{'text_length': 57, 'generated_text': 'A cute white rabbit with an animated style in the forest.', 'session_id': 'c8a11a37-2a2a-4691-84d9-7d4c35c7cc61', 'user_id': 'P5'}"
00:07:31,instance_selected,"{'instance_id': 'instance-b3ff8f32-a1d6-44e2-bc26-cb8607b96358', 'instance_label': 'rabbit', 'is_from_class': True, 'class_id': 'class-8267a52d-5b60-4f16-abd3-e57662c661e8', 'session_id': 'c8a11a37-2a2a-4691-84d9-7d4c35c7cc61', 'user_id': 'P5'}"
00:07:34,class.instance_creation.started,"{'class_id': 'class-8267a52d-5b60-4f16-abd3-e57662c661e8', 'class_name': 'rabbit Class', 'session_id': 'c8a11a37-2a2a-4691-84d9-7d4c35c7cc61', 'user_id': 'P5'}"
00:07:36,instance.create_from_class.started,"{'class_id': 'class-8267a52d-5b60-4f16-abd3-e57662c661e8', 'class_name': 'rabbit Class', 'value_count': 2, 'session_id': 'c8a11a37-2a2a-4691-84d9-7d4c35c7cc61', 'user_id': 'P5'}"
00:07:36,api.generate_scene_graph_to_text.started,"{'has_previous': None, 'objects_count': 2, 'relationships_count': 1, 'session_id': 'c8a11a37-2a2a-4691-84d9-7d4c35c7cc61', 'user_id': 'P5'}"
00:07:37,api.generate_scene_graph_to_text.succeeded,"{'text_length': 43, 'generated_text': 'A cute white rabbit with an animated style.', 'session_id': 'c8a11a37-2a2a-4691-84d9-7d4c35c7cc61', 'user_id': 'P5'}"
00:07:37,api.generate_instance_label_from_description.started,"{'text_length': 43, 'session_id': 'c8a11a37-2a2a-4691-84d9-7d4c35c7cc61', 'user_id': 'P5'}"
00:07:37,api.generate_instance_label_from_description.succeeded,"{'generated_label': 'Rabbit', 'original_text': 'A cute white rabbit with an animated style.', 'session_id': 'c8a11a37-2a2a-4691-84d9-7d4c35c7cc61', 'user_id': 'P5'}"
00:07:37,instance.created_from_class,"{'instance_id': 'instance-fbda95aa-4fc1-4fbf-98ab-daff0a0ff624', 'class_id': 'class-8267a52d-5b60-4f16-abd3-e57662c661e8', 'instance_label': 'Rabbit', 'has_text_description': True, 'session_id': 'c8a11a37-2a2a-4691-84d9-7d4c35c7cc61', 'user_id': 'P5'}"
00:07:37,instance_selected,"{'instance_id': 'instance-b3ff8f32-a1d6-44e2-bc26-cb8607b96358', 'instance_label': 'rabbit', 'is_from_class': True, 'class_id': 'class-8267a52d-5b60-4f16-abd3-e57662c661e8', 'session_id': 'c8a11a37-2a2a-4691-84d9-7d4c35c7cc61', 'user_id': 'P5'}"
00:07:49,instance.deleted,"{'instance_id': 'instance-fbda95aa-4fc1-4fbf-98ab-daff0a0ff624', 'instance_label': 'Rabbit', 'is_from_class': True, 'class_id': 'class-8267a52d-5b60-4f16-abd3-e57662c661e8', 'session_id': 'c8a11a37-2a2a-4691-84d9-7d4c35c7cc61', 'user_id': 'P5'}"
00:07:49,instance_selected,"{'instance_id': 'instance-b3ff8f32-a1d6-44e2-bc26-cb8607b96358', 'instance_label': 'rabbit', 'is_from_class': True, 'class_id': 'class-8267a52d-5b60-4f16-abd3-e57662c661e8', 'session_id': 'c8a11a37-2a2a-4691-84d9-7d4c35c7cc61', 'user_id': 'P5'}"
00:07:53,class_library_toggle,"{'expanded': False, 'class_count': 1, 'session_id': 'c8a11a37-2a2a-4691-84d9-7d4c35c7cc61', 'user_id': 'P5'}"
00:07:55,class_library_toggle,"{'expanded': True, 'class_count': 1, 'session_id': 'c8a11a37-2a2a-4691-84d9-7d4c35c7cc61', 'user_id': 'P5'}"
00:07:57,class_detail_opened,"{'class_id': 'class-8267a52d-5b60-4f16-abd3-e57662c661e8', 'class_name': 'rabbit Class', 'instance_count': 2, 'session_id': 'c8a11a37-2a2a-4691-84d9-7d4c35c7cc61', 'user_id': 'P5'}"
00:07:58,class.instance_creation.started,"{'class_id': 'class-8267a52d-5b60-4f16-abd3-e57662c661e8', 'class_name': 'rabbit Class', 'session_id': 'c8a11a37-2a2a-4691-84d9-7d4c35c7cc61', 'user_id': 'P5'}"
00:08:00,instance.create_from_class.started,"{'class_id': 'class-8267a52d-5b60-4f16-abd3-e57662c661e8', 'class_name': 'rabbit Class', 'value_count': 2, 'session_id': 'c8a11a37-2a2a-4691-84d9-7d4c35c7cc61', 'user_id': 'P5'}"
00:08:01,api.generate_scene_graph_to_text.started,"{'has_previous': None, 'objects_count': 3, 'relationships_count': 2, 'session_id': 'c8a11a37-2a2a-4691-84d9-7d4c35c7cc61', 'user_id': 'P5'}"
00:08:01,api.generate_scene_graph_to_text.succeeded,"{'text_length': 67, 'generated_text': 'A cute white rabbit with an animated character style in the forest.', 'session_id': 'c8a11a37-2a2a-4691-84d9-7d4c35c7cc61', 'user_id': 'P5'}"
00:08:01,api.generate_instance_label_from_description.started,"{'text_length': 67, 'session_id': 'c8a11a37-2a2a-4691-84d9-7d4c35c7cc61', 'user_id': 'P5'}"
00:08:02,api.generate_instance_label_from_description.succeeded,"{'generated_label': 'Rabbit', 'original_text': 'A cute white rabbit with an animated character sty', 'session_id': 'c8a11a37-2a2a-4691-84d9-7d4c35c7cc61', 'user_id': 'P5'}"
00:08:02,instance.created_from_class,"{'instance_id': 'instance-86201c3e-8414-46e1-bea4-35f65219300f', 'class_id': 'class-8267a52d-5b60-4f16-abd3-e57662c661e8', 'instance_label': 'Rabbit', 'has_text_description': True, 'session_id': 'c8a11a37-2a2a-4691-84d9-7d4c35c7cc61', 'user_id': 'P5'}"
00:08:02,instance_selected,"{'instance_id': 'instance-b3ff8f32-a1d6-44e2-bc26-cb8607b96358', 'instance_label': 'rabbit', 'is_from_class': True, 'class_id': 'class-8267a52d-5b60-4f16-abd3-e57662c661e8', 'session_id': 'c8a11a37-2a2a-4691-84d9-7d4c35c7cc61', 'user_id': 'P5'}"
00:08:05,class.instance_creation.started,"{'class_id': 'class-8267a52d-5b60-4f16-abd3-e57662c661e8', 'class_name': 'rabbit Class', 'session_id': 'c8a11a37-2a2a-4691-84d9-7d4c35c7cc61', 'user_id': 'P5'}"
00:08:06,instance.create_from_class.started,"{'class_id': 'class-8267a52d-5b60-4f16-abd3-e57662c661e8', 'class_name': 'rabbit Class', 'value_count': 2, 'session_id': 'c8a11a37-2a2a-4691-84d9-7d4c35c7cc61', 'user_id': 'P5'}"
00:08:07,api.generate_scene_graph_to_text.started,"{'has_previous': None, 'objects_count': 3, 'relationships_count': 2, 'session_id': 'c8a11a37-2a2a-4691-84d9-7d4c35c7cc61', 'user_id': 'P5'}"
00:08:07,api.generate_scene_graph_to_text.succeeded,"{'text_length': 67, 'generated_text': 'A cute white rabbit with an animated character style in the forest.', 'session_id': 'c8a11a37-2a2a-4691-84d9-7d4c35c7cc61', 'user_id': 'P5'}"
00:08:07,api.generate_instance_label_from_description.started,"{'text_length': 67, 'session_id': 'c8a11a37-2a2a-4691-84d9-7d4c35c7cc61', 'user_id': 'P5'}"
00:08:08,api.generate_instance_label_from_description.succeeded,"{'generated_label': 'Rabbit', 'original_text': 'A cute white rabbit with an animated character sty', 'session_id': 'c8a11a37-2a2a-4691-84d9-7d4c35c7cc61', 'user_id': 'P5'}"
00:08:08,instance.created_from_class,"{'instance_id': 'instance-dbc6d96b-af6c-4ded-8885-a036aa71e950', 'class_id': 'class-8267a52d-5b60-4f16-abd3-e57662c661e8', 'instance_label': 'Rabbit', 'has_text_description': True, 'session_id': 'c8a11a37-2a2a-4691-84d9-7d4c35c7cc61', 'user_id': 'P5'}"
00:08:08,instance_selected,"{'instance_id': 'instance-b3ff8f32-a1d6-44e2-bc26-cb8607b96358', 'instance_label': 'rabbit', 'is_from_class': True, 'class_id': 'class-8267a52d-5b60-4f16-abd3-e57662c661e8', 'session_id': 'c8a11a37-2a2a-4691-84d9-7d4c35c7cc61', 'user_id': 'P5'}"
00:08:09,class.instance_creation.started,"{'class_id': 'class-8267a52d-5b60-4f16-abd3-e57662c661e8', 'class_name': 'rabbit Class', 'session_id': 'c8a11a37-2a2a-4691-84d9-7d4c35c7cc61', 'user_id': 'P5'}"
00:08:11,instance.create_from_class.started,"{'class_id': 'class-8267a52d-5b60-4f16-abd3-e57662c661e8', 'class_name': 'rabbit Class', 'value_count': 2, 'session_id': 'c8a11a37-2a2a-4691-84d9-7d4c35c7cc61', 'user_id': 'P5'}"
00:08:11,api.generate_scene_graph_to_text.started,"{'has_previous': None, 'objects_count': 3, 'relationships_count': 2, 'session_id': 'c8a11a37-2a2a-4691-84d9-7d4c35c7cc61', 'user_id': 'P5'}"
00:08:11,api.generate_instance_label_from_description.started,"{'text_length': 67, 'session_id': 'c8a11a37-2a2a-4691-84d9-7d4c35c7cc61', 'user_id': 'P5'}"
00:08:11,api.generate_scene_graph_to_text.succeeded,"{'text_length': 67, 'generated_text': 'A cute white rabbit with an animated character style in the forest.', 'session_id': 'c8a11a37-2a2a-4691-84d9-7d4c35c7cc61', 'user_id': 'P5'}"
00:08:12,api.generate_instance_label_from_description.succeeded,"{'generated_label': 'Rabbit', 'original_text': 'A cute white rabbit with an animated character sty', 'session_id': 'c8a11a37-2a2a-4691-84d9-7d4c35c7cc61', 'user_id': 'P5'}"
00:08:12,instance.created_from_class,"{'instance_id': 'instance-c268e2a5-e7e0-44c4-8c33-ed6db2a7ed0a', 'class_id': 'class-8267a52d-5b60-4f16-abd3-e57662c661e8', 'instance_label': 'Rabbit', 'has_text_description': True, 'session_id': 'c8a11a37-2a2a-4691-84d9-7d4c35c7cc61', 'user_id': 'P5'}"
00:08:12,instance_selected,"{'instance_id': 'instance-b3ff8f32-a1d6-44e2-bc26-cb8607b96358', 'instance_label': 'rabbit', 'is_from_class': True, 'class_id': 'class-8267a52d-5b60-4f16-abd3-e57662c661e8', 'session_id': 'c8a11a37-2a2a-4691-84d9-7d4c35c7cc61', 'user_id': 'P5'}"
00:08:13,class.instance_creation.started,"{'class_id': 'class-8267a52d-5b60-4f16-abd3-e57662c661e8', 'class_name': 'rabbit Class', 'session_id': 'c8a11a37-2a2a-4691-84d9-7d4c35c7cc61', 'user_id': 'P5'}"
00:08:14,instance.create_from_class.started,"{'class_id': 'class-8267a52d-5b60-4f16-abd3-e57662c661e8', 'class_name': 'rabbit Class', 'value_count': 2, 'session_id': 'c8a11a37-2a2a-4691-84d9-7d4c35c7cc61', 'user_id': 'P5'}"
00:08:14,api.generate_scene_graph_to_text.started,"{'has_previous': None, 'objects_count': 3, 'relationships_count': 2, 'session_id': 'c8a11a37-2a2a-4691-84d9-7d4c35c7cc61', 'user_id': 'P5'}"
00:08:14,api.generate_scene_graph_to_text.succeeded,"{'text_length': 67, 'generated_text': 'A cute white rabbit with an animated character style in the forest.', 'session_id': 'c8a11a37-2a2a-4691-84d9-7d4c35c7cc61', 'user_id': 'P5'}"
00:08:15,api.generate_instance_label_from_description.started,"{'text_length': 67, 'session_id': 'c8a11a37-2a2a-4691-84d9-7d4c35c7cc61', 'user_id': 'P5'}"
00:08:15,api.generate_instance_label_from_description.succeeded,"{'generated_label': 'Rabbit', 'original_text': 'A cute white rabbit with an animated character sty', 'session_id': 'c8a11a37-2a2a-4691-84d9-7d4c35c7cc61', 'user_id': 'P5'}"
00:08:15,instance.created_from_class,"{'instance_id': 'instance-1d788a22-c6f7-4da2-9d0a-7484f3c34c60', 'class_id': 'class-8267a52d-5b60-4f16-abd3-e57662c661e8', 'instance_label': 'Rabbit', 'has_text_description': True, 'session_id': 'c8a11a37-2a2a-4691-84d9-7d4c35c7cc61', 'user_id': 'P5'}"
00:08:15,instance_selected,"{'instance_id': 'instance-b3ff8f32-a1d6-44e2-bc26-cb8607b96358', 'instance_label': 'rabbit', 'is_from_class': True, 'class_id': 'class-8267a52d-5b60-4f16-abd3-e57662c661e8', 'session_id': 'c8a11a37-2a2a-4691-84d9-7d4c35c7cc61', 'user_id': 'P5'}"
00:08:20,layout.node.moved,"{'nodeId': 'instance-1d788a22-c6f7-4da2-9d0a-7484f3c34c60-resizable', 'newPos': {'x': 407, 'y': 148}, 'session_id': 'c8a11a37-2a2a-4691-84d9-7d4c35c7cc61', 'user_id': 'P5'}"
00:08:23,layout.node.moved,"{'nodeId': 'instance-1d788a22-c6f7-4da2-9d0a-7484f3c34c60-resizable', 'newPos': {'x': 441, 'y': 179}, 'session_id': 'c8a11a37-2a2a-4691-84d9-7d4c35c7cc61', 'user_id': 'P5'}"
00:08:24,layout.node.moved,"{'nodeId': 'instance-1d788a22-c6f7-4da2-9d0a-7484f3c34c60-resizable', 'newPos': {'x': 337, 'y': 164}, 'session_id': 'c8a11a37-2a2a-4691-84d9-7d4c35c7cc61', 'user_id': 'P5'}"
00:08:26,layout.node.moved,"{'nodeId': 'instance-1d788a22-c6f7-4da2-9d0a-7484f3c34c60-resizable', 'newPos': {'x': 445, 'y': 167}, 'session_id': 'c8a11a37-2a2a-4691-84d9-7d4c35c7cc61', 'user_id': 'P5'}"
00:08:27,layout.node.moved,"{'nodeId': 'instance-22c981cd-8c2b-408d-bda2-1c9405ff58ea-resizable', 'newPos': {'x': 260, 'y': 289}, 'session_id': 'c8a11a37-2a2a-4691-84d9-7d4c35c7cc61', 'user_id': 'P5'}"
00:08:29,layout.node.moved,"{'nodeId': 'instance-b3ff8f32-a1d6-44e2-bc26-cb8607b96358-resizable', 'newPos': {'x': 126.671875, 'y': 223}, 'session_id': 'c8a11a37-2a2a-4691-84d9-7d4c35c7cc61', 'user_id': 'P5'}"
00:08:32,layout.node.moved,"{'nodeId': 'instance-1d788a22-c6f7-4da2-9d0a-7484f3c34c60-resizable', 'newPos': {'x': 407, 'y': 136}, 'session_id': 'c8a11a37-2a2a-4691-84d9-7d4c35c7cc61', 'user_id': 'P5'}"
00:08:35,layout.node.moved,"{'nodeId': 'instance-1d788a22-c6f7-4da2-9d0a-7484f3c34c60-resizable', 'newPos': {'x': 421, 'y': 160}, 'session_id': 'c8a11a37-2a2a-4691-84d9-7d4c35c7cc61', 'user_id': 'P5'}"
00:08:36,layout.node.moved,"{'nodeId': 'instance-c268e2a5-e7e0-44c4-8c33-ed6db2a7ed0a-resizable', 'newPos': {'x': 293, 'y': 107}, 'session_id': 'c8a11a37-2a2a-4691-84d9-7d4c35c7cc61', 'user_id': 'P5'}"
00:08:39,layout.node.moved,"{'nodeId': 'instance-c268e2a5-e7e0-44c4-8c33-ed6db2a7ed0a-resizable', 'newPos': {'x': 322, 'y': 125}, 'session_id': 'c8a11a37-2a2a-4691-84d9-7d4c35c7cc61', 'user_id': 'P5'}"
00:08:41,layout.node.moved,"{'nodeId': 'instance-dbc6d96b-af6c-4ded-8885-a036aa71e950-resizable', 'newPos': {'x': 15, 'y': 127}, 'session_id': 'c8a11a37-2a2a-4691-84d9-7d4c35c7cc61', 'user_id': 'P5'}"
00:08:44,layout.node.moved,"{'nodeId': 'instance-dbc6d96b-af6c-4ded-8885-a036aa71e950-resizable', 'newPos': {'x': 21, 'y': 115}, 'session_id': 'c8a11a37-2a2a-4691-84d9-7d4c35c7cc61', 'user_id': 'P5'}"
00:08:45,layout.node.moved,"{'nodeId': 'instance-86201c3e-8414-46e1-bea4-35f65219300f-resizable', 'newPos': {'x': 204, 'y': 89}, 'session_id': 'c8a11a37-2a2a-4691-84d9-7d4c35c7cc61', 'user_id': 'P5'}"
00:08:52,layout.node.moved,"{'nodeId': 'instance-86201c3e-8414-46e1-bea4-35f65219300f-resizable', 'newPos': {'x': 248, 'y': 128}, 'session_id': 'c8a11a37-2a2a-4691-84d9-7d4c35c7cc61', 'user_id': 'P5'}"
00:08:59,instance.edit.started,"{'instance_id': 'instance-b3ff8f32-a1d6-44e2-bc26-cb8607b96358', 'instance_label': 'rabbit', 'edit_type': 'text', 'session_id': 'c8a11a37-2a2a-4691-84d9-7d4c35c7cc61', 'user_id': 'P5'}"
00:09:00,instance.save,"{'instance_id': 'instance-b3ff8f32-a1d6-44e2-bc26-cb8607b96358', 'session_id': 'c8a11a37-2a2a-4691-84d9-7d4c35c7cc61', 'user_id': 'P5'}"
00:09:02,instance.edit.started,"{'instance_id': 'instance-b3ff8f32-a1d6-44e2-bc26-cb8607b96358', 'instance_label': 'rabbit', 'edit_type': 'graph', 'session_id': 'c8a11a37-2a2a-4691-84d9-7d4c35c7cc61', 'user_id': 'P5'}"
00:09:03,instance.save,"{'instance_id': 'instance-b3ff8f32-a1d6-44e2-bc26-cb8607b96358', 'session_id': 'c8a11a37-2a2a-4691-84d9-7d4c35c7cc61', 'user_id': 'P5'}"
00:09:04,instance.edit.started,"{'instance_id': 'instance-b3ff8f32-a1d6-44e2-bc26-cb8607b96358', 'instance_label': 'rabbit', 'edit_type': 'text', 'session_id': 'c8a11a37-2a2a-4691-84d9-7d4c35c7cc61', 'user_id': 'P5'}"
00:09:11,instance.save,"{'instance_id': 'instance-b3ff8f32-a1d6-44e2-bc26-cb8607b96358', 'session_id': 'c8a11a37-2a2a-4691-84d9-7d4c35c7cc61', 'user_id': 'P5'}"
00:09:11,api.generate_text_to_graph.started,"{'has_previous': 'A cute white rabbit with animation character style in the forest.', 'text_length': 85, 'previous_objects_count': 3, 'session_id': 'c8a11a37-2a2a-4691-84d9-7d4c35c7cc61', 'user_id': 'P5'}"
00:09:16,api.generate_text_to_graph.succeeded,"{'objects_count': 4, 'relationships_count': 3, 'root_object': 'object1', 'session_id': 'c8a11a37-2a2a-4691-84d9-7d4c35c7cc61', 'user_id': 'P5'}"
00:09:16,instance.updated,"{'instance_id': 'instance-b3ff8f32-a1d6-44e2-bc26-cb8607b96358', 'instance_label': 'rabbit', 'text_changed': True, 'graph_changed': False, 'session_id': 'c8a11a37-2a2a-4691-84d9-7d4c35c7cc61', 'user_id': 'P5'}"
00:09:16,instance_selected,"{'instance_id': 'instance-b3ff8f32-a1d6-44e2-bc26-cb8607b96358', 'instance_label': 'rabbit', 'is_from_class': True, 'class_id': 'class-8267a52d-5b60-4f16-abd3-e57662c661e8', 'session_id': 'c8a11a37-2a2a-4691-84d9-7d4c35c7cc61', 'user_id': 'P5'}"
00:09:18,instance.edit.started,"{'instance_id': 'instance-b3ff8f32-a1d6-44e2-bc26-cb8607b96358', 'instance_label': 'rabbit', 'edit_type': 'text', 'session_id': 'c8a11a37-2a2a-4691-84d9-7d4c35c7cc61', 'user_id': 'P5'}"
00:09:28,instance.save,"{'instance_id': 'instance-b3ff8f32-a1d6-44e2-bc26-cb8607b96358', 'session_id': 'c8a11a37-2a2a-4691-84d9-7d4c35c7cc61', 'user_id': 'P5'}"
00:09:28,api.generate_text_to_graph.started,"{'has_previous': 'A cute white rabbit with animation character style in the forest holding red balloon.', 'text_length': 110, 'previous_objects_count': 4, 'session_id': 'c8a11a37-2a2a-4691-84d9-7d4c35c7cc61', 'user_id': 'P5'}"
00:09:35,api.generate_text_to_graph.succeeded,"{'objects_count': 5, 'relationships_count': 4, 'root_object': 'object1', 'session_id': 'c8a11a37-2a2a-4691-84d9-7d4c35c7cc61', 'user_id': 'P5'}"
00:09:35,instance.updated,"{'instance_id': 'instance-b3ff8f32-a1d6-44e2-bc26-cb8607b96358', 'instance_label': 'rabbit', 'text_changed': True, 'graph_changed': False, 'session_id': 'c8a11a37-2a2a-4691-84d9-7d4c35c7cc61', 'user_id': 'P5'}"
00:09:35,instance_selected,"{'instance_id': 'instance-b3ff8f32-a1d6-44e2-bc26-cb8607b96358', 'instance_label': 'rabbit', 'is_from_class': True, 'class_id': 'class-8267a52d-5b60-4f16-abd3-e57662c661e8', 'session_id': 'c8a11a37-2a2a-4691-84d9-7d4c35c7cc61', 'user_id': 'P5'}"
00:09:38,instance_selected,"{'instance_id': 'instance-1d788a22-c6f7-4da2-9d0a-7484f3c34c60', 'instance_label': 'Rabbit', 'is_from_class': True, 'class_id': 'class-8267a52d-5b60-4f16-abd3-e57662c661e8', 'session_id': 'c8a11a37-2a2a-4691-84d9-7d4c35c7cc61', 'user_id': 'P5'}"
00:09:43,instance_selected,"{'instance_id': 'instance-c268e2a5-e7e0-44c4-8c33-ed6db2a7ed0a', 'instance_label': 'Rabbit', 'is_from_class': True, 'class_id': 'class-8267a52d-5b60-4f16-abd3-e57662c661e8', 'session_id': 'c8a11a37-2a2a-4691-84d9-7d4c35c7cc61', 'user_id': 'P5'}"
00:09:46,instance.edit.started,"{'instance_id': 'instance-c268e2a5-e7e0-44c4-8c33-ed6db2a7ed0a', 'instance_label': 'Rabbit', 'edit_type': 'text', 'session_id': 'c8a11a37-2a2a-4691-84d9-7d4c35c7cc61', 'user_id': 'P5'}"
00:09:49,instance.save,"{'instance_id': 'instance-c268e2a5-e7e0-44c4-8c33-ed6db2a7ed0a', 'session_id': 'c8a11a37-2a2a-4691-84d9-7d4c35c7cc61', 'user_id': 'P5'}"
00:09:50,instance.edit.started,"{'instance_id': 'instance-c268e2a5-e7e0-44c4-8c33-ed6db2a7ed0a', 'instance_label': 'Rabbit', 'edit_type': 'graph', 'session_id': 'c8a11a37-2a2a-4691-84d9-7d4c35c7cc61', 'user_id': 'P5'}"
00:09:51,object_node.edit.started,"{'object_id': 'object1', 'object_name': 'rabbit', 'edit_mode': 'attribute-0', 'is_class_mode': False, 'parent_instance_id': 'instance-c268e2a5-e7e0-44c4-8c33-ed6db2a7ed0a', 'session_id': 'c8a11a37-2a2a-4691-84d9-7d4c35c7cc61', 'user_id': 'P5'}"
00:09:53,object_node.edit.saved,"{'object_id': 'object1', 'object_name': 'rabbit', 'edit_mode': 'attribute-0', 'new_value': 'black', 'is_class_mode': False, 'parent_instance_id': 'instance-c268e2a5-e7e0-44c4-8c33-ed6db2a7ed0a', 'session_id': 'c8a11a37-2a2a-4691-84d9-7d4c35c7cc61', 'user_id': 'P5'}"
00:09:53,object_node.edit.cancelled,"{'object_id': 'object1', 'object_name': 'rabbit', 'edit_mode': 'attribute-0', 'is_class_mode': False, 'session_id': 'c8a11a37-2a2a-4691-84d9-7d4c35c7cc61', 'user_id': 'P5'}"
00:09:54,api.generate_scene_graph_to_text.started,"{'has_previous': 'A cute white rabbit with an animated character style in the forest.', 'objects_count': 3, 'relationships_count': 2, 'session_id': 'c8a11a37-2a2a-4691-84d9-7d4c35c7cc61', 'user_id': 'P5'}"
00:09:54,instance.save,"{'instance_id': 'instance-c268e2a5-e7e0-44c4-8c33-ed6db2a7ed0a', 'session_id': 'c8a11a37-2a2a-4691-84d9-7d4c35c7cc61', 'user_id': 'P5'}"
00:09:55,api.generate_scene_graph_to_text.succeeded,"{'text_length': 67, 'generated_text': 'A cute black rabbit with an animated character style in the forest.', 'session_id': 'c8a11a37-2a2a-4691-84d9-7d4c35c7cc61', 'user_id': 'P5'}"
00:09:55,instance.updated,"{'instance_id': 'instance-c268e2a5-e7e0-44c4-8c33-ed6db2a7ed0a', 'instance_label': 'Rabbit', 'text_changed': False, 'graph_changed': True, 'session_id': 'c8a11a37-2a2a-4691-84d9-7d4c35c7cc61', 'user_id': 'P5'}"
00:09:55,instance_selected,"{'instance_id': 'instance-c268e2a5-e7e0-44c4-8c33-ed6db2a7ed0a', 'instance_label': 'Rabbit', 'is_from_class': True, 'class_id': 'class-8267a52d-5b60-4f16-abd3-e57662c661e8', 'session_id': 'c8a11a37-2a2a-4691-84d9-7d4c35c7cc61', 'user_id': 'P5'}"
00:09:58,instance_selected,"{'instance_id': 'instance-dbc6d96b-af6c-4ded-8885-a036aa71e950', 'instance_label': 'Rabbit', 'is_from_class': True, 'class_id': 'class-8267a52d-5b60-4f16-abd3-e57662c661e8', 'session_id': 'c8a11a37-2a2a-4691-84d9-7d4c35c7cc61', 'user_id': 'P5'}"
00:10:01,instance_selected,"{'instance_id': 'instance-86201c3e-8414-46e1-bea4-35f65219300f', 'instance_label': 'Rabbit', 'is_from_class': True, 'class_id': 'class-8267a52d-5b60-4f16-abd3-e57662c661e8', 'session_id': 'c8a11a37-2a2a-4691-84d9-7d4c35c7cc61', 'user_id': 'P5'}"
00:10:03,instance_selected,"{'instance_id': 'instance-dbc6d96b-af6c-4ded-8885-a036aa71e950', 'instance_label': 'Rabbit', 'is_from_class': True, 'class_id': 'class-8267a52d-5b60-4f16-abd3-e57662c661e8', 'session_id': 'c8a11a37-2a2a-4691-84d9-7d4c35c7cc61', 'user_id': 'P5'}"
00:10:08,instance.edit.started,"{'instance_id': 'instance-dbc6d96b-af6c-4ded-8885-a036aa71e950', 'instance_label': 'Rabbit', 'edit_type': 'text', 'session_id': 'c8a11a37-2a2a-4691-84d9-7d4c35c7cc61', 'user_id': 'P5'}"
00:10:11,instance.save,"{'instance_id': 'instance-dbc6d96b-af6c-4ded-8885-a036aa71e950', 'session_id': 'c8a11a37-2a2a-4691-84d9-7d4c35c7cc61', 'user_id': 'P5'}"
00:10:11,api.generate_text_to_graph.started,"{'has_previous': 'A cute white rabbit with an animated character style in the forest.', 'text_length': 66, 'previous_objects_count': 3, 'session_id': 'c8a11a37-2a2a-4691-84d9-7d4c35c7cc61', 'user_id': 'P5'}"
00:10:15,api.generate_text_to_graph.succeeded,"{'objects_count': 3, 'relationships_count': 2, 'root_object': 'object1', 'session_id': 'c8a11a37-2a2a-4691-84d9-7d4c35c7cc61', 'user_id': 'P5'}"
00:10:15,instance.updated,"{'instance_id': 'instance-dbc6d96b-af6c-4ded-8885-a036aa71e950', 'instance_label': 'rabbit', 'text_changed': True, 'graph_changed': False, 'session_id': 'c8a11a37-2a2a-4691-84d9-7d4c35c7cc61', 'user_id': 'P5'}"
00:10:15,instance_selected,"{'instance_id': 'instance-dbc6d96b-af6c-4ded-8885-a036aa71e950', 'instance_label': 'rabbit', 'is_from_class': True, 'class_id': 'class-8267a52d-5b60-4f16-abd3-e57662c661e8', 'session_id': 'c8a11a37-2a2a-4691-84d9-7d4c35c7cc61', 'user_id': 'P5'}"
00:10:17,instance_selected,"{'instance_id': 'instance-86201c3e-8414-46e1-bea4-35f65219300f', 'instance_label': 'Rabbit', 'is_from_class': True, 'class_id': 'class-8267a52d-5b60-4f16-abd3-e57662c661e8', 'session_id': 'c8a11a37-2a2a-4691-84d9-7d4c35c7cc61', 'user_id': 'P5'}"
00:10:18,instance_selected,"{'instance_id': 'instance-22c981cd-8c2b-408d-bda2-1c9405ff58ea', 'instance_label': 'Rabbit', 'is_from_class': True, 'class_id': 'class-8267a52d-5b60-4f16-abd3-e57662c661e8', 'session_id': 'c8a11a37-2a2a-4691-84d9-7d4c35c7cc61', 'user_id': 'P5'}"
00:10:20,instance.edit.started,"{'instance_id': 'instance-22c981cd-8c2b-408d-bda2-1c9405ff58ea', 'instance_label': 'Rabbit', 'edit_type': 'text', 'session_id': 'c8a11a37-2a2a-4691-84d9-7d4c35c7cc61', 'user_id': 'P5'}"
00:10:33,api.generate_image.started,"{'sentence_count': 6, 'box_count': 6, 'has_global_caption': False, 'has_required_keywords': False, 'session_id': 'c8a11a37-2a2a-4691-84d9-7d4c35c7cc61', 'user_id': 'P5'}"
00:10:35,api.generate_text_to_graph.started,"{'has_previous': 'A cute white rabbit with an animated style in the forest.', 'text_length': 58, 'previous_objects_count': 3, 'session_id': 'c8a11a37-2a2a-4691-84d9-7d4c35c7cc61', 'user_id': 'P5'}"
00:10:35,instance.save,"{'instance_id': 'instance-22c981cd-8c2b-408d-bda2-1c9405ff58ea', 'session_id': 'c8a11a37-2a2a-4691-84d9-7d4c35c7cc61', 'user_id': 'P5'}"
00:10:39,api.generate_text_to_graph.succeeded,"{'objects_count': 3, 'relationships_count': 2, 'root_object': 'object1', 'session_id': 'c8a11a37-2a2a-4691-84d9-7d4c35c7cc61', 'user_id': 'P5'}"
00:10:39,instance.updated,"{'instance_id': 'instance-22c981cd-8c2b-408d-bda2-1c9405ff58ea', 'instance_label': 'rabbit', 'text_changed': True, 'graph_changed': False, 'session_id': 'c8a11a37-2a2a-4691-84d9-7d4c35c7cc61', 'user_id': 'P5'}"
00:10:39,instance_selected,"{'instance_id': 'instance-22c981cd-8c2b-408d-bda2-1c9405ff58ea', 'instance_label': 'rabbit', 'is_from_class': True, 'class_id': 'class-8267a52d-5b60-4f16-abd3-e57662c661e8', 'session_id': 'c8a11a37-2a2a-4691-84d9-7d4c35c7cc61', 'user_id': 'P5'}"
00:10:58,prompt_saved,{'path': 'output/P5/2025-08-30_00-10-58/prompt.json'}
00:10:59,api.generate_image.succeeded,"{'global_caption': 'a scene featuring a cute white rabbit with animation character style in the forest wearing a blue jacket and holding a red balloon, a cute white rabbit with an animated style in the forest, a cute white rabbit with an animated character style in the forest, a cute blue rabbit with an animated character style in the forest, a cute black rabbit with an animated character style in the forest, and a cute white rabbit with an animated character style in the forest', 'region_count': 6, 'has_image': True, 'detected_objects_count': 0, 'image_path': 'output/P5/2025-08-30_00-10-58/image.png', 'image_with_layout_path': 'output/P5/2025-08-30_00-10-58/image_with_layout.png', 'timestamp_dir': 'output/P5/2025-08-30_00-10-58', 'session_id': 'c8a11a37-2a2a-4691-84d9-7d4c35c7cc61', 'user_id': 'P5'}"
00:10:59,object_detection_integrated,"{'objectsCount': 0, 'objects': [], 'session_id': 'c8a11a37-2a2a-4691-84d9-7d4c35c7cc61', 'user_id': 'P5'}"
00:11:19,instance_selected,"{'instance_id': 'instance-b3ff8f32-a1d6-44e2-bc26-cb8607b96358', 'instance_label': 'rabbit', 'is_from_class': True, 'class_id': 'class-8267a52d-5b60-4f16-abd3-e57662c661e8', 'session_id': 'c8a11a37-2a2a-4691-84d9-7d4c35c7cc61', 'user_id': 'P5'}"
00:11:34,object_node.extract.initiated,"{'object_id': 'object3', 'object_name': 'balloon', 'parent_instance_id': 'instance-b3ff8f32-a1d6-44e2-bc26-cb8607b96358', 'session_id': 'c8a11a37-2a2a-4691-84d9-7d4c35c7cc61', 'user_id': 'P5'}"
00:11:37,object_node.extract.confirmed,"{'object_id': 'object3', 'object_name': 'balloon', 'parent_instance_id': 'instance-b3ff8f32-a1d6-44e2-bc26-cb8607b96358', 'session_id': 'c8a11a37-2a2a-4691-84d9-7d4c35c7cc61', 'user_id': 'P5'}"
00:11:37,api.generate_scene_graph_to_text.started,"{'has_previous': None, 'objects_count': 1, 'relationships_count': 0, 'session_id': 'c8a11a37-2a2a-4691-84d9-7d4c35c7cc61', 'user_id': 'P5'}"
00:11:38,api.generate_scene_graph_to_text.succeeded,"{'text_length': 11, 'generated_text': 'Red balloon', 'session_id': 'c8a11a37-2a2a-4691-84d9-7d4c35c7cc61', 'user_id': 'P5'}"
00:11:38,api.generate_scene_graph_to_text.started,"{'has_previous': None, 'objects_count': 4, 'relationships_count': 3, 'session_id': 'c8a11a37-2a2a-4691-84d9-7d4c35c7cc61', 'user_id': 'P5'}"
00:11:40,api.generate_scene_graph_to_text.succeeded,"{'text_length': 86, 'generated_text': 'A cute white rabbit wearing a blue jacket is in the forest with an animated character.', 'session_id': 'c8a11a37-2a2a-4691-84d9-7d4c35c7cc61', 'user_id': 'P5'}"
00:11:46,layout.node.moved,"{'nodeId': 'instance-b13ca059-6a7d-4f83-bbc1-96e28e0849c9-resizable', 'newPos': {'x': 155, 'y': 54}, 'session_id': 'c8a11a37-2a2a-4691-84d9-7d4c35c7cc61', 'user_id': 'P5'}"
00:11:50,layout.node.moved,"{'nodeId': 'instance-b13ca059-6a7d-4f83-bbc1-96e28e0849c9-resizable', 'newPos': {'x': 214, 'y': 305}, 'session_id': 'c8a11a37-2a2a-4691-84d9-7d4c35c7cc61', 'user_id': 'P5'}"
00:11:51,layout.node.moved,"{'nodeId': 'instance-b13ca059-6a7d-4f83-bbc1-96e28e0849c9-resizable', 'newPos': {'x': 215, 'y': 297}, 'session_id': 'c8a11a37-2a2a-4691-84d9-7d4c35c7cc61', 'user_id': 'P5'}"
00:11:58,api.generate_image.started,"{'sentence_count': 7, 'box_count': 7, 'has_global_caption': True, 'has_required_keywords': False, 'session_id': 'c8a11a37-2a2a-4691-84d9-7d4c35c7cc61', 'user_id': 'P5'}"
00:12:22,prompt_saved,{'path': 'output/P5/2025-08-30_00-12-22/prompt.json'}
00:12:23,api.generate_image.succeeded,"{'global_caption': 'a scene featuring a cute white rabbit wearing a blue jacket in the forest, holding a red balloon, a cute yellow rabbit with an animated style in the forest, a cute white rabbit with an animated character style in the forest, a cute blue rabbit with an animated character style in the forest, a cute black rabbit with an animated character style in the forest, and another cute white rabbit with an animated character style in the forest', 'region_count': 7, 'has_image': True, 'detected_objects_count': 0, 'image_path': 'output/P5/2025-08-30_00-12-22/image.png', 'image_with_layout_path': 'output/P5/2025-08-30_00-12-22/image_with_layout.png', 'timestamp_dir': 'output/P5/2025-08-30_00-12-22', 'session_id': 'c8a11a37-2a2a-4691-84d9-7d4c35c7cc61', 'user_id': 'P5'}"
00:12:23,object_detection_integrated,"{'objectsCount': 0, 'objects': [], 'session_id': 'c8a11a37-2a2a-4691-84d9-7d4c35c7cc61', 'user_id': 'P5'}"
00:12:31,scene_saved,"{'slotNumber': 2, 'instanceCount': 7, 'nodeCount': 14, 'edgeCount': 1, 'session_id': 'c8a11a37-2a2a-4691-84d9-7d4c35c7cc61', 'user_id': 'P5'}"
00:12:35,scene_saved,"{'slotNumber': 2, 'instanceCount': 7, 'nodeCount': 14, 'edgeCount': 1, 'session_id': 'c8a11a37-2a2a-4691-84d9-7d4c35c7cc61', 'user_id': 'P5'}"
00:13:01,instance_selected,"{'instance_id': 'instance-b13ca059-6a7d-4f83-bbc1-96e28e0849c9', 'instance_label': 'balloon', 'is_from_class': False, 'class_id': None, 'session_id': 'c8a11a37-2a2a-4691-84d9-7d4c35c7cc61', 'user_id': 'P5'}"
00:13:02,instance_selected,"{'instance_id': 'instance-1d788a22-c6f7-4da2-9d0a-7484f3c34c60', 'instance_label': 'Rabbit', 'is_from_class': True, 'class_id': 'class-8267a52d-5b60-4f16-abd3-e57662c661e8', 'session_id': 'c8a11a37-2a2a-4691-84d9-7d4c35c7cc61', 'user_id': 'P5'}"
00:13:17,instance_selected,"{'instance_id': 'instance-b13ca059-6a7d-4f83-bbc1-96e28e0849c9', 'instance_label': 'balloon', 'is_from_class': False, 'class_id': None, 'session_id': 'c8a11a37-2a2a-4691-84d9-7d4c35c7cc61', 'user_id': 'P5'}"
00:13:19,instance_selected,"{'instance_id': 'instance-1d788a22-c6f7-4da2-9d0a-7484f3c34c60', 'instance_label': 'Rabbit', 'is_from_class': True, 'class_id': 'class-8267a52d-5b60-4f16-abd3-e57662c661e8', 'session_id': 'c8a11a37-2a2a-4691-84d9-7d4c35c7cc61', 'user_id': 'P5'}"
00:13:24,instance.deleted,"{'instance_id': 'instance-1d788a22-c6f7-4da2-9d0a-7484f3c34c60', 'instance_label': 'Rabbit', 'is_from_class': True, 'class_id': 'class-8267a52d-5b60-4f16-abd3-e57662c661e8', 'session_id': 'c8a11a37-2a2a-4691-84d9-7d4c35c7cc61', 'user_id': 'P5'}"
00:13:27,instance_selected,"{'instance_id': 'instance-dbc6d96b-af6c-4ded-8885-a036aa71e950', 'instance_label': 'rabbit', 'is_from_class': True, 'class_id': 'class-8267a52d-5b60-4f16-abd3-e57662c661e8', 'session_id': 'c8a11a37-2a2a-4691-84d9-7d4c35c7cc61', 'user_id': 'P5'}"
00:13:29,instance_selected,"{'instance_id': 'instance-86201c3e-8414-46e1-bea4-35f65219300f', 'instance_label': 'Rabbit', 'is_from_class': True, 'class_id': 'class-8267a52d-5b60-4f16-abd3-e57662c661e8', 'session_id': 'c8a11a37-2a2a-4691-84d9-7d4c35c7cc61', 'user_id': 'P5'}"
00:13:32,instance.deleted,"{'instance_id': 'instance-86201c3e-8414-46e1-bea4-35f65219300f', 'instance_label': 'Rabbit', 'is_from_class': True, 'class_id': 'class-8267a52d-5b60-4f16-abd3-e57662c661e8', 'session_id': 'c8a11a37-2a2a-4691-84d9-7d4c35c7cc61', 'user_id': 'P5'}"
00:13:38,instance_selected,"{'instance_id': 'instance-c268e2a5-e7e0-44c4-8c33-ed6db2a7ed0a', 'instance_label': 'Rabbit', 'is_from_class': True, 'class_id': 'class-8267a52d-5b60-4f16-abd3-e57662c661e8', 'session_id': 'c8a11a37-2a2a-4691-84d9-7d4c35c7cc61', 'user_id': 'P5'}"
00:13:40,instance_selected,"{'instance_id': 'instance-dbc6d96b-af6c-4ded-8885-a036aa71e950', 'instance_label': 'rabbit', 'is_from_class': True, 'class_id': 'class-8267a52d-5b60-4f16-abd3-e57662c661e8', 'session_id': 'c8a11a37-2a2a-4691-84d9-7d4c35c7cc61', 'user_id': 'P5'}"
00:13:42,instance_selected,"{'instance_id': 'instance-22c981cd-8c2b-408d-bda2-1c9405ff58ea', 'instance_label': 'rabbit', 'is_from_class': True, 'class_id': 'class-8267a52d-5b60-4f16-abd3-e57662c661e8', 'session_id': 'c8a11a37-2a2a-4691-84d9-7d4c35c7cc61', 'user_id': 'P5'}"
00:13:43,instance_selected,"{'instance_id': 'instance-b3ff8f32-a1d6-44e2-bc26-cb8607b96358', 'instance_label': 'rabbit', 'is_from_class': True, 'class_id': 'class-8267a52d-5b60-4f16-abd3-e57662c661e8', 'session_id': 'c8a11a37-2a2a-4691-84d9-7d4c35c7cc61', 'user_id': 'P5'}"
00:13:46,instance.edit.started,"{'instance_id': 'instance-b3ff8f32-a1d6-44e2-bc26-cb8607b96358', 'instance_label': 'rabbit', 'edit_type': 'text', 'session_id': 'c8a11a37-2a2a-4691-84d9-7d4c35c7cc61', 'user_id': 'P5'}"
00:13:58,instance.save,"{'instance_id': 'instance-b3ff8f32-a1d6-44e2-bc26-cb8607b96358', 'session_id': 'c8a11a37-2a2a-4691-84d9-7d4c35c7cc61', 'user_id': 'P5'}"
00:13:59,instance.edit.started,"{'instance_id': 'instance-b3ff8f32-a1d6-44e2-bc26-cb8607b96358', 'instance_label': 'rabbit', 'edit_type': 'graph', 'session_id': 'c8a11a37-2a2a-4691-84d9-7d4c35c7cc61', 'user_id': 'P5'}"
00:14:04,relationship_node.edited,"{'relationship_id': 'object1-0f2f425e-71b9-44c1-baf8-e645be6cfa11', 'source_object_id': 'object1', 'target_object_id': '0f2f425e-71b9-44c1-baf8-e645be6cfa11', 'old_relation': 'in the', 'new_relation': 'running in the', 'source_object_name': 'rabbit', 'target_object_name': 'forest', 'session_id': 'c8a11a37-2a2a-4691-84d9-7d4c35c7cc61', 'user_id': 'P5'}"
00:14:10,relationship_node.edited,"{'relationship_id': 'object1-0f2f425e-71b9-44c1-baf8-e645be6cfa11', 'source_object_id': 'object1', 'target_object_id': '0f2f425e-71b9-44c1-baf8-e645be6cfa11', 'old_relation': 'running in the', 'new_relation': 'in the', 'source_object_name': 'rabbit', 'target_object_name': 'forest', 'session_id': 'c8a11a37-2a2a-4691-84d9-7d4c35c7cc61', 'user_id': 'P5'}"
00:14:15,instance.save,"{'instance_id': 'instance-b3ff8f32-a1d6-44e2-bc26-cb8607b96358', 'session_id': 'c8a11a37-2a2a-4691-84d9-7d4c35c7cc61', 'user_id': 'P5'}"
00:14:16,instance.edit.started,"{'instance_id': 'instance-b3ff8f32-a1d6-44e2-bc26-cb8607b96358', 'instance_label': 'rabbit', 'edit_type': 'text', 'session_id': 'c8a11a37-2a2a-4691-84d9-7d4c35c7cc61', 'user_id': 'P5'}"
00:14:21,instance.save,"{'instance_id': 'instance-b3ff8f32-a1d6-44e2-bc26-cb8607b96358', 'session_id': 'c8a11a37-2a2a-4691-84d9-7d4c35c7cc61', 'user_id': 'P5'}"
00:14:21,api.generate_text_to_graph.started,"{'has_previous': 'A cute white rabbit wearing a blue jacket is in the forest with an animated character.', 'text_length': 94, 'previous_objects_count': 4, 'session_id': 'c8a11a37-2a2a-4691-84d9-7d4c35c7cc61', 'user_id': 'P5'}"
00:14:25,instance.updated,"{'instance_id': 'instance-b3ff8f32-a1d6-44e2-bc26-cb8607b96358', 'instance_label': 'rabbit', 'text_changed': True, 'graph_changed': False, 'session_id': 'c8a11a37-2a2a-4691-84d9-7d4c35c7cc61', 'user_id': 'P5'}"
00:14:25,api.generate_text_to_graph.succeeded,"{'objects_count': 4, 'relationships_count': 3, 'root_object': 'object1', 'session_id': 'c8a11a37-2a2a-4691-84d9-7d4c35c7cc61', 'user_id': 'P5'}"
00:14:25,instance_selected,"{'instance_id': 'instance-b3ff8f32-a1d6-44e2-bc26-cb8607b96358', 'instance_label': 'rabbit', 'is_from_class': True, 'class_id': 'class-8267a52d-5b60-4f16-abd3-e57662c661e8', 'session_id': 'c8a11a37-2a2a-4691-84d9-7d4c35c7cc61', 'user_id': 'P5'}"
00:14:33,instance.edit.started,"{'instance_id': 'instance-b3ff8f32-a1d6-44e2-bc26-cb8607b96358', 'instance_label': 'rabbit', 'edit_type': 'text', 'session_id': 'c8a11a37-2a2a-4691-84d9-7d4c35c7cc61', 'user_id': 'P5'}"
00:14:37,instance.save,"{'instance_id': 'instance-b3ff8f32-a1d6-44e2-bc26-cb8607b96358', 'session_id': 'c8a11a37-2a2a-4691-84d9-7d4c35c7cc61', 'user_id': 'P5'}"
00:14:37,api.generate_text_to_graph.started,"{'has_previous': 'A cute running white rabbit wearing a blue jacket is in the forest with an animated character.', 'text_length': 101, 'previous_objects_count': 4, 'session_id': 'c8a11a37-2a2a-4691-84d9-7d4c35c7cc61', 'user_id': 'P5'}"
00:14:43,api.generate_text_to_graph.succeeded,"{'objects_count': 4, 'relationships_count': 3, 'root_object': 'object1', 'session_id': 'c8a11a37-2a2a-4691-84d9-7d4c35c7cc61', 'user_id': 'P5'}"
00:14:43,instance.updated,"{'instance_id': 'instance-b3ff8f32-a1d6-44e2-bc26-cb8607b96358', 'instance_label': 'rabbit', 'text_changed': True, 'graph_changed': False, 'session_id': 'c8a11a37-2a2a-4691-84d9-7d4c35c7cc61', 'user_id': 'P5'}"
00:14:43,instance_selected,"{'instance_id': 'instance-b3ff8f32-a1d6-44e2-bc26-cb8607b96358', 'instance_label': 'rabbit', 'is_from_class': True, 'class_id': 'class-8267a52d-5b60-4f16-abd3-e57662c661e8', 'session_id': 'c8a11a37-2a2a-4691-84d9-7d4c35c7cc61', 'user_id': 'P5'}"
00:14:51,class_library_toggle,"{'expanded': False, 'class_count': 1, 'session_id': 'c8a11a37-2a2a-4691-84d9-7d4c35c7cc61', 'user_id': 'P5'}"
00:14:59,layout.node.moved,"{'nodeId': 'instance-b13ca059-6a7d-4f83-bbc1-96e28e0849c9-resizable', 'newPos': {'x': 258, 'y': 101}, 'session_id': 'c8a11a37-2a2a-4691-84d9-7d4c35c7cc61', 'user_id': 'P5'}"
00:15:00,relationship_node.deleted,"{'relationship_id': 'instance-b3ff8f32-a1d6-44e2-bc26-cb8607b96358-instance-b13ca059-6a7d-4f83-bbc1-96e28e0849c9', 'source_object_id': 'instance-b3ff8f32-a1d6-44e2-bc26-cb8607b96358', 'target_object_id': 'instance-b13ca059-6a7d-4f83-bbc1-96e28e0849c9', 'relation': 'holding', 'source_object_name': 'rabbit', 'target_object_name': 'balloon', 'session_id': 'c8a11a37-2a2a-4691-84d9-7d4c35c7cc61', 'user_id': 'P5'}"
00:15:05,layout.node.moved,"{'nodeId': 'instance-b13ca059-6a7d-4f83-bbc1-96e28e0849c9-resizable', 'newPos': {'x': 252, 'y': 103}, 'session_id': 'c8a11a37-2a2a-4691-84d9-7d4c35c7cc61', 'user_id': 'P5'}"
00:15:08,layout.node.moved,"{'nodeId': 'instance-22c981cd-8c2b-408d-bda2-1c9405ff58ea-resizable', 'newPos': {'x': 366, 'y': 208}, 'session_id': 'c8a11a37-2a2a-4691-84d9-7d4c35c7cc61', 'user_id': 'P5'}"
00:15:10,layout.node.moved,"{'nodeId': 'instance-22c981cd-8c2b-408d-bda2-1c9405ff58ea-resizable', 'newPos': {'x': 381, 'y': 220}, 'session_id': 'c8a11a37-2a2a-4691-84d9-7d4c35c7cc61', 'user_id': 'P5'}"
00:15:12,layout.node.moved,"{'nodeId': 'instance-b3ff8f32-a1d6-44e2-bc26-cb8607b96358-resizable', 'newPos': {'x': 161.671875, 'y': 223}, 'session_id': 'c8a11a37-2a2a-4691-84d9-7d4c35c7cc61', 'user_id': 'P5'}"
00:15:14,layout.node.moved,"{'nodeId': 'instance-b3ff8f32-a1d6-44e2-bc26-cb8607b96358-resizable', 'newPos': {'x': 152.671875, 'y': 223}, 'session_id': 'c8a11a37-2a2a-4691-84d9-7d4c35c7cc61', 'user_id': 'P5'}"
00:15:16,layout.node.moved,"{'nodeId': 'instance-b13ca059-6a7d-4f83-bbc1-96e28e0849c9-resizable', 'newPos': {'x': 258, 'y': 67}, 'session_id': 'c8a11a37-2a2a-4691-84d9-7d4c35c7cc61', 'user_id': 'P5'}"
00:15:18,layout.node.moved,"{'nodeId': 'instance-c268e2a5-e7e0-44c4-8c33-ed6db2a7ed0a-resizable', 'newPos': {'x': 345, 'y': 186}, 'session_id': 'c8a11a37-2a2a-4691-84d9-7d4c35c7cc61', 'user_id': 'P5'}"
00:15:19,layout.node.moved,"{'nodeId': 'instance-22c981cd-8c2b-408d-bda2-1c9405ff58ea-resizable', 'newPos': {'x': 396, 'y': 229}, 'session_id': 'c8a11a37-2a2a-4691-84d9-7d4c35c7cc61', 'user_id': 'P5'}"
00:15:20,layout.node.moved,"{'nodeId': 'instance-b3ff8f32-a1d6-44e2-bc26-cb8607b96358-resizable', 'newPos': {'x': 134.671875, 'y': 195}, 'session_id': 'c8a11a37-2a2a-4691-84d9-7d4c35c7cc61', 'user_id': 'P5'}"
00:15:21,layout.node.moved,"{'nodeId': 'instance-b13ca059-6a7d-4f83-bbc1-96e28e0849c9-resizable', 'newPos': {'x': 269, 'y': 62}, 'session_id': 'c8a11a37-2a2a-4691-84d9-7d4c35c7cc61', 'user_id': 'P5'}"
00:15:23,layout.node.moved,"{'nodeId': 'instance-dbc6d96b-af6c-4ded-8885-a036aa71e950-resizable', 'newPos': {'x': 29, 'y': 112}, 'session_id': 'c8a11a37-2a2a-4691-84d9-7d4c35c7cc61', 'user_id': 'P5'}"
00:15:27,layout.node.moved,"{'nodeId': 'instance-dbc6d96b-af6c-4ded-8885-a036aa71e950-resizable', 'newPos': {'x': 9, 'y': 283}, 'session_id': 'c8a11a37-2a2a-4691-84d9-7d4c35c7cc61', 'user_id': 'P5'}"
00:15:30,layout_board.new_box_initiated,"{'board_type': 'advanced', 'timestamp': '2025-08-30T00:15:30.368Z', 'session_id': 'c8a11a37-2a2a-4691-84d9-7d4c35c7cc61', 'user_id': 'P5'}"
00:15:31,layout_board.new_box_positioned,"{'position': {'x': 24.671875, 'y': 31}, 'screen_position': {'x': 84, 'y': 74}, 'board_type': 'advanced', 'session_id': 'c8a11a37-2a2a-4691-84d9-7d4c35c7cc61', 'user_id': 'P5'}"
00:15:36,api.generate_text_to_graph.started,"{'has_previous': None, 'text_length': 14, 'previous_objects_count': 0, 'session_id': 'c8a11a37-2a2a-4691-84d9-7d4c35c7cc61', 'user_id': 'P5'}"
00:15:37,api.generate_text_to_graph.succeeded,"{'objects_count': 1, 'relationships_count': 0, 'root_object': 'object1', 'session_id': 'c8a11a37-2a2a-4691-84d9-7d4c35c7cc61', 'user_id': 'P5'}"
00:15:42,instance_selected,"{'instance_id': 'instance-3360e775-ddfb-4ccf-be5b-d95a0479e597', 'instance_label': 'character', 'is_from_class': False, 'class_id': None, 'session_id': 'c8a11a37-2a2a-4691-84d9-7d4c35c7cc61', 'user_id': 'P5'}"
00:15:51,instance.edit.started,"{'instance_id': 'instance-3360e775-ddfb-4ccf-be5b-d95a0479e597', 'instance_label': 'character', 'edit_type': 'text', 'session_id': 'c8a11a37-2a2a-4691-84d9-7d4c35c7cc61', 'user_id': 'P5'}"
00:16:00,instance.save,"{'instance_id': 'instance-3360e775-ddfb-4ccf-be5b-d95a0479e597', 'session_id': 'c8a11a37-2a2a-4691-84d9-7d4c35c7cc61', 'user_id': 'P5'}"
00:16:01,api.generate_text_to_graph.started,"{'has_previous': 'wind character', 'text_length': 31, 'previous_objects_count': 1, 'session_id': 'c8a11a37-2a2a-4691-84d9-7d4c35c7cc61', 'user_id': 'P5'}"
00:16:02,api.generate_text_to_graph.succeeded,"{'objects_count': 1, 'relationships_count': 0, 'root_object': 'object1', 'session_id': 'c8a11a37-2a2a-4691-84d9-7d4c35c7cc61', 'user_id': 'P5'}"
00:16:02,instance.updated,"{'instance_id': 'instance-3360e775-ddfb-4ccf-be5b-d95a0479e597', 'instance_label': 'character', 'text_changed': True, 'graph_changed': False, 'session_id': 'c8a11a37-2a2a-4691-84d9-7d4c35c7cc61', 'user_id': 'P5'}"
00:16:02,instance_selected,"{'instance_id': 'instance-3360e775-ddfb-4ccf-be5b-d95a0479e597', 'instance_label': 'character', 'is_from_class': False, 'class_id': None, 'session_id': 'c8a11a37-2a2a-4691-84d9-7d4c35c7cc61', 'user_id': 'P5'}"
00:16:03,api.generate_image.started,"{'sentence_count': 6, 'box_count': 6, 'has_global_caption': False, 'has_required_keywords': False, 'session_id': 'c8a11a37-2a2a-4691-84d9-7d4c35c7cc61', 'user_id': 'P5'}"
00:16:27,prompt_saved,{'path': 'output/P5/2025-08-30_00-16-27/prompt.json'}
00:16:28,api.generate_image.succeeded,"{'global_caption': 'a scene featuring a cute crying running white rabbit wearing a blue jacket in the forest with an animated character, holding a balloon; alongside a cute yellow rabbit with an animated style, a cute blue rabbit with an animated character style, and a cute black rabbit with an animated character style; with a red balloon and a wind character wickedly smiling.', 'region_count': 6, 'has_image': True, 'detected_objects_count': 0, 'image_path': 'output/P5/2025-08-30_00-16-27/image.png', 'image_with_layout_path': 'output/P5/2025-08-30_00-16-27/image_with_layout.png', 'timestamp_dir': 'output/P5/2025-08-30_00-16-27', 'session_id': 'c8a11a37-2a2a-4691-84d9-7d4c35c7cc61', 'user_id': 'P5'}"
00:16:28,object_detection_integrated,"{'objectsCount': 0, 'objects': [], 'session_id': 'c8a11a37-2a2a-4691-84d9-7d4c35c7cc61', 'user_id': 'P5'}"
00:16:39,instance_selected,"{'instance_id': 'instance-c268e2a5-e7e0-44c4-8c33-ed6db2a7ed0a', 'instance_label': 'Rabbit', 'is_from_class': True, 'class_id': 'class-8267a52d-5b60-4f16-abd3-e57662c661e8', 'session_id': 'c8a11a37-2a2a-4691-84d9-7d4c35c7cc61', 'user_id': 'P5'}"
00:16:42,instance.deleted,"{'instance_id': 'instance-c268e2a5-e7e0-44c4-8c33-ed6db2a7ed0a', 'instance_label': 'Rabbit', 'is_from_class': True, 'class_id': 'class-8267a52d-5b60-4f16-abd3-e57662c661e8', 'session_id': 'c8a11a37-2a2a-4691-84d9-7d4c35c7cc61', 'user_id': 'P5'}"
00:16:44,instance_selected,"{'instance_id': 'instance-22c981cd-8c2b-408d-bda2-1c9405ff58ea', 'instance_label': 'rabbit', 'is_from_class': True, 'class_id': 'class-8267a52d-5b60-4f16-abd3-e57662c661e8', 'session_id': 'c8a11a37-2a2a-4691-84d9-7d4c35c7cc61', 'user_id': 'P5'}"
00:16:46,instance.deleted,"{'instance_id': 'instance-22c981cd-8c2b-408d-bda2-1c9405ff58ea', 'instance_label': 'rabbit', 'is_from_class': True, 'class_id': 'class-8267a52d-5b60-4f16-abd3-e57662c661e8', 'session_id': 'c8a11a37-2a2a-4691-84d9-7d4c35c7cc61', 'user_id': 'P5'}"
00:16:58,instance.deleted,"{'instance_id': 'instance-dbc6d96b-af6c-4ded-8885-a036aa71e950', 'instance_label': 'rabbit', 'is_from_class': True, 'class_id': 'class-8267a52d-5b60-4f16-abd3-e57662c661e8', 'session_id': 'c8a11a37-2a2a-4691-84d9-7d4c35c7cc61', 'user_id': 'P5'}"
00:17:15,layout.node.moved,"{'nodeId': 'instance-b13ca059-6a7d-4f83-bbc1-96e28e0849c9-resizable', 'newPos': {'x': 376, 'y': 63}, 'session_id': 'c8a11a37-2a2a-4691-84d9-7d4c35c7cc61', 'user_id': 'P5'}"
00:17:16,relationship_node.deleted,"{'relationship_id': 'instance-b3ff8f32-a1d6-44e2-bc26-cb8607b96358-instance-b13ca059-6a7d-4f83-bbc1-96e28e0849c9', 'source_object_id': 'instance-b3ff8f32-a1d6-44e2-bc26-cb8607b96358', 'target_object_id': 'instance-b13ca059-6a7d-4f83-bbc1-96e28e0849c9', 'relation': 'holding', 'source_object_name': 'rabbit', 'target_object_name': 'balloon', 'session_id': 'c8a11a37-2a2a-4691-84d9-7d4c35c7cc61', 'user_id': 'P5'}"
00:17:28,instance_selected,"{'instance_id': 'instance-3360e775-ddfb-4ccf-be5b-d95a0479e597', 'instance_label': 'character', 'is_from_class': False, 'class_id': None, 'session_id': 'c8a11a37-2a2a-4691-84d9-7d4c35c7cc61', 'user_id': 'P5'}"
00:17:33,instance.edit.started,"{'instance_id': 'instance-3360e775-ddfb-4ccf-be5b-d95a0479e597', 'instance_label': 'character', 'edit_type': 'graph', 'session_id': 'c8a11a37-2a2a-4691-84d9-7d4c35c7cc61', 'user_id': 'P5'}"
00:17:34,object_node.edit.started,"{'object_id': 'object1', 'object_name': 'character', 'edit_mode': 'name', 'is_class_mode': False, 'parent_instance_id': 'instance-3360e775-ddfb-4ccf-be5b-d95a0479e597', 'session_id': 'c8a11a37-2a2a-4691-84d9-7d4c35c7cc61', 'user_id': 'P5'}"
00:17:35,object_node.edit.saved,"{'object_id': 'object1', 'object_name': 'character', 'edit_mode': 'name', 'new_value': 'wind', 'is_class_mode': False, 'parent_instance_id': 'instance-3360e775-ddfb-4ccf-be5b-d95a0479e597', 'session_id': 'c8a11a37-2a2a-4691-84d9-7d4c35c7cc61', 'user_id': 'P5'}"
00:17:35,object_node.edit.cancelled,"{'object_id': 'object1', 'object_name': 'character', 'edit_mode': 'name', 'is_class_mode': False, 'session_id': 'c8a11a37-2a2a-4691-84d9-7d4c35c7cc61', 'user_id': 'P5'}"
00:17:39,object_node.edit.started,"{'object_id': 'object1', 'object_name': 'wind', 'edit_mode': 'attribute-0', 'is_class_mode': False, 'parent_instance_id': 'instance-3360e775-ddfb-4ccf-be5b-d95a0479e597', 'session_id': 'c8a11a37-2a2a-4691-84d9-7d4c35c7cc61', 'user_id': 'P5'}"
00:17:42,object_node.edit.cancelled,"{'object_id': 'object1', 'object_name': 'wind', 'edit_mode': 'attribute-0', 'is_class_mode': False, 'session_id': 'c8a11a37-2a2a-4691-84d9-7d4c35c7cc61', 'user_id': 'P5'}"
00:17:42,object_node.edit.saved,"{'object_id': 'object1', 'object_name': 'wind', 'edit_mode': 'attribute-0', 'new_value': 'cute', 'is_class_mode': False, 'parent_instance_id': 'instance-3360e775-ddfb-4ccf-be5b-d95a0479e597', 'session_id': 'c8a11a37-2a2a-4691-84d9-7d4c35c7cc61', 'user_id': 'P5'}"
00:17:43,instance.save,"{'instance_id': 'instance-3360e775-ddfb-4ccf-be5b-d95a0479e597', 'session_id': 'c8a11a37-2a2a-4691-84d9-7d4c35c7cc61', 'user_id': 'P5'}"
00:17:43,api.generate_scene_graph_to_text.started,"{'has_previous': 'wind character wickedly smiling', 'objects_count': 1, 'relationships_count': 0, 'session_id': 'c8a11a37-2a2a-4691-84d9-7d4c35c7cc61', 'user_id': 'P5'}"
00:17:43,api.generate_scene_graph_to_text.succeeded,"{'text_length': 37, 'generated_text': 'Wind character cute wickedly smiling.', 'session_id': 'c8a11a37-2a2a-4691-84d9-7d4c35c7cc61', 'user_id': 'P5'}"
00:17:43,instance.updated,"{'instance_id': 'instance-3360e775-ddfb-4ccf-be5b-d95a0479e597', 'instance_label': 'character', 'text_changed': False, 'graph_changed': True, 'session_id': 'c8a11a37-2a2a-4691-84d9-7d4c35c7cc61', 'user_id': 'P5'}"
00:17:43,instance_selected,"{'instance_id': 'instance-3360e775-ddfb-4ccf-be5b-d95a0479e597', 'instance_label': 'character', 'is_from_class': False, 'class_id': None, 'session_id': 'c8a11a37-2a2a-4691-84d9-7d4c35c7cc61', 'user_id': 'P5'}"
00:17:48,layout.node.moved,"{'nodeId': 'instance-b13ca059-6a7d-4f83-bbc1-96e28e0849c9-resizable', 'newPos': {'x': 368, 'y': 38}, 'session_id': 'c8a11a37-2a2a-4691-84d9-7d4c35c7cc61', 'user_id': 'P5'}"
00:17:51,api.generate_image.started,"{'sentence_count': 3, 'box_count': 3, 'has_global_caption': True, 'has_required_keywords': False, 'session_id': 'c8a11a37-2a2a-4691-84d9-7d4c35c7cc61', 'user_id': 'P5'}"
00:18:13,prompt_saved,{'path': 'output/P5/2025-08-30_00-18-13/prompt.json'}
00:18:14,object_detection_integrated,"{'objectsCount': 0, 'objects': [], 'session_id': 'c8a11a37-2a2a-4691-84d9-7d4c35c7cc61', 'user_id': 'P5'}"
00:18:14,api.generate_image.succeeded,"{'global_caption': 'a scene featuring a cute crying running white rabbit wearing a blue jacket in the forest with an animated character, holding a red balloon, alongside a wind character cute wickedly smiling.', 'region_count': 3, 'has_image': True, 'detected_objects_count': 0, 'image_path': 'output/P5/2025-08-30_00-18-13/image.png', 'image_with_layout_path': 'output/P5/2025-08-30_00-18-13/image_with_layout.png', 'timestamp_dir': 'output/P5/2025-08-30_00-18-13', 'session_id': 'c8a11a37-2a2a-4691-84d9-7d4c35c7cc61', 'user_id': 'P5'}"
00:18:33,instance.edit.started,"{'instance_id': 'instance-3360e775-ddfb-4ccf-be5b-d95a0479e597', 'instance_label': 'character', 'edit_type': 'graph', 'session_id': 'c8a11a37-2a2a-4691-84d9-7d4c35c7cc61', 'user_id': 'P5'}"
00:18:34,object_node.edit.started,"{'object_id': 'object1', 'object_name': 'wind', 'edit_mode': 'name', 'is_class_mode': False, 'parent_instance_id': 'instance-3360e775-ddfb-4ccf-be5b-d95a0479e597', 'session_id': 'c8a11a37-2a2a-4691-84d9-7d4c35c7cc61', 'user_id': 'P5'}"
00:18:37,object_node.edit.saved,"{'object_id': 'object1', 'object_name': 'wind', 'edit_mode': 'name', 'new_value': 'wind character', 'is_class_mode': False, 'parent_instance_id': 'instance-3360e775-ddfb-4ccf-be5b-d95a0479e597', 'session_id': 'c8a11a37-2a2a-4691-84d9-7d4c35c7cc61', 'user_id': 'P5'}"
00:18:37,object_node.edit.cancelled,"{'object_id': 'object1', 'object_name': 'wind', 'edit_mode': 'name', 'is_class_mode': False, 'session_id': 'c8a11a37-2a2a-4691-84d9-7d4c35c7cc61', 'user_id': 'P5'}"
00:18:41,instance.save,"{'instance_id': 'instance-3360e775-ddfb-4ccf-be5b-d95a0479e597', 'session_id': 'c8a11a37-2a2a-4691-84d9-7d4c35c7cc61', 'user_id': 'P5'}"
00:18:41,api.generate_scene_graph_to_text.started,"{'has_previous': 'Wind character cute wickedly smiling.', 'objects_count': 1, 'relationships_count': 0, 'session_id': 'c8a11a37-2a2a-4691-84d9-7d4c35c7cc61', 'user_id': 'P5'}"
00:18:41,api.generate_scene_graph_to_text.succeeded,"{'text_length': 37, 'generated_text': 'Wind character cute wickedly smiling.', 'session_id': 'c8a11a37-2a2a-4691-84d9-7d4c35c7cc61', 'user_id': 'P5'}"
00:18:41,instance_selected,"{'instance_id': 'instance-3360e775-ddfb-4ccf-be5b-d95a0479e597', 'instance_label': 'character', 'is_from_class': False, 'class_id': None, 'session_id': 'c8a11a37-2a2a-4691-84d9-7d4c35c7cc61', 'user_id': 'P5'}"
00:18:41,instance.updated,"{'instance_id': 'instance-3360e775-ddfb-4ccf-be5b-d95a0479e597', 'instance_label': 'character', 'text_changed': False, 'graph_changed': True, 'session_id': 'c8a11a37-2a2a-4691-84d9-7d4c35c7cc61', 'user_id': 'P5'}"
00:18:46,relationship_node.deleted,"{'relationship_id': 'instance-b3ff8f32-a1d6-44e2-bc26-cb8607b96358-instance-b13ca059-6a7d-4f83-bbc1-96e28e0849c9', 'source_object_id': 'instance-b3ff8f32-a1d6-44e2-bc26-cb8607b96358', 'target_object_id': 'instance-b13ca059-6a7d-4f83-bbc1-96e28e0849c9', 'relation': 'holding', 'source_object_name': 'rabbit', 'target_object_name': 'balloon', 'session_id': 'c8a11a37-2a2a-4691-84d9-7d4c35c7cc61', 'user_id': 'P5'}"
00:18:56,instance.edit.started,"{'instance_id': 'instance-b13ca059-6a7d-4f83-bbc1-96e28e0849c9', 'instance_label': 'balloon', 'edit_type': 'graph', 'session_id': 'c8a11a37-2a2a-4691-84d9-7d4c35c7cc61', 'user_id': 'P5'}"
00:18:58,object_node.edit.started,"{'object_id': 'object-30932d0f-2ca5-4299-9c77-e11f49d6ce1e', 'object_name': 'balloon', 'edit_mode': 'adding', 'is_class_mode': False, 'parent_instance_id': 'instance-b13ca059-6a7d-4f83-bbc1-96e28e0849c9', 'session_id': 'c8a11a37-2a2a-4691-84d9-7d4c35c7cc61', 'user_id': 'P5'}"
00:19:01,object_node.edit.saved,"{'object_id': 'object-30932d0f-2ca5-4299-9c77-e11f49d6ce1e', 'object_name': 'balloon', 'edit_mode': 'adding', 'new_value': 'floating', 'is_class_mode': False, 'parent_instance_id': 'instance-b13ca059-6a7d-4f83-bbc1-96e28e0849c9', 'session_id': 'c8a11a37-2a2a-4691-84d9-7d4c35c7cc61', 'user_id': 'P5'}"
00:19:01,object_node.edit.cancelled,"{'object_id': 'object-30932d0f-2ca5-4299-9c77-e11f49d6ce1e', 'object_name': 'balloon', 'edit_mode': 'adding', 'is_class_mode': False, 'session_id': 'c8a11a37-2a2a-4691-84d9-7d4c35c7cc61', 'user_id': 'P5'}"
00:19:01,instance.save,"{'instance_id': 'instance-b13ca059-6a7d-4f83-bbc1-96e28e0849c9', 'session_id': 'c8a11a37-2a2a-4691-84d9-7d4c35c7cc61', 'user_id': 'P5'}"
00:19:01,api.generate_scene_graph_to_text.started,"{'has_previous': 'Red balloon', 'objects_count': 1, 'relationships_count': 0, 'session_id': 'c8a11a37-2a2a-4691-84d9-7d4c35c7cc61', 'user_id': 'P5'}"
00:19:02,api.generate_scene_graph_to_text.succeeded,"{'text_length': 20, 'generated_text': 'Red floating balloon', 'session_id': 'c8a11a37-2a2a-4691-84d9-7d4c35c7cc61', 'user_id': 'P5'}"
00:19:02,instance.updated,"{'instance_id': 'instance-b13ca059-6a7d-4f83-bbc1-96e28e0849c9', 'instance_label': 'balloon', 'text_changed': False, 'graph_changed': True, 'session_id': 'c8a11a37-2a2a-4691-84d9-7d4c35c7cc61', 'user_id': 'P5'}"
00:19:02,instance_selected,"{'instance_id': 'instance-3360e775-ddfb-4ccf-be5b-d95a0479e597', 'instance_label': 'character', 'is_from_class': False, 'class_id': None, 'session_id': 'c8a11a37-2a2a-4691-84d9-7d4c35c7cc61', 'user_id': 'P5'}"
00:19:13,relationship_node.deleted,"{'relationship_id': 'instance-b3ff8f32-a1d6-44e2-bc26-cb8607b96358-instance-b13ca059-6a7d-4f83-bbc1-96e28e0849c9', 'source_object_id': 'instance-b3ff8f32-a1d6-44e2-bc26-cb8607b96358', 'target_object_id': 'instance-b13ca059-6a7d-4f83-bbc1-96e28e0849c9', 'relation': 'holding', 'source_object_name': 'rabbit', 'target_object_name': 'balloon', 'session_id': 'c8a11a37-2a2a-4691-84d9-7d4c35c7cc61', 'user_id': 'P5'}"
00:19:17,api.generate_image.started,"{'sentence_count': 3, 'box_count': 3, 'has_global_caption': True, 'has_required_keywords': False, 'session_id': 'c8a11a37-2a2a-4691-84d9-7d4c35c7cc61', 'user_id': 'P5'}"
00:19:41,prompt_saved,{'path': 'output/P5/2025-08-30_00-19-41/prompt.json'}
00:19:41,api.generate_image.succeeded,"{'global_caption': 'a scene featuring a cute, crying, running white rabbit wearing a blue jacket in the forest with an animated character, a red floating balloon, and a wind character cute wickedly smiling.', 'region_count': 3, 'has_image': True, 'detected_objects_count': 0, 'image_path': 'output/P5/2025-08-30_00-19-41/image.png', 'image_with_layout_path': 'output/P5/2025-08-30_00-19-41/image_with_layout.png', 'timestamp_dir': 'output/P5/2025-08-30_00-19-41', 'session_id': 'c8a11a37-2a2a-4691-84d9-7d4c35c7cc61', 'user_id': 'P5'}"
00:19:41,object_detection_integrated,"{'objectsCount': 0, 'objects': [], 'session_id': 'c8a11a37-2a2a-4691-84d9-7d4c35c7cc61', 'user_id': 'P5'}"
00:20:00,object_node.expand_collapse,"{'object_id': 'object1', 'object_name': 'wind character', 'action': 'collapse', 'parent_instance_id': 'instance-3360e775-ddfb-4ccf-be5b-d95a0479e597', 'is_class_mode': False, 'session_id': 'c8a11a37-2a2a-4691-84d9-7d4c35c7cc61', 'user_id': 'P5'}"
00:20:01,object_node.expand_collapse,"{'object_id': 'object1', 'object_name': 'wind character', 'action': 'expand', 'parent_instance_id': 'instance-3360e775-ddfb-4ccf-be5b-d95a0479e597', 'is_class_mode': False, 'session_id': 'c8a11a37-2a2a-4691-84d9-7d4c35c7cc61', 'user_id': 'P5'}"
00:20:07,instance.edit.started,"{'instance_id': 'instance-3360e775-ddfb-4ccf-be5b-d95a0479e597', 'instance_label': 'character', 'edit_type': 'text', 'session_id': 'c8a11a37-2a2a-4691-84d9-7d4c35c7cc61', 'user_id': 'P5'}"
00:20:44,api.generate_text_to_graph.started,"{'has_previous': 'Wind character cute wickedly smiling.', 'text_length': 5, 'previous_objects_count': 1, 'session_id': 'c8a11a37-2a2a-4691-84d9-7d4c35c7cc61', 'user_id': 'P5'}"
00:20:44,instance.save,"{'instance_id': 'instance-3360e775-ddfb-4ccf-be5b-d95a0479e597', 'session_id': 'c8a11a37-2a2a-4691-84d9-7d4c35c7cc61', 'user_id': 'P5'}"
00:20:46,instance.updated,"{'instance_id': 'instance-3360e775-ddfb-4ccf-be5b-d95a0479e597', 'instance_label': 'storm', 'text_changed': True, 'graph_changed': False, 'session_id': 'c8a11a37-2a2a-4691-84d9-7d4c35c7cc61', 'user_id': 'P5'}"
00:20:46,api.generate_text_to_graph.succeeded,"{'objects_count': 1, 'relationships_count': 0, 'root_object': 'object1', 'session_id': 'c8a11a37-2a2a-4691-84d9-7d4c35c7cc61', 'user_id': 'P5'}"
00:20:46,instance_selected,"{'instance_id': 'instance-3360e775-ddfb-4ccf-be5b-d95a0479e597', 'instance_label': 'storm', 'is_from_class': False, 'class_id': None, 'session_id': 'c8a11a37-2a2a-4691-84d9-7d4c35c7cc61', 'user_id': 'P5'}"
00:20:48,relationship_node.deleted,"{'relationship_id': 'instance-b3ff8f32-a1d6-44e2-bc26-cb8607b96358-instance-b13ca059-6a7d-4f83-bbc1-96e28e0849c9', 'source_object_id': 'instance-b3ff8f32-a1d6-44e2-bc26-cb8607b96358', 'target_object_id': 'instance-b13ca059-6a7d-4f83-bbc1-96e28e0849c9', 'relation': 'holding', 'source_object_name': 'rabbit', 'target_object_name': 'balloon', 'session_id': 'c8a11a37-2a2a-4691-84d9-7d4c35c7cc61', 'user_id': 'P5'}"
00:20:50,instance.edit.started,"{'instance_id': 'instance-3360e775-ddfb-4ccf-be5b-d95a0479e597', 'instance_label': 'storm', 'edit_type': 'text', 'session_id': 'c8a11a37-2a2a-4691-84d9-7d4c35c7cc61', 'user_id': 'P5'}"
00:21:04,instance.save,"{'instance_id': 'instance-3360e775-ddfb-4ccf-be5b-d95a0479e597', 'session_id': 'c8a11a37-2a2a-4691-84d9-7d4c35c7cc61', 'user_id': 'P5'}"
00:21:04,api.generate_text_to_graph.started,"{'has_previous': 'storm', 'text_length': 30, 'previous_objects_count': 1, 'session_id': 'c8a11a37-2a2a-4691-84d9-7d4c35c7cc61', 'user_id': 'P5'}"
00:21:05,api.generate_text_to_graph.succeeded,"{'objects_count': 1, 'relationships_count': 0, 'root_object': 'object1', 'session_id': 'c8a11a37-2a2a-4691-84d9-7d4c35c7cc61', 'user_id': 'P5'}"
00:21:05,instance.updated,"{'instance_id': 'instance-3360e775-ddfb-4ccf-be5b-d95a0479e597', 'instance_label': 'storm', 'text_changed': True, 'graph_changed': False, 'session_id': 'c8a11a37-2a2a-4691-84d9-7d4c35c7cc61', 'user_id': 'P5'}"
00:21:05,instance_selected,"{'instance_id': 'instance-3360e775-ddfb-4ccf-be5b-d95a0479e597', 'instance_label': 'storm', 'is_from_class': False, 'class_id': None, 'session_id': 'c8a11a37-2a2a-4691-84d9-7d4c35c7cc61', 'user_id': 'P5'}"
00:21:13,instance.edit.started,"{'instance_id': 'instance-3360e775-ddfb-4ccf-be5b-d95a0479e597', 'instance_label': 'storm', 'edit_type': 'text', 'session_id': 'c8a11a37-2a2a-4691-84d9-7d4c35c7cc61', 'user_id': 'P5'}"
00:21:16,instance.save,"{'instance_id': 'instance-3360e775-ddfb-4ccf-be5b-d95a0479e597', 'session_id': 'c8a11a37-2a2a-4691-84d9-7d4c35c7cc61', 'user_id': 'P5'}"
00:21:16,api.generate_text_to_graph.started,"{'has_previous': 'white storm, wickedly smiling ', 'text_length': 31, 'previous_objects_count': 1, 'session_id': 'c8a11a37-2a2a-4691-84d9-7d4c35c7cc61', 'user_id': 'P5'}"
00:21:18,api.generate_text_to_graph.succeeded,"{'objects_count': 1, 'relationships_count': 0, 'root_object': 'object1', 'session_id': 'c8a11a37-2a2a-4691-84d9-7d4c35c7cc61', 'user_id': 'P5'}"
00:21:18,instance.updated,"{'instance_id': 'instance-3360e775-ddfb-4ccf-be5b-d95a0479e597', 'instance_label': 'breeze', 'text_changed': True, 'graph_changed': False, 'session_id': 'c8a11a37-2a2a-4691-84d9-7d4c35c7cc61', 'user_id': 'P5'}"
00:21:18,instance_selected,"{'instance_id': 'instance-3360e775-ddfb-4ccf-be5b-d95a0479e597', 'instance_label': 'breeze', 'is_from_class': False, 'class_id': None, 'session_id': 'c8a11a37-2a2a-4691-84d9-7d4c35c7cc61', 'user_id': 'P5'}"
00:21:19,api.generate_image.started,"{'sentence_count': 3, 'box_count': 3, 'has_global_caption': True, 'has_required_keywords': False, 'session_id': 'c8a11a37-2a2a-4691-84d9-7d4c35c7cc61', 'user_id': 'P5'}"
00:21:23,relationship_node.deleted,"{'relationship_id': 'instance-b3ff8f32-a1d6-44e2-bc26-cb8607b96358-instance-b13ca059-6a7d-4f83-bbc1-96e28e0849c9', 'source_object_id': 'instance-b3ff8f32-a1d6-44e2-bc26-cb8607b96358', 'target_object_id': 'instance-b13ca059-6a7d-4f83-bbc1-96e28e0849c9', 'relation': 'holding', 'source_object_name': 'rabbit', 'target_object_name': 'balloon', 'session_id': 'c8a11a37-2a2a-4691-84d9-7d4c35c7cc61', 'user_id': 'P5'}"
00:21:42,prompt_saved,{'path': 'output/P5/2025-08-30_00-21-42/prompt.json'}
00:21:42,object_detection_integrated,"{'objectsCount': 0, 'objects': [], 'session_id': 'c8a11a37-2a2a-4691-84d9-7d4c35c7cc61', 'user_id': 'P5'}"
00:21:42,api.generate_image.succeeded,"{'global_caption': 'a scene featuring a cute crying running white rabbit wearing a blue jacket in the forest with an animated character, a red floating balloon, and a white breeze wickedly smiling.', 'region_count': 3, 'has_image': True, 'detected_objects_count': 0, 'image_path': 'output/P5/2025-08-30_00-21-42/image.png', 'image_with_layout_path': 'output/P5/2025-08-30_00-21-42/image_with_layout.png', 'timestamp_dir': 'output/P5/2025-08-30_00-21-42', 'session_id': 'c8a11a37-2a2a-4691-84d9-7d4c35c7cc61', 'user_id': 'P5'}"
00:21:53,scene_saved,"{'slotNumber': 3, 'instanceCount': 3, 'nodeCount': 6, 'edgeCount': 0, 'session_id': 'c8a11a37-2a2a-4691-84d9-7d4c35c7cc61', 'user_id': 'P5'}"
00:21:55,scene_saved,"{'slotNumber': 3, 'instanceCount': 3, 'nodeCount': 6, 'edgeCount': 0, 'session_id': 'c8a11a37-2a2a-4691-84d9-7d4c35c7cc61', 'user_id': 'P5'}"
00:22:03,scene_loaded,"{'slotNumber': 2, 'instanceCount': 7, 'nodeCount': 14, 'edgeCount': 1, 'session_id': 'c8a11a37-2a2a-4691-84d9-7d4c35c7cc61', 'user_id': 'P5'}"
00:22:17,instance_selected,"{'instance_id': 'instance-1d788a22-c6f7-4da2-9d0a-7484f3c34c60', 'instance_label': 'Rabbit', 'is_from_class': True, 'class_id': 'class-8267a52d-5b60-4f16-abd3-e57662c661e8', 'session_id': 'c8a11a37-2a2a-4691-84d9-7d4c35c7cc61', 'user_id': 'P5'}"
00:22:22,instance.deleted,"{'instance_id': 'instance-1d788a22-c6f7-4da2-9d0a-7484f3c34c60', 'instance_label': 'Rabbit', 'is_from_class': True, 'class_id': 'class-8267a52d-5b60-4f16-abd3-e57662c661e8', 'session_id': 'c8a11a37-2a2a-4691-84d9-7d4c35c7cc61', 'user_id': 'P5'}"
00:22:23,instance_selected,"{'instance_id': 'instance-c268e2a5-e7e0-44c4-8c33-ed6db2a7ed0a', 'instance_label': 'Rabbit', 'is_from_class': True, 'class_id': 'class-8267a52d-5b60-4f16-abd3-e57662c661e8', 'session_id': 'c8a11a37-2a2a-4691-84d9-7d4c35c7cc61', 'user_id': 'P5'}"
00:22:25,instance_selected,"{'instance_id': 'instance-dbc6d96b-af6c-4ded-8885-a036aa71e950', 'instance_label': 'rabbit', 'is_from_class': True, 'class_id': 'class-8267a52d-5b60-4f16-abd3-e57662c661e8', 'session_id': 'c8a11a37-2a2a-4691-84d9-7d4c35c7cc61', 'user_id': 'P5'}"
00:22:29,instance.deleted,"{'instance_id': 'instance-dbc6d96b-af6c-4ded-8885-a036aa71e950', 'instance_label': 'rabbit', 'is_from_class': True, 'class_id': 'class-8267a52d-5b60-4f16-abd3-e57662c661e8', 'session_id': 'c8a11a37-2a2a-4691-84d9-7d4c35c7cc61', 'user_id': 'P5'}"
00:22:32,instance_selected,"{'instance_id': 'instance-22c981cd-8c2b-408d-bda2-1c9405ff58ea', 'instance_label': 'rabbit', 'is_from_class': True, 'class_id': 'class-8267a52d-5b60-4f16-abd3-e57662c661e8', 'session_id': 'c8a11a37-2a2a-4691-84d9-7d4c35c7cc61', 'user_id': 'P5'}"
00:22:34,instance_selected,"{'instance_id': 'instance-86201c3e-8414-46e1-bea4-35f65219300f', 'instance_label': 'Rabbit', 'is_from_class': True, 'class_id': 'class-8267a52d-5b60-4f16-abd3-e57662c661e8', 'session_id': 'c8a11a37-2a2a-4691-84d9-7d4c35c7cc61', 'user_id': 'P5'}"
00:22:37,instance.deleted,"{'instance_id': 'instance-86201c3e-8414-46e1-bea4-35f65219300f', 'instance_label': 'Rabbit', 'is_from_class': True, 'class_id': 'class-8267a52d-5b60-4f16-abd3-e57662c661e8', 'session_id': 'c8a11a37-2a2a-4691-84d9-7d4c35c7cc61', 'user_id': 'P5'}"
00:22:45,instance.deleted,"{'instance_id': 'instance-b13ca059-6a7d-4f83-bbc1-96e28e0849c9', 'instance_label': 'balloon', 'is_from_class': False, 'class_id': None, 'session_id': 'c8a11a37-2a2a-4691-84d9-7d4c35c7cc61', 'user_id': 'P5'}"
00:22:47,layout.node.moved,"{'nodeId': 'instance-b3ff8f32-a1d6-44e2-bc26-cb8607b96358-resizable', 'newPos': {'x': 36.671875, 'y': 199}, 'session_id': 'c8a11a37-2a2a-4691-84d9-7d4c35c7cc61', 'user_id': 'P5'}"
00:22:48,layout.node.moved,"{'nodeId': 'instance-22c981cd-8c2b-408d-bda2-1c9405ff58ea-resizable', 'newPos': {'x': 275, 'y': 320}, 'session_id': 'c8a11a37-2a2a-4691-84d9-7d4c35c7cc61', 'user_id': 'P5'}"
00:22:49,layout.node.moved,"{'nodeId': 'instance-c268e2a5-e7e0-44c4-8c33-ed6db2a7ed0a-resizable', 'newPos': {'x': 291, 'y': 149}, 'session_id': 'c8a11a37-2a2a-4691-84d9-7d4c35c7cc61', 'user_id': 'P5'}"
00:22:51,layout.node.moved,"{'nodeId': 'instance-b3ff8f32-a1d6-44e2-bc26-cb8607b96358-resizable', 'newPos': {'x': 47.671875, 'y': 186}, 'session_id': 'c8a11a37-2a2a-4691-84d9-7d4c35c7cc61', 'user_id': 'P5'}"
00:22:52,instance_selected,"{'instance_id': 'instance-c268e2a5-e7e0-44c4-8c33-ed6db2a7ed0a', 'instance_label': 'Rabbit', 'is_from_class': True, 'class_id': 'class-8267a52d-5b60-4f16-abd3-e57662c661e8', 'session_id': 'c8a11a37-2a2a-4691-84d9-7d4c35c7cc61', 'user_id': 'P5'}"
00:23:02,instance.edit.started,"{'instance_id': 'instance-b3ff8f32-a1d6-44e2-bc26-cb8607b96358', 'instance_label': 'rabbit', 'edit_type': 'text', 'session_id': 'c8a11a37-2a2a-4691-84d9-7d4c35c7cc61', 'user_id': 'P5'}"
00:23:16,instance.save,"{'instance_id': 'instance-b3ff8f32-a1d6-44e2-bc26-cb8607b96358', 'session_id': 'c8a11a37-2a2a-4691-84d9-7d4c35c7cc61', 'user_id': 'P5'}"
00:23:20,instance_selected,"{'instance_id': 'instance-b3ff8f32-a1d6-44e2-bc26-cb8607b96358', 'instance_label': 'rabbit', 'is_from_class': True, 'class_id': 'class-8267a52d-5b60-4f16-abd3-e57662c661e8', 'session_id': 'c8a11a37-2a2a-4691-84d9-7d4c35c7cc61', 'user_id': 'P5'}"
00:23:21,instance.edit.started,"{'instance_id': 'instance-b3ff8f32-a1d6-44e2-bc26-cb8607b96358', 'instance_label': 'rabbit', 'edit_type': 'text', 'session_id': 'c8a11a37-2a2a-4691-84d9-7d4c35c7cc61', 'user_id': 'P5'}"
00:23:31,instance.save,"{'instance_id': 'instance-b3ff8f32-a1d6-44e2-bc26-cb8607b96358', 'session_id': 'c8a11a37-2a2a-4691-84d9-7d4c35c7cc61', 'user_id': 'P5'}"
00:23:31,api.generate_text_to_graph.started,"{'has_previous': 'A cute white rabbit wearing a blue jacket is in the forest with an animated character.', 'text_length': 93, 'previous_objects_count': 4, 'session_id': 'c8a11a37-2a2a-4691-84d9-7d4c35c7cc61', 'user_id': 'P5'}"
00:23:36,api.generate_text_to_graph.succeeded,"{'objects_count': 4, 'relationships_count': 3, 'root_object': 'object1', 'session_id': 'c8a11a37-2a2a-4691-84d9-7d4c35c7cc61', 'user_id': 'P5'}"
00:23:36,instance_selected,"{'instance_id': 'instance-b3ff8f32-a1d6-44e2-bc26-cb8607b96358', 'instance_label': 'rabbit', 'is_from_class': True, 'class_id': 'class-8267a52d-5b60-4f16-abd3-e57662c661e8', 'session_id': 'c8a11a37-2a2a-4691-84d9-7d4c35c7cc61', 'user_id': 'P5'}"
00:23:36,instance.updated,"{'instance_id': 'instance-b3ff8f32-a1d6-44e2-bc26-cb8607b96358', 'instance_label': 'rabbit', 'text_changed': True, 'graph_changed': False, 'session_id': 'c8a11a37-2a2a-4691-84d9-7d4c35c7cc61', 'user_id': 'P5'}"
00:23:40,instance_selected,"{'instance_id': 'instance-22c981cd-8c2b-408d-bda2-1c9405ff58ea', 'instance_label': 'rabbit', 'is_from_class': True, 'class_id': 'class-8267a52d-5b60-4f16-abd3-e57662c661e8', 'session_id': 'c8a11a37-2a2a-4691-84d9-7d4c35c7cc61', 'user_id': 'P5'}"
00:23:41,instance.edit.started,"{'instance_id': 'instance-22c981cd-8c2b-408d-bda2-1c9405ff58ea', 'instance_label': 'rabbit', 'edit_type': 'text', 'session_id': 'c8a11a37-2a2a-4691-84d9-7d4c35c7cc61', 'user_id': 'P5'}"
00:23:46,instance.save,"{'instance_id': 'instance-22c981cd-8c2b-408d-bda2-1c9405ff58ea', 'session_id': 'c8a11a37-2a2a-4691-84d9-7d4c35c7cc61', 'user_id': 'P5'}"
00:23:46,api.generate_text_to_graph.started,"{'has_previous': 'A cute yellow rabbit with an animated style in the forest.', 'text_length': 66, 'previous_objects_count': 3, 'session_id': 'c8a11a37-2a2a-4691-84d9-7d4c35c7cc61', 'user_id': 'P5'}"
00:23:48,api.generate_text_to_graph.succeeded,"{'objects_count': 3, 'relationships_count': 2, 'root_object': 'object1', 'session_id': 'c8a11a37-2a2a-4691-84d9-7d4c35c7cc61', 'user_id': 'P5'}"
00:23:48,instance.updated,"{'instance_id': 'instance-22c981cd-8c2b-408d-bda2-1c9405ff58ea', 'instance_label': 'rabbit', 'text_changed': True, 'graph_changed': False, 'session_id': 'c8a11a37-2a2a-4691-84d9-7d4c35c7cc61', 'user_id': 'P5'}"
00:23:48,instance_selected,"{'instance_id': 'instance-22c981cd-8c2b-408d-bda2-1c9405ff58ea', 'instance_label': 'rabbit', 'is_from_class': True, 'class_id': 'class-8267a52d-5b60-4f16-abd3-e57662c661e8', 'session_id': 'c8a11a37-2a2a-4691-84d9-7d4c35c7cc61', 'user_id': 'P5'}"
00:23:50,instance_selected,"{'instance_id': 'instance-c268e2a5-e7e0-44c4-8c33-ed6db2a7ed0a', 'instance_label': 'Rabbit', 'is_from_class': True, 'class_id': 'class-8267a52d-5b60-4f16-abd3-e57662c661e8', 'session_id': 'c8a11a37-2a2a-4691-84d9-7d4c35c7cc61', 'user_id': 'P5'}"
00:23:58,instance.edit.started,"{'instance_id': 'instance-c268e2a5-e7e0-44c4-8c33-ed6db2a7ed0a', 'instance_label': 'Rabbit', 'edit_type': 'text', 'session_id': 'c8a11a37-2a2a-4691-84d9-7d4c35c7cc61', 'user_id': 'P5'}"
00:24:02,instance.save,"{'instance_id': 'instance-c268e2a5-e7e0-44c4-8c33-ed6db2a7ed0a', 'session_id': 'c8a11a37-2a2a-4691-84d9-7d4c35c7cc61', 'user_id': 'P5'}"
00:24:02,api.generate_text_to_graph.started,"{'has_previous': 'A cute black rabbit with an animated character style in the forest.', 'text_length': 75, 'previous_objects_count': 3, 'session_id': 'c8a11a37-2a2a-4691-84d9-7d4c35c7cc61', 'user_id': 'P5'}"
00:24:05,layout_board.new_box_initiated,"{'board_type': 'advanced', 'timestamp': '2025-08-30T00:24:05.137Z', 'session_id': 'c8a11a37-2a2a-4691-84d9-7d4c35c7cc61', 'user_id': 'P5'}"
00:24:05,api.generate_text_to_graph.succeeded,"{'objects_count': 3, 'relationships_count': 2, 'root_object': 'object1', 'session_id': 'c8a11a37-2a2a-4691-84d9-7d4c35c7cc61', 'user_id': 'P5'}"
00:24:05,instance.updated,"{'instance_id': 'instance-c268e2a5-e7e0-44c4-8c33-ed6db2a7ed0a', 'instance_label': 'rabbit', 'text_changed': True, 'graph_changed': False, 'session_id': 'c8a11a37-2a2a-4691-84d9-7d4c35c7cc61', 'user_id': 'P5'}"
00:24:05,instance_selected,"{'instance_id': 'instance-c268e2a5-e7e0-44c4-8c33-ed6db2a7ed0a', 'instance_label': 'rabbit', 'is_from_class': True, 'class_id': 'class-8267a52d-5b60-4f16-abd3-e57662c661e8', 'session_id': 'c8a11a37-2a2a-4691-84d9-7d4c35c7cc61', 'user_id': 'P5'}"
00:24:07,layout_board.new_box_initiated,"{'board_type': 'advanced', 'timestamp': '2025-08-30T00:24:07.416Z', 'session_id': 'c8a11a37-2a2a-4691-84d9-7d4c35c7cc61', 'user_id': 'P5'}"
00:24:07,layout_board.new_box_positioned,"{'position': {'x': 79.671875, 'y': 536}, 'screen_position': {'x': 139, 'y': 559}, 'board_type': 'advanced', 'session_id': 'c8a11a37-2a2a-4691-84d9-7d4c35c7cc61', 'user_id': 'P5'}"
00:24:09,instance_selected,"{'instance_id': 'instance-c268e2a5-e7e0-44c4-8c33-ed6db2a7ed0a', 'instance_label': 'rabbit', 'is_from_class': True, 'class_id': 'class-8267a52d-5b60-4f16-abd3-e57662c661e8', 'session_id': 'c8a11a37-2a2a-4691-84d9-7d4c35c7cc61', 'user_id': 'P5'}"
00:24:09,api.generate_text_to_graph.started,"{'has_previous': None, 'text_length': 10, 'previous_objects_count': 0, 'session_id': 'c8a11a37-2a2a-4691-84d9-7d4c35c7cc61', 'user_id': 'P5'}"
00:24:10,api.generate_text_to_graph.succeeded,"{'objects_count': 1, 'relationships_count': 0, 'root_object': 'object1', 'session_id': 'c8a11a37-2a2a-4691-84d9-7d4c35c7cc61', 'user_id': 'P5'}"
00:24:10,instance_selected,"{'instance_id': 'instance-c268e2a5-e7e0-44c4-8c33-ed6db2a7ed0a', 'instance_label': 'rabbit', 'is_from_class': True, 'class_id': 'class-8267a52d-5b60-4f16-abd3-e57662c661e8', 'session_id': 'c8a11a37-2a2a-4691-84d9-7d4c35c7cc61', 'user_id': 'P5'}"
00:24:10,instance_selected,"{'instance_id': 'instance-a16c549c-50c7-4ef8-8736-1d6147914186', 'instance_label': 'bulb', 'is_from_class': False, 'class_id': None, 'session_id': 'c8a11a37-2a2a-4691-84d9-7d4c35c7cc61', 'user_id': 'P5'}"
00:24:14,layout.node.moved,"{'nodeId': 'instance-c268e2a5-e7e0-44c4-8c33-ed6db2a7ed0a-resizable', 'newPos': {'x': 274, 'y': 159}, 'session_id': 'c8a11a37-2a2a-4691-84d9-7d4c35c7cc61', 'user_id': 'P5'}"
00:24:15,layout.node.moved,"{'nodeId': 'instance-22c981cd-8c2b-408d-bda2-1c9405ff58ea-resizable', 'newPos': {'x': 277, 'y': 324}, 'session_id': 'c8a11a37-2a2a-4691-84d9-7d4c35c7cc61', 'user_id': 'P5'}"
00:24:17,layout.node.moved,"{'nodeId': 'instance-b3ff8f32-a1d6-44e2-bc26-cb8607b96358-resizable', 'newPos': {'x': 59.671875, 'y': 175}, 'session_id': 'c8a11a37-2a2a-4691-84d9-7d4c35c7cc61', 'user_id': 'P5'}"
00:24:22,instance.deleted,"{'instance_id': 'instance-a16c549c-50c7-4ef8-8736-1d6147914186', 'instance_label': 'bulb', 'is_from_class': False, 'class_id': None, 'session_id': 'c8a11a37-2a2a-4691-84d9-7d4c35c7cc61', 'user_id': 'P5'}"
00:24:23,layout_board.new_box_initiated,"{'board_type': 'advanced', 'timestamp': '2025-08-30T00:24:23.679Z', 'session_id': 'c8a11a37-2a2a-4691-84d9-7d4c35c7cc61', 'user_id': 'P5'}"
00:24:25,layout_board.new_box_positioned,"{'position': {'x': 432.671875, 'y': 297}, 'screen_position': {'x': 492, 'y': 320}, 'board_type': 'advanced', 'session_id': 'c8a11a37-2a2a-4691-84d9-7d4c35c7cc61', 'user_id': 'P5'}"
00:24:28,api.generate_text_to_graph.started,"{'has_previous': None, 'text_length': 10, 'previous_objects_count': 0, 'session_id': 'c8a11a37-2a2a-4691-84d9-7d4c35c7cc61', 'user_id': 'P5'}"
00:24:29,api.generate_text_to_graph.succeeded,"{'objects_count': 1, 'relationships_count': 0, 'root_object': 'object1', 'session_id': 'c8a11a37-2a2a-4691-84d9-7d4c35c7cc61', 'user_id': 'P5'}"
00:24:30,layout.node.moved,"{'nodeId': 'instance-c63c5fe0-9b23-4f2c-9b70-a26d60619cdb-resizable', 'newPos': {'x': 270.671875, 'y': 268}, 'session_id': 'c8a11a37-2a2a-4691-84d9-7d4c35c7cc61', 'user_id': 'P5'}"
00:24:31,layout.node.moved,"{'nodeId': 'instance-c268e2a5-e7e0-44c4-8c33-ed6db2a7ed0a-resizable', 'newPos': {'x': 345, 'y': 172}, 'session_id': 'c8a11a37-2a2a-4691-84d9-7d4c35c7cc61', 'user_id': 'P5'}"
00:24:33,layout.node.moved,"{'nodeId': 'instance-22c981cd-8c2b-408d-bda2-1c9405ff58ea-resizable', 'newPos': {'x': 329, 'y': 325}, 'session_id': 'c8a11a37-2a2a-4691-84d9-7d4c35c7cc61', 'user_id': 'P5'}"
00:24:35,layout.node.moved,"{'nodeId': 'instance-c63c5fe0-9b23-4f2c-9b70-a26d60619cdb-resizable', 'newPos': {'x': 287.671875, 'y': 319}, 'session_id': 'c8a11a37-2a2a-4691-84d9-7d4c35c7cc61', 'user_id': 'P5'}"
00:24:38,instance_selected,"{'instance_id': 'instance-c268e2a5-e7e0-44c4-8c33-ed6db2a7ed0a', 'instance_label': 'rabbit', 'is_from_class': True, 'class_id': 'class-8267a52d-5b60-4f16-abd3-e57662c661e8', 'session_id': 'c8a11a37-2a2a-4691-84d9-7d4c35c7cc61', 'user_id': 'P5'}"
00:24:40,instance_selected,"{'instance_id': 'instance-22c981cd-8c2b-408d-bda2-1c9405ff58ea', 'instance_label': 'rabbit', 'is_from_class': True, 'class_id': 'class-8267a52d-5b60-4f16-abd3-e57662c661e8', 'session_id': 'c8a11a37-2a2a-4691-84d9-7d4c35c7cc61', 'user_id': 'P5'}"
00:24:50,api.generate_image.started,"{'sentence_count': 4, 'box_count': 4, 'has_global_caption': False, 'has_required_keywords': False, 'session_id': 'c8a11a37-2a2a-4691-84d9-7d4c35c7cc61', 'user_id': 'P5'}"
00:25:13,prompt_saved,{'path': 'output/P5/2025-08-30_00-25-13/prompt.json'}
00:25:14,object_detection_integrated,"{'objectsCount': 0, 'objects': [], 'session_id': 'c8a11a37-2a2a-4691-84d9-7d4c35c7cc61', 'user_id': 'P5'}"
00:25:14,api.generate_image.succeeded,"{'global_caption': 'a scene featuring a smiling cute yellow rabbit with an animated style in the forest, a serious cute black rabbit with an animated character style in the forest, a cute crying white rabbit wearing a blue jacket in the forest with an animated character, and a light bulb', 'region_count': 4, 'has_image': True, 'detected_objects_count': 0, 'image_path': 'output/P5/2025-08-30_00-25-13/image.png', 'image_with_layout_path': 'output/P5/2025-08-30_00-25-13/image_with_layout.png', 'timestamp_dir': 'output/P5/2025-08-30_00-25-13', 'session_id': 'c8a11a37-2a2a-4691-84d9-7d4c35c7cc61', 'user_id': 'P5'}"
00:25:23,scene_saved,"{'slotNumber': 4, 'instanceCount': 4, 'nodeCount': 8, 'edgeCount': 0, 'session_id': 'c8a11a37-2a2a-4691-84d9-7d4c35c7cc61', 'user_id': 'P5'}"
00:25:36,instance.deleted,"{'instance_id': 'instance-c63c5fe0-9b23-4f2c-9b70-a26d60619cdb', 'instance_label': 'bulb', 'is_from_class': False, 'class_id': None, 'session_id': 'c8a11a37-2a2a-4691-84d9-7d4c35c7cc61', 'user_id': 'P5'}"
00:25:36,instance_selected,"{'instance_id': 'instance-22c981cd-8c2b-408d-bda2-1c9405ff58ea', 'instance_label': 'rabbit', 'is_from_class': True, 'class_id': 'class-8267a52d-5b60-4f16-abd3-e57662c661e8', 'session_id': 'c8a11a37-2a2a-4691-84d9-7d4c35c7cc61', 'user_id': 'P5'}"
00:25:38,instance.edit.started,"{'instance_id': 'instance-22c981cd-8c2b-408d-bda2-1c9405ff58ea', 'instance_label': 'rabbit', 'edit_type': 'text', 'session_id': 'c8a11a37-2a2a-4691-84d9-7d4c35c7cc61', 'user_id': 'P5'}"
00:25:44,instance.save,"{'instance_id': 'instance-22c981cd-8c2b-408d-bda2-1c9405ff58ea', 'session_id': 'c8a11a37-2a2a-4691-84d9-7d4c35c7cc61', 'user_id': 'P5'}"
00:25:44,api.generate_text_to_graph.started,"{'has_previous': 'A smiling cute yellow rabbit with an animated style in the forest.', 'text_length': 74, 'previous_objects_count': 3, 'session_id': 'c8a11a37-2a2a-4691-84d9-7d4c35c7cc61', 'user_id': 'P5'}"
00:25:48,instance.updated,"{'instance_id': 'instance-22c981cd-8c2b-408d-bda2-1c9405ff58ea', 'instance_label': 'rabbit', 'text_changed': True, 'graph_changed': False, 'session_id': 'c8a11a37-2a2a-4691-84d9-7d4c35c7cc61', 'user_id': 'P5'}"
00:25:48,api.generate_text_to_graph.succeeded,"{'objects_count': 3, 'relationships_count': 2, 'root_object': 'object1', 'session_id': 'c8a11a37-2a2a-4691-84d9-7d4c35c7cc61', 'user_id': 'P5'}"
00:25:48,instance_selected,"{'instance_id': 'instance-22c981cd-8c2b-408d-bda2-1c9405ff58ea', 'instance_label': 'rabbit', 'is_from_class': True, 'class_id': 'class-8267a52d-5b60-4f16-abd3-e57662c661e8', 'session_id': 'c8a11a37-2a2a-4691-84d9-7d4c35c7cc61', 'user_id': 'P5'}"
00:25:51,instance_selected,"{'instance_id': 'instance-c268e2a5-e7e0-44c4-8c33-ed6db2a7ed0a', 'instance_label': 'rabbit', 'is_from_class': True, 'class_id': 'class-8267a52d-5b60-4f16-abd3-e57662c661e8', 'session_id': 'c8a11a37-2a2a-4691-84d9-7d4c35c7cc61', 'user_id': 'P5'}"
00:25:52,instance.edit.started,"{'instance_id': 'instance-c268e2a5-e7e0-44c4-8c33-ed6db2a7ed0a', 'instance_label': 'rabbit', 'edit_type': 'text', 'session_id': 'c8a11a37-2a2a-4691-84d9-7d4c35c7cc61', 'user_id': 'P5'}"
00:25:58,instance.save,"{'instance_id': 'instance-c268e2a5-e7e0-44c4-8c33-ed6db2a7ed0a', 'session_id': 'c8a11a37-2a2a-4691-84d9-7d4c35c7cc61', 'user_id': 'P5'}"
00:25:58,api.generate_text_to_graph.started,"{'has_previous': 'A serious cute black rabbit with an animated character style in the forest.', 'text_length': 83, 'previous_objects_count': 3, 'session_id': 'c8a11a37-2a2a-4691-84d9-7d4c35c7cc61', 'user_id': 'P5'}"
00:26:02,api.generate_text_to_graph.succeeded,"{'objects_count': 3, 'relationships_count': 2, 'root_object': 'object1', 'session_id': 'c8a11a37-2a2a-4691-84d9-7d4c35c7cc61', 'user_id': 'P5'}"
00:26:02,instance_selected,"{'instance_id': 'instance-c268e2a5-e7e0-44c4-8c33-ed6db2a7ed0a', 'instance_label': 'rabbit', 'is_from_class': True, 'class_id': 'class-8267a52d-5b60-4f16-abd3-e57662c661e8', 'session_id': 'c8a11a37-2a2a-4691-84d9-7d4c35c7cc61', 'user_id': 'P5'}"
00:26:02,instance.updated,"{'instance_id': 'instance-c268e2a5-e7e0-44c4-8c33-ed6db2a7ed0a', 'instance_label': 'rabbit', 'text_changed': True, 'graph_changed': False, 'session_id': 'c8a11a37-2a2a-4691-84d9-7d4c35c7cc61', 'user_id': 'P5'}"
00:26:04,instance_selected,"{'instance_id': 'instance-b3ff8f32-a1d6-44e2-bc26-cb8607b96358', 'instance_label': 'rabbit', 'is_from_class': True, 'class_id': 'class-8267a52d-5b60-4f16-abd3-e57662c661e8', 'session_id': 'c8a11a37-2a2a-4691-84d9-7d4c35c7cc61', 'user_id': 'P5'}"
00:26:07,instance.edit.started,"{'instance_id': 'instance-b3ff8f32-a1d6-44e2-bc26-cb8607b96358', 'instance_label': 'rabbit', 'edit_type': 'graph', 'session_id': 'c8a11a37-2a2a-4691-84d9-7d4c35c7cc61', 'user_id': 'P5'}"
00:26:08,object_node.edit.started,"{'object_id': 'object4', 'object_name': 'jacket', 'edit_mode': 'adding', 'is_class_mode': False, 'parent_instance_id': 'instance-b3ff8f32-a1d6-44e2-bc26-cb8607b96358', 'session_id': 'c8a11a37-2a2a-4691-84d9-7d4c35c7cc61', 'user_id': 'P5'}"
00:26:17,object_node.edit.saved,"{'object_id': 'object4', 'object_name': 'jacket', 'edit_mode': 'adding', 'new_value': 'torn', 'is_class_mode': False, 'parent_instance_id': 'instance-b3ff8f32-a1d6-44e2-bc26-cb8607b96358', 'session_id': 'c8a11a37-2a2a-4691-84d9-7d4c35c7cc61', 'user_id': 'P5'}"
00:26:17,object_node.edit.cancelled,"{'object_id': 'object4', 'object_name': 'jacket', 'edit_mode': 'adding', 'is_class_mode': False, 'session_id': 'c8a11a37-2a2a-4691-84d9-7d4c35c7cc61', 'user_id': 'P5'}"
00:26:17,object_node.expand_collapse,"{'object_id': 'object4', 'object_name': 'jacket', 'action': 'collapse', 'parent_instance_id': 'instance-b3ff8f32-a1d6-44e2-bc26-cb8607b96358', 'is_class_mode': False, 'session_id': 'c8a11a37-2a2a-4691-84d9-7d4c35c7cc61', 'user_id': 'P5'}"
00:26:19,object_node.edit.started,"{'object_id': 'object4', 'object_name': 'jacket', 'edit_mode': 'adding', 'is_class_mode': False, 'parent_instance_id': 'instance-b3ff8f32-a1d6-44e2-bc26-cb8607b96358', 'session_id': 'c8a11a37-2a2a-4691-84d9-7d4c35c7cc61', 'user_id': 'P5'}"
00:26:32,object_node.edit.saved,"{'object_id': 'object4', 'object_name': 'jacket', 'edit_mode': 'adding', 'new_value': 'muddy', 'is_class_mode': False, 'parent_instance_id': 'instance-b3ff8f32-a1d6-44e2-bc26-cb8607b96358', 'session_id': 'c8a11a37-2a2a-4691-84d9-7d4c35c7cc61', 'user_id': 'P5'}"
00:26:32,object_node.edit.cancelled,"{'object_id': 'object4', 'object_name': 'jacket', 'edit_mode': 'adding', 'is_class_mode': False, 'session_id': 'c8a11a37-2a2a-4691-84d9-7d4c35c7cc61', 'user_id': 'P5'}"
00:26:35,object_node.edit.started,"{'object_id': 'object4', 'object_name': 'jacket', 'edit_mode': 'adding', 'is_class_mode': False, 'parent_instance_id': 'instance-b3ff8f32-a1d6-44e2-bc26-cb8607b96358', 'session_id': 'c8a11a37-2a2a-4691-84d9-7d4c35c7cc61', 'user_id': 'P5'}"
00:26:38,object_node.edit.cancelled,"{'object_id': 'object4', 'object_name': 'jacket', 'edit_mode': 'adding', 'is_class_mode': False, 'session_id': 'c8a11a37-2a2a-4691-84d9-7d4c35c7cc61', 'user_id': 'P5'}"
00:26:45,object_node.connection_drag.started,"{'object_id': 'object4', 'object_name': 'jacket', 'parent_instance_id': 'instance-b3ff8f32-a1d6-44e2-bc26-cb8607b96358', 'is_class_mode': False, 'session_id': 'c8a11a37-2a2a-4691-84d9-7d4c35c7cc61', 'user_id': 'P5'}"
00:26:46,object_node.connection_drag.cancelled,"{'reason': 'no_target', 'object_id': 'object4', 'session_id': 'c8a11a37-2a2a-4691-84d9-7d4c35c7cc61', 'user_id': 'P5'}"
00:26:47,object_node.expand_collapse,"{'object_id': 'object4', 'object_name': 'jacket', 'action': 'expand', 'parent_instance_id': 'instance-b3ff8f32-a1d6-44e2-bc26-cb8607b96358', 'is_class_mode': False, 'session_id': 'c8a11a37-2a2a-4691-84d9-7d4c35c7cc61', 'user_id': 'P5'}"
00:26:52,layout.node.moved,"{'nodeId': 'instance-c268e2a5-e7e0-44c4-8c33-ed6db2a7ed0a-resizable', 'newPos': {'x': 259, 'y': 183}, 'session_id': 'c8a11a37-2a2a-4691-84d9-7d4c35c7cc61', 'user_id': 'P5'}"
00:26:56,layout.node.moved,"{'nodeId': 'instance-22c981cd-8c2b-408d-bda2-1c9405ff58ea-resizable', 'newPos': {'x': 344, 'y': 325}, 'session_id': 'c8a11a37-2a2a-4691-84d9-7d4c35c7cc61', 'user_id': 'P5'}"
00:27:14,instance.save,"{'instance_id': 'instance-b3ff8f32-a1d6-44e2-bc26-cb8607b96358', 'session_id': 'c8a11a37-2a2a-4691-84d9-7d4c35c7cc61', 'user_id': 'P5'}"
00:27:14,api.generate_scene_graph_to_text.started,"{'has_previous': 'A cute crying white rabbit wearing a blue jacket is in the forest with an animated character.', 'objects_count': 4, 'relationships_count': 3, 'session_id': 'c8a11a37-2a2a-4691-84d9-7d4c35c7cc61', 'user_id': 'P5'}"
00:27:15,api.generate_scene_graph_to_text.succeeded,"{'text_length': 108, 'generated_text': 'A cute crying white rabbit wearing a torn and muddy blue jacket is in the forest with an animated ch', 'session_id': 'c8a11a37-2a2a-4691-84d9-7d4c35c7cc61', 'user_id': 'P5'}"
00:27:15,instance_selected,"{'instance_id': 'instance-b3ff8f32-a1d6-44e2-bc26-cb8607b96358', 'instance_label': 'rabbit', 'is_from_class': True, 'class_id': 'class-8267a52d-5b60-4f16-abd3-e57662c661e8', 'session_id': 'c8a11a37-2a2a-4691-84d9-7d4c35c7cc61', 'user_id': 'P5'}"
00:27:15,instance.updated,"{'instance_id': 'instance-b3ff8f32-a1d6-44e2-bc26-cb8607b96358', 'instance_label': 'rabbit', 'text_changed': False, 'graph_changed': True, 'session_id': 'c8a11a37-2a2a-4691-84d9-7d4c35c7cc61', 'user_id': 'P5'}"
00:27:22,api.generate_image.started,"{'sentence_count': 3, 'box_count': 3, 'has_global_caption': False, 'has_required_keywords': False, 'session_id': 'c8a11a37-2a2a-4691-84d9-7d4c35c7cc61', 'user_id': 'P5'}"
00:27:45,prompt_saved,{'path': 'output/P5/2025-08-30_00-27-45/prompt.json'}
00:27:46,object_detection_integrated,"{'objectsCount': 0, 'objects': [], 'session_id': 'c8a11a37-2a2a-4691-84d9-7d4c35c7cc61', 'user_id': 'P5'}"
00:27:46,api.generate_image.succeeded,"{'global_caption': 'a scene featuring a running smiling cute yellow rabbit with an animated style in the forest, a running smiling cute black rabbit with an animated character style in the forest, and a cute crying white rabbit wearing a torn and muddy blue jacket in the forest with an animated character', 'region_count': 3, 'has_image': True, 'detected_objects_count': 0, 'image_path': 'output/P5/2025-08-30_00-27-45/image.png', 'image_with_layout_path': 'output/P5/2025-08-30_00-27-45/image_with_layout.png', 'timestamp_dir': 'output/P5/2025-08-30_00-27-45', 'session_id': 'c8a11a37-2a2a-4691-84d9-7d4c35c7cc61', 'user_id': 'P5'}"
00:28:04,instance.edit.started,"{'instance_id': 'instance-b3ff8f32-a1d6-44e2-bc26-cb8607b96358', 'instance_label': 'rabbit', 'edit_type': 'text', 'session_id': 'c8a11a37-2a2a-4691-84d9-7d4c35c7cc61', 'user_id': 'P5'}"
00:28:07,instance.save,"{'instance_id': 'instance-b3ff8f32-a1d6-44e2-bc26-cb8607b96358', 'session_id': 'c8a11a37-2a2a-4691-84d9-7d4c35c7cc61', 'user_id': 'P5'}"
00:28:07,api.generate_text_to_graph.started,"{'has_previous': 'A cute crying white rabbit wearing a torn and muddy blue jacket is in the forest with an animated character.', 'text_length': 109, 'previous_objects_count': 4, 'session_id': 'c8a11a37-2a2a-4691-84d9-7d4c35c7cc61', 'user_id': 'P5'}"
00:28:10,layout.node.moved,"{'nodeId': 'instance-22c981cd-8c2b-408d-bda2-1c9405ff58ea-resizable', 'newPos': {'x': 378, 'y': 235}, 'session_id': 'c8a11a37-2a2a-4691-84d9-7d4c35c7cc61', 'user_id': 'P5'}"
00:28:12,instance.updated,"{'instance_id': 'instance-b3ff8f32-a1d6-44e2-bc26-cb8607b96358', 'instance_label': 'rabbit', 'text_changed': True, 'graph_changed': False, 'session_id': 'c8a11a37-2a2a-4691-84d9-7d4c35c7cc61', 'user_id': 'P5'}"
00:28:12,api.generate_text_to_graph.succeeded,"{'objects_count': 4, 'relationships_count': 3, 'root_object': 'object1', 'session_id': 'c8a11a37-2a2a-4691-84d9-7d4c35c7cc61', 'user_id': 'P5'}"
00:28:12,instance_selected,"{'instance_id': 'instance-b3ff8f32-a1d6-44e2-bc26-cb8607b96358', 'instance_label': 'rabbit', 'is_from_class': True, 'class_id': 'class-8267a52d-5b60-4f16-abd3-e57662c661e8', 'session_id': 'c8a11a37-2a2a-4691-84d9-7d4c35c7cc61', 'user_id': 'P5'}"
00:28:14,layout.node.moved,"{'nodeId': 'instance-22c981cd-8c2b-408d-bda2-1c9405ff58ea-resizable', 'newPos': {'x': 378, 'y': 190}, 'session_id': 'c8a11a37-2a2a-4691-84d9-7d4c35c7cc61', 'user_id': 'P5'}"
00:28:17,layout.node.moved,"{'nodeId': 'instance-22c981cd-8c2b-408d-bda2-1c9405ff58ea-resizable', 'newPos': {'x': 378, 'y': 167}, 'session_id': 'c8a11a37-2a2a-4691-84d9-7d4c35c7cc61', 'user_id': 'P5'}"
00:28:18,layout.node.moved,"{'nodeId': 'instance-b3ff8f32-a1d6-44e2-bc26-cb8607b96358-resizable', 'newPos': {'x': 38.671875, 'y': 177}, 'session_id': 'c8a11a37-2a2a-4691-84d9-7d4c35c7cc61', 'user_id': 'P5'}"
00:28:19,layout.node.moved,"{'nodeId': 'instance-c268e2a5-e7e0-44c4-8c33-ed6db2a7ed0a-resizable', 'newPos': {'x': 258, 'y': 181}, 'session_id': 'c8a11a37-2a2a-4691-84d9-7d4c35c7cc61', 'user_id': 'P5'}"
00:28:20,layout.node.moved,"{'nodeId': 'instance-22c981cd-8c2b-408d-bda2-1c9405ff58ea-resizable', 'newPos': {'x': 377, 'y': 160}, 'session_id': 'c8a11a37-2a2a-4691-84d9-7d4c35c7cc61', 'user_id': 'P5'}"
00:28:21,api.generate_image.started,"{'sentence_count': 3, 'box_count': 3, 'has_global_caption': True, 'has_required_keywords': False, 'session_id': 'c8a11a37-2a2a-4691-84d9-7d4c35c7cc61', 'user_id': 'P5'}"
00:28:45,prompt_saved,{'path': 'output/P5/2025-08-30_00-28-45/prompt.json'}
00:28:45,api.generate_image.succeeded,"{'global_caption': 'a scene featuring a running smiling cute yellow rabbit with an animated style in the forest, a running smiling cute black rabbit with an animated character style in the forest, and a cute smiling white rabbit wearing a torn and muddy blue jacket in the forest with an animated character', 'region_count': 3, 'has_image': True, 'detected_objects_count': 0, 'image_path': 'output/P5/2025-08-30_00-28-45/image.png', 'image_with_layout_path': 'output/P5/2025-08-30_00-28-45/image_with_layout.png', 'timestamp_dir': 'output/P5/2025-08-30_00-28-45', 'session_id': 'c8a11a37-2a2a-4691-84d9-7d4c35c7cc61', 'user_id': 'P5'}"
00:28:45,object_detection_integrated,"{'objectsCount': 0, 'objects': [], 'session_id': 'c8a11a37-2a2a-4691-84d9-7d4c35c7cc61', 'user_id': 'P5'}"
00:29:09,instance.edit.started,"{'instance_id': 'instance-b3ff8f32-a1d6-44e2-bc26-cb8607b96358', 'instance_label': 'rabbit', 'edit_type': 'graph', 'session_id': 'c8a11a37-2a2a-4691-84d9-7d4c35c7cc61', 'user_id': 'P5'}"
00:29:10,object_node.edit.started,"{'object_id': 'object4', 'object_name': 'jacket', 'edit_mode': 'adding', 'is_class_mode': False, 'parent_instance_id': 'instance-b3ff8f32-a1d6-44e2-bc26-cb8607b96358', 'session_id': 'c8a11a37-2a2a-4691-84d9-7d4c35c7cc61', 'user_id': 'P5'}"
00:29:13,object_node.edit.saved,"{'object_id': 'object4', 'object_name': 'jacket', 'edit_mode': 'adding', 'new_value': 'dirty', 'is_class_mode': False, 'parent_instance_id': 'instance-b3ff8f32-a1d6-44e2-bc26-cb8607b96358', 'session_id': 'c8a11a37-2a2a-4691-84d9-7d4c35c7cc61', 'user_id': 'P5'}"
00:29:13,object_node.edit.cancelled,"{'object_id': 'object4', 'object_name': 'jacket', 'edit_mode': 'adding', 'is_class_mode': False, 'session_id': 'c8a11a37-2a2a-4691-84d9-7d4c35c7cc61', 'user_id': 'P5'}"
00:29:19,instance.save,"{'instance_id': 'instance-b3ff8f32-a1d6-44e2-bc26-cb8607b96358', 'session_id': 'c8a11a37-2a2a-4691-84d9-7d4c35c7cc61', 'user_id': 'P5'}"
00:29:19,api.generate_scene_graph_to_text.started,"{'has_previous': 'A cute smiling white rabbit wearing a torn and muddy blue jacket is in the forest with an animated character.', 'objects_count': 4, 'relationships_count': 3, 'session_id': 'c8a11a37-2a2a-4691-84d9-7d4c35c7cc61', 'user_id': 'P5'}"
00:29:20,api.generate_scene_graph_to_text.succeeded,"{'text_length': 117, 'generated_text': 'A cute smiling white rabbit wearing a torn, muddy, and dirty blue jacket is in the forest with an an', 'session_id': 'c8a11a37-2a2a-4691-84d9-7d4c35c7cc61', 'user_id': 'P5'}"
00:29:20,instance_selected,"{'instance_id': 'instance-b3ff8f32-a1d6-44e2-bc26-cb8607b96358', 'instance_label': 'rabbit', 'is_from_class': True, 'class_id': 'class-8267a52d-5b60-4f16-abd3-e57662c661e8', 'session_id': 'c8a11a37-2a2a-4691-84d9-7d4c35c7cc61', 'user_id': 'P5'}"
00:29:20,instance.updated,"{'instance_id': 'instance-b3ff8f32-a1d6-44e2-bc26-cb8607b96358', 'instance_label': 'rabbit', 'text_changed': False, 'graph_changed': True, 'session_id': 'c8a11a37-2a2a-4691-84d9-7d4c35c7cc61', 'user_id': 'P5'}"
00:29:22,api.generate_image.started,"{'sentence_count': 3, 'box_count': 3, 'has_global_caption': True, 'has_required_keywords': False, 'session_id': 'c8a11a37-2a2a-4691-84d9-7d4c35c7cc61', 'user_id': 'P5'}"
00:29:45,prompt_saved,{'path': 'output/P5/2025-08-30_00-29-45/prompt.json'}
00:29:46,api.generate_image.succeeded,"{'global_caption': 'a scene featuring a running smiling cute yellow rabbit with an animated style in the forest, a running smiling cute black rabbit with an animated character style in the forest, and a cute smiling white rabbit wearing a torn, muddy, and dirty blue jacket in the forest with an animated character', 'region_count': 3, 'has_image': True, 'detected_objects_count': 0, 'image_path': 'output/P5/2025-08-30_00-29-45/image.png', 'image_with_layout_path': 'output/P5/2025-08-30_00-29-45/image_with_layout.png', 'timestamp_dir': 'output/P5/2025-08-30_00-29-45', 'session_id': 'c8a11a37-2a2a-4691-84d9-7d4c35c7cc61', 'user_id': 'P5'}"
00:29:46,object_detection_integrated,"{'objectsCount': 0, 'objects': [], 'session_id': 'c8a11a37-2a2a-4691-84d9-7d4c35c7cc61', 'user_id': 'P5'}"
00:29:52,scene_saved,"{'slotNumber': 5, 'instanceCount': 3, 'nodeCount': 6, 'edgeCount': 0, 'session_id': 'c8a11a37-2a2a-4691-84d9-7d4c35c7cc61', 'user_id': 'P5'}"
00:30:20,instance_selected,"{'instance_id': 'instance-22c981cd-8c2b-408d-bda2-1c9405ff58ea', 'instance_label': 'rabbit', 'is_from_class': True, 'class_id': 'class-8267a52d-5b60-4f16-abd3-e57662c661e8', 'session_id': 'c8a11a37-2a2a-4691-84d9-7d4c35c7cc61', 'user_id': 'P5'}"
00:30:22,instance.edit.started,"{'instance_id': 'instance-22c981cd-8c2b-408d-bda2-1c9405ff58ea', 'instance_label': 'rabbit', 'edit_type': 'text', 'session_id': 'c8a11a37-2a2a-4691-84d9-7d4c35c7cc61', 'user_id': 'P5'}"
00:30:34,instance.save,"{'instance_id': 'instance-22c981cd-8c2b-408d-bda2-1c9405ff58ea', 'session_id': 'c8a11a37-2a2a-4691-84d9-7d4c35c7cc61', 'user_id': 'P5'}"
00:30:34,api.generate_text_to_graph.started,"{'has_previous': 'A running smiling cute yellow rabbit with an animated style in the forest.', 'text_length': 87, 'previous_objects_count': 3, 'session_id': 'c8a11a37-2a2a-4691-84d9-7d4c35c7cc61', 'user_id': 'P5'}"
00:30:38,api.generate_text_to_graph.succeeded,"{'objects_count': 4, 'relationships_count': 3, 'root_object': 'object1', 'session_id': 'c8a11a37-2a2a-4691-84d9-7d4c35c7cc61', 'user_id': 'P5'}"
00:30:38,instance.updated,"{'instance_id': 'instance-22c981cd-8c2b-408d-bda2-1c9405ff58ea', 'instance_label': 'rabbit', 'text_changed': True, 'graph_changed': False, 'session_id': 'c8a11a37-2a2a-4691-84d9-7d4c35c7cc61', 'user_id': 'P5'}"
00:30:38,instance_selected,"{'instance_id': 'instance-22c981cd-8c2b-408d-bda2-1c9405ff58ea', 'instance_label': 'rabbit', 'is_from_class': True, 'class_id': 'class-8267a52d-5b60-4f16-abd3-e57662c661e8', 'session_id': 'c8a11a37-2a2a-4691-84d9-7d4c35c7cc61', 'user_id': 'P5'}"
00:30:42,layout.node.moved,"{'nodeId': 'instance-22c981cd-8c2b-408d-bda2-1c9405ff58ea-resizable', 'newPos': {'x': 182, 'y': 179}, 'session_id': 'c8a11a37-2a2a-4691-84d9-7d4c35c7cc61', 'user_id': 'P5'}"
00:30:43,layout.node.moved,"{'nodeId': 'instance-b3ff8f32-a1d6-44e2-bc26-cb8607b96358-resizable', 'newPos': {'x': 30.671875, 'y': 185}, 'session_id': 'c8a11a37-2a2a-4691-84d9-7d4c35c7cc61', 'user_id': 'P5'}"
00:30:44,layout.node.moved,"{'nodeId': 'instance-c268e2a5-e7e0-44c4-8c33-ed6db2a7ed0a-resizable', 'newPos': {'x': 281, 'y': 269}, 'session_id': 'c8a11a37-2a2a-4691-84d9-7d4c35c7cc61', 'user_id': 'P5'}"
00:30:46,layout.node.moved,"{'nodeId': 'instance-22c981cd-8c2b-408d-bda2-1c9405ff58ea-resizable', 'newPos': {'x': 170, 'y': 149}, 'session_id': 'c8a11a37-2a2a-4691-84d9-7d4c35c7cc61', 'user_id': 'P5'}"
00:30:49,layout.node.moved,"{'nodeId': 'instance-c268e2a5-e7e0-44c4-8c33-ed6db2a7ed0a-resizable', 'newPos': {'x': 258, 'y': 383}, 'session_id': 'c8a11a37-2a2a-4691-84d9-7d4c35c7cc61', 'user_id': 'P5'}"
00:30:55,layout_board.new_box_initiated,"{'board_type': 'advanced', 'timestamp': '2025-08-30T00:30:55.012Z', 'session_id': 'c8a11a37-2a2a-4691-84d9-7d4c35c7cc61', 'user_id': 'P5'}"
00:30:56,layout_board.new_box_positioned,"{'position': {'x': 383.671875, 'y': 147}, 'screen_position': {'x': 443, 'y': 190}, 'board_type': 'advanced', 'session_id': 'c8a11a37-2a2a-4691-84d9-7d4c35c7cc61', 'user_id': 'P5'}"
00:30:59,api.generate_text_to_graph.started,"{'has_previous': None, 'text_length': 8, 'previous_objects_count': 0, 'session_id': 'c8a11a37-2a2a-4691-84d9-7d4c35c7cc61', 'user_id': 'P5'}"
00:31:00,api.generate_text_to_graph.succeeded,"{'objects_count': 1, 'relationships_count': 0, 'root_object': 'object1', 'session_id': 'c8a11a37-2a2a-4691-84d9-7d4c35c7cc61', 'user_id': 'P5'}"
00:31:02,layout.node.moved,"{'nodeId': 'instance-0433a57e-4192-42f4-a52b-d3b8d058810e-resizable', 'newPos': {'x': 335.671875, 'y': 69}, 'session_id': 'c8a11a37-2a2a-4691-84d9-7d4c35c7cc61', 'user_id': 'P5'}"
00:31:04,layout.node.moved,"{'nodeId': 'instance-0433a57e-4192-42f4-a52b-d3b8d058810e-resizable', 'newPos': {'x': 335.671875, 'y': 80}, 'session_id': 'c8a11a37-2a2a-4691-84d9-7d4c35c7cc61', 'user_id': 'P5'}"
00:31:08,layout.node.moved,"{'nodeId': 'instance-c268e2a5-e7e0-44c4-8c33-ed6db2a7ed0a-resizable', 'newPos': {'x': 380, 'y': 32}, 'session_id': 'c8a11a37-2a2a-4691-84d9-7d4c35c7cc61', 'user_id': 'P5'}"
00:31:09,instance_selected,"{'instance_id': 'instance-c268e2a5-e7e0-44c4-8c33-ed6db2a7ed0a', 'instance_label': 'rabbit', 'is_from_class': True, 'class_id': 'class-8267a52d-5b60-4f16-abd3-e57662c661e8', 'session_id': 'c8a11a37-2a2a-4691-84d9-7d4c35c7cc61', 'user_id': 'P5'}"
00:31:10,instance.edit.started,"{'instance_id': 'instance-c268e2a5-e7e0-44c4-8c33-ed6db2a7ed0a', 'instance_label': 'rabbit', 'edit_type': 'text', 'session_id': 'c8a11a37-2a2a-4691-84d9-7d4c35c7cc61', 'user_id': 'P5'}"
00:31:16,instance.save,"{'instance_id': 'instance-c268e2a5-e7e0-44c4-8c33-ed6db2a7ed0a', 'session_id': 'c8a11a37-2a2a-4691-84d9-7d4c35c7cc61', 'user_id': 'P5'}"
00:31:16,api.generate_text_to_graph.started,"{'has_previous': 'A running smiling cute black rabbit with an animated character style in the forest.', 'text_length': 81, 'previous_objects_count': 3, 'session_id': 'c8a11a37-2a2a-4691-84d9-7d4c35c7cc61', 'user_id': 'P5'}"
00:31:21,api.generate_text_to_graph.succeeded,"{'objects_count': 4, 'relationships_count': 3, 'root_object': 'object1', 'session_id': 'c8a11a37-2a2a-4691-84d9-7d4c35c7cc61', 'user_id': 'P5'}"
00:31:21,instance_selected,"{'instance_id': 'instance-c268e2a5-e7e0-44c4-8c33-ed6db2a7ed0a', 'instance_label': 'rabbit', 'is_from_class': True, 'class_id': 'class-8267a52d-5b60-4f16-abd3-e57662c661e8', 'session_id': 'c8a11a37-2a2a-4691-84d9-7d4c35c7cc61', 'user_id': 'P5'}"
00:31:21,instance.updated,"{'instance_id': 'instance-c268e2a5-e7e0-44c4-8c33-ed6db2a7ed0a', 'instance_label': 'rabbit', 'text_changed': True, 'graph_changed': False, 'session_id': 'c8a11a37-2a2a-4691-84d9-7d4c35c7cc61', 'user_id': 'P5'}"
00:31:26,layout.node.moved,"{'nodeId': 'instance-0433a57e-4192-42f4-a52b-d3b8d058810e-resizable', 'newPos': {'x': 343, 'y': 102}, 'session_id': 'c8a11a37-2a2a-4691-84d9-7d4c35c7cc61', 'user_id': 'P5'}"
00:31:27,layout.node.moved,"{'nodeId': 'instance-0433a57e-4192-42f4-a52b-d3b8d058810e-resizable', 'newPos': {'x': 328, 'y': 80}, 'session_id': 'c8a11a37-2a2a-4691-84d9-7d4c35c7cc61', 'user_id': 'P5'}"
00:31:30,layout.node.moved,"{'nodeId': 'instance-c268e2a5-e7e0-44c4-8c33-ed6db2a7ed0a', 'newPos': {'x': 213, 'y': 307}, 'session_id': 'c8a11a37-2a2a-4691-84d9-7d4c35c7cc61', 'user_id': 'P5'}"
00:31:31,layout.node.moved,"{'nodeId': 'instance-22c981cd-8c2b-408d-bda2-1c9405ff58ea-resizable', 'newPos': {'x': 177, 'y': 91}, 'session_id': 'c8a11a37-2a2a-4691-84d9-7d4c35c7cc61', 'user_id': 'P5'}"
00:31:32,layout.node.moved,"{'nodeId': 'instance-b3ff8f32-a1d6-44e2-bc26-cb8607b96358-resizable', 'newPos': {'x': 34.671875, 'y': 170}, 'session_id': 'c8a11a37-2a2a-4691-84d9-7d4c35c7cc61', 'user_id': 'P5'}"
00:31:33,layout.node.moved,"{'nodeId': 'instance-c268e2a5-e7e0-44c4-8c33-ed6db2a7ed0a-resizable', 'newPos': {'x': 198, 'y': 302}, 'session_id': 'c8a11a37-2a2a-4691-84d9-7d4c35c7cc61', 'user_id': 'P5'}"
00:31:40,instance.edit.started,"{'instance_id': 'instance-c268e2a5-e7e0-44c4-8c33-ed6db2a7ed0a', 'instance_label': 'rabbit', 'edit_type': 'graph', 'session_id': 'c8a11a37-2a2a-4691-84d9-7d4c35c7cc61', 'user_id': 'P5'}"
00:31:46,relationship_node.edited,"{'relationship_id': 'object1-object3', 'source_object_id': 'object1', 'target_object_id': 'object3', 'old_relation': 'on the', 'new_relation': 'looking at the', 'source_object_name': 'rabbit', 'target_object_name': 'tree', 'session_id': 'c8a11a37-2a2a-4691-84d9-7d4c35c7cc61', 'user_id': 'P5'}"
00:31:47,instance.save,"{'instance_id': 'instance-c268e2a5-e7e0-44c4-8c33-ed6db2a7ed0a', 'session_id': 'c8a11a37-2a2a-4691-84d9-7d4c35c7cc61', 'user_id': 'P5'}"
00:31:47,api.generate_scene_graph_to_text.started,"{'has_previous': 'A running smiling cute black rabbit with an animated character style on the tree.', 'objects_count': 4, 'relationships_count': 3, 'session_id': 'c8a11a37-2a2a-4691-84d9-7d4c35c7cc61', 'user_id': 'P5'}"
00:31:48,api.generate_scene_graph_to_text.succeeded,"{'text_length': 103, 'generated_text': 'A running smiling cute black rabbit with an animated character style looking at the tree in the fore', 'session_id': 'c8a11a37-2a2a-4691-84d9-7d4c35c7cc61', 'user_id': 'P5'}"
00:31:48,instance.updated,"{'instance_id': 'instance-c268e2a5-e7e0-44c4-8c33-ed6db2a7ed0a', 'instance_label': 'rabbit', 'text_changed': False, 'graph_changed': True, 'session_id': 'c8a11a37-2a2a-4691-84d9-7d4c35c7cc61', 'user_id': 'P5'}"
00:31:48,instance_selected,"{'instance_id': 'instance-c268e2a5-e7e0-44c4-8c33-ed6db2a7ed0a', 'instance_label': 'rabbit', 'is_from_class': True, 'class_id': 'class-8267a52d-5b60-4f16-abd3-e57662c661e8', 'session_id': 'c8a11a37-2a2a-4691-84d9-7d4c35c7cc61', 'user_id': 'P5'}"
00:31:52,layout_board.new_box_initiated,"{'board_type': 'advanced', 'timestamp': '2025-08-30T00:31:52.709Z', 'session_id': 'c8a11a37-2a2a-4691-84d9-7d4c35c7cc61', 'user_id': 'P5'}"
00:31:53,layout_board.new_box_positioned,"{'position': {'x': 440.671875, 'y': 53}, 'screen_position': {'x': 500, 'y': 76}, 'board_type': 'advanced', 'session_id': 'c8a11a37-2a2a-4691-84d9-7d4c35c7cc61', 'user_id': 'P5'}"
00:32:00,api.generate_text_to_graph.started,"{'has_previous': None, 'text_length': 25, 'previous_objects_count': 0, 'session_id': 'c8a11a37-2a2a-4691-84d9-7d4c35c7cc61', 'user_id': 'P5'}"
00:32:03,layout.node.moved,"{'nodeId': 'instance-96f7195a-d962-4b96-a6b4-4fbab5eff06c-resizable', 'newPos': {'x': 414.671875, 'y': 53}, 'session_id': 'c8a11a37-2a2a-4691-84d9-7d4c35c7cc61', 'user_id': 'P5'}"
00:32:03,api.generate_text_to_graph.succeeded,"{'objects_count': 2, 'relationships_count': 1, 'root_object': 'object1', 'session_id': 'c8a11a37-2a2a-4691-84d9-7d4c35c7cc61', 'user_id': 'P5'}"
00:32:04,instance_selected,"{'instance_id': 'instance-96f7195a-d962-4b96-a6b4-4fbab5eff06c', 'instance_label': 'balloon', 'is_from_class': False, 'class_id': None, 'session_id': 'c8a11a37-2a2a-4691-84d9-7d4c35c7cc61', 'user_id': 'P5'}"
00:32:20,layout.node.moved,"{'nodeId': 'instance-96f7195a-d962-4b96-a6b4-4fbab5eff06c-resizable', 'newPos': {'x': 327.671875, 'y': 42}, 'session_id': 'c8a11a37-2a2a-4691-84d9-7d4c35c7cc61', 'user_id': 'P5'}"
00:32:21,instance_selected,"{'instance_id': 'instance-0433a57e-4192-42f4-a52b-d3b8d058810e', 'instance_label': 'tree', 'is_from_class': False, 'class_id': None, 'session_id': 'c8a11a37-2a2a-4691-84d9-7d4c35c7cc61', 'user_id': 'P5'}"
00:32:33,layout.node.moved,"{'nodeId': 'instance-96f7195a-d962-4b96-a6b4-4fbab5eff06c', 'newPos': {'x': 392, 'y': 20}, 'session_id': 'c8a11a37-2a2a-4691-84d9-7d4c35c7cc61', 'user_id': 'P5'}"
00:32:38,instance_selected,"{'instance_id': 'instance-96f7195a-d962-4b96-a6b4-4fbab5eff06c', 'instance_label': 'balloon', 'is_from_class': False, 'class_id': None, 'session_id': 'c8a11a37-2a2a-4691-84d9-7d4c35c7cc61', 'user_id': 'P5'}"
00:32:49,instance_selected,"{'instance_id': 'instance-c268e2a5-e7e0-44c4-8c33-ed6db2a7ed0a', 'instance_label': 'rabbit', 'is_from_class': True, 'class_id': 'class-8267a52d-5b60-4f16-abd3-e57662c661e8', 'session_id': 'c8a11a37-2a2a-4691-84d9-7d4c35c7cc61', 'user_id': 'P5'}"
00:33:02,instance_selected,"{'instance_id': 'instance-22c981cd-8c2b-408d-bda2-1c9405ff58ea', 'instance_label': 'rabbit', 'is_from_class': True, 'class_id': 'class-8267a52d-5b60-4f16-abd3-e57662c661e8', 'session_id': 'c8a11a37-2a2a-4691-84d9-7d4c35c7cc61', 'user_id': 'P5'}"
00:33:31,api.generate_image.started,"{'sentence_count': 5, 'box_count': 5, 'has_global_caption': False, 'has_required_keywords': False, 'session_id': 'c8a11a37-2a2a-4691-84d9-7d4c35c7cc61', 'user_id': 'P5'}"
00:33:57,prompt_saved,{'path': 'output/P5/2025-08-30_00-33-57/prompt.json'}
00:33:57,api.generate_image.succeeded,"{'global_caption': 'a scene featuring a smiling cute yellow rabbit with an animated style in the forest pointing at a tree, a running smiling cute black rabbit with an animated character style looking at a tree in the forest, a cute smiling white rabbit wearing a torn, muddy, and dirty blue jacket in the forest looking at a tree, a big tree with a balloon related to the tree, and a red balloon on the tree.', 'region_count': 5, 'has_image': True, 'detected_objects_count': 0, 'image_path': 'output/P5/2025-08-30_00-33-57/image.png', 'image_with_layout_path': 'output/P5/2025-08-30_00-33-57/image_with_layout.png', 'timestamp_dir': 'output/P5/2025-08-30_00-33-57', 'session_id': 'c8a11a37-2a2a-4691-84d9-7d4c35c7cc61', 'user_id': 'P5'}"
00:33:57,object_detection_integrated,"{'objectsCount': 0, 'objects': [], 'session_id': 'c8a11a37-2a2a-4691-84d9-7d4c35c7cc61', 'user_id': 'P5'}"
00:34:29,layout.node.moved,"{'nodeId': 'instance-96f7195a-d962-4b96-a6b4-4fbab5eff06c', 'newPos': {'x': 392, 'y': 18}, 'session_id': 'c8a11a37-2a2a-4691-84d9-7d4c35c7cc61', 'user_id': 'P5'}"
00:34:34,layout.node.moved,"{'nodeId': 'instance-c268e2a5-e7e0-44c4-8c33-ed6db2a7ed0a-resizable', 'newPos': {'x': 206, 'y': 326}, 'session_id': 'c8a11a37-2a2a-4691-84d9-7d4c35c7cc61', 'user_id': 'P5'}"
00:34:36,layout.node.moved,"{'nodeId': 'instance-22c981cd-8c2b-408d-bda2-1c9405ff58ea-resizable', 'newPos': {'x': 179, 'y': 83}, 'session_id': 'c8a11a37-2a2a-4691-84d9-7d4c35c7cc61', 'user_id': 'P5'}"
00:34:44,api.generate_image.started,"{'sentence_count': 5, 'box_count': 5, 'has_global_caption': True, 'has_required_keywords': False, 'session_id': 'c8a11a37-2a2a-4691-84d9-7d4c35c7cc61', 'user_id': 'P5'}"
00:35:09,prompt_saved,{'path': 'output/P5/2025-08-30_00-35-09/prompt.json'}
00:35:09,object_detection_integrated,"{'objectsCount': 0, 'objects': [], 'session_id': 'c8a11a37-2a2a-4691-84d9-7d4c35c7cc61', 'user_id': 'P5'}"
00:35:09,api.generate_image.succeeded,"{'global_caption': 'a scene featuring a smiling cute yellow rabbit with an animated style in the forest pointing at a tree, a running smiling cute black rabbit with an animated character style looking at a tree in the forest, a cute smiling white rabbit wearing a torn, muddy, and dirty blue jacket in the forest looking at a tree, a big tree with a balloon related to the tree, and a red balloon on the tree.', 'region_count': 5, 'has_image': True, 'detected_objects_count': 0, 'image_path': 'output/P5/2025-08-30_00-35-09/image.png', 'image_with_layout_path': 'output/P5/2025-08-30_00-35-09/image_with_layout.png', 'timestamp_dir': 'output/P5/2025-08-30_00-35-09', 'session_id': 'c8a11a37-2a2a-4691-84d9-7d4c35c7cc61', 'user_id': 'P5'}"
00:35:25,api.generate_image.started,"{'sentence_count': 5, 'box_count': 5, 'has_global_caption': True, 'has_required_keywords': False, 'session_id': 'c8a11a37-2a2a-4691-84d9-7d4c35c7cc61', 'user_id': 'P5'}"
00:35:50,prompt_saved,{'path': 'output/P5/2025-08-30_00-35-50/prompt.json'}
00:35:50,api.generate_image.succeeded,"{'global_caption': 'a scene featuring a smiling cute yellow rabbit with an animated style in the forest pointing at a tree, a running smiling cute black rabbit with an animated character style looking at a tree in the forest, a cute smiling white rabbit wearing a torn, muddy, and dirty blue jacket in the forest looking at a tree, a big tree with a tree-related balloon, and a red balloon on the tree.', 'region_count': 5, 'has_image': True, 'detected_objects_count': 0, 'image_path': 'output/P5/2025-08-30_00-35-50/image.png', 'image_with_layout_path': 'output/P5/2025-08-30_00-35-50/image_with_layout.png', 'timestamp_dir': 'output/P5/2025-08-30_00-35-50', 'session_id': 'c8a11a37-2a2a-4691-84d9-7d4c35c7cc61', 'user_id': 'P5'}"
00:35:50,object_detection_integrated,"{'objectsCount': 0, 'objects': [], 'session_id': 'c8a11a37-2a2a-4691-84d9-7d4c35c7cc61', 'user_id': 'P5'}"
00:36:13,scene_saved,"{'slotNumber': 6, 'instanceCount': 5, 'nodeCount': 10, 'edgeCount': 4, 'session_id': 'c8a11a37-2a2a-4691-84d9-7d4c35c7cc61', 'user_id': 'P5'}"
00:36:29,layout.node.moved,"{'nodeId': 'instance-0433a57e-4192-42f4-a52b-d3b8d058810e-resizable', 'newPos': {'x': 157, 'y': 30}, 'session_id': 'c8a11a37-2a2a-4691-84d9-7d4c35c7cc61', 'user_id': 'P5'}"
00:36:33,layout.node.moved,"{'nodeId': 'instance-96f7195a-d962-4b96-a6b4-4fbab5eff06c-resizable', 'newPos': {'x': 371, 'y': 122}, 'session_id': 'c8a11a37-2a2a-4691-84d9-7d4c35c7cc61', 'user_id': 'P5'}"
00:36:36,layout.node.moved,"{'nodeId': 'instance-96f7195a-d962-4b96-a6b4-4fbab5eff06c-resizable', 'newPos': {'x': 439, 'y': 179}, 'session_id': 'c8a11a37-2a2a-4691-84d9-7d4c35c7cc61', 'user_id': 'P5'}"
00:36:38,relationship_node.deleted,"{'relationship_id': 'instance-0433a57e-4192-42f4-a52b-d3b8d058810e-instance-96f7195a-d962-4b96-a6b4-4fbab5eff06c', 'source_object_id': 'instance-0433a57e-4192-42f4-a52b-d3b8d058810e', 'target_object_id': 'instance-96f7195a-d962-4b96-a6b4-4fbab5eff06c', 'relation': 'related', 'source_object_name': 'tree', 'target_object_name': 'balloon', 'session_id': 'c8a11a37-2a2a-4691-84d9-7d4c35c7cc61', 'user_id': 'P5'}"
00:36:40,layout.node.moved,"{'nodeId': 'instance-0433a57e-4192-42f4-a52b-d3b8d058810e-resizable', 'newPos': {'x': 319, 'y': 39}, 'session_id': 'c8a11a37-2a2a-4691-84d9-7d4c35c7cc61', 'user_id': 'P5'}"
00:36:41,layout.node.moved,"{'nodeId': 'instance-0433a57e-4192-42f4-a52b-d3b8d058810e-resizable', 'newPos': {'x': 343, 'y': 39}, 'session_id': 'c8a11a37-2a2a-4691-84d9-7d4c35c7cc61', 'user_id': 'P5'}"
00:36:47,layout.node.moved,"{'nodeId': 'instance-c268e2a5-e7e0-44c4-8c33-ed6db2a7ed0a-resizable', 'newPos': {'x': 42, 'y': 290}, 'session_id': 'c8a11a37-2a2a-4691-84d9-7d4c35c7cc61', 'user_id': 'P5'}"
00:36:52,layout.node.moved,"{'nodeId': 'instance-22c981cd-8c2b-408d-bda2-1c9405ff58ea-resizable', 'newPos': {'x': 278, 'y': 282}, 'session_id': 'c8a11a37-2a2a-4691-84d9-7d4c35c7cc61', 'user_id': 'P5'}"
00:36:53,relationship_node.deleted,"{'relationship_id': 'instance-c268e2a5-e7e0-44c4-8c33-ed6db2a7ed0a-instance-0433a57e-4192-42f4-a52b-d3b8d058810e', 'source_object_id': 'instance-c268e2a5-e7e0-44c4-8c33-ed6db2a7ed0a', 'target_object_id': 'instance-0433a57e-4192-42f4-a52b-d3b8d058810e', 'relation': 'looking at', 'source_object_name': 'rabbit', 'target_object_name': 'tree', 'session_id': 'c8a11a37-2a2a-4691-84d9-7d4c35c7cc61', 'user_id': 'P5'}"
00:36:54,relationship_node.deleted,"{'relationship_id': 'instance-b3ff8f32-a1d6-44e2-bc26-cb8607b96358-instance-0433a57e-4192-42f4-a52b-d3b8d058810e', 'source_object_id': 'instance-b3ff8f32-a1d6-44e2-bc26-cb8607b96358', 'target_object_id': 'instance-0433a57e-4192-42f4-a52b-d3b8d058810e', 'relation': 'looking at', 'source_object_name': 'rabbit', 'target_object_name': 'tree', 'session_id': 'c8a11a37-2a2a-4691-84d9-7d4c35c7cc61', 'user_id': 'P5'}"
00:36:56,layout.node.moved,"{'nodeId': 'instance-b3ff8f32-a1d6-44e2-bc26-cb8607b96358-resizable', 'newPos': {'x': 11.671875, 'y': 162}, 'session_id': 'c8a11a37-2a2a-4691-84d9-7d4c35c7cc61', 'user_id': 'P5'}"
00:36:57,layout.node.moved,"{'nodeId': 'instance-b3ff8f32-a1d6-44e2-bc26-cb8607b96358-resizable', 'newPos': {'x': 198.671875, 'y': 91}, 'session_id': 'c8a11a37-2a2a-4691-84d9-7d4c35c7cc61', 'user_id': 'P5'}"
00:36:58,layout.node.moved,"{'nodeId': 'instance-c268e2a5-e7e0-44c4-8c33-ed6db2a7ed0a-resizable', 'newPos': {'x': 282, 'y': 295}, 'session_id': 'c8a11a37-2a2a-4691-84d9-7d4c35c7cc61', 'user_id': 'P5'}"
00:36:59,layout.node.moved,"{'nodeId': 'instance-b3ff8f32-a1d6-44e2-bc26-cb8607b96358-resizable', 'newPos': {'x': 26.671875, 'y': 142}, 'session_id': 'c8a11a37-2a2a-4691-84d9-7d4c35c7cc61', 'user_id': 'P5'}"
00:37:03,layout.node.moved,"{'nodeId': 'instance-0433a57e-4192-42f4-a52b-d3b8d058810e-resizable', 'newPos': {'x': 151, 'y': 37}, 'session_id': 'c8a11a37-2a2a-4691-84d9-7d4c35c7cc61', 'user_id': 'P5'}"
00:37:05,layout.node.moved,"{'nodeId': 'instance-0433a57e-4192-42f4-a52b-d3b8d058810e-resizable', 'newPos': {'x': 33, 'y': 56}, 'session_id': 'c8a11a37-2a2a-4691-84d9-7d4c35c7cc61', 'user_id': 'P5'}"
00:37:06,relationship_node.deleted,"{'relationship_id': 'instance-22c981cd-8c2b-408d-bda2-1c9405ff58ea-instance-0433a57e-4192-42f4-a52b-d3b8d058810e', 'source_object_id': 'instance-22c981cd-8c2b-408d-bda2-1c9405ff58ea', 'target_object_id': 'instance-0433a57e-4192-42f4-a52b-d3b8d058810e', 'relation': 'pointing at', 'source_object_name': 'rabbit', 'target_object_name': 'tree', 'session_id': 'c8a11a37-2a2a-4691-84d9-7d4c35c7cc61', 'user_id': 'P5'}"
00:37:07,layout.node.moved,"{'nodeId': 'instance-c268e2a5-e7e0-44c4-8c33-ed6db2a7ed0a-resizable', 'newPos': {'x': 386, 'y': 281}, 'session_id': 'c8a11a37-2a2a-4691-84d9-7d4c35c7cc61', 'user_id': 'P5'}"
00:37:08,layout.node.moved,"{'nodeId': 'instance-c268e2a5-e7e0-44c4-8c33-ed6db2a7ed0a-resizable', 'newPos': {'x': 404, 'y': 281}, 'session_id': 'c8a11a37-2a2a-4691-84d9-7d4c35c7cc61', 'user_id': 'P5'}"
00:37:08,layout.node.moved,"{'nodeId': 'instance-22c981cd-8c2b-408d-bda2-1c9405ff58ea-resizable', 'newPos': {'x': 292, 'y': 241}, 'session_id': 'c8a11a37-2a2a-4691-84d9-7d4c35c7cc61', 'user_id': 'P5'}"
00:37:10,layout.node.moved,"{'nodeId': 'instance-0433a57e-4192-42f4-a52b-d3b8d058810e-resizable', 'newPos': {'x': 180, 'y': 55}, 'session_id': 'c8a11a37-2a2a-4691-84d9-7d4c35c7cc61', 'user_id': 'P5'}"
00:37:12,layout.node.moved,"{'nodeId': 'instance-96f7195a-d962-4b96-a6b4-4fbab5eff06c-resizable', 'newPos': {'x': 201, 'y': 31}, 'session_id': 'c8a11a37-2a2a-4691-84d9-7d4c35c7cc61', 'user_id': 'P5'}"
00:37:13,layout.node.moved,"{'nodeId': 'instance-22c981cd-8c2b-408d-bda2-1c9405ff58ea-resizable', 'newPos': {'x': 310, 'y': 36}, 'session_id': 'c8a11a37-2a2a-4691-84d9-7d4c35c7cc61', 'user_id': 'P5'}"
00:37:16,instance_selected,"{'instance_id': 'instance-22c981cd-8c2b-408d-bda2-1c9405ff58ea', 'instance_label': 'rabbit', 'is_from_class': True, 'class_id': 'class-8267a52d-5b60-4f16-abd3-e57662c661e8', 'session_id': 'c8a11a37-2a2a-4691-84d9-7d4c35c7cc61', 'user_id': 'P5'}"
00:37:18,layout.node.moved,"{'nodeId': 'instance-22c981cd-8c2b-408d-bda2-1c9405ff58ea-resizable', 'newPos': {'x': 284, 'y': 5}, 'session_id': 'c8a11a37-2a2a-4691-84d9-7d4c35c7cc61', 'user_id': 'P5'}"
00:37:21,layout.node.moved,"{'nodeId': 'instance-0433a57e-4192-42f4-a52b-d3b8d058810e-resizable', 'newPos': {'x': 198, 'y': 63}, 'session_id': 'c8a11a37-2a2a-4691-84d9-7d4c35c7cc61', 'user_id': 'P5'}"
00:37:23,layout.node.moved,"{'nodeId': 'instance-96f7195a-d962-4b96-a6b4-4fbab5eff06c-resizable', 'newPos': {'x': 196, 'y': 20}, 'session_id': 'c8a11a37-2a2a-4691-84d9-7d4c35c7cc61', 'user_id': 'P5'}"
00:37:24,layout.node.moved,"{'nodeId': 'instance-c268e2a5-e7e0-44c4-8c33-ed6db2a7ed0a-resizable', 'newPos': {'x': 379, 'y': 233}, 'session_id': 'c8a11a37-2a2a-4691-84d9-7d4c35c7cc61', 'user_id': 'P5'}"
00:37:27,layout.node.moved,"{'nodeId': 'instance-b3ff8f32-a1d6-44e2-bc26-cb8607b96358-resizable', 'newPos': {'x': 28.671875, 'y': 194}, 'session_id': 'c8a11a37-2a2a-4691-84d9-7d4c35c7cc61', 'user_id': 'P5'}"
00:37:31,instance.edit.started,"{'instance_id': 'instance-22c981cd-8c2b-408d-bda2-1c9405ff58ea', 'instance_label': 'rabbit', 'edit_type': 'graph', 'session_id': 'c8a11a37-2a2a-4691-84d9-7d4c35c7cc61', 'user_id': 'P5'}"
00:37:34,relationship_node.edited,"{'relationship_id': 'object1-object3', 'source_object_id': 'object1', 'target_object_id': 'object3', 'old_relation': 'pointing at', 'new_relation': 'on the', 'source_object_name': 'rabbit', 'target_object_name': 'tree', 'session_id': 'c8a11a37-2a2a-4691-84d9-7d4c35c7cc61', 'user_id': 'P5'}"
00:37:37,instance.save,"{'instance_id': 'instance-22c981cd-8c2b-408d-bda2-1c9405ff58ea', 'session_id': 'c8a11a37-2a2a-4691-84d9-7d4c35c7cc61', 'user_id': 'P5'}"
00:37:37,api.generate_scene_graph_to_text.started,"{'has_previous': 'A smiling cute yellow rabbit with an animated style in the forest pointing at the tree.', 'objects_count': 4, 'relationships_count': 3, 'session_id': 'c8a11a37-2a2a-4691-84d9-7d4c35c7cc61', 'user_id': 'P5'}"
00:37:39,api.generate_scene_graph_to_text.succeeded,"{'text_length': 78, 'generated_text': 'A smiling cute yellow rabbit with an animated style in the forest on the tree.', 'session_id': 'c8a11a37-2a2a-4691-84d9-7d4c35c7cc61', 'user_id': 'P5'}"
00:37:39,instance.updated,"{'instance_id': 'instance-22c981cd-8c2b-408d-bda2-1c9405ff58ea', 'instance_label': 'rabbit', 'text_changed': False, 'graph_changed': True, 'session_id': 'c8a11a37-2a2a-4691-84d9-7d4c35c7cc61', 'user_id': 'P5'}"
00:37:39,instance_selected,"{'instance_id': 'instance-22c981cd-8c2b-408d-bda2-1c9405ff58ea', 'instance_label': 'rabbit', 'is_from_class': True, 'class_id': 'class-8267a52d-5b60-4f16-abd3-e57662c661e8', 'session_id': 'c8a11a37-2a2a-4691-84d9-7d4c35c7cc61', 'user_id': 'P5'}"
00:37:45,layout.node.moved,"{'nodeId': 'instance-96f7195a-d962-4b96-a6b4-4fbab5eff06c-resizable', 'newPos': {'x': 101, 'y': 20}, 'session_id': 'c8a11a37-2a2a-4691-84d9-7d4c35c7cc61', 'user_id': 'P5'}"
00:37:46,layout.node.moved,"{'nodeId': 'instance-0433a57e-4192-42f4-a52b-d3b8d058810e-resizable', 'newPos': {'x': 197, 'y': 102}, 'session_id': 'c8a11a37-2a2a-4691-84d9-7d4c35c7cc61', 'user_id': 'P5'}"
00:37:48,layout.node.moved,"{'nodeId': 'instance-22c981cd-8c2b-408d-bda2-1c9405ff58ea-resizable', 'newPos': {'x': 334, 'y': 5}, 'session_id': 'c8a11a37-2a2a-4691-84d9-7d4c35c7cc61', 'user_id': 'P5'}"
00:37:49,layout.node.moved,"{'nodeId': 'instance-22c981cd-8c2b-408d-bda2-1c9405ff58ea-resizable', 'newPos': {'x': 373, 'y': 5}, 'session_id': 'c8a11a37-2a2a-4691-84d9-7d4c35c7cc61', 'user_id': 'P5'}"
00:37:52,relationship_node.edited,"{'relationship_id': 'instance-0433a57e-4192-42f4-a52b-d3b8d058810e-instance-22c981cd-8c2b-408d-bda2-1c9405ff58ea', 'source_object_id': 'instance-0433a57e-4192-42f4-a52b-d3b8d058810e', 'target_object_id': 'instance-22c981cd-8c2b-408d-bda2-1c9405ff58ea', 'old_relation': 'related', 'new_relation': 'on the', 'source_object_name': 'tree', 'target_object_name': 'rabbit', 'session_id': 'c8a11a37-2a2a-4691-84d9-7d4c35c7cc61', 'user_id': 'P5'}"
00:37:53,layout.node.moved,"{'nodeId': 'instance-0433a57e-4192-42f4-a52b-d3b8d058810e-resizable', 'newPos': {'x': 198, 'y': 87}, 'session_id': 'c8a11a37-2a2a-4691-84d9-7d4c35c7cc61', 'user_id': 'P5'}"
00:37:55,layout.node.moved,"{'nodeId': 'instance-22c981cd-8c2b-408d-bda2-1c9405ff58ea-resizable', 'newPos': {'x': 284, 'y': 10}, 'session_id': 'c8a11a37-2a2a-4691-84d9-7d4c35c7cc61', 'user_id': 'P5'}"
00:37:56,layout.node.moved,"{'nodeId': 'instance-96f7195a-d962-4b96-a6b4-4fbab5eff06c-resizable', 'newPos': {'x': 133, 'y': 0}, 'session_id': 'c8a11a37-2a2a-4691-84d9-7d4c35c7cc61', 'user_id': 'P5'}"
00:37:58,instance_selected,"{'instance_id': 'instance-0433a57e-4192-42f4-a52b-d3b8d058810e', 'instance_label': 'tree', 'is_from_class': False, 'class_id': None, 'session_id': 'c8a11a37-2a2a-4691-84d9-7d4c35c7cc61', 'user_id': 'P5'}"
00:38:05,layout.node.moved,"{'nodeId': 'instance-96f7195a-d962-4b96-a6b4-4fbab5eff06c-resizable', 'newPos': {'x': 190, 'y': 18}, 'session_id': 'c8a11a37-2a2a-4691-84d9-7d4c35c7cc61', 'user_id': 'P5'}"
00:38:06,layout.node.moved,"{'nodeId': 'instance-c268e2a5-e7e0-44c4-8c33-ed6db2a7ed0a-resizable', 'newPos': {'x': 383, 'y': 249}, 'session_id': 'c8a11a37-2a2a-4691-84d9-7d4c35c7cc61', 'user_id': 'P5'}"
00:38:08,layout.node.moved,"{'nodeId': 'instance-c268e2a5-e7e0-44c4-8c33-ed6db2a7ed0a-resizable', 'newPos': {'x': 383, 'y': 258}, 'session_id': 'c8a11a37-2a2a-4691-84d9-7d4c35c7cc61', 'user_id': 'P5'}"
00:38:19,instance_selected,"{'instance_id': 'instance-b3ff8f32-a1d6-44e2-bc26-cb8607b96358', 'instance_label': 'rabbit', 'is_from_class': True, 'class_id': 'class-8267a52d-5b60-4f16-abd3-e57662c661e8', 'session_id': 'c8a11a37-2a2a-4691-84d9-7d4c35c7cc61', 'user_id': 'P5'}"
00:38:26,api.generate_image.started,"{'sentence_count': 5, 'box_count': 5, 'has_global_caption': False, 'has_required_keywords': False, 'session_id': 'c8a11a37-2a2a-4691-84d9-7d4c35c7cc61', 'user_id': 'P5'}"
00:38:54,prompt_saved,{'path': 'output/P5/2025-08-30_00-38-54/prompt.json'}
00:38:54,object_detection_integrated,"{'objectsCount': 0, 'objects': [], 'session_id': 'c8a11a37-2a2a-4691-84d9-7d4c35c7cc61', 'user_id': 'P5'}"
00:38:54,api.generate_image.succeeded,"{'global_caption': 'a scene featuring a smiling cute yellow rabbit with an animated style in the forest on a tree, a running smiling cute black rabbit with an animated character style looking at a tree in the forest while the rabbit looks at a balloon, a cute smiling white rabbit wearing a torn, muddy, and dirty blue jacket in the forest with an animated character while looking at a balloon, a big tree on the rabbit with a tree on the balloon, and a red balloon on the tree', 'region_count': 5, 'has_image': True, 'detected_objects_count': 0, 'image_path': 'output/P5/2025-08-30_00-38-54/image.png', 'image_with_layout_path': 'output/P5/2025-08-30_00-38-54/image_with_layout.png', 'timestamp_dir': 'output/P5/2025-08-30_00-38-54', 'session_id': 'c8a11a37-2a2a-4691-84d9-7d4c35c7cc61', 'user_id': 'P5'}"
00:39:11,layout.node.moved,"{'nodeId': 'instance-22c981cd-8c2b-408d-bda2-1c9405ff58ea', 'newPos': {'x': 306, 'y': 9}, 'session_id': 'c8a11a37-2a2a-4691-84d9-7d4c35c7cc61', 'user_id': 'P5'}"
00:39:16,layout.node.moved,"{'nodeId': 'instance-22c981cd-8c2b-408d-bda2-1c9405ff58ea-resizable', 'newPos': {'x': 267, 'y': 3}, 'session_id': 'c8a11a37-2a2a-4691-84d9-7d4c35c7cc61', 'user_id': 'P5'}"
00:39:20,layout.node.moved,"{'nodeId': 'instance-96f7195a-d962-4b96-a6b4-4fbab5eff06c-resizable', 'newPos': {'x': 197, 'y': 101}, 'session_id': 'c8a11a37-2a2a-4691-84d9-7d4c35c7cc61', 'user_id': 'P5'}"
00:39:24,api.generate_image.started,"{'sentence_count': 5, 'box_count': 5, 'has_global_caption': True, 'has_required_keywords': False, 'session_id': 'c8a11a37-2a2a-4691-84d9-7d4c35c7cc61', 'user_id': 'P5'}"
00:39:49,prompt_saved,{'path': 'output/P5/2025-08-30_00-39-49/prompt.json'}
00:39:50,object_detection_integrated,"{'objectsCount': 0, 'objects': [], 'session_id': 'c8a11a37-2a2a-4691-84d9-7d4c35c7cc61', 'user_id': 'P5'}"
00:39:50,api.generate_image.succeeded,"{'global_caption': 'a scene featuring a smiling cute yellow rabbit with an animated style in the forest on a tree, a running smiling cute black rabbit with an animated character style looking at a tree in the forest while the rabbit looks at a balloon, a cute smiling white rabbit wearing a torn, muddy, and dirty blue jacket in the forest with an animated character while looking at a balloon, a big tree on the rabbit with a tree on the balloon, and a red balloon on the tree', 'region_count': 5, 'has_image': True, 'detected_objects_count': 0, 'image_path': 'output/P5/2025-08-30_00-39-49/image.png', 'image_with_layout_path': 'output/P5/2025-08-30_00-39-49/image_with_layout.png', 'timestamp_dir': 'output/P5/2025-08-30_00-39-49', 'session_id': 'c8a11a37-2a2a-4691-84d9-7d4c35c7cc61', 'user_id': 'P5'}"
00:40:05,layout.node.moved,"{'nodeId': 'instance-96f7195a-d962-4b96-a6b4-4fbab5eff06c-resizable', 'newPos': {'x': 173, 'y': 80}, 'session_id': 'c8a11a37-2a2a-4691-84d9-7d4c35c7cc61', 'user_id': 'P5'}"
00:40:07,instance_selected,"{'instance_id': 'instance-c268e2a5-e7e0-44c4-8c33-ed6db2a7ed0a', 'instance_label': 'rabbit', 'is_from_class': True, 'class_id': 'class-8267a52d-5b60-4f16-abd3-e57662c661e8', 'session_id': 'c8a11a37-2a2a-4691-84d9-7d4c35c7cc61', 'user_id': 'P5'}"
00:40:08,instance_selected,"{'instance_id': 'instance-0433a57e-4192-42f4-a52b-d3b8d058810e', 'instance_label': 'tree', 'is_from_class': False, 'class_id': None, 'session_id': 'c8a11a37-2a2a-4691-84d9-7d4c35c7cc61', 'user_id': 'P5'}"
00:40:09,instance_selected,"{'instance_id': 'instance-96f7195a-d962-4b96-a6b4-4fbab5eff06c', 'instance_label': 'balloon', 'is_from_class': False, 'class_id': None, 'session_id': 'c8a11a37-2a2a-4691-84d9-7d4c35c7cc61', 'user_id': 'P5'}"
00:40:14,instance.edit.started,"{'instance_id': 'instance-96f7195a-d962-4b96-a6b4-4fbab5eff06c', 'instance_label': 'balloon', 'edit_type': 'graph', 'session_id': 'c8a11a37-2a2a-4691-84d9-7d4c35c7cc61', 'user_id': 'P5'}"
00:40:15,relationship_node.deleted,"{'relationship_id': 'object1-object2', 'source_object_id': 'object1', 'target_object_id': 'object2', 'relation': 'on', 'source_object_name': 'balloon', 'target_object_name': 'tree', 'session_id': 'c8a11a37-2a2a-4691-84d9-7d4c35c7cc61', 'user_id': 'P5'}"
00:40:17,instance.save,"{'instance_id': 'instance-96f7195a-d962-4b96-a6b4-4fbab5eff06c', 'session_id': 'c8a11a37-2a2a-4691-84d9-7d4c35c7cc61', 'user_id': 'P5'}"
00:40:17,api.generate_scene_graph_to_text.started,"{'has_previous': 'a red balloon on the tree', 'objects_count': 1, 'relationships_count': 0, 'session_id': 'c8a11a37-2a2a-4691-84d9-7d4c35c7cc61', 'user_id': 'P5'}"
00:40:17,api.generate_scene_graph_to_text.succeeded,"{'text_length': 12, 'generated_text': 'Red balloon.', 'session_id': 'c8a11a37-2a2a-4691-84d9-7d4c35c7cc61', 'user_id': 'P5'}"
00:40:17,instance.updated,"{'instance_id': 'instance-96f7195a-d962-4b96-a6b4-4fbab5eff06c', 'instance_label': 'balloon', 'text_changed': False, 'graph_changed': True, 'session_id': 'c8a11a37-2a2a-4691-84d9-7d4c35c7cc61', 'user_id': 'P5'}"
00:40:17,instance_selected,"{'instance_id': 'instance-96f7195a-d962-4b96-a6b4-4fbab5eff06c', 'instance_label': 'balloon', 'is_from_class': False, 'class_id': None, 'session_id': 'c8a11a37-2a2a-4691-84d9-7d4c35c7cc61', 'user_id': 'P5'}"
00:40:24,instance_selected,"{'instance_id': 'instance-22c981cd-8c2b-408d-bda2-1c9405ff58ea', 'instance_label': 'rabbit', 'is_from_class': True, 'class_id': 'class-8267a52d-5b60-4f16-abd3-e57662c661e8', 'session_id': 'c8a11a37-2a2a-4691-84d9-7d4c35c7cc61', 'user_id': 'P5'}"
00:40:27,instance.edit.started,"{'instance_id': 'instance-22c981cd-8c2b-408d-bda2-1c9405ff58ea', 'instance_label': 'rabbit', 'edit_type': 'graph', 'session_id': 'c8a11a37-2a2a-4691-84d9-7d4c35c7cc61', 'user_id': 'P5'}"
00:40:28,relationship_node.deleted,"{'relationship_id': 'object1-object3', 'source_object_id': 'object1', 'target_object_id': 'object3', 'relation': 'on the', 'source_object_name': 'rabbit', 'target_object_name': 'tree', 'session_id': 'c8a11a37-2a2a-4691-84d9-7d4c35c7cc61', 'user_id': 'P5'}"
00:40:34,instance.save,"{'instance_id': 'instance-22c981cd-8c2b-408d-bda2-1c9405ff58ea', 'session_id': 'c8a11a37-2a2a-4691-84d9-7d4c35c7cc61', 'user_id': 'P5'}"
00:40:34,api.generate_scene_graph_to_text.started,"{'has_previous': 'A smiling cute yellow rabbit with an animated style in the forest on the tree.', 'objects_count': 3, 'relationships_count': 2, 'session_id': 'c8a11a37-2a2a-4691-84d9-7d4c35c7cc61', 'user_id': 'P5'}"
00:40:35,api.generate_scene_graph_to_text.succeeded,"{'text_length': 66, 'generated_text': 'A smiling cute yellow rabbit with an animated style in the forest.', 'session_id': 'c8a11a37-2a2a-4691-84d9-7d4c35c7cc61', 'user_id': 'P5'}"
00:40:35,instance.updated,"{'instance_id': 'instance-22c981cd-8c2b-408d-bda2-1c9405ff58ea', 'instance_label': 'rabbit', 'text_changed': False, 'graph_changed': True, 'session_id': 'c8a11a37-2a2a-4691-84d9-7d4c35c7cc61', 'user_id': 'P5'}"
00:40:35,instance_selected,"{'instance_id': 'instance-22c981cd-8c2b-408d-bda2-1c9405ff58ea', 'instance_label': 'rabbit', 'is_from_class': True, 'class_id': 'class-8267a52d-5b60-4f16-abd3-e57662c661e8', 'session_id': 'c8a11a37-2a2a-4691-84d9-7d4c35c7cc61', 'user_id': 'P5'}"
00:40:42,api.generate_image.started,"{'sentence_count': 5, 'box_count': 5, 'has_global_caption': True, 'has_required_keywords': False, 'session_id': 'c8a11a37-2a2a-4691-84d9-7d4c35c7cc61', 'user_id': 'P5'}"
00:41:08,prompt_saved,{'path': 'output/P5/2025-08-30_00-41-08/prompt.json'}
00:41:08,api.generate_image.succeeded,"{'global_caption': 'a scene featuring a smiling cute yellow rabbit with an animated style in the forest, a running smiling cute black rabbit with an animated character style looking at a tree in the forest while the rabbit looks at a balloon, a cute smiling white rabbit wearing a torn, muddy, and dirty blue jacket in the forest with an animated character while looking at a balloon, a big tree on the rabbit with a tree on the balloon, and a red balloon.', 'region_count': 5, 'has_image': True, 'detected_objects_count': 0, 'image_path': 'output/P5/2025-08-30_00-41-08/image.png', 'image_with_layout_path': 'output/P5/2025-08-30_00-41-08/image_with_layout.png', 'timestamp_dir': 'output/P5/2025-08-30_00-41-08', 'session_id': 'c8a11a37-2a2a-4691-84d9-7d4c35c7cc61', 'user_id': 'P5'}"
00:41:08,object_detection_integrated,"{'objectsCount': 0, 'objects': [], 'session_id': 'c8a11a37-2a2a-4691-84d9-7d4c35c7cc61', 'user_id': 'P5'}"
00:41:25,layout.node.moved,"{'nodeId': 'instance-96f7195a-d962-4b96-a6b4-4fbab5eff06c-resizable', 'newPos': {'x': 192, 'y': 91}, 'session_id': 'c8a11a37-2a2a-4691-84d9-7d4c35c7cc61', 'user_id': 'P5'}"
00:41:44,layout.node.moved,"{'nodeId': 'instance-0433a57e-4192-42f4-a52b-d3b8d058810e-resizable', 'newPos': {'x': 219, 'y': 121}, 'session_id': 'c8a11a37-2a2a-4691-84d9-7d4c35c7cc61', 'user_id': 'P5'}"
00:41:46,layout.node.moved,"{'nodeId': 'instance-0433a57e-4192-42f4-a52b-d3b8d058810e-resizable', 'newPos': {'x': 217, 'y': 168}, 'session_id': 'c8a11a37-2a2a-4691-84d9-7d4c35c7cc61', 'user_id': 'P5'}"
00:41:48,layout.node.moved,"{'nodeId': 'instance-22c981cd-8c2b-408d-bda2-1c9405ff58ea-resizable', 'newPos': {'x': 392, 'y': 2}, 'session_id': 'c8a11a37-2a2a-4691-84d9-7d4c35c7cc61', 'user_id': 'P5'}"
00:41:49,relationship_node.deleted,"{'relationship_id': 'instance-0433a57e-4192-42f4-a52b-d3b8d058810e-instance-22c981cd-8c2b-408d-bda2-1c9405ff58ea', 'source_object_id': 'instance-0433a57e-4192-42f4-a52b-d3b8d058810e', 'target_object_id': 'instance-22c981cd-8c2b-408d-bda2-1c9405ff58ea', 'relation': 'on the', 'source_object_name': 'tree', 'target_object_name': 'rabbit', 'session_id': 'c8a11a37-2a2a-4691-84d9-7d4c35c7cc61', 'user_id': 'P5'}"
00:41:51,relationship_node.deleted,"{'relationship_id': 'instance-0433a57e-4192-42f4-a52b-d3b8d058810e-instance-96f7195a-d962-4b96-a6b4-4fbab5eff06c', 'source_object_id': 'instance-0433a57e-4192-42f4-a52b-d3b8d058810e', 'target_object_id': 'instance-96f7195a-d962-4b96-a6b4-4fbab5eff06c', 'relation': 'on the', 'source_object_name': 'tree', 'target_object_name': 'balloon', 'session_id': 'c8a11a37-2a2a-4691-84d9-7d4c35c7cc61', 'user_id': 'P5'}"
00:41:52,layout.node.moved,"{'nodeId': 'instance-96f7195a-d962-4b96-a6b4-4fbab5eff06c-resizable', 'newPos': {'x': 79, 'y': 39}, 'session_id': 'c8a11a37-2a2a-4691-84d9-7d4c35c7cc61', 'user_id': 'P5'}"
00:41:53,relationship_node.deleted,"{'relationship_id': 'instance-b3ff8f32-a1d6-44e2-bc26-cb8607b96358-instance-96f7195a-d962-4b96-a6b4-4fbab5eff06c', 'source_object_id': 'instance-b3ff8f32-a1d6-44e2-bc26-cb8607b96358', 'target_object_id': 'instance-96f7195a-d962-4b96-a6b4-4fbab5eff06c', 'relation': 'looking at', 'source_object_name': 'rabbit', 'target_object_name': 'balloon', 'session_id': 'c8a11a37-2a2a-4691-84d9-7d4c35c7cc61', 'user_id': 'P5'}"
00:41:54,layout.node.moved,"{'nodeId': 'instance-96f7195a-d962-4b96-a6b4-4fbab5eff06c-resizable', 'newPos': {'x': 92, 'y': 262}, 'session_id': 'c8a11a37-2a2a-4691-84d9-7d4c35c7cc61', 'user_id': 'P5'}"
00:41:56,layout.node.moved,"{'nodeId': 'instance-0433a57e-4192-42f4-a52b-d3b8d058810e-resizable', 'newPos': {'x': 142, 'y': 23}, 'session_id': 'c8a11a37-2a2a-4691-84d9-7d4c35c7cc61', 'user_id': 'P5'}"
00:41:58,layout.node.moved,"{'nodeId': 'instance-c268e2a5-e7e0-44c4-8c33-ed6db2a7ed0a', 'newPos': {'x': 392, 'y': 243}, 'session_id': 'c8a11a37-2a2a-4691-84d9-7d4c35c7cc61', 'user_id': 'P5'}"
00:41:59,relationship_node.deleted,"{'relationship_id': 'instance-c268e2a5-e7e0-44c4-8c33-ed6db2a7ed0a-instance-96f7195a-d962-4b96-a6b4-4fbab5eff06c', 'source_object_id': 'instance-c268e2a5-e7e0-44c4-8c33-ed6db2a7ed0a', 'target_object_id': 'instance-96f7195a-d962-4b96-a6b4-4fbab5eff06c', 'relation': 'looking at', 'source_object_name': 'rabbit', 'target_object_name': 'balloon', 'session_id': 'c8a11a37-2a2a-4691-84d9-7d4c35c7cc61', 'user_id': 'P5'}"
00:42:00,layout.node.moved,"{'nodeId': 'instance-0433a57e-4192-42f4-a52b-d3b8d058810e-resizable', 'newPos': {'x': 221, 'y': 7}, 'session_id': 'c8a11a37-2a2a-4691-84d9-7d4c35c7cc61', 'user_id': 'P5'}"
00:42:00,layout.node.moved,"{'nodeId': 'instance-0433a57e-4192-42f4-a52b-d3b8d058810e-resizable', 'newPos': {'x': 218, 'y': 34}, 'session_id': 'c8a11a37-2a2a-4691-84d9-7d4c35c7cc61', 'user_id': 'P5'}"
00:42:01,layout.node.moved,"{'nodeId': 'instance-0433a57e-4192-42f4-a52b-d3b8d058810e-resizable', 'newPos': {'x': 214, 'y': 58}, 'session_id': 'c8a11a37-2a2a-4691-84d9-7d4c35c7cc61', 'user_id': 'P5'}"
00:42:03,layout.node.moved,"{'nodeId': 'instance-0433a57e-4192-42f4-a52b-d3b8d058810e-resizable', 'newPos': {'x': 198, 'y': 127}, 'session_id': 'c8a11a37-2a2a-4691-84d9-7d4c35c7cc61', 'user_id': 'P5'}"
00:42:07,instance.deleted,"{'instance_id': 'instance-0433a57e-4192-42f4-a52b-d3b8d058810e', 'instance_label': 'tree', 'is_from_class': False, 'class_id': None, 'session_id': 'c8a11a37-2a2a-4691-84d9-7d4c35c7cc61', 'user_id': 'P5'}"
00:42:07,instance_selected,"{'instance_id': 'instance-22c981cd-8c2b-408d-bda2-1c9405ff58ea', 'instance_label': 'rabbit', 'is_from_class': True, 'class_id': 'class-8267a52d-5b60-4f16-abd3-e57662c661e8', 'session_id': 'c8a11a37-2a2a-4691-84d9-7d4c35c7cc61', 'user_id': 'P5'}"
00:42:09,layout.node.moved,"{'nodeId': 'instance-b3ff8f32-a1d6-44e2-bc26-cb8607b96358-resizable', 'newPos': {'x': 21.671875, 'y': 176}, 'session_id': 'c8a11a37-2a2a-4691-84d9-7d4c35c7cc61', 'user_id': 'P5'}"
00:42:10,layout.node.moved,"{'nodeId': 'instance-96f7195a-d962-4b96-a6b4-4fbab5eff06c-resizable', 'newPos': {'x': 169, 'y': 262}, 'session_id': 'c8a11a37-2a2a-4691-84d9-7d4c35c7cc61', 'user_id': 'P5'}"
00:42:10,layout.node.moved,"{'nodeId': 'instance-b3ff8f32-a1d6-44e2-bc26-cb8607b96358-resizable', 'newPos': {'x': 21.671875, 'y': 236}, 'session_id': 'c8a11a37-2a2a-4691-84d9-7d4c35c7cc61', 'user_id': 'P5'}"
00:42:11,layout.node.moved,"{'nodeId': 'instance-b3ff8f32-a1d6-44e2-bc26-cb8607b96358-resizable', 'newPos': {'x': 21.671875, 'y': 138}, 'session_id': 'c8a11a37-2a2a-4691-84d9-7d4c35c7cc61', 'user_id': 'P5'}"
00:42:13,layout.node.moved,"{'nodeId': 'instance-b3ff8f32-a1d6-44e2-bc26-cb8607b96358-resizable', 'newPos': {'x': 21.671875, 'y': 158}, 'session_id': 'c8a11a37-2a2a-4691-84d9-7d4c35c7cc61', 'user_id': 'P5'}"
00:42:20,layout.node.moved,"{'nodeId': 'instance-b3ff8f32-a1d6-44e2-bc26-cb8607b96358-resizable', 'newPos': {'x': 152.671875, 'y': 165}, 'session_id': 'c8a11a37-2a2a-4691-84d9-7d4c35c7cc61', 'user_id': 'P5'}"
00:42:21,layout.node.moved,"{'nodeId': 'instance-96f7195a-d962-4b96-a6b4-4fbab5eff06c-resizable', 'newPos': {'x': 270, 'y': 262}, 'session_id': 'c8a11a37-2a2a-4691-84d9-7d4c35c7cc61', 'user_id': 'P5'}"
00:42:21,layout.node.moved,"{'nodeId': 'instance-b3ff8f32-a1d6-44e2-bc26-cb8607b96358-resizable', 'newPos': {'x': 152.671875, 'y': 142}, 'session_id': 'c8a11a37-2a2a-4691-84d9-7d4c35c7cc61', 'user_id': 'P5'}"
00:42:24,layout.node.moved,"{'nodeId': 'instance-c268e2a5-e7e0-44c4-8c33-ed6db2a7ed0a-resizable', 'newPos': {'x': 357, 'y': 221}, 'session_id': 'c8a11a37-2a2a-4691-84d9-7d4c35c7cc61', 'user_id': 'P5'}"
00:42:28,layout.node.moved,"{'nodeId': 'instance-22c981cd-8c2b-408d-bda2-1c9405ff58ea-resizable', 'newPos': {'x': 15, 'y': 237}, 'session_id': 'c8a11a37-2a2a-4691-84d9-7d4c35c7cc61', 'user_id': 'P5'}"
00:42:31,class_library_toggle,"{'expanded': True, 'class_count': 1, 'session_id': 'c8a11a37-2a2a-4691-84d9-7d4c35c7cc61', 'user_id': 'P5'}"
00:42:33,class_detail_opened,"{'class_id': 'class-8267a52d-5b60-4f16-abd3-e57662c661e8', 'class_name': 'rabbit Class', 'instance_count': 3, 'session_id': 'c8a11a37-2a2a-4691-84d9-7d4c35c7cc61', 'user_id': 'P5'}"
00:42:35,class.edit.started,"{'class_id': 'class-8267a52d-5b60-4f16-abd3-e57662c661e8', 'class_name': 'rabbit Class', 'placeholder_count': 3, 'object_count': 3, 'session_id': 'c8a11a37-2a2a-4691-84d9-7d4c35c7cc61', 'user_id': 'P5'}"
00:42:37,object_node.edit.started,"{'object_id': 'object1', 'object_name': 'rabbit', 'edit_mode': 'adding', 'is_class_mode': True, 'session_id': 'c8a11a37-2a2a-4691-84d9-7d4c35c7cc61', 'user_id': 'P5'}"
00:42:49,object_node.edit.cancelled,"{'object_id': 'object1', 'object_name': 'rabbit', 'edit_mode': 'adding', 'is_class_mode': True, 'session_id': 'c8a11a37-2a2a-4691-84d9-7d4c35c7cc61', 'user_id': 'P5'}"
00:42:51,class_detail_opened,"{'class_id': 'class-8267a52d-5b60-4f16-abd3-e57662c661e8', 'class_name': 'rabbit Class', 'instance_count': 3, 'session_id': 'c8a11a37-2a2a-4691-84d9-7d4c35c7cc61', 'user_id': 'P5'}"
00:42:53,class.edit.started,"{'class_id': 'class-8267a52d-5b60-4f16-abd3-e57662c661e8', 'class_name': 'rabbit Class', 'placeholder_count': 3, 'object_count': 3, 'session_id': 'c8a11a37-2a2a-4691-84d9-7d4c35c7cc61', 'user_id': 'P5'}"
00:42:54,object_node.edit.started,"{'object_id': 'object1', 'object_name': 'rabbit', 'edit_mode': 'adding', 'is_class_mode': True, 'session_id': 'c8a11a37-2a2a-4691-84d9-7d4c35c7cc61', 'user_id': 'P5'}"
00:42:58,object_node.edit.saved,"{'object_id': 'object1', 'object_name': 'rabbit', 'edit_mode': 'adding', 'new_value': 'attribute dirty', 'is_class_mode': True, 'session_id': 'c8a11a37-2a2a-4691-84d9-7d4c35c7cc61', 'user_id': 'P5'}"
00:42:58,object_node.edit.cancelled,"{'object_id': 'object1', 'object_name': 'rabbit', 'edit_mode': 'adding', 'is_class_mode': True, 'session_id': 'c8a11a37-2a2a-4691-84d9-7d4c35c7cc61', 'user_id': 'P5'}"
00:42:59,class.updated,"{'class_id': 'class-8267a52d-5b60-4f16-abd3-e57662c661e8', 'class_name': 'rabbit Class', 'placeholder_count': 3, 'object_count': 3, 'session_id': 'c8a11a37-2a2a-4691-84d9-7d4c35c7cc61', 'user_id': 'P5'}"
00:42:59,api.generate_scene_graph_to_text.started,"{'has_previous': 'A smiling cute yellow rabbit with an animated style in the forest.', 'objects_count': 3, 'relationships_count': 2, 'session_id': 'c8a11a37-2a2a-4691-84d9-7d4c35c7cc61', 'user_id': 'P5'}"
00:42:59,api.generate_scene_graph_to_text.started,"{'has_previous': 'A running smiling cute black rabbit with an animated character style looking at the tree in the forest.', 'objects_count': 3, 'relationships_count': 2, 'session_id': 'c8a11a37-2a2a-4691-84d9-7d4c35c7cc61', 'user_id': 'P5'}"
00:42:59,api.generate_scene_graph_to_text.started,"{'has_previous': 'A cute smiling white rabbit wearing a torn, muddy, and dirty blue jacket is in the forest with an animated character.', 'objects_count': 3, 'relationships_count': 2, 'session_id': 'c8a11a37-2a2a-4691-84d9-7d4c35c7cc61', 'user_id': 'P5'}"
00:43:00,api.generate_scene_graph_to_text.succeeded,"{'text_length': 83, 'generated_text': 'A running smiling cute black rabbit with an animated character style in the forest.', 'session_id': 'c8a11a37-2a2a-4691-84d9-7d4c35c7cc61', 'user_id': 'P5'}"
00:43:00,api.generate_scene_graph_to_text.succeeded,"{'text_length': 66, 'generated_text': 'A smiling cute yellow rabbit with an animated style in the forest.', 'session_id': 'c8a11a37-2a2a-4691-84d9-7d4c35c7cc61', 'user_id': 'P5'}"
00:43:00,api.generate_scene_graph_to_text.succeeded,"{'text_length': 72, 'generated_text': 'A cute smiling white rabbit is in the forest with an animated character.', 'session_id': 'c8a11a37-2a2a-4691-84d9-7d4c35c7cc61', 'user_id': 'P5'}"
00:43:10,class_detail_opened,"{'class_id': 'class-8267a52d-5b60-4f16-abd3-e57662c661e8', 'class_name': 'rabbit Class', 'instance_count': 3, 'session_id': 'c8a11a37-2a2a-4691-84d9-7d4c35c7cc61', 'user_id': 'P5'}"
00:43:12,class.edit.started,"{'class_id': 'class-8267a52d-5b60-4f16-abd3-e57662c661e8', 'class_name': 'rabbit Class', 'placeholder_count': 3, 'object_count': 3, 'session_id': 'c8a11a37-2a2a-4691-84d9-7d4c35c7cc61', 'user_id': 'P5'}"
00:43:15,object_node.edit.started,"{'object_id': 'object1', 'object_name': 'rabbit', 'edit_mode': 'adding', 'is_class_mode': True, 'session_id': 'c8a11a37-2a2a-4691-84d9-7d4c35c7cc61', 'user_id': 'P5'}"
00:43:17,object_node.edit.cancelled,"{'object_id': 'object1', 'object_name': 'rabbit', 'edit_mode': 'adding', 'is_class_mode': True, 'session_id': 'c8a11a37-2a2a-4691-84d9-7d4c35c7cc61', 'user_id': 'P5'}"
00:43:21,class.updated,"{'class_id': 'class-8267a52d-5b60-4f16-abd3-e57662c661e8', 'class_name': 'rabbit Class', 'placeholder_count': 3, 'object_count': 3, 'session_id': 'c8a11a37-2a2a-4691-84d9-7d4c35c7cc61', 'user_id': 'P5'}"
00:43:21,api.generate_scene_graph_to_text.started,"{'has_previous': 'A smiling cute yellow rabbit with an animated style in the forest.', 'objects_count': 3, 'relationships_count': 2, 'session_id': 'c8a11a37-2a2a-4691-84d9-7d4c35c7cc61', 'user_id': 'P5'}"
00:43:21,api.generate_scene_graph_to_text.started,"{'has_previous': 'A cute smiling white rabbit is in the forest with an animated character.', 'objects_count': 3, 'relationships_count': 2, 'session_id': 'c8a11a37-2a2a-4691-84d9-7d4c35c7cc61', 'user_id': 'P5'}"
00:43:21,api.generate_scene_graph_to_text.started,"{'has_previous': 'A running smiling cute black rabbit with an animated character style in the forest.', 'objects_count': 3, 'relationships_count': 2, 'session_id': 'c8a11a37-2a2a-4691-84d9-7d4c35c7cc61', 'user_id': 'P5'}"
00:43:22,api.generate_scene_graph_to_text.succeeded,"{'text_length': 72, 'generated_text': 'A cute smiling white rabbit is in the forest with an animated character.', 'session_id': 'c8a11a37-2a2a-4691-84d9-7d4c35c7cc61', 'user_id': 'P5'}"
00:43:22,api.generate_scene_graph_to_text.succeeded,"{'text_length': 83, 'generated_text': 'A running smiling cute black rabbit with an animated character style in the forest.', 'session_id': 'c8a11a37-2a2a-4691-84d9-7d4c35c7cc61', 'user_id': 'P5'}"
00:43:22,api.generate_scene_graph_to_text.succeeded,"{'text_length': 66, 'generated_text': 'A smiling cute yellow rabbit with an animated style in the forest.', 'session_id': 'c8a11a37-2a2a-4691-84d9-7d4c35c7cc61', 'user_id': 'P5'}"
00:43:30,class.edit.started,"{'class_id': 'class-8267a52d-5b60-4f16-abd3-e57662c661e8', 'class_name': 'rabbit Class', 'placeholder_count': 3, 'object_count': 3, 'session_id': 'c8a11a37-2a2a-4691-84d9-7d4c35c7cc61', 'user_id': 'P5'}"
00:43:33,object_node.edit.started,"{'object_id': 'object1', 'object_name': 'rabbit', 'edit_mode': 'adding', 'is_class_mode': True, 'session_id': 'c8a11a37-2a2a-4691-84d9-7d4c35c7cc61', 'user_id': 'P5'}"
00:43:36,object_node.edit.saved,"{'object_id': 'object1', 'object_name': 'rabbit', 'edit_mode': 'adding', 'new_value': 'attribute dirty', 'is_class_mode': True, 'session_id': 'c8a11a37-2a2a-4691-84d9-7d4c35c7cc61', 'user_id': 'P5'}"
00:43:36,object_node.edit.cancelled,"{'object_id': 'object1', 'object_name': 'rabbit', 'edit_mode': 'adding', 'is_class_mode': True, 'session_id': 'c8a11a37-2a2a-4691-84d9-7d4c35c7cc61', 'user_id': 'P5'}"
00:43:36,class.updated,"{'class_id': 'class-8267a52d-5b60-4f16-abd3-e57662c661e8', 'class_name': 'rabbit Class', 'placeholder_count': 3, 'object_count': 3, 'session_id': 'c8a11a37-2a2a-4691-84d9-7d4c35c7cc61', 'user_id': 'P5'}"
00:43:36,api.generate_scene_graph_to_text.started,"{'has_previous': 'A smiling cute yellow rabbit with an animated style in the forest.', 'objects_count': 3, 'relationships_count': 2, 'session_id': 'c8a11a37-2a2a-4691-84d9-7d4c35c7cc61', 'user_id': 'P5'}"
00:43:36,api.generate_scene_graph_to_text.started,"{'has_previous': 'A running smiling cute black rabbit with an animated character style in the forest.', 'objects_count': 3, 'relationships_count': 2, 'session_id': 'c8a11a37-2a2a-4691-84d9-7d4c35c7cc61', 'user_id': 'P5'}"
00:43:36,api.generate_scene_graph_to_text.started,"{'has_previous': 'A cute smiling white rabbit is in the forest with an animated character.', 'objects_count': 3, 'relationships_count': 2, 'session_id': 'c8a11a37-2a2a-4691-84d9-7d4c35c7cc61', 'user_id': 'P5'}"
00:43:37,api.generate_scene_graph_to_text.succeeded,"{'text_length': 83, 'generated_text': 'A running smiling cute black rabbit with an animated character style in the forest.', 'session_id': 'c8a11a37-2a2a-4691-84d9-7d4c35c7cc61', 'user_id': 'P5'}"
00:43:37,api.generate_scene_graph_to_text.succeeded,"{'text_length': 66, 'generated_text': 'A smiling cute yellow rabbit with an animated style in the forest.', 'session_id': 'c8a11a37-2a2a-4691-84d9-7d4c35c7cc61', 'user_id': 'P5'}"
00:43:37,api.generate_scene_graph_to_text.succeeded,"{'text_length': 72, 'generated_text': 'A cute smiling white rabbit is in the forest with an animated character.', 'session_id': 'c8a11a37-2a2a-4691-84d9-7d4c35c7cc61', 'user_id': 'P5'}"
00:43:46,instance.edit.started,"{'instance_id': 'instance-b3ff8f32-a1d6-44e2-bc26-cb8607b96358', 'instance_label': 'rabbit', 'edit_type': 'text', 'session_id': 'c8a11a37-2a2a-4691-84d9-7d4c35c7cc61', 'user_id': 'P5'}"
00:43:55,instance_selected,"{'instance_id': 'instance-b3ff8f32-a1d6-44e2-bc26-cb8607b96358', 'instance_label': 'rabbit', 'is_from_class': True, 'class_id': 'class-8267a52d-5b60-4f16-abd3-e57662c661e8', 'session_id': 'c8a11a37-2a2a-4691-84d9-7d4c35c7cc61', 'user_id': 'P5'}"
00:44:00,api.generate_text_to_graph.started,"{'has_previous': 'A cute smiling white rabbit is in the forest with an animated character.', 'text_length': 78, 'previous_objects_count': 3, 'session_id': 'c8a11a37-2a2a-4691-84d9-7d4c35c7cc61', 'user_id': 'P5'}"
00:44:00,instance.save,"{'instance_id': 'instance-b3ff8f32-a1d6-44e2-bc26-cb8607b96358', 'session_id': 'c8a11a37-2a2a-4691-84d9-7d4c35c7cc61', 'user_id': 'P5'}"
00:44:05,api.generate_text_to_graph.succeeded,"{'objects_count': 3, 'relationships_count': 2, 'root_object': 'object1', 'session_id': 'c8a11a37-2a2a-4691-84d9-7d4c35c7cc61', 'user_id': 'P5'}"
00:44:05,instance.updated,"{'instance_id': 'instance-b3ff8f32-a1d6-44e2-bc26-cb8607b96358', 'instance_label': 'rabbit', 'text_changed': True, 'graph_changed': False, 'session_id': 'c8a11a37-2a2a-4691-84d9-7d4c35c7cc61', 'user_id': 'P5'}"
00:44:05,instance_selected,"{'instance_id': 'instance-b3ff8f32-a1d6-44e2-bc26-cb8607b96358', 'instance_label': 'rabbit', 'is_from_class': True, 'class_id': 'class-8267a52d-5b60-4f16-abd3-e57662c661e8', 'session_id': 'c8a11a37-2a2a-4691-84d9-7d4c35c7cc61', 'user_id': 'P5'}"
00:44:08,instance.edit.started,"{'instance_id': 'instance-22c981cd-8c2b-408d-bda2-1c9405ff58ea', 'instance_label': 'rabbit', 'edit_type': 'text', 'session_id': 'c8a11a37-2a2a-4691-84d9-7d4c35c7cc61', 'user_id': 'P5'}"
00:44:10,api.generate_text_to_graph.started,"{'has_previous': 'A smiling cute yellow rabbit with an animated style in the forest.', 'text_length': 72, 'previous_objects_count': 3, 'session_id': 'c8a11a37-2a2a-4691-84d9-7d4c35c7cc61', 'user_id': 'P5'}"
00:44:10,instance.save,"{'instance_id': 'instance-22c981cd-8c2b-408d-bda2-1c9405ff58ea', 'session_id': 'c8a11a37-2a2a-4691-84d9-7d4c35c7cc61', 'user_id': 'P5'}"
00:44:15,api.generate_text_to_graph.succeeded,"{'objects_count': 3, 'relationships_count': 2, 'root_object': 'object1', 'session_id': 'c8a11a37-2a2a-4691-84d9-7d4c35c7cc61', 'user_id': 'P5'}"
00:44:15,instance.updated,"{'instance_id': 'instance-22c981cd-8c2b-408d-bda2-1c9405ff58ea', 'instance_label': 'rabbit', 'text_changed': True, 'graph_changed': False, 'session_id': 'c8a11a37-2a2a-4691-84d9-7d4c35c7cc61', 'user_id': 'P5'}"
00:44:15,instance_selected,"{'instance_id': 'instance-b3ff8f32-a1d6-44e2-bc26-cb8607b96358', 'instance_label': 'rabbit', 'is_from_class': True, 'class_id': 'class-8267a52d-5b60-4f16-abd3-e57662c661e8', 'session_id': 'c8a11a37-2a2a-4691-84d9-7d4c35c7cc61', 'user_id': 'P5'}"
00:44:18,instance.edit.started,"{'instance_id': 'instance-c268e2a5-e7e0-44c4-8c33-ed6db2a7ed0a', 'instance_label': 'rabbit', 'edit_type': 'text', 'session_id': 'c8a11a37-2a2a-4691-84d9-7d4c35c7cc61', 'user_id': 'P5'}"
00:44:21,instance.save,"{'instance_id': 'instance-c268e2a5-e7e0-44c4-8c33-ed6db2a7ed0a', 'session_id': 'c8a11a37-2a2a-4691-84d9-7d4c35c7cc61', 'user_id': 'P5'}"
00:44:21,api.generate_text_to_graph.started,"{'has_previous': 'A running smiling cute black rabbit with an animated character style in the forest.', 'text_length': 81, 'previous_objects_count': 3, 'session_id': 'c8a11a37-2a2a-4691-84d9-7d4c35c7cc61', 'user_id': 'P5'}"
00:44:25,api.generate_text_to_graph.succeeded,"{'objects_count': 3, 'relationships_count': 2, 'root_object': 'object1', 'session_id': 'c8a11a37-2a2a-4691-84d9-7d4c35c7cc61', 'user_id': 'P5'}"
00:44:25,instance.updated,"{'instance_id': 'instance-c268e2a5-e7e0-44c4-8c33-ed6db2a7ed0a', 'instance_label': 'rabbit', 'text_changed': True, 'graph_changed': False, 'session_id': 'c8a11a37-2a2a-4691-84d9-7d4c35c7cc61', 'user_id': 'P5'}"
00:44:25,instance_selected,"{'instance_id': 'instance-b3ff8f32-a1d6-44e2-bc26-cb8607b96358', 'instance_label': 'rabbit', 'is_from_class': True, 'class_id': 'class-8267a52d-5b60-4f16-abd3-e57662c661e8', 'session_id': 'c8a11a37-2a2a-4691-84d9-7d4c35c7cc61', 'user_id': 'P5'}"
00:44:28,api.generate_image.started,"{'sentence_count': 4, 'box_count': 4, 'has_global_caption': True, 'has_required_keywords': False, 'session_id': 'c8a11a37-2a2a-4691-84d9-7d4c35c7cc61', 'user_id': 'P5'}"
00:44:53,prompt_saved,{'path': 'output/P5/2025-08-30_00-44-53/prompt.json'}
00:44:54,api.generate_image.succeeded,"{'global_caption': 'a scene featuring a dirty smiling cute yellow rabbit with an animated style in the forest, a dirty smiling cute black rabbit with an animated character style in the forest, a dirty cute smiling white rabbit in the forest with an animated character holding a red balloon, and a red balloon.', 'region_count': 4, 'has_image': True, 'detected_objects_count': 0, 'image_path': 'output/P5/2025-08-30_00-44-53/image.png', 'image_with_layout_path': 'output/P5/2025-08-30_00-44-53/image_with_layout.png', 'timestamp_dir': 'output/P5/2025-08-30_00-44-53', 'session_id': 'c8a11a37-2a2a-4691-84d9-7d4c35c7cc61', 'user_id': 'P5'}"
00:44:55,object_detection_integrated,"{'objectsCount': 0, 'objects': [], 'session_id': 'c8a11a37-2a2a-4691-84d9-7d4c35c7cc61', 'user_id': 'P5'}"
00:45:14,instance.edit.started,"{'instance_id': 'instance-b3ff8f32-a1d6-44e2-bc26-cb8607b96358', 'instance_label': 'rabbit', 'edit_type': 'text', 'session_id': 'c8a11a37-2a2a-4691-84d9-7d4c35c7cc61', 'user_id': 'P5'}"
00:45:25,instance.save,"{'instance_id': 'instance-b3ff8f32-a1d6-44e2-bc26-cb8607b96358', 'session_id': 'c8a11a37-2a2a-4691-84d9-7d4c35c7cc61', 'user_id': 'P5'}"
00:45:25,api.generate_text_to_graph.started,"{'has_previous': 'A dirty cute smiling white rabbit is in the forest with an animated character.', 'text_length': 98, 'previous_objects_count': 3, 'session_id': 'c8a11a37-2a2a-4691-84d9-7d4c35c7cc61', 'user_id': 'P5'}"
00:45:29,api.generate_text_to_graph.succeeded,"{'objects_count': 4, 'relationships_count': 3, 'root_object': 'object1', 'session_id': 'c8a11a37-2a2a-4691-84d9-7d4c35c7cc61', 'user_id': 'P5'}"
00:45:29,instance.updated,"{'instance_id': 'instance-b3ff8f32-a1d6-44e2-bc26-cb8607b96358', 'instance_label': 'rabbit', 'text_changed': True, 'graph_changed': False, 'session_id': 'c8a11a37-2a2a-4691-84d9-7d4c35c7cc61', 'user_id': 'P5'}"
00:45:29,instance_selected,"{'instance_id': 'instance-b3ff8f32-a1d6-44e2-bc26-cb8607b96358', 'instance_label': 'rabbit', 'is_from_class': True, 'class_id': 'class-8267a52d-5b60-4f16-abd3-e57662c661e8', 'session_id': 'c8a11a37-2a2a-4691-84d9-7d4c35c7cc61', 'user_id': 'P5'}"
00:45:34,instance.edit.started,"{'instance_id': 'instance-b3ff8f32-a1d6-44e2-bc26-cb8607b96358', 'instance_label': 'rabbit', 'edit_type': 'graph', 'session_id': 'c8a11a37-2a2a-4691-84d9-7d4c35c7cc61', 'user_id': 'P5'}"
00:45:36,object_node.edit.started,"{'object_id': 'object3', 'object_name': 'jacket', 'edit_mode': 'adding', 'is_class_mode': False, 'parent_instance_id': 'instance-b3ff8f32-a1d6-44e2-bc26-cb8607b96358', 'session_id': 'c8a11a37-2a2a-4691-84d9-7d4c35c7cc61', 'user_id': 'P5'}"
00:45:38,object_node.edit.saved,"{'object_id': 'object3', 'object_name': 'jacket', 'edit_mode': 'adding', 'new_value': 'muddy', 'is_class_mode': False, 'parent_instance_id': 'instance-b3ff8f32-a1d6-44e2-bc26-cb8607b96358', 'session_id': 'c8a11a37-2a2a-4691-84d9-7d4c35c7cc61', 'user_id': 'P5'}"
00:45:38,object_node.edit.cancelled,"{'object_id': 'object3', 'object_name': 'jacket', 'edit_mode': 'adding', 'is_class_mode': False, 'session_id': 'c8a11a37-2a2a-4691-84d9-7d4c35c7cc61', 'user_id': 'P5'}"
00:45:39,object_node.edit.started,"{'object_id': 'object3', 'object_name': 'jacket', 'edit_mode': 'adding', 'is_class_mode': False, 'parent_instance_id': 'instance-b3ff8f32-a1d6-44e2-bc26-cb8607b96358', 'session_id': 'c8a11a37-2a2a-4691-84d9-7d4c35c7cc61', 'user_id': 'P5'}"
00:45:39,object_node.edit.saved,"{'object_id': 'object3', 'object_name': 'jacket', 'edit_mode': 'adding', 'new_value': 'torn', 'is_class_mode': False, 'parent_instance_id': 'instance-b3ff8f32-a1d6-44e2-bc26-cb8607b96358', 'session_id': 'c8a11a37-2a2a-4691-84d9-7d4c35c7cc61', 'user_id': 'P5'}"
00:45:39,object_node.edit.cancelled,"{'object_id': 'object3', 'object_name': 'jacket', 'edit_mode': 'adding', 'is_class_mode': False, 'session_id': 'c8a11a37-2a2a-4691-84d9-7d4c35c7cc61', 'user_id': 'P5'}"
00:45:41,object_node.edit.started,"{'object_id': 'object3', 'object_name': 'jacket', 'edit_mode': 'adding', 'is_class_mode': False, 'parent_instance_id': 'instance-b3ff8f32-a1d6-44e2-bc26-cb8607b96358', 'session_id': 'c8a11a37-2a2a-4691-84d9-7d4c35c7cc61', 'user_id': 'P5'}"
00:45:41,object_node.edit.cancelled,"{'object_id': 'object3', 'object_name': 'jacket', 'edit_mode': 'adding', 'is_class_mode': False, 'session_id': 'c8a11a37-2a2a-4691-84d9-7d4c35c7cc61', 'user_id': 'P5'}"
00:45:41,object_node.edit.saved,"{'object_id': 'object3', 'object_name': 'jacket', 'edit_mode': 'adding', 'new_value': 'dirty', 'is_class_mode': False, 'parent_instance_id': 'instance-b3ff8f32-a1d6-44e2-bc26-cb8607b96358', 'session_id': 'c8a11a37-2a2a-4691-84d9-7d4c35c7cc61', 'user_id': 'P5'}"
00:45:44,instance.save,"{'instance_id': 'instance-b3ff8f32-a1d6-44e2-bc26-cb8607b96358', 'session_id': 'c8a11a37-2a2a-4691-84d9-7d4c35c7cc61', 'user_id': 'P5'}"
00:45:44,api.generate_scene_graph_to_text.started,"{'has_previous': 'A dirty cute smiling white rabbit wearing blue jacket is in the forest with an animated character.', 'objects_count': 4, 'relationships_count': 3, 'session_id': 'c8a11a37-2a2a-4691-84d9-7d4c35c7cc61', 'user_id': 'P5'}"
00:45:45,api.generate_scene_graph_to_text.succeeded,"{'text_length': 112, 'generated_text': 'A dirty cute smiling white rabbit wearing a muddy, torn blue jacket is in the forest with an animate', 'session_id': 'c8a11a37-2a2a-4691-84d9-7d4c35c7cc61', 'user_id': 'P5'}"
00:45:45,instance.updated,"{'instance_id': 'instance-b3ff8f32-a1d6-44e2-bc26-cb8607b96358', 'instance_label': 'rabbit', 'text_changed': False, 'graph_changed': True, 'session_id': 'c8a11a37-2a2a-4691-84d9-7d4c35c7cc61', 'user_id': 'P5'}"
00:45:45,instance_selected,"{'instance_id': 'instance-b3ff8f32-a1d6-44e2-bc26-cb8607b96358', 'instance_label': 'rabbit', 'is_from_class': True, 'class_id': 'class-8267a52d-5b60-4f16-abd3-e57662c661e8', 'session_id': 'c8a11a37-2a2a-4691-84d9-7d4c35c7cc61', 'user_id': 'P5'}"
00:45:47,api.generate_image.started,"{'sentence_count': 4, 'box_count': 4, 'has_global_caption': True, 'has_required_keywords': False, 'session_id': 'c8a11a37-2a2a-4691-84d9-7d4c35c7cc61', 'user_id': 'P5'}"
00:46:10,prompt_saved,{'path': 'output/P5/2025-08-30_00-46-10/prompt.json'}
00:46:11,api.generate_image.succeeded,"{'global_caption': 'a scene featuring a dirty smiling cute yellow rabbit with an animated style in the forest, a dirty smiling cute black rabbit with an animated character style in the forest, a dirty cute smiling white rabbit wearing a muddy, torn blue jacket in the forest with an animated character, holding a red balloon, and a red balloon.', 'region_count': 4, 'has_image': True, 'detected_objects_count': 0, 'image_path': 'output/P5/2025-08-30_00-46-10/image.png', 'image_with_layout_path': 'output/P5/2025-08-30_00-46-10/image_with_layout.png', 'timestamp_dir': 'output/P5/2025-08-30_00-46-10', 'session_id': 'c8a11a37-2a2a-4691-84d9-7d4c35c7cc61', 'user_id': 'P5'}"
00:46:11,object_detection_integrated,"{'objectsCount': 0, 'objects': [], 'session_id': 'c8a11a37-2a2a-4691-84d9-7d4c35c7cc61', 'user_id': 'P5'}"
00:46:23,system_completed,"{'system': 'system2', 'completion_time': '2025-08-30T00:46:23.228Z', 'session_id': 'c8a11a37-2a2a-4691-84d9-7d4c35c7cc61', 'user_id': 'P5'}"
00:47:01,system_survey_completed,"{'system_type': 'system2', 'language': 'ko', 'responses': {'mental_demand': 1, 'temporal_demand': 1, 'performance': 6, 'effort': 2, 'frustration': 1, 'exploration': 7, 'engagement': 7, 'effort_reward': 7, 'transparency': 4, 'expressiveness': 7, 'dg1_clarity': 7, 'dg2_prompt_to_image': 7, 'dg2_image_to_prompt': 7, 'dg3_reusability': 7, 'dg3_selective_edit': 7}, 'additional_feedback': '', 'completion_time': '2025-08-30T00:47:01.569Z', 'system_usage_duration': 2813110, 'session_id': 'c8a11a37-2a2a-4691-84d9-7d4c35c7cc61', 'user_id': 'P5'}"
