system,n,mean,std,sem,ci95
system1,12,4.833333333333333,1.2673044646258473,0.3658392868984738,0.7170450023210087
system2,12,5.416666666666667,1.2401124093721454,0.35798961668820173,0.7016596487088754
