label,count,mean,std,median,p25,p75,min,max,sum
Edit-Baseline,88.0,62.90909090909091,72.29579030424786,36.0,17.75,80.5,4.0,450.0,5536.0
Edit-OOPT,139.0,28.762589928057555,35.40747950416506,14.0,7.0,35.0,2.0,207.0,3998.0
Init-Baseline,55.0,67.4,52.23011760646519,53.0,27.0,101.5,1.0,196.0,3707.0
Init-OOPT,34.0,77.8529411764706,55.952973952397265,72.0,33.0,108.5,3.0,215.0,2647.0
