participant,system,image_path,question,gt_answer,model_answer,is_correct,category,target_image_id,rating,note
P1,system1,./output/P1/2025-08-24_11-33-19/image.png,Is the man wearing a white shirt?,yes,yes,True,attribute,target2,6.0,
P1,system1,./output/P1/2025-08-24_11-33-19/image.png,Is he wearing beige trousers?,yes,yes,True,attribute,target2,6.0,
P1,system1,./output/P1/2025-08-24_11-33-19/image.png,Is he wearing black shoes?,yes,no,False,attribute,target2,6.0,
P1,system1,./output/P1/2025-08-24_11-33-19/image.png,Is he wearing sunglasses?,yes,yes,True,attribute,target2,6.0,
P1,system1,./output/P1/2025-08-24_11-33-19/image.png,Is he holding a map?,yes,yes,True,relation,target2,6.0,
P1,system1,./output/P1/2025-08-24_11-33-19/image.png,Is the woman wearing a floral-patterned T-shirt?,yes,no,False,attribute,target2,6.0,
P1,system1,./output/P1/2025-08-24_11-33-19/image.png,Is she wearing denim shorts?,yes,yes,True,attribute,target2,6.0,
P1,system1,./output/P1/2025-08-24_11-33-19/image.png,Is she wearing sandals?,yes,yes,True,attribute,target2,6.0,
P1,system1,./output/P1/2025-08-24_11-33-19/image.png,Is she carrying a suitcase?,yes,no,False,relation,target2,6.0,
P1,system1,./output/P1/2025-08-24_11-33-19/image.png,Is she carrying a coffee cup?,yes,yes,True,relation,target2,6.0,
P1,system1,./output/P1/2025-08-24_11-33-19/image.png,Is the other man wearing a bright green T-shirt?,yes,yes,True,attribute,target2,6.0,
P1,system1,./output/P1/2025-08-24_11-33-19/image.png,Is he wearing beige shorts?,yes,yes,True,attribute,target2,6.0,
P1,system1,./output/P1/2025-08-24_11-33-19/image.png,Is he wearing black sandals?,yes,yes,True,attribute,target2,6.0,
P1,system1,./output/P1/2025-08-24_11-33-19/image.png,Is he standing with his hands in his pockets?,yes,yes,True,relation,target2,6.0,
P1,system1,./output/P1/2025-08-24_11-33-19/image.png,Is the other woman wearing a sky-blue dress?,yes,yes,True,attribute,target2,6.0,
P1,system1,./output/P1/2025-08-24_11-33-19/image.png,Is she wearing brown sandals?,yes,yes,True,attribute,target2,6.0,
P1,system1,./output/P1/2025-08-24_11-33-19/image.png,Is she holding a straw hat?,yes,no,False,relation,target2,6.0,
P1,system1,./output/P1/2025-08-24_11-33-19/image.png,Is she holding a small camera to take a photo?,yes,yes,True,relation,target2,6.0,
P1,system1,./output/P1/2025-08-24_11-33-19/image.png,Are there yellow buildings in the background?,yes,yes,True,relation,target2,6.0,
P1,system1,./output/P1/2025-08-24_11-38-32/image.png,Is the man wearing a white shirt?,yes,no,False,attribute,target2,4.0,
P1,system1,./output/P1/2025-08-24_11-38-32/image.png,Is he wearing beige trousers?,yes,yes,True,attribute,target2,4.0,
P1,system1,./output/P1/2025-08-24_11-38-32/image.png,Is he wearing black shoes?,yes,no,False,attribute,target2,4.0,
P1,system1,./output/P1/2025-08-24_11-38-32/image.png,Is he wearing sunglasses?,yes,yes,True,attribute,target2,4.0,
P1,system1,./output/P1/2025-08-24_11-38-32/image.png,Is he holding a map?,yes,yes,True,relation,target2,4.0,
P1,system1,./output/P1/2025-08-24_11-38-32/image.png,Is the woman wearing a floral-patterned T-shirt?,yes,yes,True,attribute,target2,4.0,
P1,system1,./output/P1/2025-08-24_11-38-32/image.png,Is she wearing denim shorts?,yes,no,False,attribute,target2,4.0,
P1,system1,./output/P1/2025-08-24_11-38-32/image.png,Is she wearing sandals?,yes,yes,True,attribute,target2,4.0,
P1,system1,./output/P1/2025-08-24_11-38-32/image.png,Is she carrying a suitcase?,yes,yes,True,relation,target2,4.0,
P1,system1,./output/P1/2025-08-24_11-38-32/image.png,Is she carrying a coffee cup?,yes,yes,True,relation,target2,4.0,
P1,system1,./output/P1/2025-08-24_11-38-32/image.png,Is the other man wearing a bright green T-shirt?,yes,yes,True,attribute,target2,4.0,
P1,system1,./output/P1/2025-08-24_11-38-32/image.png,Is he wearing beige shorts?,yes,yes,True,attribute,target2,4.0,
P1,system1,./output/P1/2025-08-24_11-38-32/image.png,Is he wearing black sandals?,yes,yes,True,attribute,target2,4.0,
P1,system1,./output/P1/2025-08-24_11-38-32/image.png,Is he standing with his hands in his pockets?,yes,no,False,relation,target2,4.0,
P1,system1,./output/P1/2025-08-24_11-38-32/image.png,Is the other woman wearing a sky-blue dress?,yes,yes,True,attribute,target2,4.0,
P1,system1,./output/P1/2025-08-24_11-38-32/image.png,Is she wearing brown sandals?,yes,no,False,attribute,target2,4.0,
P1,system1,./output/P1/2025-08-24_11-38-32/image.png,Is she holding a straw hat?,yes,no,False,relation,target2,4.0,
P1,system1,./output/P1/2025-08-24_11-38-32/image.png,Is she holding a small camera to take a photo?,yes,no,False,relation,target2,4.0,
P1,system1,./output/P1/2025-08-24_11-38-32/image.png,Are there yellow buildings in the background?,yes,yes,True,relation,target2,4.0,
P1,system1,./output/P1/2025-08-24_11-40-43/image.png,Is the man wearing a white shirt?,yes,no,False,attribute,target2,5.0,
P1,system1,./output/P1/2025-08-24_11-40-43/image.png,Is he wearing beige trousers?,yes,yes,True,attribute,target2,5.0,
P1,system1,./output/P1/2025-08-24_11-40-43/image.png,Is he wearing black shoes?,yes,no,False,attribute,target2,5.0,
P1,system1,./output/P1/2025-08-24_11-40-43/image.png,Is he wearing sunglasses?,yes,no,False,attribute,target2,5.0,
P1,system1,./output/P1/2025-08-24_11-40-43/image.png,Is he holding a map?,yes,no,False,relation,target2,5.0,
P1,system1,./output/P1/2025-08-24_11-40-43/image.png,Is the woman wearing a floral-patterned T-shirt?,yes,yes,True,attribute,target2,5.0,
P1,system1,./output/P1/2025-08-24_11-40-43/image.png,Is she wearing denim shorts?,yes,no,False,attribute,target2,5.0,
P1,system1,./output/P1/2025-08-24_11-40-43/image.png,Is she wearing sandals?,yes,yes,True,attribute,target2,5.0,
P1,system1,./output/P1/2025-08-24_11-40-43/image.png,Is she carrying a suitcase?,yes,yes,True,relation,target2,5.0,
P1,system1,./output/P1/2025-08-24_11-40-43/image.png,Is she carrying a coffee cup?,yes,no,False,relation,target2,5.0,
P1,system1,./output/P1/2025-08-24_11-40-43/image.png,Is the other man wearing a bright green T-shirt?,yes,yes,True,attribute,target2,5.0,
P1,system1,./output/P1/2025-08-24_11-40-43/image.png,Is he wearing beige shorts?,yes,yes,True,attribute,target2,5.0,
P1,system1,./output/P1/2025-08-24_11-40-43/image.png,Is he wearing black sandals?,yes,yes,True,attribute,target2,5.0,
P1,system1,./output/P1/2025-08-24_11-40-43/image.png,Is he standing with his hands in his pockets?,yes,yes,True,relation,target2,5.0,
P1,system1,./output/P1/2025-08-24_11-40-43/image.png,Is the other woman wearing a sky-blue dress?,yes,yes,True,attribute,target2,5.0,
P1,system1,./output/P1/2025-08-24_11-40-43/image.png,Is she wearing brown sandals?,yes,yes,True,attribute,target2,5.0,
P1,system1,./output/P1/2025-08-24_11-40-43/image.png,Is she holding a straw hat?,yes,yes,True,relation,target2,5.0,
P1,system1,./output/P1/2025-08-24_11-40-43/image.png,Is she holding a small camera to take a photo?,yes,yes,True,relation,target2,5.0,
P1,system1,./output/P1/2025-08-24_11-40-43/image.png,Are there yellow buildings in the background?,yes,yes,True,relation,target2,5.0,
P1,system2,./output/P1/2025-08-24_11-56-33/image.png,Is the elderly man wearing a black beret hat?,yes,no,False,attribute,target1,3.0,
P1,system2,./output/P1/2025-08-24_11-56-33/image.png,Is the elderly man wearing a light gray cardigan?,yes,yes,True,attribute,target1,3.0,
P1,system2,./output/P1/2025-08-24_11-56-33/image.png,Is the elderly man wearing dark pants?,yes,no,False,attribute,target1,3.0,
P1,system2,./output/P1/2025-08-24_11-56-33/image.png,Is the elderly man wearing black shoes?,yes,yes,True,attribute,target1,3.0,
P1,system2,./output/P1/2025-08-24_11-56-33/image.png,Is the woman wearing a dress with floral pattern?,yes,yes,True,attribute,target1,3.0,
P1,system2,./output/P1/2025-08-24_11-56-33/image.png,Is the woman wearing white shoes?,yes,no,False,attribute,target1,3.0,
P1,system2,./output/P1/2025-08-24_11-56-33/image.png,Is the woman carrying a basket?,yes,yes,True,relation,target1,3.0,
P1,system2,./output/P1/2025-08-24_11-56-33/image.png,Is the man wearing a bright blue polo shirt?,yes,yes,True,attribute,target1,3.0,
P1,system2,./output/P1/2025-08-24_11-56-33/image.png,Is the man wearing beige shorts?,yes,yes,True,attribute,target1,3.0,
P1,system2,./output/P1/2025-08-24_11-56-33/image.png,Is the man wearing black shoes?,yes,yes,True,attribute,target1,3.0,
P1,system2,./output/P1/2025-08-24_11-56-33/image.png,Is the man carrying a straw basket with the woman?,yes,no,False,attribute,target1,3.0,
P1,system2,./output/P1/2025-08-24_11-56-33/image.png,Is the man holding a large tray filled with bottled water?,yes,no,False,relation,target1,3.0,
P1,system2,./output/P1/2025-08-24_11-56-33/image.png,Is the girl wearing a pink sleeveless top?,yes,yes,True,attribute,target1,3.0,
P1,system2,./output/P1/2025-08-24_11-56-33/image.png,Is the girl wearing a white skirt?,yes,yes,True,attribute,target1,3.0,
P1,system2,./output/P1/2025-08-24_11-56-33/image.png,Is the girl wearing pink shoes?,yes,yes,True,attribute,target1,3.0,
P1,system2,./output/P1/2025-08-24_11-56-33/image.png,Is the girl holding a yellow balloon floating above her?,yes,yes,True,relation,target1,3.0,
P1,system2,./output/P1/2025-08-24_11-56-33/image.png,Is the girl carrying a brown teddy bear by its arm?,yes,yes,True,relation,target1,3.0,
P1,system2,./output/P1/2025-08-24_11-56-33/image.png,Are there green trees in the background?,yes,yes,True,relation,target1,3.0,
P1,system2,./output/P1/2025-08-24_11-56-33/image.png,Is there a car in the background?,yes,yes,True,relation,target1,3.0,
P1,system2,./output/P1/2025-08-24_12-02-52/image.png,Is the elderly man wearing a black beret hat?,yes,yes,True,attribute,target1,6.0,
P1,system2,./output/P1/2025-08-24_12-02-52/image.png,Is the elderly man wearing a light gray cardigan?,yes,yes,True,attribute,target1,6.0,
P1,system2,./output/P1/2025-08-24_12-02-52/image.png,Is the elderly man wearing dark pants?,yes,yes,True,attribute,target1,6.0,
P1,system2,./output/P1/2025-08-24_12-02-52/image.png,Is the elderly man wearing black shoes?,yes,yes,True,attribute,target1,6.0,
P1,system2,./output/P1/2025-08-24_12-02-52/image.png,Is the woman wearing a dress with floral pattern?,yes,yes,True,attribute,target1,6.0,
P1,system2,./output/P1/2025-08-24_12-02-52/image.png,Is the woman wearing white shoes?,yes,no,False,attribute,target1,6.0,
P1,system2,./output/P1/2025-08-24_12-02-52/image.png,Is the woman carrying a basket?,yes,yes,True,relation,target1,6.0,
P1,system2,./output/P1/2025-08-24_12-02-52/image.png,Is the man wearing a bright blue polo shirt?,yes,yes,True,attribute,target1,6.0,
P1,system2,./output/P1/2025-08-24_12-02-52/image.png,Is the man wearing beige shorts?,yes,yes,True,attribute,target1,6.0,
P1,system2,./output/P1/2025-08-24_12-02-52/image.png,Is the man wearing black shoes?,yes,no,False,attribute,target1,6.0,
P1,system2,./output/P1/2025-08-24_12-02-52/image.png,Is the man carrying a straw basket with the woman?,yes,no,False,attribute,target1,6.0,
P1,system2,./output/P1/2025-08-24_12-02-52/image.png,Is the man holding a large tray filled with bottled water?,yes,yes,True,relation,target1,6.0,
P1,system2,./output/P1/2025-08-24_12-02-52/image.png,Is the girl wearing a pink sleeveless top?,yes,yes,True,attribute,target1,6.0,
P1,system2,./output/P1/2025-08-24_12-02-52/image.png,Is the girl wearing a white skirt?,yes,yes,True,attribute,target1,6.0,
P1,system2,./output/P1/2025-08-24_12-02-52/image.png,Is the girl wearing pink shoes?,yes,yes,True,attribute,target1,6.0,
P1,system2,./output/P1/2025-08-24_12-02-52/image.png,Is the girl holding a yellow balloon floating above her?,yes,yes,True,relation,target1,6.0,
P1,system2,./output/P1/2025-08-24_12-02-52/image.png,Is the girl carrying a brown teddy bear by its arm?,yes,yes,True,relation,target1,6.0,
P1,system2,./output/P1/2025-08-24_12-02-52/image.png,Are there green trees in the background?,yes,yes,True,relation,target1,6.0,
P1,system2,./output/P1/2025-08-24_12-02-52/image.png,Is there a car in the background?,yes,yes,True,relation,target1,6.0,
P1,system2,./output/P1/2025-08-24_12-04-10/image.png,Is the elderly man wearing a black beret hat?,yes,yes,True,attribute,target1,4.0,
P1,system2,./output/P1/2025-08-24_12-04-10/image.png,Is the elderly man wearing a light gray cardigan?,yes,no,False,attribute,target1,4.0,
P1,system2,./output/P1/2025-08-24_12-04-10/image.png,Is the elderly man wearing dark pants?,yes,yes,True,attribute,target1,4.0,
P1,system2,./output/P1/2025-08-24_12-04-10/image.png,Is the elderly man wearing black shoes?,yes,no,False,attribute,target1,4.0,
P1,system2,./output/P1/2025-08-24_12-04-10/image.png,Is the woman wearing a dress with floral pattern?,yes,yes,True,attribute,target1,4.0,
P1,system2,./output/P1/2025-08-24_12-04-10/image.png,Is the woman wearing white shoes?,yes,no,False,attribute,target1,4.0,
P1,system2,./output/P1/2025-08-24_12-04-10/image.png,Is the woman carrying a basket?,yes,yes,True,relation,target1,4.0,
P1,system2,./output/P1/2025-08-24_12-04-10/image.png,Is the man wearing a bright blue polo shirt?,yes,yes,True,attribute,target1,4.0,
P1,system2,./output/P1/2025-08-24_12-04-10/image.png,Is the man wearing beige shorts?,yes,yes,True,attribute,target1,4.0,
P1,system2,./output/P1/2025-08-24_12-04-10/image.png,Is the man wearing black shoes?,yes,no,False,attribute,target1,4.0,
P1,system2,./output/P1/2025-08-24_12-04-10/image.png,Is the man carrying a straw basket with the woman?,yes,no,False,attribute,target1,4.0,
P1,system2,./output/P1/2025-08-24_12-04-10/image.png,Is the man holding a large tray filled with bottled water?,yes,yes,True,relation,target1,4.0,
P1,system2,./output/P1/2025-08-24_12-04-10/image.png,Is the girl wearing a pink sleeveless top?,yes,yes,True,attribute,target1,4.0,
P1,system2,./output/P1/2025-08-24_12-04-10/image.png,Is the girl wearing a white skirt?,yes,yes,True,attribute,target1,4.0,
P1,system2,./output/P1/2025-08-24_12-04-10/image.png,Is the girl wearing pink shoes?,yes,yes,True,attribute,target1,4.0,
P1,system2,./output/P1/2025-08-24_12-04-10/image.png,Is the girl holding a yellow balloon floating above her?,yes,yes,True,relation,target1,4.0,
P1,system2,./output/P1/2025-08-24_12-04-10/image.png,Is the girl carrying a brown teddy bear by its arm?,yes,yes,True,relation,target1,4.0,
P1,system2,./output/P1/2025-08-24_12-04-10/image.png,Are there green trees in the background?,yes,yes,True,relation,target1,4.0,
P1,system2,./output/P1/2025-08-24_12-04-10/image.png,Is there a car in the background?,yes,yes,True,relation,target1,4.0,
P1,system2,./output/P1/2025-08-24_12-08-34/image.png,Is the elderly man wearing a black beret hat?,yes,yes,True,attribute,target1,4.0,
P1,system2,./output/P1/2025-08-24_12-08-34/image.png,Is the elderly man wearing a light gray cardigan?,yes,yes,True,attribute,target1,4.0,
P1,system2,./output/P1/2025-08-24_12-08-34/image.png,Is the elderly man wearing dark pants?,yes,yes,True,attribute,target1,4.0,
P1,system2,./output/P1/2025-08-24_12-08-34/image.png,Is the elderly man wearing black shoes?,yes,no,False,attribute,target1,4.0,
P1,system2,./output/P1/2025-08-24_12-08-34/image.png,Is the woman wearing a dress with floral pattern?,yes,yes,True,attribute,target1,4.0,
P1,system2,./output/P1/2025-08-24_12-08-34/image.png,Is the woman wearing white shoes?,yes,no,False,attribute,target1,4.0,
P1,system2,./output/P1/2025-08-24_12-08-34/image.png,Is the woman carrying a basket?,yes,yes,True,relation,target1,4.0,
P1,system2,./output/P1/2025-08-24_12-08-34/image.png,Is the man wearing a bright blue polo shirt?,yes,yes,True,attribute,target1,4.0,
P1,system2,./output/P1/2025-08-24_12-08-34/image.png,Is the man wearing beige shorts?,yes,yes,True,attribute,target1,4.0,
P1,system2,./output/P1/2025-08-24_12-08-34/image.png,Is the man wearing black shoes?,yes,no,False,attribute,target1,4.0,
P1,system2,./output/P1/2025-08-24_12-08-34/image.png,Is the man carrying a straw basket with the woman?,yes,yes,True,attribute,target1,4.0,
P1,system2,./output/P1/2025-08-24_12-08-34/image.png,Is the man holding a large tray filled with bottled water?,yes,yes,True,relation,target1,4.0,
P1,system2,./output/P1/2025-08-24_12-08-34/image.png,Is the girl wearing a pink sleeveless top?,yes,yes,True,attribute,target1,4.0,
P1,system2,./output/P1/2025-08-24_12-08-34/image.png,Is the girl wearing a white skirt?,yes,yes,True,attribute,target1,4.0,
P1,system2,./output/P1/2025-08-24_12-08-34/image.png,Is the girl wearing pink shoes?,yes,yes,True,attribute,target1,4.0,
P1,system2,./output/P1/2025-08-24_12-08-34/image.png,Is the girl holding a yellow balloon floating above her?,yes,yes,True,relation,target1,4.0,
P1,system2,./output/P1/2025-08-24_12-08-34/image.png,Is the girl carrying a brown teddy bear by its arm?,yes,yes,True,relation,target1,4.0,
P1,system2,./output/P1/2025-08-24_12-08-34/image.png,Are there green trees in the background?,yes,yes,True,relation,target1,4.0,
P1,system2,./output/P1/2025-08-24_12-08-34/image.png,Is there a car in the background?,yes,yes,True,relation,target1,4.0,
P1,system2,./output/P1/2025-08-24_12-10-24/image.png,Is the elderly man wearing a black beret hat?,yes,yes,True,attribute,target1,4.0,
P1,system2,./output/P1/2025-08-24_12-10-24/image.png,Is the elderly man wearing a light gray cardigan?,yes,yes,True,attribute,target1,4.0,
P1,system2,./output/P1/2025-08-24_12-10-24/image.png,Is the elderly man wearing dark pants?,yes,yes,True,attribute,target1,4.0,
P1,system2,./output/P1/2025-08-24_12-10-24/image.png,Is the elderly man wearing black shoes?,yes,no,False,attribute,target1,4.0,
P1,system2,./output/P1/2025-08-24_12-10-24/image.png,Is the woman wearing a dress with floral pattern?,yes,yes,True,attribute,target1,4.0,
P1,system2,./output/P1/2025-08-24_12-10-24/image.png,Is the woman wearing white shoes?,yes,no,False,attribute,target1,4.0,
P1,system2,./output/P1/2025-08-24_12-10-24/image.png,Is the woman carrying a basket?,yes,yes,True,relation,target1,4.0,
P1,system2,./output/P1/2025-08-24_12-10-24/image.png,Is the man wearing a bright blue polo shirt?,yes,yes,True,attribute,target1,4.0,
P1,system2,./output/P1/2025-08-24_12-10-24/image.png,Is the man wearing beige shorts?,yes,yes,True,attribute,target1,4.0,
P1,system2,./output/P1/2025-08-24_12-10-24/image.png,Is the man wearing black shoes?,yes,no,False,attribute,target1,4.0,
P1,system2,./output/P1/2025-08-24_12-10-24/image.png,Is the man carrying a straw basket with the woman?,yes,yes,True,attribute,target1,4.0,
P1,system2,./output/P1/2025-08-24_12-10-24/image.png,Is the man holding a large tray filled with bottled water?,yes,yes,True,relation,target1,4.0,
P1,system2,./output/P1/2025-08-24_12-10-24/image.png,Is the girl wearing a pink sleeveless top?,yes,yes,True,attribute,target1,4.0,
P1,system2,./output/P1/2025-08-24_12-10-24/image.png,Is the girl wearing a white skirt?,yes,yes,True,attribute,target1,4.0,
P1,system2,./output/P1/2025-08-24_12-10-24/image.png,Is the girl wearing pink shoes?,yes,yes,True,attribute,target1,4.0,
P1,system2,./output/P1/2025-08-24_12-10-24/image.png,Is the girl holding a yellow balloon floating above her?,yes,yes,True,relation,target1,4.0,
P1,system2,./output/P1/2025-08-24_12-10-24/image.png,Is the girl carrying a brown teddy bear by its arm?,yes,yes,True,relation,target1,4.0,
P1,system2,./output/P1/2025-08-24_12-10-24/image.png,Are there green trees in the background?,yes,yes,True,relation,target1,4.0,
P1,system2,./output/P1/2025-08-24_12-10-24/image.png,Is there a car in the background?,yes,yes,True,relation,target1,4.0,
P11,system2,./output/P11/2025-08-23_09-06-01/image.png,Is the man wearing a white shirt?,yes,yes,True,attribute,target2,5.0,
P11,system2,./output/P11/2025-08-23_09-06-01/image.png,Is he wearing beige trousers?,yes,yes,True,attribute,target2,5.0,
P11,system2,./output/P11/2025-08-23_09-06-01/image.png,Is he wearing black shoes?,yes,no,False,attribute,target2,5.0,
P11,system2,./output/P11/2025-08-23_09-06-01/image.png,Is he wearing sunglasses?,yes,yes,True,attribute,target2,5.0,
P11,system2,./output/P11/2025-08-23_09-06-01/image.png,Is he holding a map?,yes,yes,True,relation,target2,5.0,
P11,system2,./output/P11/2025-08-23_09-06-01/image.png,Is the woman wearing a floral-patterned T-shirt?,yes,yes,True,attribute,target2,5.0,
P11,system2,./output/P11/2025-08-23_09-06-01/image.png,Is she wearing denim shorts?,yes,no,False,attribute,target2,5.0,
P11,system2,./output/P11/2025-08-23_09-06-01/image.png,Is she wearing sandals?,yes,yes,True,attribute,target2,5.0,
P11,system2,./output/P11/2025-08-23_09-06-01/image.png,Is she carrying a suitcase?,yes,yes,True,relation,target2,5.0,
P11,system2,./output/P11/2025-08-23_09-06-01/image.png,Is she carrying a coffee cup?,yes,no,False,relation,target2,5.0,
P11,system2,./output/P11/2025-08-23_09-06-01/image.png,Is the other man wearing a bright green T-shirt?,yes,yes,True,attribute,target2,5.0,
P11,system2,./output/P11/2025-08-23_09-06-01/image.png,Is he wearing beige shorts?,yes,yes,True,attribute,target2,5.0,
P11,system2,./output/P11/2025-08-23_09-06-01/image.png,Is he wearing black sandals?,yes,yes,True,attribute,target2,5.0,
P11,system2,./output/P11/2025-08-23_09-06-01/image.png,Is he standing with his hands in his pockets?,yes,yes,True,relation,target2,5.0,
P11,system2,./output/P11/2025-08-23_09-06-01/image.png,Is the other woman wearing a sky-blue dress?,yes,yes,True,attribute,target2,5.0,
P11,system2,./output/P11/2025-08-23_09-06-01/image.png,Is she wearing brown sandals?,yes,no,False,attribute,target2,5.0,
P11,system2,./output/P11/2025-08-23_09-06-01/image.png,Is she holding a straw hat?,yes,yes,True,relation,target2,5.0,
P11,system2,./output/P11/2025-08-23_09-06-01/image.png,Is she holding a small camera to take a photo?,yes,yes,True,relation,target2,5.0,
P11,system2,./output/P11/2025-08-23_09-06-01/image.png,Are there yellow buildings in the background?,yes,no,False,relation,target2,5.0,
P11,system2,./output/P11/2025-08-23_09-10-57/image.png,Is the man wearing a white shirt?,yes,yes,True,attribute,target2,6.0,
P11,system2,./output/P11/2025-08-23_09-10-57/image.png,Is he wearing beige trousers?,yes,yes,True,attribute,target2,6.0,
P11,system2,./output/P11/2025-08-23_09-10-57/image.png,Is he wearing black shoes?,yes,yes,True,attribute,target2,6.0,
P11,system2,./output/P11/2025-08-23_09-10-57/image.png,Is he wearing sunglasses?,yes,yes,True,attribute,target2,6.0,
P11,system2,./output/P11/2025-08-23_09-10-57/image.png,Is he holding a map?,yes,yes,True,relation,target2,6.0,
P11,system2,./output/P11/2025-08-23_09-10-57/image.png,Is the woman wearing a floral-patterned T-shirt?,yes,no,False,attribute,target2,6.0,
P11,system2,./output/P11/2025-08-23_09-10-57/image.png,Is she wearing denim shorts?,yes,no,False,attribute,target2,6.0,
P11,system2,./output/P11/2025-08-23_09-10-57/image.png,Is she wearing sandals?,yes,yes,True,attribute,target2,6.0,
P11,system2,./output/P11/2025-08-23_09-10-57/image.png,Is she carrying a suitcase?,yes,no,False,relation,target2,6.0,
P11,system2,./output/P11/2025-08-23_09-10-57/image.png,Is she carrying a coffee cup?,yes,no,False,relation,target2,6.0,
P11,system2,./output/P11/2025-08-23_09-10-57/image.png,Is the other man wearing a bright green T-shirt?,yes,yes,True,attribute,target2,6.0,
P11,system2,./output/P11/2025-08-23_09-10-57/image.png,Is he wearing beige shorts?,yes,yes,True,attribute,target2,6.0,
P11,system2,./output/P11/2025-08-23_09-10-57/image.png,Is he wearing black sandals?,yes,yes,True,attribute,target2,6.0,
P11,system2,./output/P11/2025-08-23_09-10-57/image.png,Is he standing with his hands in his pockets?,yes,yes,True,relation,target2,6.0,
P11,system2,./output/P11/2025-08-23_09-10-57/image.png,Is the other woman wearing a sky-blue dress?,yes,yes,True,attribute,target2,6.0,
P11,system2,./output/P11/2025-08-23_09-10-57/image.png,Is she wearing brown sandals?,yes,no,False,attribute,target2,6.0,
P11,system2,./output/P11/2025-08-23_09-10-57/image.png,Is she holding a straw hat?,yes,yes,True,relation,target2,6.0,
P11,system2,./output/P11/2025-08-23_09-10-57/image.png,Is she holding a small camera to take a photo?,yes,yes,True,relation,target2,6.0,
P11,system2,./output/P11/2025-08-23_09-10-57/image.png,Are there yellow buildings in the background?,yes,no,False,relation,target2,6.0,
P11,system2,./output/P11/2025-08-23_09-13-36/image.png,Is the man wearing a white shirt?,yes,yes,True,attribute,target2,1.0,
P11,system2,./output/P11/2025-08-23_09-13-36/image.png,Is he wearing beige trousers?,yes,yes,True,attribute,target2,1.0,
P11,system2,./output/P11/2025-08-23_09-13-36/image.png,Is he wearing black shoes?,yes,yes,True,attribute,target2,1.0,
P11,system2,./output/P11/2025-08-23_09-13-36/image.png,Is he wearing sunglasses?,yes,yes,True,attribute,target2,1.0,
P11,system2,./output/P11/2025-08-23_09-13-36/image.png,Is he holding a map?,yes,yes,True,relation,target2,1.0,
P11,system2,./output/P11/2025-08-23_09-13-36/image.png,Is the woman wearing a floral-patterned T-shirt?,yes,no,False,attribute,target2,1.0,
P11,system2,./output/P11/2025-08-23_09-13-36/image.png,Is she wearing denim shorts?,yes,no,False,attribute,target2,1.0,
P11,system2,./output/P11/2025-08-23_09-13-36/image.png,Is she wearing sandals?,yes,yes,True,attribute,target2,1.0,
P11,system2,./output/P11/2025-08-23_09-13-36/image.png,Is she carrying a suitcase?,yes,yes,True,relation,target2,1.0,
P11,system2,./output/P11/2025-08-23_09-13-36/image.png,Is she carrying a coffee cup?,yes,no,False,relation,target2,1.0,
P11,system2,./output/P11/2025-08-23_09-13-36/image.png,Is the other man wearing a bright green T-shirt?,yes,yes,True,attribute,target2,1.0,
P11,system2,./output/P11/2025-08-23_09-13-36/image.png,Is he wearing beige shorts?,yes,yes,True,attribute,target2,1.0,
P11,system2,./output/P11/2025-08-23_09-13-36/image.png,Is he wearing black sandals?,yes,yes,True,attribute,target2,1.0,
P11,system2,./output/P11/2025-08-23_09-13-36/image.png,Is he standing with his hands in his pockets?,yes,yes,True,relation,target2,1.0,
P11,system2,./output/P11/2025-08-23_09-13-36/image.png,Is the other woman wearing a sky-blue dress?,yes,yes,True,attribute,target2,1.0,
P11,system2,./output/P11/2025-08-23_09-13-36/image.png,Is she wearing brown sandals?,yes,no,False,attribute,target2,1.0,
P11,system2,./output/P11/2025-08-23_09-13-36/image.png,Is she holding a straw hat?,yes,no,False,relation,target2,1.0,
P11,system2,./output/P11/2025-08-23_09-13-36/image.png,Is she holding a small camera to take a photo?,yes,yes,True,relation,target2,1.0,
P11,system2,./output/P11/2025-08-23_09-13-36/image.png,Are there yellow buildings in the background?,yes,no,False,relation,target2,1.0,
P11,system2,./output/P11/2025-08-23_09-14-44/image.png,Is the man wearing a white shirt?,yes,yes,True,attribute,target2,1.0,
P11,system2,./output/P11/2025-08-23_09-14-44/image.png,Is he wearing beige trousers?,yes,yes,True,attribute,target2,1.0,
P11,system2,./output/P11/2025-08-23_09-14-44/image.png,Is he wearing black shoes?,yes,no,False,attribute,target2,1.0,
P11,system2,./output/P11/2025-08-23_09-14-44/image.png,Is he wearing sunglasses?,yes,yes,True,attribute,target2,1.0,
P11,system2,./output/P11/2025-08-23_09-14-44/image.png,Is he holding a map?,yes,yes,True,relation,target2,1.0,
P11,system2,./output/P11/2025-08-23_09-14-44/image.png,Is the woman wearing a floral-patterned T-shirt?,yes,no,False,attribute,target2,1.0,
P11,system2,./output/P11/2025-08-23_09-14-44/image.png,Is she wearing denim shorts?,yes,no,False,attribute,target2,1.0,
P11,system2,./output/P11/2025-08-23_09-14-44/image.png,Is she wearing sandals?,yes,yes,True,attribute,target2,1.0,
P11,system2,./output/P11/2025-08-23_09-14-44/image.png,Is she carrying a suitcase?,yes,no,False,relation,target2,1.0,
P11,system2,./output/P11/2025-08-23_09-14-44/image.png,Is she carrying a coffee cup?,yes,yes,True,relation,target2,1.0,
P11,system2,./output/P11/2025-08-23_09-14-44/image.png,Is the other man wearing a bright green T-shirt?,yes,yes,True,attribute,target2,1.0,
P11,system2,./output/P11/2025-08-23_09-14-44/image.png,Is he wearing beige shorts?,yes,yes,True,attribute,target2,1.0,
P11,system2,./output/P11/2025-08-23_09-14-44/image.png,Is he wearing black sandals?,yes,no,False,attribute,target2,1.0,
P11,system2,./output/P11/2025-08-23_09-14-44/image.png,Is he standing with his hands in his pockets?,yes,yes,True,relation,target2,1.0,
P11,system2,./output/P11/2025-08-23_09-14-44/image.png,Is the other woman wearing a sky-blue dress?,yes,yes,True,attribute,target2,1.0,
P11,system2,./output/P11/2025-08-23_09-14-44/image.png,Is she wearing brown sandals?,yes,no,False,attribute,target2,1.0,
P11,system2,./output/P11/2025-08-23_09-14-44/image.png,Is she holding a straw hat?,yes,yes,True,relation,target2,1.0,
P11,system2,./output/P11/2025-08-23_09-14-44/image.png,Is she holding a small camera to take a photo?,yes,yes,True,relation,target2,1.0,
P11,system2,./output/P11/2025-08-23_09-14-44/image.png,Are there yellow buildings in the background?,yes,no,False,relation,target2,1.0,
P11,system1,./output/P11/2025-08-23_09-29-27/image.png,Is the elderly man wearing a black beret hat?,yes,yes,True,attribute,target1,2.0,
P11,system1,./output/P11/2025-08-23_09-29-27/image.png,Is the elderly man wearing a light gray cardigan?,yes,yes,True,attribute,target1,2.0,
P11,system1,./output/P11/2025-08-23_09-29-27/image.png,Is the elderly man wearing dark pants?,yes,yes,True,attribute,target1,2.0,
P11,system1,./output/P11/2025-08-23_09-29-27/image.png,Is the elderly man wearing black shoes?,yes,yes,True,attribute,target1,2.0,
P11,system1,./output/P11/2025-08-23_09-29-27/image.png,Is the woman wearing a dress with floral pattern?,yes,yes,True,attribute,target1,2.0,
P11,system1,./output/P11/2025-08-23_09-29-27/image.png,Is the woman wearing white shoes?,yes,yes,True,attribute,target1,2.0,
P11,system1,./output/P11/2025-08-23_09-29-27/image.png,Is the woman carrying a basket?,yes,no,False,relation,target1,2.0,
P11,system1,./output/P11/2025-08-23_09-29-27/image.png,Is the man wearing a bright blue polo shirt?,yes,yes,True,attribute,target1,2.0,
P11,system1,./output/P11/2025-08-23_09-29-27/image.png,Is the man wearing beige shorts?,yes,no,False,attribute,target1,2.0,
P11,system1,./output/P11/2025-08-23_09-29-27/image.png,Is the man wearing black shoes?,yes,no,False,attribute,target1,2.0,
P11,system1,./output/P11/2025-08-23_09-29-27/image.png,Is the man carrying a straw basket with the woman?,yes,yes,True,attribute,target1,2.0,
P11,system1,./output/P11/2025-08-23_09-29-27/image.png,Is the man holding a large tray filled with bottled water?,yes,yes,True,relation,target1,2.0,
P11,system1,./output/P11/2025-08-23_09-29-27/image.png,Is the girl wearing a pink sleeveless top?,yes,no,False,attribute,target1,2.0,
P11,system1,./output/P11/2025-08-23_09-29-27/image.png,Is the girl wearing a white skirt?,yes,yes,True,attribute,target1,2.0,
P11,system1,./output/P11/2025-08-23_09-29-27/image.png,Is the girl wearing pink shoes?,yes,yes,True,attribute,target1,2.0,
P11,system1,./output/P11/2025-08-23_09-29-27/image.png,Is the girl holding a yellow balloon floating above her?,yes,no,False,relation,target1,2.0,
P11,system1,./output/P11/2025-08-23_09-29-27/image.png,Is the girl carrying a brown teddy bear by its arm?,yes,yes,True,relation,target1,2.0,
P11,system1,./output/P11/2025-08-23_09-29-27/image.png,Are there green trees in the background?,yes,yes,True,relation,target1,2.0,
P11,system1,./output/P11/2025-08-23_09-29-27/image.png,Is there a car in the background?,yes,yes,True,relation,target1,2.0,
P11,system1,./output/P11/2025-08-23_09-33-03/image.png,Is the elderly man wearing a black beret hat?,yes,yes,True,attribute,target1,1.0,
P11,system1,./output/P11/2025-08-23_09-33-03/image.png,Is the elderly man wearing a light gray cardigan?,yes,yes,True,attribute,target1,1.0,
P11,system1,./output/P11/2025-08-23_09-33-03/image.png,Is the elderly man wearing dark pants?,yes,yes,True,attribute,target1,1.0,
P11,system1,./output/P11/2025-08-23_09-33-03/image.png,Is the elderly man wearing black shoes?,yes,yes,True,attribute,target1,1.0,
P11,system1,./output/P11/2025-08-23_09-33-03/image.png,Is the woman wearing a dress with floral pattern?,yes,yes,True,attribute,target1,1.0,
P11,system1,./output/P11/2025-08-23_09-33-03/image.png,Is the woman wearing white shoes?,yes,no,False,attribute,target1,1.0,
P11,system1,./output/P11/2025-08-23_09-33-03/image.png,Is the woman carrying a basket?,yes,no,False,relation,target1,1.0,
P11,system1,./output/P11/2025-08-23_09-33-03/image.png,Is the man wearing a bright blue polo shirt?,yes,yes,True,attribute,target1,1.0,
P11,system1,./output/P11/2025-08-23_09-33-03/image.png,Is the man wearing beige shorts?,yes,yes,True,attribute,target1,1.0,
P11,system1,./output/P11/2025-08-23_09-33-03/image.png,Is the man wearing black shoes?,yes,no,False,attribute,target1,1.0,
P11,system1,./output/P11/2025-08-23_09-33-03/image.png,Is the man carrying a straw basket with the woman?,yes,no,False,attribute,target1,1.0,
P11,system1,./output/P11/2025-08-23_09-33-03/image.png,Is the man holding a large tray filled with bottled water?,yes,yes,True,relation,target1,1.0,
P11,system1,./output/P11/2025-08-23_09-33-03/image.png,Is the girl wearing a pink sleeveless top?,yes,yes,True,attribute,target1,1.0,
P11,system1,./output/P11/2025-08-23_09-33-03/image.png,Is the girl wearing a white skirt?,yes,yes,True,attribute,target1,1.0,
P11,system1,./output/P11/2025-08-23_09-33-03/image.png,Is the girl wearing pink shoes?,yes,yes,True,attribute,target1,1.0,
P11,system1,./output/P11/2025-08-23_09-33-03/image.png,Is the girl holding a yellow balloon floating above her?,yes,no,False,relation,target1,1.0,
P11,system1,./output/P11/2025-08-23_09-33-03/image.png,Is the girl carrying a brown teddy bear by its arm?,yes,yes,True,relation,target1,1.0,
P11,system1,./output/P11/2025-08-23_09-33-03/image.png,Are there green trees in the background?,yes,yes,True,relation,target1,1.0,
P11,system1,./output/P11/2025-08-23_09-33-03/image.png,Is there a car in the background?,yes,no,False,relation,target1,1.0,
P11,system1,./output/P11/2025-08-23_09-36-41/image.png,Is the elderly man wearing a black beret hat?,yes,yes,True,attribute,target1,1.0,
P11,system1,./output/P11/2025-08-23_09-36-41/image.png,Is the elderly man wearing a light gray cardigan?,yes,yes,True,attribute,target1,1.0,
P11,system1,./output/P11/2025-08-23_09-36-41/image.png,Is the elderly man wearing dark pants?,yes,yes,True,attribute,target1,1.0,
P11,system1,./output/P11/2025-08-23_09-36-41/image.png,Is the elderly man wearing black shoes?,yes,yes,True,attribute,target1,1.0,
P11,system1,./output/P11/2025-08-23_09-36-41/image.png,Is the woman wearing a dress with floral pattern?,yes,yes,True,attribute,target1,1.0,
P11,system1,./output/P11/2025-08-23_09-36-41/image.png,Is the woman wearing white shoes?,yes,no,False,attribute,target1,1.0,
P11,system1,./output/P11/2025-08-23_09-36-41/image.png,Is the woman carrying a basket?,yes,no,False,relation,target1,1.0,
P11,system1,./output/P11/2025-08-23_09-36-41/image.png,Is the man wearing a bright blue polo shirt?,yes,yes,True,attribute,target1,1.0,
P11,system1,./output/P11/2025-08-23_09-36-41/image.png,Is the man wearing beige shorts?,yes,yes,True,attribute,target1,1.0,
P11,system1,./output/P11/2025-08-23_09-36-41/image.png,Is the man wearing black shoes?,yes,no,False,attribute,target1,1.0,
P11,system1,./output/P11/2025-08-23_09-36-41/image.png,Is the man carrying a straw basket with the woman?,yes,no,False,attribute,target1,1.0,
P11,system1,./output/P11/2025-08-23_09-36-41/image.png,Is the man holding a large tray filled with bottled water?,yes,yes,True,relation,target1,1.0,
P11,system1,./output/P11/2025-08-23_09-36-41/image.png,Is the girl wearing a pink sleeveless top?,yes,yes,True,attribute,target1,1.0,
P11,system1,./output/P11/2025-08-23_09-36-41/image.png,Is the girl wearing a white skirt?,yes,yes,True,attribute,target1,1.0,
P11,system1,./output/P11/2025-08-23_09-36-41/image.png,Is the girl wearing pink shoes?,yes,yes,True,attribute,target1,1.0,
P11,system1,./output/P11/2025-08-23_09-36-41/image.png,Is the girl holding a yellow balloon floating above her?,yes,no,False,relation,target1,1.0,
P11,system1,./output/P11/2025-08-23_09-36-41/image.png,Is the girl carrying a brown teddy bear by its arm?,yes,yes,True,relation,target1,1.0,
P11,system1,./output/P11/2025-08-23_09-36-41/image.png,Are there green trees in the background?,yes,yes,True,relation,target1,1.0,
P11,system1,./output/P11/2025-08-23_09-36-41/image.png,Is there a car in the background?,yes,no,False,relation,target1,1.0,
P11,system1,./output/P11/2025-08-23_09-41-28/image.png,Is the elderly man wearing a black beret hat?,yes,no,False,attribute,target1,3.0,
P11,system1,./output/P11/2025-08-23_09-41-28/image.png,Is the elderly man wearing a light gray cardigan?,yes,yes,True,attribute,target1,3.0,
P11,system1,./output/P11/2025-08-23_09-41-28/image.png,Is the elderly man wearing dark pants?,yes,yes,True,attribute,target1,3.0,
P11,system1,./output/P11/2025-08-23_09-41-28/image.png,Is the elderly man wearing black shoes?,yes,no,False,attribute,target1,3.0,
P11,system1,./output/P11/2025-08-23_09-41-28/image.png,Is the woman wearing a dress with floral pattern?,yes,yes,True,attribute,target1,3.0,
P11,system1,./output/P11/2025-08-23_09-41-28/image.png,Is the woman wearing white shoes?,yes,yes,True,attribute,target1,3.0,
P11,system1,./output/P11/2025-08-23_09-41-28/image.png,Is the woman carrying a basket?,yes,no,False,relation,target1,3.0,
P11,system1,./output/P11/2025-08-23_09-41-28/image.png,Is the man wearing a bright blue polo shirt?,yes,yes,True,attribute,target1,3.0,
P11,system1,./output/P11/2025-08-23_09-41-28/image.png,Is the man wearing beige shorts?,yes,yes,True,attribute,target1,3.0,
P11,system1,./output/P11/2025-08-23_09-41-28/image.png,Is the man wearing black shoes?,yes,no,False,attribute,target1,3.0,
P11,system1,./output/P11/2025-08-23_09-41-28/image.png,Is the man carrying a straw basket with the woman?,yes,yes,True,attribute,target1,3.0,
P11,system1,./output/P11/2025-08-23_09-41-28/image.png,Is the man holding a large tray filled with bottled water?,yes,yes,True,relation,target1,3.0,
P11,system1,./output/P11/2025-08-23_09-41-28/image.png,Is the girl wearing a pink sleeveless top?,yes,yes,True,attribute,target1,3.0,
P11,system1,./output/P11/2025-08-23_09-41-28/image.png,Is the girl wearing a white skirt?,yes,yes,True,attribute,target1,3.0,
P11,system1,./output/P11/2025-08-23_09-41-28/image.png,Is the girl wearing pink shoes?,yes,yes,True,attribute,target1,3.0,
P11,system1,./output/P11/2025-08-23_09-41-28/image.png,Is the girl holding a yellow balloon floating above her?,yes,no,False,relation,target1,3.0,
P11,system1,./output/P11/2025-08-23_09-41-28/image.png,Is the girl carrying a brown teddy bear by its arm?,yes,yes,True,relation,target1,3.0,
P11,system1,./output/P11/2025-08-23_09-41-28/image.png,Are there green trees in the background?,yes,yes,True,relation,target1,3.0,
P11,system1,./output/P11/2025-08-23_09-41-28/image.png,Is there a car in the background?,yes,no,False,relation,target1,3.0,
P12,system2,./output/P12/2025-08-22_01-55-38/image.png,Is the elderly man wearing a black beret hat?,yes,yes,True,attribute,target1,3.0,
P12,system2,./output/P12/2025-08-22_01-55-38/image.png,Is the elderly man wearing a light gray cardigan?,yes,yes,True,attribute,target1,3.0,
P12,system2,./output/P12/2025-08-22_01-55-38/image.png,Is the elderly man wearing dark pants?,yes,no,False,attribute,target1,3.0,
P12,system2,./output/P12/2025-08-22_01-55-38/image.png,Is the elderly man wearing black shoes?,yes,no,False,attribute,target1,3.0,
P12,system2,./output/P12/2025-08-22_01-55-38/image.png,Is the woman wearing a dress with floral pattern?,yes,yes,True,attribute,target1,3.0,
P12,system2,./output/P12/2025-08-22_01-55-38/image.png,Is the woman wearing white shoes?,yes,no,False,attribute,target1,3.0,
P12,system2,./output/P12/2025-08-22_01-55-38/image.png,Is the woman carrying a basket?,yes,yes,True,relation,target1,3.0,
P12,system2,./output/P12/2025-08-22_01-55-38/image.png,Is the man wearing a bright blue polo shirt?,yes,yes,True,attribute,target1,3.0,
P12,system2,./output/P12/2025-08-22_01-55-38/image.png,Is the man wearing beige shorts?,yes,yes,True,attribute,target1,3.0,
P12,system2,./output/P12/2025-08-22_01-55-38/image.png,Is the man wearing black shoes?,yes,no,False,attribute,target1,3.0,
P12,system2,./output/P12/2025-08-22_01-55-38/image.png,Is the man carrying a straw basket with the woman?,yes,yes,True,attribute,target1,3.0,
P12,system2,./output/P12/2025-08-22_01-55-38/image.png,Is the man holding a large tray filled with bottled water?,yes,no,False,relation,target1,3.0,
P12,system2,./output/P12/2025-08-22_01-55-38/image.png,Is the girl wearing a pink sleeveless top?,yes,yes,True,attribute,target1,3.0,
P12,system2,./output/P12/2025-08-22_01-55-38/image.png,Is the girl wearing a white skirt?,yes,no,False,attribute,target1,3.0,
P12,system2,./output/P12/2025-08-22_01-55-38/image.png,Is the girl wearing pink shoes?,yes,yes,True,attribute,target1,3.0,
P12,system2,./output/P12/2025-08-22_01-55-38/image.png,Is the girl holding a yellow balloon floating above her?,yes,yes,True,relation,target1,3.0,
P12,system2,./output/P12/2025-08-22_01-55-38/image.png,Is the girl carrying a brown teddy bear by its arm?,yes,no,False,relation,target1,3.0,
P12,system2,./output/P12/2025-08-22_01-55-38/image.png,Are there green trees in the background?,yes,yes,True,relation,target1,3.0,
P12,system2,./output/P12/2025-08-22_01-55-38/image.png,Is there a car in the background?,yes,yes,True,relation,target1,3.0,
P12,system2,./output/P12/2025-08-22_01-59-43/image.png,Is the elderly man wearing a black beret hat?,yes,yes,True,attribute,target1,4.0,
P12,system2,./output/P12/2025-08-22_01-59-43/image.png,Is the elderly man wearing a light gray cardigan?,yes,yes,True,attribute,target1,4.0,
P12,system2,./output/P12/2025-08-22_01-59-43/image.png,Is the elderly man wearing dark pants?,yes,no,False,attribute,target1,4.0,
P12,system2,./output/P12/2025-08-22_01-59-43/image.png,Is the elderly man wearing black shoes?,yes,yes,True,attribute,target1,4.0,
P12,system2,./output/P12/2025-08-22_01-59-43/image.png,Is the woman wearing a dress with floral pattern?,yes,yes,True,attribute,target1,4.0,
P12,system2,./output/P12/2025-08-22_01-59-43/image.png,Is the woman wearing white shoes?,yes,no,False,attribute,target1,4.0,
P12,system2,./output/P12/2025-08-22_01-59-43/image.png,Is the woman carrying a basket?,yes,yes,True,relation,target1,4.0,
P12,system2,./output/P12/2025-08-22_01-59-43/image.png,Is the man wearing a bright blue polo shirt?,yes,yes,True,attribute,target1,4.0,
P12,system2,./output/P12/2025-08-22_01-59-43/image.png,Is the man wearing beige shorts?,yes,yes,True,attribute,target1,4.0,
P12,system2,./output/P12/2025-08-22_01-59-43/image.png,Is the man wearing black shoes?,yes,yes,True,attribute,target1,4.0,
P12,system2,./output/P12/2025-08-22_01-59-43/image.png,Is the man carrying a straw basket with the woman?,yes,no,False,attribute,target1,4.0,
P12,system2,./output/P12/2025-08-22_01-59-43/image.png,Is the man holding a large tray filled with bottled water?,yes,yes,True,relation,target1,4.0,
P12,system2,./output/P12/2025-08-22_01-59-43/image.png,Is the girl wearing a pink sleeveless top?,yes,yes,True,attribute,target1,4.0,
P12,system2,./output/P12/2025-08-22_01-59-43/image.png,Is the girl wearing a white skirt?,yes,yes,True,attribute,target1,4.0,
P12,system2,./output/P12/2025-08-22_01-59-43/image.png,Is the girl wearing pink shoes?,yes,yes,True,attribute,target1,4.0,
P12,system2,./output/P12/2025-08-22_01-59-43/image.png,Is the girl holding a yellow balloon floating above her?,yes,yes,True,relation,target1,4.0,
P12,system2,./output/P12/2025-08-22_01-59-43/image.png,Is the girl carrying a brown teddy bear by its arm?,yes,no,False,relation,target1,4.0,
P12,system2,./output/P12/2025-08-22_01-59-43/image.png,Are there green trees in the background?,yes,yes,True,relation,target1,4.0,
P12,system2,./output/P12/2025-08-22_01-59-43/image.png,Is there a car in the background?,yes,yes,True,relation,target1,4.0,
P12,system1,./output/P12/2025-08-22_02-15-34/image.png,Is the man wearing a white shirt?,yes,no,False,attribute,target2,3.0,
P12,system1,./output/P12/2025-08-22_02-15-34/image.png,Is he wearing beige trousers?,yes,yes,True,attribute,target2,3.0,
P12,system1,./output/P12/2025-08-22_02-15-34/image.png,Is he wearing black shoes?,yes,yes,True,attribute,target2,3.0,
P12,system1,./output/P12/2025-08-22_02-15-34/image.png,Is he wearing sunglasses?,yes,yes,True,attribute,target2,3.0,
P12,system1,./output/P12/2025-08-22_02-15-34/image.png,Is he holding a map?,yes,no,False,relation,target2,3.0,
P12,system1,./output/P12/2025-08-22_02-15-34/image.png,Is the woman wearing a floral-patterned T-shirt?,yes,yes,True,attribute,target2,3.0,
P12,system1,./output/P12/2025-08-22_02-15-34/image.png,Is she wearing denim shorts?,yes,no,False,attribute,target2,3.0,
P12,system1,./output/P12/2025-08-22_02-15-34/image.png,Is she wearing sandals?,yes,yes,True,attribute,target2,3.0,
P12,system1,./output/P12/2025-08-22_02-15-34/image.png,Is she carrying a suitcase?,yes,yes,True,relation,target2,3.0,
P12,system1,./output/P12/2025-08-22_02-15-34/image.png,Is she carrying a coffee cup?,yes,no,False,relation,target2,3.0,
P12,system1,./output/P12/2025-08-22_02-15-34/image.png,Is the other man wearing a bright green T-shirt?,yes,yes,True,attribute,target2,3.0,
P12,system1,./output/P12/2025-08-22_02-15-34/image.png,Is he wearing beige shorts?,yes,no,False,attribute,target2,3.0,
P12,system1,./output/P12/2025-08-22_02-15-34/image.png,Is he wearing black sandals?,yes,no,False,attribute,target2,3.0,
P12,system1,./output/P12/2025-08-22_02-15-34/image.png,Is he standing with his hands in his pockets?,yes,yes,True,relation,target2,3.0,
P12,system1,./output/P12/2025-08-22_02-15-34/image.png,Is the other woman wearing a sky-blue dress?,yes,yes,True,attribute,target2,3.0,
P12,system1,./output/P12/2025-08-22_02-15-34/image.png,Is she wearing brown sandals?,yes,no,False,attribute,target2,3.0,
P12,system1,./output/P12/2025-08-22_02-15-34/image.png,Is she holding a straw hat?,yes,yes,True,relation,target2,3.0,
P12,system1,./output/P12/2025-08-22_02-15-34/image.png,Is she holding a small camera to take a photo?,yes,yes,True,relation,target2,3.0,
P12,system1,./output/P12/2025-08-22_02-15-34/image.png,Are there yellow buildings in the background?,yes,no,False,relation,target2,3.0,
P12,system1,./output/P12/2025-08-22_02-19-59/image.png,Is the man wearing a white shirt?,yes,no,False,attribute,target2,3.0,
P12,system1,./output/P12/2025-08-22_02-19-59/image.png,Is he wearing beige trousers?,yes,yes,True,attribute,target2,3.0,
P12,system1,./output/P12/2025-08-22_02-19-59/image.png,Is he wearing black shoes?,yes,no,False,attribute,target2,3.0,
P12,system1,./output/P12/2025-08-22_02-19-59/image.png,Is he wearing sunglasses?,yes,no,False,attribute,target2,3.0,
P12,system1,./output/P12/2025-08-22_02-19-59/image.png,Is he holding a map?,yes,no,False,relation,target2,3.0,
P12,system1,./output/P12/2025-08-22_02-19-59/image.png,Is the woman wearing a floral-patterned T-shirt?,yes,yes,True,attribute,target2,3.0,
P12,system1,./output/P12/2025-08-22_02-19-59/image.png,Is she wearing denim shorts?,yes,no,False,attribute,target2,3.0,
P12,system1,./output/P12/2025-08-22_02-19-59/image.png,Is she wearing sandals?,yes,no,False,attribute,target2,3.0,
P12,system1,./output/P12/2025-08-22_02-19-59/image.png,Is she carrying a suitcase?,yes,no,False,relation,target2,3.0,
P12,system1,./output/P12/2025-08-22_02-19-59/image.png,Is she carrying a coffee cup?,yes,yes,True,relation,target2,3.0,
P12,system1,./output/P12/2025-08-22_02-19-59/image.png,Is the other man wearing a bright green T-shirt?,yes,yes,True,attribute,target2,3.0,
P12,system1,./output/P12/2025-08-22_02-19-59/image.png,Is he wearing beige shorts?,yes,yes,True,attribute,target2,3.0,
P12,system1,./output/P12/2025-08-22_02-19-59/image.png,Is he wearing black sandals?,yes,no,False,attribute,target2,3.0,
P12,system1,./output/P12/2025-08-22_02-19-59/image.png,Is he standing with his hands in his pockets?,yes,yes,True,relation,target2,3.0,
P12,system1,./output/P12/2025-08-22_02-19-59/image.png,Is the other woman wearing a sky-blue dress?,yes,yes,True,attribute,target2,3.0,
P12,system1,./output/P12/2025-08-22_02-19-59/image.png,Is she wearing brown sandals?,yes,no,False,attribute,target2,3.0,
P12,system1,./output/P12/2025-08-22_02-19-59/image.png,Is she holding a straw hat?,yes,yes,True,relation,target2,3.0,
P12,system1,./output/P12/2025-08-22_02-19-59/image.png,Is she holding a small camera to take a photo?,yes,yes,True,relation,target2,3.0,
P12,system1,./output/P12/2025-08-22_02-19-59/image.png,Are there yellow buildings in the background?,yes,no,False,relation,target2,3.0,
P3,system1,./output/P3/2025-08-14_03-52-43/image.png,Is the elderly man wearing a black beret hat?,yes,no,False,attribute,target1,4.0,
P3,system1,./output/P3/2025-08-14_03-52-43/image.png,Is the elderly man wearing a light gray cardigan?,yes,no,False,attribute,target1,4.0,
P3,system1,./output/P3/2025-08-14_03-52-43/image.png,Is the elderly man wearing dark pants?,yes,no,False,attribute,target1,4.0,
P3,system1,./output/P3/2025-08-14_03-52-43/image.png,Is the elderly man wearing black shoes?,yes,yes,True,attribute,target1,4.0,
P3,system1,./output/P3/2025-08-14_03-52-43/image.png,Is the woman wearing a dress with floral pattern?,yes,yes,True,attribute,target1,4.0,
P3,system1,./output/P3/2025-08-14_03-52-43/image.png,Is the woman wearing white shoes?,yes,no,False,attribute,target1,4.0,
P3,system1,./output/P3/2025-08-14_03-52-43/image.png,Is the woman carrying a basket?,yes,no,False,relation,target1,4.0,
P3,system1,./output/P3/2025-08-14_03-52-43/image.png,Is the man wearing a bright blue polo shirt?,yes,yes,True,attribute,target1,4.0,
P3,system1,./output/P3/2025-08-14_03-52-43/image.png,Is the man wearing beige shorts?,yes,yes,True,attribute,target1,4.0,
P3,system1,./output/P3/2025-08-14_03-52-43/image.png,Is the man wearing black shoes?,yes,yes,True,attribute,target1,4.0,
P3,system1,./output/P3/2025-08-14_03-52-43/image.png,Is the man carrying a straw basket with the woman?,yes,no,False,attribute,target1,4.0,
P3,system1,./output/P3/2025-08-14_03-52-43/image.png,Is the man holding a large tray filled with bottled water?,yes,no,False,relation,target1,4.0,
P3,system1,./output/P3/2025-08-14_03-52-43/image.png,Is the girl wearing a pink sleeveless top?,yes,yes,True,attribute,target1,4.0,
P3,system1,./output/P3/2025-08-14_03-52-43/image.png,Is the girl wearing a white skirt?,yes,yes,True,attribute,target1,4.0,
P3,system1,./output/P3/2025-08-14_03-52-43/image.png,Is the girl wearing pink shoes?,yes,yes,True,attribute,target1,4.0,
P3,system1,./output/P3/2025-08-14_03-52-43/image.png,Is the girl holding a yellow balloon floating above her?,yes,yes,True,relation,target1,4.0,
P3,system1,./output/P3/2025-08-14_03-52-43/image.png,Is the girl carrying a brown teddy bear by its arm?,yes,yes,True,relation,target1,4.0,
P3,system1,./output/P3/2025-08-14_03-52-43/image.png,Are there green trees in the background?,yes,yes,True,relation,target1,4.0,
P3,system1,./output/P3/2025-08-14_03-52-43/image.png,Is there a car in the background?,yes,yes,True,relation,target1,4.0,
P3,system1,./output/P3/2025-08-14_04-00-21/image.png,Is the elderly man wearing a black beret hat?,yes,yes,True,attribute,target1,4.0,
P3,system1,./output/P3/2025-08-14_04-00-21/image.png,Is the elderly man wearing a light gray cardigan?,yes,no,False,attribute,target1,4.0,
P3,system1,./output/P3/2025-08-14_04-00-21/image.png,Is the elderly man wearing dark pants?,yes,no,False,attribute,target1,4.0,
P3,system1,./output/P3/2025-08-14_04-00-21/image.png,Is the elderly man wearing black shoes?,yes,no,False,attribute,target1,4.0,
P3,system1,./output/P3/2025-08-14_04-00-21/image.png,Is the woman wearing a dress with floral pattern?,yes,yes,True,attribute,target1,4.0,
P3,system1,./output/P3/2025-08-14_04-00-21/image.png,Is the woman wearing white shoes?,yes,no,False,attribute,target1,4.0,
P3,system1,./output/P3/2025-08-14_04-00-21/image.png,Is the woman carrying a basket?,yes,no,False,relation,target1,4.0,
P3,system1,./output/P3/2025-08-14_04-00-21/image.png,Is the man wearing a bright blue polo shirt?,yes,yes,True,attribute,target1,4.0,
P3,system1,./output/P3/2025-08-14_04-00-21/image.png,Is the man wearing beige shorts?,yes,yes,True,attribute,target1,4.0,
P3,system1,./output/P3/2025-08-14_04-00-21/image.png,Is the man wearing black shoes?,yes,no,False,attribute,target1,4.0,
P3,system1,./output/P3/2025-08-14_04-00-21/image.png,Is the man carrying a straw basket with the woman?,yes,yes,True,attribute,target1,4.0,
P3,system1,./output/P3/2025-08-14_04-00-21/image.png,Is the man holding a large tray filled with bottled water?,yes,yes,True,relation,target1,4.0,
P3,system1,./output/P3/2025-08-14_04-00-21/image.png,Is the girl wearing a pink sleeveless top?,yes,yes,True,attribute,target1,4.0,
P3,system1,./output/P3/2025-08-14_04-00-21/image.png,Is the girl wearing a white skirt?,yes,yes,True,attribute,target1,4.0,
P3,system1,./output/P3/2025-08-14_04-00-21/image.png,Is the girl wearing pink shoes?,yes,no,False,attribute,target1,4.0,
P3,system1,./output/P3/2025-08-14_04-00-21/image.png,Is the girl holding a yellow balloon floating above her?,yes,yes,True,relation,target1,4.0,
P3,system1,./output/P3/2025-08-14_04-00-21/image.png,Is the girl carrying a brown teddy bear by its arm?,yes,yes,True,relation,target1,4.0,
P3,system1,./output/P3/2025-08-14_04-00-21/image.png,Are there green trees in the background?,yes,yes,True,relation,target1,4.0,
P3,system1,./output/P3/2025-08-14_04-00-21/image.png,Is there a car in the background?,yes,yes,True,relation,target1,4.0,
P3,system1,./output/P3/2025-08-14_04-04-40/image.png,Is the elderly man wearing a black beret hat?,yes,yes,True,attribute,target1,4.0,
P3,system1,./output/P3/2025-08-14_04-04-40/image.png,Is the elderly man wearing a light gray cardigan?,yes,no,False,attribute,target1,4.0,
P3,system1,./output/P3/2025-08-14_04-04-40/image.png,Is the elderly man wearing dark pants?,yes,no,False,attribute,target1,4.0,
P3,system1,./output/P3/2025-08-14_04-04-40/image.png,Is the elderly man wearing black shoes?,yes,no,False,attribute,target1,4.0,
P3,system1,./output/P3/2025-08-14_04-04-40/image.png,Is the woman wearing a dress with floral pattern?,yes,yes,True,attribute,target1,4.0,
P3,system1,./output/P3/2025-08-14_04-04-40/image.png,Is the woman wearing white shoes?,yes,no,False,attribute,target1,4.0,
P3,system1,./output/P3/2025-08-14_04-04-40/image.png,Is the woman carrying a basket?,yes,no,False,relation,target1,4.0,
P3,system1,./output/P3/2025-08-14_04-04-40/image.png,Is the man wearing a bright blue polo shirt?,yes,yes,True,attribute,target1,4.0,
P3,system1,./output/P3/2025-08-14_04-04-40/image.png,Is the man wearing beige shorts?,yes,yes,True,attribute,target1,4.0,
P3,system1,./output/P3/2025-08-14_04-04-40/image.png,Is the man wearing black shoes?,yes,no,False,attribute,target1,4.0,
P3,system1,./output/P3/2025-08-14_04-04-40/image.png,Is the man carrying a straw basket with the woman?,yes,yes,True,attribute,target1,4.0,
P3,system1,./output/P3/2025-08-14_04-04-40/image.png,Is the man holding a large tray filled with bottled water?,yes,yes,True,relation,target1,4.0,
P3,system1,./output/P3/2025-08-14_04-04-40/image.png,Is the girl wearing a pink sleeveless top?,yes,yes,True,attribute,target1,4.0,
P3,system1,./output/P3/2025-08-14_04-04-40/image.png,Is the girl wearing a white skirt?,yes,yes,True,attribute,target1,4.0,
P3,system1,./output/P3/2025-08-14_04-04-40/image.png,Is the girl wearing pink shoes?,yes,no,False,attribute,target1,4.0,
P3,system1,./output/P3/2025-08-14_04-04-40/image.png,Is the girl holding a yellow balloon floating above her?,yes,yes,True,relation,target1,4.0,
P3,system1,./output/P3/2025-08-14_04-04-40/image.png,Is the girl carrying a brown teddy bear by its arm?,yes,yes,True,relation,target1,4.0,
P3,system1,./output/P3/2025-08-14_04-04-40/image.png,Are there green trees in the background?,yes,yes,True,relation,target1,4.0,
P3,system1,./output/P3/2025-08-14_04-04-40/image.png,Is there a car in the background?,yes,yes,True,relation,target1,4.0,
P3,system2,./output/P3/2025-08-14_04-22-01/image.png,Is the man wearing a white shirt?,yes,yes,True,attribute,target2,6.0,
P3,system2,./output/P3/2025-08-14_04-22-01/image.png,Is he wearing beige trousers?,yes,yes,True,attribute,target2,6.0,
P3,system2,./output/P3/2025-08-14_04-22-01/image.png,Is he wearing black shoes?,yes,yes,True,attribute,target2,6.0,
P3,system2,./output/P3/2025-08-14_04-22-01/image.png,Is he wearing sunglasses?,yes,yes,True,attribute,target2,6.0,
P3,system2,./output/P3/2025-08-14_04-22-01/image.png,Is he holding a map?,yes,yes,True,relation,target2,6.0,
P3,system2,./output/P3/2025-08-14_04-22-01/image.png,Is the woman wearing a floral-patterned T-shirt?,yes,yes,True,attribute,target2,6.0,
P3,system2,./output/P3/2025-08-14_04-22-01/image.png,Is she wearing denim shorts?,yes,yes,True,attribute,target2,6.0,
P3,system2,./output/P3/2025-08-14_04-22-01/image.png,Is she wearing sandals?,yes,yes,True,attribute,target2,6.0,
P3,system2,./output/P3/2025-08-14_04-22-01/image.png,Is she carrying a suitcase?,yes,yes,True,relation,target2,6.0,
P3,system2,./output/P3/2025-08-14_04-22-01/image.png,Is she carrying a coffee cup?,yes,yes,True,relation,target2,6.0,
P3,system2,./output/P3/2025-08-14_04-22-01/image.png,Is the other man wearing a bright green T-shirt?,yes,yes,True,attribute,target2,6.0,
P3,system2,./output/P3/2025-08-14_04-22-01/image.png,Is he wearing beige shorts?,yes,yes,True,attribute,target2,6.0,
P3,system2,./output/P3/2025-08-14_04-22-01/image.png,Is he wearing black sandals?,yes,no,False,attribute,target2,6.0,
P3,system2,./output/P3/2025-08-14_04-22-01/image.png,Is he standing with his hands in his pockets?,yes,no,False,relation,target2,6.0,
P3,system2,./output/P3/2025-08-14_04-22-01/image.png,Is the other woman wearing a sky-blue dress?,yes,yes,True,attribute,target2,6.0,
P3,system2,./output/P3/2025-08-14_04-22-01/image.png,Is she wearing brown sandals?,yes,no,False,attribute,target2,6.0,
P3,system2,./output/P3/2025-08-14_04-22-01/image.png,Is she holding a straw hat?,yes,yes,True,relation,target2,6.0,
P3,system2,./output/P3/2025-08-14_04-22-01/image.png,Is she holding a small camera to take a photo?,yes,no,False,relation,target2,6.0,
P3,system2,./output/P3/2025-08-14_04-22-01/image.png,Are there yellow buildings in the background?,yes,no,False,relation,target2,6.0,
P3,system2,./output/P3/2025-08-14_04-28-46/image.png,Is the man wearing a white shirt?,yes,yes,True,attribute,target2,3.0,
P3,system2,./output/P3/2025-08-14_04-28-46/image.png,Is he wearing beige trousers?,yes,yes,True,attribute,target2,3.0,
P3,system2,./output/P3/2025-08-14_04-28-46/image.png,Is he wearing black shoes?,yes,yes,True,attribute,target2,3.0,
P3,system2,./output/P3/2025-08-14_04-28-46/image.png,Is he wearing sunglasses?,yes,yes,True,attribute,target2,3.0,
P3,system2,./output/P3/2025-08-14_04-28-46/image.png,Is he holding a map?,yes,yes,True,relation,target2,3.0,
P3,system2,./output/P3/2025-08-14_04-28-46/image.png,Is the woman wearing a floral-patterned T-shirt?,yes,yes,True,attribute,target2,3.0,
P3,system2,./output/P3/2025-08-14_04-28-46/image.png,Is she wearing denim shorts?,yes,no,False,attribute,target2,3.0,
P3,system2,./output/P3/2025-08-14_04-28-46/image.png,Is she wearing sandals?,yes,yes,True,attribute,target2,3.0,
P3,system2,./output/P3/2025-08-14_04-28-46/image.png,Is she carrying a suitcase?,yes,yes,True,relation,target2,3.0,
P3,system2,./output/P3/2025-08-14_04-28-46/image.png,Is she carrying a coffee cup?,yes,yes,True,relation,target2,3.0,
P3,system2,./output/P3/2025-08-14_04-28-46/image.png,Is the other man wearing a bright green T-shirt?,yes,yes,True,attribute,target2,3.0,
P3,system2,./output/P3/2025-08-14_04-28-46/image.png,Is he wearing beige shorts?,yes,yes,True,attribute,target2,3.0,
P3,system2,./output/P3/2025-08-14_04-28-46/image.png,Is he wearing black sandals?,yes,no,False,attribute,target2,3.0,
P3,system2,./output/P3/2025-08-14_04-28-46/image.png,Is he standing with his hands in his pockets?,yes,no,False,relation,target2,3.0,
P3,system2,./output/P3/2025-08-14_04-28-46/image.png,Is the other woman wearing a sky-blue dress?,yes,yes,True,attribute,target2,3.0,
P3,system2,./output/P3/2025-08-14_04-28-46/image.png,Is she wearing brown sandals?,yes,no,False,attribute,target2,3.0,
P3,system2,./output/P3/2025-08-14_04-28-46/image.png,Is she holding a straw hat?,yes,yes,True,relation,target2,3.0,
P3,system2,./output/P3/2025-08-14_04-28-46/image.png,Is she holding a small camera to take a photo?,yes,no,False,relation,target2,3.0,
P3,system2,./output/P3/2025-08-14_04-28-46/image.png,Are there yellow buildings in the background?,yes,no,False,relation,target2,3.0,
P3,system2,./output/P3/2025-08-14_04-36-00/image.png,Is the man wearing a white shirt?,yes,yes,True,attribute,target2,5.0,
P3,system2,./output/P3/2025-08-14_04-36-00/image.png,Is he wearing beige trousers?,yes,yes,True,attribute,target2,5.0,
P3,system2,./output/P3/2025-08-14_04-36-00/image.png,Is he wearing black shoes?,yes,yes,True,attribute,target2,5.0,
P3,system2,./output/P3/2025-08-14_04-36-00/image.png,Is he wearing sunglasses?,yes,yes,True,attribute,target2,5.0,
P3,system2,./output/P3/2025-08-14_04-36-00/image.png,Is he holding a map?,yes,yes,True,relation,target2,5.0,
P3,system2,./output/P3/2025-08-14_04-36-00/image.png,Is the woman wearing a floral-patterned T-shirt?,yes,yes,True,attribute,target2,5.0,
P3,system2,./output/P3/2025-08-14_04-36-00/image.png,Is she wearing denim shorts?,yes,no,False,attribute,target2,5.0,
P3,system2,./output/P3/2025-08-14_04-36-00/image.png,Is she wearing sandals?,yes,yes,True,attribute,target2,5.0,
P3,system2,./output/P3/2025-08-14_04-36-00/image.png,Is she carrying a suitcase?,yes,yes,True,relation,target2,5.0,
P3,system2,./output/P3/2025-08-14_04-36-00/image.png,Is she carrying a coffee cup?,yes,yes,True,relation,target2,5.0,
P3,system2,./output/P3/2025-08-14_04-36-00/image.png,Is the other man wearing a bright green T-shirt?,yes,yes,True,attribute,target2,5.0,
P3,system2,./output/P3/2025-08-14_04-36-00/image.png,Is he wearing beige shorts?,yes,yes,True,attribute,target2,5.0,
P3,system2,./output/P3/2025-08-14_04-36-00/image.png,Is he wearing black sandals?,yes,no,False,attribute,target2,5.0,
P3,system2,./output/P3/2025-08-14_04-36-00/image.png,Is he standing with his hands in his pockets?,yes,yes,True,relation,target2,5.0,
P3,system2,./output/P3/2025-08-14_04-36-00/image.png,Is the other woman wearing a sky-blue dress?,yes,yes,True,attribute,target2,5.0,
P3,system2,./output/P3/2025-08-14_04-36-00/image.png,Is she wearing brown sandals?,yes,no,False,attribute,target2,5.0,
P3,system2,./output/P3/2025-08-14_04-36-00/image.png,Is she holding a straw hat?,yes,yes,True,relation,target2,5.0,
P3,system2,./output/P3/2025-08-14_04-36-00/image.png,Is she holding a small camera to take a photo?,yes,yes,True,relation,target2,5.0,
P3,system2,./output/P3/2025-08-14_04-36-00/image.png,Are there yellow buildings in the background?,yes,yes,True,relation,target2,5.0,
P4,system1,./output/P4/2025-08-14_13-48-47/image.png,Is the elderly man wearing a black beret hat?,yes,yes,True,attribute,target1,4.0,
P4,system1,./output/P4/2025-08-14_13-48-47/image.png,Is the elderly man wearing a light gray cardigan?,yes,yes,True,attribute,target1,4.0,
P4,system1,./output/P4/2025-08-14_13-48-47/image.png,Is the elderly man wearing dark pants?,yes,yes,True,attribute,target1,4.0,
P4,system1,./output/P4/2025-08-14_13-48-47/image.png,Is the elderly man wearing black shoes?,yes,yes,True,attribute,target1,4.0,
P4,system1,./output/P4/2025-08-14_13-48-47/image.png,Is the woman wearing a dress with floral pattern?,yes,no,False,attribute,target1,4.0,
P4,system1,./output/P4/2025-08-14_13-48-47/image.png,Is the woman wearing white shoes?,yes,no,False,attribute,target1,4.0,
P4,system1,./output/P4/2025-08-14_13-48-47/image.png,Is the woman carrying a basket?,yes,no,False,relation,target1,4.0,
P4,system1,./output/P4/2025-08-14_13-48-47/image.png,Is the man wearing a bright blue polo shirt?,yes,no,False,attribute,target1,4.0,
P4,system1,./output/P4/2025-08-14_13-48-47/image.png,Is the man wearing beige shorts?,yes,no,False,attribute,target1,4.0,
P4,system1,./output/P4/2025-08-14_13-48-47/image.png,Is the man wearing black shoes?,yes,yes,True,attribute,target1,4.0,
P4,system1,./output/P4/2025-08-14_13-48-47/image.png,Is the man carrying a straw basket with the woman?,yes,yes,True,attribute,target1,4.0,
P4,system1,./output/P4/2025-08-14_13-48-47/image.png,Is the man holding a large tray filled with bottled water?,yes,yes,True,relation,target1,4.0,
P4,system1,./output/P4/2025-08-14_13-48-47/image.png,Is the girl wearing a pink sleeveless top?,yes,yes,True,attribute,target1,4.0,
P4,system1,./output/P4/2025-08-14_13-48-47/image.png,Is the girl wearing a white skirt?,yes,no,False,attribute,target1,4.0,
P4,system1,./output/P4/2025-08-14_13-48-47/image.png,Is the girl wearing pink shoes?,yes,yes,True,attribute,target1,4.0,
P4,system1,./output/P4/2025-08-14_13-48-47/image.png,Is the girl holding a yellow balloon floating above her?,yes,yes,True,relation,target1,4.0,
P4,system1,./output/P4/2025-08-14_13-48-47/image.png,Is the girl carrying a brown teddy bear by its arm?,yes,yes,True,relation,target1,4.0,
P4,system1,./output/P4/2025-08-14_13-48-47/image.png,Are there green trees in the background?,yes,yes,True,relation,target1,4.0,
P4,system1,./output/P4/2025-08-14_13-48-47/image.png,Is there a car in the background?,yes,yes,True,relation,target1,4.0,
P4,system1,./output/P4/2025-08-14_13-57-22/image.png,Is the elderly man wearing a black beret hat?,yes,yes,True,attribute,target1,4.0,
P4,system1,./output/P4/2025-08-14_13-57-22/image.png,Is the elderly man wearing a light gray cardigan?,yes,yes,True,attribute,target1,4.0,
P4,system1,./output/P4/2025-08-14_13-57-22/image.png,Is the elderly man wearing dark pants?,yes,yes,True,attribute,target1,4.0,
P4,system1,./output/P4/2025-08-14_13-57-22/image.png,Is the elderly man wearing black shoes?,yes,yes,True,attribute,target1,4.0,
P4,system1,./output/P4/2025-08-14_13-57-22/image.png,Is the woman wearing a dress with floral pattern?,yes,no,False,attribute,target1,4.0,
P4,system1,./output/P4/2025-08-14_13-57-22/image.png,Is the woman wearing white shoes?,yes,no,False,attribute,target1,4.0,
P4,system1,./output/P4/2025-08-14_13-57-22/image.png,Is the woman carrying a basket?,yes,no,False,relation,target1,4.0,
P4,system1,./output/P4/2025-08-14_13-57-22/image.png,Is the man wearing a bright blue polo shirt?,yes,yes,True,attribute,target1,4.0,
P4,system1,./output/P4/2025-08-14_13-57-22/image.png,Is the man wearing beige shorts?,yes,yes,True,attribute,target1,4.0,
P4,system1,./output/P4/2025-08-14_13-57-22/image.png,Is the man wearing black shoes?,yes,yes,True,attribute,target1,4.0,
P4,system1,./output/P4/2025-08-14_13-57-22/image.png,Is the man carrying a straw basket with the woman?,yes,yes,True,attribute,target1,4.0,
P4,system1,./output/P4/2025-08-14_13-57-22/image.png,Is the man holding a large tray filled with bottled water?,yes,yes,True,relation,target1,4.0,
P4,system1,./output/P4/2025-08-14_13-57-22/image.png,Is the girl wearing a pink sleeveless top?,yes,yes,True,attribute,target1,4.0,
P4,system1,./output/P4/2025-08-14_13-57-22/image.png,Is the girl wearing a white skirt?,yes,no,False,attribute,target1,4.0,
P4,system1,./output/P4/2025-08-14_13-57-22/image.png,Is the girl wearing pink shoes?,yes,no,False,attribute,target1,4.0,
P4,system1,./output/P4/2025-08-14_13-57-22/image.png,Is the girl holding a yellow balloon floating above her?,yes,yes,True,relation,target1,4.0,
P4,system1,./output/P4/2025-08-14_13-57-22/image.png,Is the girl carrying a brown teddy bear by its arm?,yes,yes,True,relation,target1,4.0,
P4,system1,./output/P4/2025-08-14_13-57-22/image.png,Are there green trees in the background?,yes,yes,True,relation,target1,4.0,
P4,system1,./output/P4/2025-08-14_13-57-22/image.png,Is there a car in the background?,yes,yes,True,relation,target1,4.0,
P4,system1,./output/P4/2025-08-14_14-00-09/image.png,Is the elderly man wearing a black beret hat?,yes,yes,True,attribute,target1,5.0,
P4,system1,./output/P4/2025-08-14_14-00-09/image.png,Is the elderly man wearing a light gray cardigan?,yes,yes,True,attribute,target1,5.0,
P4,system1,./output/P4/2025-08-14_14-00-09/image.png,Is the elderly man wearing dark pants?,yes,no,False,attribute,target1,5.0,
P4,system1,./output/P4/2025-08-14_14-00-09/image.png,Is the elderly man wearing black shoes?,yes,no,False,attribute,target1,5.0,
P4,system1,./output/P4/2025-08-14_14-00-09/image.png,Is the woman wearing a dress with floral pattern?,yes,yes,True,attribute,target1,5.0,
P4,system1,./output/P4/2025-08-14_14-00-09/image.png,Is the woman wearing white shoes?,yes,no,False,attribute,target1,5.0,
P4,system1,./output/P4/2025-08-14_14-00-09/image.png,Is the woman carrying a basket?,yes,yes,True,relation,target1,5.0,
P4,system1,./output/P4/2025-08-14_14-00-09/image.png,Is the man wearing a bright blue polo shirt?,yes,yes,True,attribute,target1,5.0,
P4,system1,./output/P4/2025-08-14_14-00-09/image.png,Is the man wearing beige shorts?,yes,yes,True,attribute,target1,5.0,
P4,system1,./output/P4/2025-08-14_14-00-09/image.png,Is the man wearing black shoes?,yes,yes,True,attribute,target1,5.0,
P4,system1,./output/P4/2025-08-14_14-00-09/image.png,Is the man carrying a straw basket with the woman?,yes,yes,True,attribute,target1,5.0,
P4,system1,./output/P4/2025-08-14_14-00-09/image.png,Is the man holding a large tray filled with bottled water?,yes,yes,True,relation,target1,5.0,
P4,system1,./output/P4/2025-08-14_14-00-09/image.png,Is the girl wearing a pink sleeveless top?,yes,yes,True,attribute,target1,5.0,
P4,system1,./output/P4/2025-08-14_14-00-09/image.png,Is the girl wearing a white skirt?,yes,no,False,attribute,target1,5.0,
P4,system1,./output/P4/2025-08-14_14-00-09/image.png,Is the girl wearing pink shoes?,yes,yes,True,attribute,target1,5.0,
P4,system1,./output/P4/2025-08-14_14-00-09/image.png,Is the girl holding a yellow balloon floating above her?,yes,yes,True,relation,target1,5.0,
P4,system1,./output/P4/2025-08-14_14-00-09/image.png,Is the girl carrying a brown teddy bear by its arm?,yes,yes,True,relation,target1,5.0,
P4,system1,./output/P4/2025-08-14_14-00-09/image.png,Are there green trees in the background?,yes,yes,True,relation,target1,5.0,
P4,system1,./output/P4/2025-08-14_14-00-09/image.png,Is there a car in the background?,yes,yes,True,relation,target1,5.0,
P4,system2,./output/P4/2025-08-14_14-27-59/image.png,Is the man wearing a white shirt?,yes,yes,True,attribute,target2,4.0,
P4,system2,./output/P4/2025-08-14_14-27-59/image.png,Is he wearing beige trousers?,yes,yes,True,attribute,target2,4.0,
P4,system2,./output/P4/2025-08-14_14-27-59/image.png,Is he wearing black shoes?,yes,yes,True,attribute,target2,4.0,
P4,system2,./output/P4/2025-08-14_14-27-59/image.png,Is he wearing sunglasses?,yes,yes,True,attribute,target2,4.0,
P4,system2,./output/P4/2025-08-14_14-27-59/image.png,Is he holding a map?,yes,no,False,relation,target2,4.0,
P4,system2,./output/P4/2025-08-14_14-27-59/image.png,Is the woman wearing a floral-patterned T-shirt?,yes,no,False,attribute,target2,4.0,
P4,system2,./output/P4/2025-08-14_14-27-59/image.png,Is she wearing denim shorts?,yes,no,False,attribute,target2,4.0,
P4,system2,./output/P4/2025-08-14_14-27-59/image.png,Is she wearing sandals?,yes,no,False,attribute,target2,4.0,
P4,system2,./output/P4/2025-08-14_14-27-59/image.png,Is she carrying a suitcase?,yes,no,False,relation,target2,4.0,
P4,system2,./output/P4/2025-08-14_14-27-59/image.png,Is she carrying a coffee cup?,yes,yes,True,relation,target2,4.0,
P4,system2,./output/P4/2025-08-14_14-27-59/image.png,Is the other man wearing a bright green T-shirt?,yes,yes,True,attribute,target2,4.0,
P4,system2,./output/P4/2025-08-14_14-27-59/image.png,Is he wearing beige shorts?,yes,yes,True,attribute,target2,4.0,
P4,system2,./output/P4/2025-08-14_14-27-59/image.png,Is he wearing black sandals?,yes,no,False,attribute,target2,4.0,
P4,system2,./output/P4/2025-08-14_14-27-59/image.png,Is he standing with his hands in his pockets?,yes,yes,True,relation,target2,4.0,
P4,system2,./output/P4/2025-08-14_14-27-59/image.png,Is the other woman wearing a sky-blue dress?,yes,yes,True,attribute,target2,4.0,
P4,system2,./output/P4/2025-08-14_14-27-59/image.png,Is she wearing brown sandals?,yes,no,False,attribute,target2,4.0,
P4,system2,./output/P4/2025-08-14_14-27-59/image.png,Is she holding a straw hat?,yes,yes,True,relation,target2,4.0,
P4,system2,./output/P4/2025-08-14_14-27-59/image.png,Is she holding a small camera to take a photo?,yes,yes,True,relation,target2,4.0,
P4,system2,./output/P4/2025-08-14_14-27-59/image.png,Are there yellow buildings in the background?,yes,no,False,relation,target2,4.0,
P4,system2,./output/P4/2025-08-14_14-37-32/image.png,Is the man wearing a white shirt?,yes,yes,True,attribute,target2,5.0,
P4,system2,./output/P4/2025-08-14_14-37-32/image.png,Is he wearing beige trousers?,yes,yes,True,attribute,target2,5.0,
P4,system2,./output/P4/2025-08-14_14-37-32/image.png,Is he wearing black shoes?,yes,yes,True,attribute,target2,5.0,
P4,system2,./output/P4/2025-08-14_14-37-32/image.png,Is he wearing sunglasses?,yes,yes,True,attribute,target2,5.0,
P4,system2,./output/P4/2025-08-14_14-37-32/image.png,Is he holding a map?,yes,yes,True,relation,target2,5.0,
P4,system2,./output/P4/2025-08-14_14-37-32/image.png,Is the woman wearing a floral-patterned T-shirt?,yes,yes,True,attribute,target2,5.0,
P4,system2,./output/P4/2025-08-14_14-37-32/image.png,Is she wearing denim shorts?,yes,yes,True,attribute,target2,5.0,
P4,system2,./output/P4/2025-08-14_14-37-32/image.png,Is she wearing sandals?,yes,yes,True,attribute,target2,5.0,
P4,system2,./output/P4/2025-08-14_14-37-32/image.png,Is she carrying a suitcase?,yes,yes,True,relation,target2,5.0,
P4,system2,./output/P4/2025-08-14_14-37-32/image.png,Is she carrying a coffee cup?,yes,yes,True,relation,target2,5.0,
P4,system2,./output/P4/2025-08-14_14-37-32/image.png,Is the other man wearing a bright green T-shirt?,yes,yes,True,attribute,target2,5.0,
P4,system2,./output/P4/2025-08-14_14-37-32/image.png,Is he wearing beige shorts?,yes,yes,True,attribute,target2,5.0,
P4,system2,./output/P4/2025-08-14_14-37-32/image.png,Is he wearing black sandals?,yes,yes,True,attribute,target2,5.0,
P4,system2,./output/P4/2025-08-14_14-37-32/image.png,Is he standing with his hands in his pockets?,yes,yes,True,relation,target2,5.0,
P4,system2,./output/P4/2025-08-14_14-37-32/image.png,Is the other woman wearing a sky-blue dress?,yes,yes,True,attribute,target2,5.0,
P4,system2,./output/P4/2025-08-14_14-37-32/image.png,Is she wearing brown sandals?,yes,yes,True,attribute,target2,5.0,
P4,system2,./output/P4/2025-08-14_14-37-32/image.png,Is she holding a straw hat?,yes,yes,True,relation,target2,5.0,
P4,system2,./output/P4/2025-08-14_14-37-32/image.png,Is she holding a small camera to take a photo?,yes,yes,True,relation,target2,5.0,
P4,system2,./output/P4/2025-08-14_14-37-32/image.png,Are there yellow buildings in the background?,yes,no,False,relation,target2,5.0,
P5,system2,./output/P5/2025-08-19_07-10-59/image.png,Is the man wearing a white shirt?,yes,yes,True,attribute,target2,5.0,
P5,system2,./output/P5/2025-08-19_07-10-59/image.png,Is he wearing beige trousers?,yes,yes,True,attribute,target2,5.0,
P5,system2,./output/P5/2025-08-19_07-10-59/image.png,Is he wearing black shoes?,yes,yes,True,attribute,target2,5.0,
P5,system2,./output/P5/2025-08-19_07-10-59/image.png,Is he wearing sunglasses?,yes,no,False,attribute,target2,5.0,
P5,system2,./output/P5/2025-08-19_07-10-59/image.png,Is he holding a map?,yes,no,False,relation,target2,5.0,
P5,system2,./output/P5/2025-08-19_07-10-59/image.png,Is the woman wearing a floral-patterned T-shirt?,yes,no,False,attribute,target2,5.0,
P5,system2,./output/P5/2025-08-19_07-10-59/image.png,Is she wearing denim shorts?,yes,no,False,attribute,target2,5.0,
P5,system2,./output/P5/2025-08-19_07-10-59/image.png,Is she wearing sandals?,yes,no,False,attribute,target2,5.0,
P5,system2,./output/P5/2025-08-19_07-10-59/image.png,Is she carrying a suitcase?,yes,no,False,relation,target2,5.0,
P5,system2,./output/P5/2025-08-19_07-10-59/image.png,Is she carrying a coffee cup?,yes,no,False,relation,target2,5.0,
P5,system2,./output/P5/2025-08-19_07-10-59/image.png,Is the other man wearing a bright green T-shirt?,yes,no,False,attribute,target2,5.0,
P5,system2,./output/P5/2025-08-19_07-10-59/image.png,Is he wearing beige shorts?,yes,no,False,attribute,target2,5.0,
P5,system2,./output/P5/2025-08-19_07-10-59/image.png,Is he wearing black sandals?,yes,no,False,attribute,target2,5.0,
P5,system2,./output/P5/2025-08-19_07-10-59/image.png,Is he standing with his hands in his pockets?,yes,yes,True,relation,target2,5.0,
P5,system2,./output/P5/2025-08-19_07-10-59/image.png,Is the other woman wearing a sky-blue dress?,yes,no,False,attribute,target2,5.0,
P5,system2,./output/P5/2025-08-19_07-10-59/image.png,Is she wearing brown sandals?,yes,no,False,attribute,target2,5.0,
P5,system2,./output/P5/2025-08-19_07-10-59/image.png,Is she holding a straw hat?,yes,no,False,relation,target2,5.0,
P5,system2,./output/P5/2025-08-19_07-10-59/image.png,Is she holding a small camera to take a photo?,yes,no,False,relation,target2,5.0,
P5,system2,./output/P5/2025-08-19_07-10-59/image.png,Are there yellow buildings in the background?,yes,yes,True,relation,target2,5.0,
P5,system2,./output/P5/2025-08-19_07-12-47/image.png,Is the man wearing a white shirt?,yes,yes,True,attribute,target2,4.0,
P5,system2,./output/P5/2025-08-19_07-12-47/image.png,Is he wearing beige trousers?,yes,yes,True,attribute,target2,4.0,
P5,system2,./output/P5/2025-08-19_07-12-47/image.png,Is he wearing black shoes?,yes,yes,True,attribute,target2,4.0,
P5,system2,./output/P5/2025-08-19_07-12-47/image.png,Is he wearing sunglasses?,yes,no,False,attribute,target2,4.0,
P5,system2,./output/P5/2025-08-19_07-12-47/image.png,Is he holding a map?,yes,no,False,relation,target2,4.0,
P5,system2,./output/P5/2025-08-19_07-12-47/image.png,Is the woman wearing a floral-patterned T-shirt?,yes,no,False,attribute,target2,4.0,
P5,system2,./output/P5/2025-08-19_07-12-47/image.png,Is she wearing denim shorts?,yes,no,False,attribute,target2,4.0,
P5,system2,./output/P5/2025-08-19_07-12-47/image.png,Is she wearing sandals?,yes,no,False,attribute,target2,4.0,
P5,system2,./output/P5/2025-08-19_07-12-47/image.png,Is she carrying a suitcase?,yes,no,False,relation,target2,4.0,
P5,system2,./output/P5/2025-08-19_07-12-47/image.png,Is she carrying a coffee cup?,yes,no,False,relation,target2,4.0,
P5,system2,./output/P5/2025-08-19_07-12-47/image.png,Is the other man wearing a bright green T-shirt?,yes,no,False,attribute,target2,4.0,
P5,system2,./output/P5/2025-08-19_07-12-47/image.png,Is he wearing beige shorts?,yes,no,False,attribute,target2,4.0,
P5,system2,./output/P5/2025-08-19_07-12-47/image.png,Is he wearing black sandals?,yes,no,False,attribute,target2,4.0,
P5,system2,./output/P5/2025-08-19_07-12-47/image.png,Is he standing with his hands in his pockets?,yes,no,False,relation,target2,4.0,
P5,system2,./output/P5/2025-08-19_07-12-47/image.png,Is the other woman wearing a sky-blue dress?,yes,no,False,attribute,target2,4.0,
P5,system2,./output/P5/2025-08-19_07-12-47/image.png,Is she wearing brown sandals?,yes,no,False,attribute,target2,4.0,
P5,system2,./output/P5/2025-08-19_07-12-47/image.png,Is she holding a straw hat?,yes,no,False,relation,target2,4.0,
P5,system2,./output/P5/2025-08-19_07-12-47/image.png,Is she holding a small camera to take a photo?,yes,no,False,relation,target2,4.0,
P5,system2,./output/P5/2025-08-19_07-12-47/image.png,Are there yellow buildings in the background?,yes,yes,True,relation,target2,4.0,
P5,system2,./output/P5/2025-08-19_07-21-06/image.png,Is the man wearing a white shirt?,yes,yes,True,attribute,target2,5.0,
P5,system2,./output/P5/2025-08-19_07-21-06/image.png,Is he wearing beige trousers?,yes,yes,True,attribute,target2,5.0,
P5,system2,./output/P5/2025-08-19_07-21-06/image.png,Is he wearing black shoes?,yes,yes,True,attribute,target2,5.0,
P5,system2,./output/P5/2025-08-19_07-21-06/image.png,Is he wearing sunglasses?,yes,no,False,attribute,target2,5.0,
P5,system2,./output/P5/2025-08-19_07-21-06/image.png,Is he holding a map?,yes,no,False,relation,target2,5.0,
P5,system2,./output/P5/2025-08-19_07-21-06/image.png,Is the woman wearing a floral-patterned T-shirt?,yes,no,False,attribute,target2,5.0,
P5,system2,./output/P5/2025-08-19_07-21-06/image.png,Is she wearing denim shorts?,yes,yes,True,attribute,target2,5.0,
P5,system2,./output/P5/2025-08-19_07-21-06/image.png,Is she wearing sandals?,yes,no,False,attribute,target2,5.0,
P5,system2,./output/P5/2025-08-19_07-21-06/image.png,Is she carrying a suitcase?,yes,no,False,relation,target2,5.0,
P5,system2,./output/P5/2025-08-19_07-21-06/image.png,Is she carrying a coffee cup?,yes,no,False,relation,target2,5.0,
P5,system2,./output/P5/2025-08-19_07-21-06/image.png,Is the other man wearing a bright green T-shirt?,yes,no,False,attribute,target2,5.0,
P5,system2,./output/P5/2025-08-19_07-21-06/image.png,Is he wearing beige shorts?,yes,no,False,attribute,target2,5.0,
P5,system2,./output/P5/2025-08-19_07-21-06/image.png,Is he wearing black sandals?,yes,no,False,attribute,target2,5.0,
P5,system2,./output/P5/2025-08-19_07-21-06/image.png,Is he standing with his hands in his pockets?,yes,yes,True,relation,target2,5.0,
P5,system2,./output/P5/2025-08-19_07-21-06/image.png,Is the other woman wearing a sky-blue dress?,yes,no,False,attribute,target2,5.0,
P5,system2,./output/P5/2025-08-19_07-21-06/image.png,Is she wearing brown sandals?,yes,no,False,attribute,target2,5.0,
P5,system2,./output/P5/2025-08-19_07-21-06/image.png,Is she holding a straw hat?,yes,no,False,relation,target2,5.0,
P5,system2,./output/P5/2025-08-19_07-21-06/image.png,Is she holding a small camera to take a photo?,yes,no,False,relation,target2,5.0,
P5,system2,./output/P5/2025-08-19_07-21-06/image.png,Are there yellow buildings in the background?,yes,no,False,relation,target2,5.0,
P5,system2,./output/P5/2025-08-19_07-22-29/image.png,Is the man wearing a white shirt?,yes,yes,True,attribute,target2,7.0,
P5,system2,./output/P5/2025-08-19_07-22-29/image.png,Is he wearing beige trousers?,yes,yes,True,attribute,target2,7.0,
P5,system2,./output/P5/2025-08-19_07-22-29/image.png,Is he wearing black shoes?,yes,yes,True,attribute,target2,7.0,
P5,system2,./output/P5/2025-08-19_07-22-29/image.png,Is he wearing sunglasses?,yes,no,False,attribute,target2,7.0,
P5,system2,./output/P5/2025-08-19_07-22-29/image.png,Is he holding a map?,yes,no,False,relation,target2,7.0,
P5,system2,./output/P5/2025-08-19_07-22-29/image.png,Is the woman wearing a floral-patterned T-shirt?,yes,yes,True,attribute,target2,7.0,
P5,system2,./output/P5/2025-08-19_07-22-29/image.png,Is she wearing denim shorts?,yes,no,False,attribute,target2,7.0,
P5,system2,./output/P5/2025-08-19_07-22-29/image.png,Is she wearing sandals?,yes,yes,True,attribute,target2,7.0,
P5,system2,./output/P5/2025-08-19_07-22-29/image.png,Is she carrying a suitcase?,yes,no,False,relation,target2,7.0,
P5,system2,./output/P5/2025-08-19_07-22-29/image.png,Is she carrying a coffee cup?,yes,no,False,relation,target2,7.0,
P5,system2,./output/P5/2025-08-19_07-22-29/image.png,Is the other man wearing a bright green T-shirt?,yes,no,False,attribute,target2,7.0,
P5,system2,./output/P5/2025-08-19_07-22-29/image.png,Is he wearing beige shorts?,yes,no,False,attribute,target2,7.0,
P5,system2,./output/P5/2025-08-19_07-22-29/image.png,Is he wearing black sandals?,yes,yes,True,attribute,target2,7.0,
P5,system2,./output/P5/2025-08-19_07-22-29/image.png,Is he standing with his hands in his pockets?,yes,yes,True,relation,target2,7.0,
P5,system2,./output/P5/2025-08-19_07-22-29/image.png,Is the other woman wearing a sky-blue dress?,yes,no,False,attribute,target2,7.0,
P5,system2,./output/P5/2025-08-19_07-22-29/image.png,Is she wearing brown sandals?,yes,no,False,attribute,target2,7.0,
P5,system2,./output/P5/2025-08-19_07-22-29/image.png,Is she holding a straw hat?,yes,no,False,relation,target2,7.0,
P5,system2,./output/P5/2025-08-19_07-22-29/image.png,Is she holding a small camera to take a photo?,yes,no,False,relation,target2,7.0,
P5,system2,./output/P5/2025-08-19_07-22-29/image.png,Are there yellow buildings in the background?,yes,no,False,relation,target2,7.0,
P5,system2,./output/P5/2025-08-19_07-27-44/image.png,Is the man wearing a white shirt?,yes,yes,True,attribute,target2,5.0,
P5,system2,./output/P5/2025-08-19_07-27-44/image.png,Is he wearing beige trousers?,yes,yes,True,attribute,target2,5.0,
P5,system2,./output/P5/2025-08-19_07-27-44/image.png,Is he wearing black shoes?,yes,yes,True,attribute,target2,5.0,
P5,system2,./output/P5/2025-08-19_07-27-44/image.png,Is he wearing sunglasses?,yes,no,False,attribute,target2,5.0,
P5,system2,./output/P5/2025-08-19_07-27-44/image.png,Is he holding a map?,yes,no,False,relation,target2,5.0,
P5,system2,./output/P5/2025-08-19_07-27-44/image.png,Is the woman wearing a floral-patterned T-shirt?,yes,yes,True,attribute,target2,5.0,
P5,system2,./output/P5/2025-08-19_07-27-44/image.png,Is she wearing denim shorts?,yes,yes,True,attribute,target2,5.0,
P5,system2,./output/P5/2025-08-19_07-27-44/image.png,Is she wearing sandals?,yes,yes,True,attribute,target2,5.0,
P5,system2,./output/P5/2025-08-19_07-27-44/image.png,Is she carrying a suitcase?,yes,no,False,relation,target2,5.0,
P5,system2,./output/P5/2025-08-19_07-27-44/image.png,Is she carrying a coffee cup?,yes,no,False,relation,target2,5.0,
P5,system2,./output/P5/2025-08-19_07-27-44/image.png,Is the other man wearing a bright green T-shirt?,yes,no,False,attribute,target2,5.0,
P5,system2,./output/P5/2025-08-19_07-27-44/image.png,Is he wearing beige shorts?,yes,yes,True,attribute,target2,5.0,
P5,system2,./output/P5/2025-08-19_07-27-44/image.png,Is he wearing black sandals?,yes,yes,True,attribute,target2,5.0,
P5,system2,./output/P5/2025-08-19_07-27-44/image.png,Is he standing with his hands in his pockets?,yes,yes,True,relation,target2,5.0,
P5,system2,./output/P5/2025-08-19_07-27-44/image.png,Is the other woman wearing a sky-blue dress?,yes,no,False,attribute,target2,5.0,
P5,system2,./output/P5/2025-08-19_07-27-44/image.png,Is she wearing brown sandals?,yes,no,False,attribute,target2,5.0,
P5,system2,./output/P5/2025-08-19_07-27-44/image.png,Is she holding a straw hat?,yes,no,False,relation,target2,5.0,
P5,system2,./output/P5/2025-08-19_07-27-44/image.png,Is she holding a small camera to take a photo?,yes,no,False,relation,target2,5.0,
P5,system2,./output/P5/2025-08-19_07-27-44/image.png,Are there yellow buildings in the background?,yes,no,False,relation,target2,5.0,
P5,system2,./output/P5/2025-08-19_07-30-06/image.png,Is the man wearing a white shirt?,yes,yes,True,attribute,target2,6.0,
P5,system2,./output/P5/2025-08-19_07-30-06/image.png,Is he wearing beige trousers?,yes,yes,True,attribute,target2,6.0,
P5,system2,./output/P5/2025-08-19_07-30-06/image.png,Is he wearing black shoes?,yes,yes,True,attribute,target2,6.0,
P5,system2,./output/P5/2025-08-19_07-30-06/image.png,Is he wearing sunglasses?,yes,no,False,attribute,target2,6.0,
P5,system2,./output/P5/2025-08-19_07-30-06/image.png,Is he holding a map?,yes,no,False,relation,target2,6.0,
P5,system2,./output/P5/2025-08-19_07-30-06/image.png,Is the woman wearing a floral-patterned T-shirt?,yes,yes,True,attribute,target2,6.0,
P5,system2,./output/P5/2025-08-19_07-30-06/image.png,Is she wearing denim shorts?,yes,yes,True,attribute,target2,6.0,
P5,system2,./output/P5/2025-08-19_07-30-06/image.png,Is she wearing sandals?,yes,yes,True,attribute,target2,6.0,
P5,system2,./output/P5/2025-08-19_07-30-06/image.png,Is she carrying a suitcase?,yes,yes,True,relation,target2,6.0,
P5,system2,./output/P5/2025-08-19_07-30-06/image.png,Is she carrying a coffee cup?,yes,no,False,relation,target2,6.0,
P5,system2,./output/P5/2025-08-19_07-30-06/image.png,Is the other man wearing a bright green T-shirt?,yes,no,False,attribute,target2,6.0,
P5,system2,./output/P5/2025-08-19_07-30-06/image.png,Is he wearing beige shorts?,yes,yes,True,attribute,target2,6.0,
P5,system2,./output/P5/2025-08-19_07-30-06/image.png,Is he wearing black sandals?,yes,yes,True,attribute,target2,6.0,
P5,system2,./output/P5/2025-08-19_07-30-06/image.png,Is he standing with his hands in his pockets?,yes,yes,True,relation,target2,6.0,
P5,system2,./output/P5/2025-08-19_07-30-06/image.png,Is the other woman wearing a sky-blue dress?,yes,no,False,attribute,target2,6.0,
P5,system2,./output/P5/2025-08-19_07-30-06/image.png,Is she wearing brown sandals?,yes,no,False,attribute,target2,6.0,
P5,system2,./output/P5/2025-08-19_07-30-06/image.png,Is she holding a straw hat?,yes,no,False,relation,target2,6.0,
P5,system2,./output/P5/2025-08-19_07-30-06/image.png,Is she holding a small camera to take a photo?,yes,no,False,relation,target2,6.0,
P5,system2,./output/P5/2025-08-19_07-30-06/image.png,Are there yellow buildings in the background?,yes,no,False,relation,target2,6.0,
P5,system2,./output/P5/2025-08-19_07-37-26/image.png,Is the man wearing a white shirt?,yes,yes,True,attribute,target2,6.0,
P5,system2,./output/P5/2025-08-19_07-37-26/image.png,Is he wearing beige trousers?,yes,yes,True,attribute,target2,6.0,
P5,system2,./output/P5/2025-08-19_07-37-26/image.png,Is he wearing black shoes?,yes,yes,True,attribute,target2,6.0,
P5,system2,./output/P5/2025-08-19_07-37-26/image.png,Is he wearing sunglasses?,yes,no,False,attribute,target2,6.0,
P5,system2,./output/P5/2025-08-19_07-37-26/image.png,Is he holding a map?,yes,no,False,relation,target2,6.0,
P5,system2,./output/P5/2025-08-19_07-37-26/image.png,Is the woman wearing a floral-patterned T-shirt?,yes,yes,True,attribute,target2,6.0,
P5,system2,./output/P5/2025-08-19_07-37-26/image.png,Is she wearing denim shorts?,yes,yes,True,attribute,target2,6.0,
P5,system2,./output/P5/2025-08-19_07-37-26/image.png,Is she wearing sandals?,yes,yes,True,attribute,target2,6.0,
P5,system2,./output/P5/2025-08-19_07-37-26/image.png,Is she carrying a suitcase?,yes,no,False,relation,target2,6.0,
P5,system2,./output/P5/2025-08-19_07-37-26/image.png,Is she carrying a coffee cup?,yes,yes,True,relation,target2,6.0,
P5,system2,./output/P5/2025-08-19_07-37-26/image.png,Is the other man wearing a bright green T-shirt?,yes,no,False,attribute,target2,6.0,
P5,system2,./output/P5/2025-08-19_07-37-26/image.png,Is he wearing beige shorts?,yes,no,False,attribute,target2,6.0,
P5,system2,./output/P5/2025-08-19_07-37-26/image.png,Is he wearing black sandals?,yes,yes,True,attribute,target2,6.0,
P5,system2,./output/P5/2025-08-19_07-37-26/image.png,Is he standing with his hands in his pockets?,yes,yes,True,relation,target2,6.0,
P5,system2,./output/P5/2025-08-19_07-37-26/image.png,Is the other woman wearing a sky-blue dress?,yes,no,False,attribute,target2,6.0,
P5,system2,./output/P5/2025-08-19_07-37-26/image.png,Is she wearing brown sandals?,yes,yes,True,attribute,target2,6.0,
P5,system2,./output/P5/2025-08-19_07-37-26/image.png,Is she holding a straw hat?,yes,yes,True,relation,target2,6.0,
P5,system2,./output/P5/2025-08-19_07-37-26/image.png,Is she holding a small camera to take a photo?,yes,yes,True,relation,target2,6.0,
P5,system2,./output/P5/2025-08-19_07-37-26/image.png,Are there yellow buildings in the background?,yes,no,False,relation,target2,6.0,
P5,system2,./output/P5/2025-08-19_07-38-50/image.png,Is the man wearing a white shirt?,yes,yes,True,attribute,target2,6.0,
P5,system2,./output/P5/2025-08-19_07-38-50/image.png,Is he wearing beige trousers?,yes,yes,True,attribute,target2,6.0,
P5,system2,./output/P5/2025-08-19_07-38-50/image.png,Is he wearing black shoes?,yes,yes,True,attribute,target2,6.0,
P5,system2,./output/P5/2025-08-19_07-38-50/image.png,Is he wearing sunglasses?,yes,no,False,attribute,target2,6.0,
P5,system2,./output/P5/2025-08-19_07-38-50/image.png,Is he holding a map?,yes,no,False,relation,target2,6.0,
P5,system2,./output/P5/2025-08-19_07-38-50/image.png,Is the woman wearing a floral-patterned T-shirt?,yes,yes,True,attribute,target2,6.0,
P5,system2,./output/P5/2025-08-19_07-38-50/image.png,Is she wearing denim shorts?,yes,yes,True,attribute,target2,6.0,
P5,system2,./output/P5/2025-08-19_07-38-50/image.png,Is she wearing sandals?,yes,yes,True,attribute,target2,6.0,
P5,system2,./output/P5/2025-08-19_07-38-50/image.png,Is she carrying a suitcase?,yes,no,False,relation,target2,6.0,
P5,system2,./output/P5/2025-08-19_07-38-50/image.png,Is she carrying a coffee cup?,yes,yes,True,relation,target2,6.0,
P5,system2,./output/P5/2025-08-19_07-38-50/image.png,Is the other man wearing a bright green T-shirt?,yes,no,False,attribute,target2,6.0,
P5,system2,./output/P5/2025-08-19_07-38-50/image.png,Is he wearing beige shorts?,yes,no,False,attribute,target2,6.0,
P5,system2,./output/P5/2025-08-19_07-38-50/image.png,Is he wearing black sandals?,yes,yes,True,attribute,target2,6.0,
P5,system2,./output/P5/2025-08-19_07-38-50/image.png,Is he standing with his hands in his pockets?,yes,yes,True,relation,target2,6.0,
P5,system2,./output/P5/2025-08-19_07-38-50/image.png,Is the other woman wearing a sky-blue dress?,yes,yes,True,attribute,target2,6.0,
P5,system2,./output/P5/2025-08-19_07-38-50/image.png,Is she wearing brown sandals?,yes,yes,True,attribute,target2,6.0,
P5,system2,./output/P5/2025-08-19_07-38-50/image.png,Is she holding a straw hat?,yes,yes,True,relation,target2,6.0,
P5,system2,./output/P5/2025-08-19_07-38-50/image.png,Is she holding a small camera to take a photo?,yes,yes,True,relation,target2,6.0,
P5,system2,./output/P5/2025-08-19_07-38-50/image.png,Are there yellow buildings in the background?,yes,no,False,relation,target2,6.0,
P5,system1,./output/P5/2025-08-19_07-43-25/image.png,Is the elderly man wearing a black beret hat?,yes,yes,True,attribute,target1,3.0,
P5,system1,./output/P5/2025-08-19_07-43-25/image.png,Is the elderly man wearing a light gray cardigan?,yes,yes,True,attribute,target1,3.0,
P5,system1,./output/P5/2025-08-19_07-43-25/image.png,Is the elderly man wearing dark pants?,yes,yes,True,attribute,target1,3.0,
P5,system1,./output/P5/2025-08-19_07-43-25/image.png,Is the elderly man wearing black shoes?,yes,yes,True,attribute,target1,3.0,
P5,system1,./output/P5/2025-08-19_07-43-25/image.png,Is the woman wearing a dress with floral pattern?,yes,no,False,attribute,target1,3.0,
P5,system1,./output/P5/2025-08-19_07-43-25/image.png,Is the woman wearing white shoes?,yes,no,False,attribute,target1,3.0,
P5,system1,./output/P5/2025-08-19_07-43-25/image.png,Is the woman carrying a basket?,yes,no,False,relation,target1,3.0,
P5,system1,./output/P5/2025-08-19_07-43-25/image.png,Is the man wearing a bright blue polo shirt?,yes,no,False,attribute,target1,3.0,
P5,system1,./output/P5/2025-08-19_07-43-25/image.png,Is the man wearing beige shorts?,yes,no,False,attribute,target1,3.0,
P5,system1,./output/P5/2025-08-19_07-43-25/image.png,Is the man wearing black shoes?,yes,yes,True,attribute,target1,3.0,
P5,system1,./output/P5/2025-08-19_07-43-25/image.png,Is the man carrying a straw basket with the woman?,yes,no,False,attribute,target1,3.0,
P5,system1,./output/P5/2025-08-19_07-43-25/image.png,Is the man holding a large tray filled with bottled water?,yes,no,False,relation,target1,3.0,
P5,system1,./output/P5/2025-08-19_07-43-25/image.png,Is the girl wearing a pink sleeveless top?,yes,no,False,attribute,target1,3.0,
P5,system1,./output/P5/2025-08-19_07-43-25/image.png,Is the girl wearing a white skirt?,yes,no,False,attribute,target1,3.0,
P5,system1,./output/P5/2025-08-19_07-43-25/image.png,Is the girl wearing pink shoes?,yes,no,False,attribute,target1,3.0,
P5,system1,./output/P5/2025-08-19_07-43-25/image.png,Is the girl holding a yellow balloon floating above her?,yes,no,False,relation,target1,3.0,
P5,system1,./output/P5/2025-08-19_07-43-25/image.png,Is the girl carrying a brown teddy bear by its arm?,yes,no,False,relation,target1,3.0,
P5,system1,./output/P5/2025-08-19_07-43-25/image.png,Are there green trees in the background?,yes,no,False,relation,target1,3.0,
P5,system1,./output/P5/2025-08-19_07-43-25/image.png,Is there a car in the background?,yes,no,False,relation,target1,3.0,
P5,system1,./output/P5/2025-08-19_07-44-12/image.png,Is the elderly man wearing a black beret hat?,yes,yes,True,attribute,target1,6.0,
P5,system1,./output/P5/2025-08-19_07-44-12/image.png,Is the elderly man wearing a light gray cardigan?,yes,yes,True,attribute,target1,6.0,
P5,system1,./output/P5/2025-08-19_07-44-12/image.png,Is the elderly man wearing dark pants?,yes,yes,True,attribute,target1,6.0,
P5,system1,./output/P5/2025-08-19_07-44-12/image.png,Is the elderly man wearing black shoes?,yes,yes,True,attribute,target1,6.0,
P5,system1,./output/P5/2025-08-19_07-44-12/image.png,Is the woman wearing a dress with floral pattern?,yes,no,False,attribute,target1,6.0,
P5,system1,./output/P5/2025-08-19_07-44-12/image.png,Is the woman wearing white shoes?,yes,no,False,attribute,target1,6.0,
P5,system1,./output/P5/2025-08-19_07-44-12/image.png,Is the woman carrying a basket?,yes,no,False,relation,target1,6.0,
P5,system1,./output/P5/2025-08-19_07-44-12/image.png,Is the man wearing a bright blue polo shirt?,yes,no,False,attribute,target1,6.0,
P5,system1,./output/P5/2025-08-19_07-44-12/image.png,Is the man wearing beige shorts?,yes,no,False,attribute,target1,6.0,
P5,system1,./output/P5/2025-08-19_07-44-12/image.png,Is the man wearing black shoes?,yes,yes,True,attribute,target1,6.0,
P5,system1,./output/P5/2025-08-19_07-44-12/image.png,Is the man carrying a straw basket with the woman?,yes,no,False,attribute,target1,6.0,
P5,system1,./output/P5/2025-08-19_07-44-12/image.png,Is the man holding a large tray filled with bottled water?,yes,no,False,relation,target1,6.0,
P5,system1,./output/P5/2025-08-19_07-44-12/image.png,Is the girl wearing a pink sleeveless top?,yes,no,False,attribute,target1,6.0,
P5,system1,./output/P5/2025-08-19_07-44-12/image.png,Is the girl wearing a white skirt?,yes,no,False,attribute,target1,6.0,
P5,system1,./output/P5/2025-08-19_07-44-12/image.png,Is the girl wearing pink shoes?,yes,no,False,attribute,target1,6.0,
P5,system1,./output/P5/2025-08-19_07-44-12/image.png,Is the girl holding a yellow balloon floating above her?,yes,no,False,relation,target1,6.0,
P5,system1,./output/P5/2025-08-19_07-44-12/image.png,Is the girl carrying a brown teddy bear by its arm?,yes,no,False,relation,target1,6.0,
P5,system1,./output/P5/2025-08-19_07-44-12/image.png,Are there green trees in the background?,yes,no,False,relation,target1,6.0,
P5,system1,./output/P5/2025-08-19_07-44-12/image.png,Is there a car in the background?,yes,no,False,relation,target1,6.0,
P5,system1,./output/P5/2025-08-19_07-46-21/image.png,Is the elderly man wearing a black beret hat?,yes,yes,True,attribute,target1,6.0,
P5,system1,./output/P5/2025-08-19_07-46-21/image.png,Is the elderly man wearing a light gray cardigan?,yes,yes,True,attribute,target1,6.0,
P5,system1,./output/P5/2025-08-19_07-46-21/image.png,Is the elderly man wearing dark pants?,yes,yes,True,attribute,target1,6.0,
P5,system1,./output/P5/2025-08-19_07-46-21/image.png,Is the elderly man wearing black shoes?,yes,yes,True,attribute,target1,6.0,
P5,system1,./output/P5/2025-08-19_07-46-21/image.png,Is the woman wearing a dress with floral pattern?,yes,yes,True,attribute,target1,6.0,
P5,system1,./output/P5/2025-08-19_07-46-21/image.png,Is the woman wearing white shoes?,yes,no,False,attribute,target1,6.0,
P5,system1,./output/P5/2025-08-19_07-46-21/image.png,Is the woman carrying a basket?,yes,no,False,relation,target1,6.0,
P5,system1,./output/P5/2025-08-19_07-46-21/image.png,Is the man wearing a bright blue polo shirt?,yes,no,False,attribute,target1,6.0,
P5,system1,./output/P5/2025-08-19_07-46-21/image.png,Is the man wearing beige shorts?,yes,no,False,attribute,target1,6.0,
P5,system1,./output/P5/2025-08-19_07-46-21/image.png,Is the man wearing black shoes?,yes,yes,True,attribute,target1,6.0,
P5,system1,./output/P5/2025-08-19_07-46-21/image.png,Is the man carrying a straw basket with the woman?,yes,no,False,attribute,target1,6.0,
P5,system1,./output/P5/2025-08-19_07-46-21/image.png,Is the man holding a large tray filled with bottled water?,yes,no,False,relation,target1,6.0,
P5,system1,./output/P5/2025-08-19_07-46-21/image.png,Is the girl wearing a pink sleeveless top?,yes,no,False,attribute,target1,6.0,
P5,system1,./output/P5/2025-08-19_07-46-21/image.png,Is the girl wearing a white skirt?,yes,yes,True,attribute,target1,6.0,
P5,system1,./output/P5/2025-08-19_07-46-21/image.png,Is the girl wearing pink shoes?,yes,no,False,attribute,target1,6.0,
P5,system1,./output/P5/2025-08-19_07-46-21/image.png,Is the girl holding a yellow balloon floating above her?,yes,no,False,relation,target1,6.0,
P5,system1,./output/P5/2025-08-19_07-46-21/image.png,Is the girl carrying a brown teddy bear by its arm?,yes,no,False,relation,target1,6.0,
P5,system1,./output/P5/2025-08-19_07-46-21/image.png,Are there green trees in the background?,yes,yes,True,relation,target1,6.0,
P5,system1,./output/P5/2025-08-19_07-46-21/image.png,Is there a car in the background?,yes,no,False,relation,target1,6.0,
P5,system1,./output/P5/2025-08-19_07-51-25/image.png,Is the elderly man wearing a black beret hat?,yes,yes,True,attribute,target1,6.0,
P5,system1,./output/P5/2025-08-19_07-51-25/image.png,Is the elderly man wearing a light gray cardigan?,yes,yes,True,attribute,target1,6.0,
P5,system1,./output/P5/2025-08-19_07-51-25/image.png,Is the elderly man wearing dark pants?,yes,yes,True,attribute,target1,6.0,
P5,system1,./output/P5/2025-08-19_07-51-25/image.png,Is the elderly man wearing black shoes?,yes,yes,True,attribute,target1,6.0,
P5,system1,./output/P5/2025-08-19_07-51-25/image.png,Is the woman wearing a dress with floral pattern?,yes,yes,True,attribute,target1,6.0,
P5,system1,./output/P5/2025-08-19_07-51-25/image.png,Is the woman wearing white shoes?,yes,no,False,attribute,target1,6.0,
P5,system1,./output/P5/2025-08-19_07-51-25/image.png,Is the woman carrying a basket?,yes,yes,True,relation,target1,6.0,
P5,system1,./output/P5/2025-08-19_07-51-25/image.png,Is the man wearing a bright blue polo shirt?,yes,yes,True,attribute,target1,6.0,
P5,system1,./output/P5/2025-08-19_07-51-25/image.png,Is the man wearing beige shorts?,yes,yes,True,attribute,target1,6.0,
P5,system1,./output/P5/2025-08-19_07-51-25/image.png,Is the man wearing black shoes?,yes,yes,True,attribute,target1,6.0,
P5,system1,./output/P5/2025-08-19_07-51-25/image.png,Is the man carrying a straw basket with the woman?,yes,yes,True,attribute,target1,6.0,
P5,system1,./output/P5/2025-08-19_07-51-25/image.png,Is the man holding a large tray filled with bottled water?,yes,yes,True,relation,target1,6.0,
P5,system1,./output/P5/2025-08-19_07-51-25/image.png,Is the girl wearing a pink sleeveless top?,yes,no,False,attribute,target1,6.0,
P5,system1,./output/P5/2025-08-19_07-51-25/image.png,Is the girl wearing a white skirt?,yes,yes,True,attribute,target1,6.0,
P5,system1,./output/P5/2025-08-19_07-51-25/image.png,Is the girl wearing pink shoes?,yes,no,False,attribute,target1,6.0,
P5,system1,./output/P5/2025-08-19_07-51-25/image.png,Is the girl holding a yellow balloon floating above her?,yes,no,False,relation,target1,6.0,
P5,system1,./output/P5/2025-08-19_07-51-25/image.png,Is the girl carrying a brown teddy bear by its arm?,yes,no,False,relation,target1,6.0,
P5,system1,./output/P5/2025-08-19_07-51-25/image.png,Are there green trees in the background?,yes,yes,True,relation,target1,6.0,
P5,system1,./output/P5/2025-08-19_07-51-25/image.png,Is there a car in the background?,yes,no,False,relation,target1,6.0,
P5,system1,./output/P5/2025-08-19_07-55-00/image.png,Is the elderly man wearing a black beret hat?,yes,yes,True,attribute,target1,5.0,
P5,system1,./output/P5/2025-08-19_07-55-00/image.png,Is the elderly man wearing a light gray cardigan?,yes,yes,True,attribute,target1,5.0,
P5,system1,./output/P5/2025-08-19_07-55-00/image.png,Is the elderly man wearing dark pants?,yes,yes,True,attribute,target1,5.0,
P5,system1,./output/P5/2025-08-19_07-55-00/image.png,Is the elderly man wearing black shoes?,yes,yes,True,attribute,target1,5.0,
P5,system1,./output/P5/2025-08-19_07-55-00/image.png,Is the woman wearing a dress with floral pattern?,yes,yes,True,attribute,target1,5.0,
P5,system1,./output/P5/2025-08-19_07-55-00/image.png,Is the woman wearing white shoes?,yes,no,False,attribute,target1,5.0,
P5,system1,./output/P5/2025-08-19_07-55-00/image.png,Is the woman carrying a basket?,yes,no,False,relation,target1,5.0,
P5,system1,./output/P5/2025-08-19_07-55-00/image.png,Is the man wearing a bright blue polo shirt?,yes,yes,True,attribute,target1,5.0,
P5,system1,./output/P5/2025-08-19_07-55-00/image.png,Is the man wearing beige shorts?,yes,yes,True,attribute,target1,5.0,
P5,system1,./output/P5/2025-08-19_07-55-00/image.png,Is the man wearing black shoes?,yes,yes,True,attribute,target1,5.0,
P5,system1,./output/P5/2025-08-19_07-55-00/image.png,Is the man carrying a straw basket with the woman?,yes,no,False,attribute,target1,5.0,
P5,system1,./output/P5/2025-08-19_07-55-00/image.png,Is the man holding a large tray filled with bottled water?,yes,yes,True,relation,target1,5.0,
P5,system1,./output/P5/2025-08-19_07-55-00/image.png,Is the girl wearing a pink sleeveless top?,yes,no,False,attribute,target1,5.0,
P5,system1,./output/P5/2025-08-19_07-55-00/image.png,Is the girl wearing a white skirt?,yes,yes,True,attribute,target1,5.0,
P5,system1,./output/P5/2025-08-19_07-55-00/image.png,Is the girl wearing pink shoes?,yes,no,False,attribute,target1,5.0,
P5,system1,./output/P5/2025-08-19_07-55-00/image.png,Is the girl holding a yellow balloon floating above her?,yes,no,False,relation,target1,5.0,
P5,system1,./output/P5/2025-08-19_07-55-00/image.png,Is the girl carrying a brown teddy bear by its arm?,yes,no,False,relation,target1,5.0,
P5,system1,./output/P5/2025-08-19_07-55-00/image.png,Are there green trees in the background?,yes,no,False,relation,target1,5.0,
P5,system1,./output/P5/2025-08-19_07-55-00/image.png,Is there a car in the background?,yes,no,False,relation,target1,5.0,
P5,system1,./output/P5/2025-08-19_07-56-31/image.png,Is the elderly man wearing a black beret hat?,yes,yes,True,attribute,target1,7.0,
P5,system1,./output/P5/2025-08-19_07-56-31/image.png,Is the elderly man wearing a light gray cardigan?,yes,yes,True,attribute,target1,7.0,
P5,system1,./output/P5/2025-08-19_07-56-31/image.png,Is the elderly man wearing dark pants?,yes,yes,True,attribute,target1,7.0,
P5,system1,./output/P5/2025-08-19_07-56-31/image.png,Is the elderly man wearing black shoes?,yes,yes,True,attribute,target1,7.0,
P5,system1,./output/P5/2025-08-19_07-56-31/image.png,Is the woman wearing a dress with floral pattern?,yes,yes,True,attribute,target1,7.0,
P5,system1,./output/P5/2025-08-19_07-56-31/image.png,Is the woman wearing white shoes?,yes,no,False,attribute,target1,7.0,
P5,system1,./output/P5/2025-08-19_07-56-31/image.png,Is the woman carrying a basket?,yes,no,False,relation,target1,7.0,
P5,system1,./output/P5/2025-08-19_07-56-31/image.png,Is the man wearing a bright blue polo shirt?,yes,yes,True,attribute,target1,7.0,
P5,system1,./output/P5/2025-08-19_07-56-31/image.png,Is the man wearing beige shorts?,yes,yes,True,attribute,target1,7.0,
P5,system1,./output/P5/2025-08-19_07-56-31/image.png,Is the man wearing black shoes?,yes,no,False,attribute,target1,7.0,
P5,system1,./output/P5/2025-08-19_07-56-31/image.png,Is the man carrying a straw basket with the woman?,yes,yes,True,attribute,target1,7.0,
P5,system1,./output/P5/2025-08-19_07-56-31/image.png,Is the man holding a large tray filled with bottled water?,yes,yes,True,relation,target1,7.0,
P5,system1,./output/P5/2025-08-19_07-56-31/image.png,Is the girl wearing a pink sleeveless top?,yes,yes,True,attribute,target1,7.0,
P5,system1,./output/P5/2025-08-19_07-56-31/image.png,Is the girl wearing a white skirt?,yes,yes,True,attribute,target1,7.0,
P5,system1,./output/P5/2025-08-19_07-56-31/image.png,Is the girl wearing pink shoes?,yes,yes,True,attribute,target1,7.0,
P5,system1,./output/P5/2025-08-19_07-56-31/image.png,Is the girl holding a yellow balloon floating above her?,yes,yes,True,relation,target1,7.0,
P5,system1,./output/P5/2025-08-19_07-56-31/image.png,Is the girl carrying a brown teddy bear by its arm?,yes,yes,True,relation,target1,7.0,
P5,system1,./output/P5/2025-08-19_07-56-31/image.png,Are there green trees in the background?,yes,yes,True,relation,target1,7.0,
P5,system1,./output/P5/2025-08-19_07-56-31/image.png,Is there a car in the background?,yes,no,False,relation,target1,7.0,
P6,system2,./output/P6/2025-08-20_05-35-13/image.png,Is the elderly man wearing a black beret hat?,yes,no,False,attribute,target1,3.0,
P6,system2,./output/P6/2025-08-20_05-35-13/image.png,Is the elderly man wearing a light gray cardigan?,yes,no,False,attribute,target1,3.0,
P6,system2,./output/P6/2025-08-20_05-35-13/image.png,Is the elderly man wearing dark pants?,yes,no,False,attribute,target1,3.0,
P6,system2,./output/P6/2025-08-20_05-35-13/image.png,Is the elderly man wearing black shoes?,yes,yes,True,attribute,target1,3.0,
P6,system2,./output/P6/2025-08-20_05-35-13/image.png,Is the woman wearing a dress with floral pattern?,yes,no,False,attribute,target1,3.0,
P6,system2,./output/P6/2025-08-20_05-35-13/image.png,Is the woman wearing white shoes?,yes,no,False,attribute,target1,3.0,
P6,system2,./output/P6/2025-08-20_05-35-13/image.png,Is the woman carrying a basket?,yes,no,False,relation,target1,3.0,
P6,system2,./output/P6/2025-08-20_05-35-13/image.png,Is the man wearing a bright blue polo shirt?,yes,yes,True,attribute,target1,3.0,
P6,system2,./output/P6/2025-08-20_05-35-13/image.png,Is the man wearing beige shorts?,yes,yes,True,attribute,target1,3.0,
P6,system2,./output/P6/2025-08-20_05-35-13/image.png,Is the man wearing black shoes?,yes,yes,True,attribute,target1,3.0,
P6,system2,./output/P6/2025-08-20_05-35-13/image.png,Is the man carrying a straw basket with the woman?,yes,no,False,attribute,target1,3.0,
P6,system2,./output/P6/2025-08-20_05-35-13/image.png,Is the man holding a large tray filled with bottled water?,yes,no,False,relation,target1,3.0,
P6,system2,./output/P6/2025-08-20_05-35-13/image.png,Is the girl wearing a pink sleeveless top?,yes,yes,True,attribute,target1,3.0,
P6,system2,./output/P6/2025-08-20_05-35-13/image.png,Is the girl wearing a white skirt?,yes,no,False,attribute,target1,3.0,
P6,system2,./output/P6/2025-08-20_05-35-13/image.png,Is the girl wearing pink shoes?,yes,yes,True,attribute,target1,3.0,
P6,system2,./output/P6/2025-08-20_05-35-13/image.png,Is the girl holding a yellow balloon floating above her?,yes,yes,True,relation,target1,3.0,
P6,system2,./output/P6/2025-08-20_05-35-13/image.png,Is the girl carrying a brown teddy bear by its arm?,yes,yes,True,relation,target1,3.0,
P6,system2,./output/P6/2025-08-20_05-35-13/image.png,Are there green trees in the background?,yes,yes,True,relation,target1,3.0,
P6,system2,./output/P6/2025-08-20_05-35-13/image.png,Is there a car in the background?,yes,yes,True,relation,target1,3.0,
P6,system2,./output/P6/2025-08-20_05-39-43/image.png,Is the elderly man wearing a black beret hat?,yes,yes,True,attribute,target1,4.0,
P6,system2,./output/P6/2025-08-20_05-39-43/image.png,Is the elderly man wearing a light gray cardigan?,yes,no,False,attribute,target1,4.0,
P6,system2,./output/P6/2025-08-20_05-39-43/image.png,Is the elderly man wearing dark pants?,yes,no,False,attribute,target1,4.0,
P6,system2,./output/P6/2025-08-20_05-39-43/image.png,Is the elderly man wearing black shoes?,yes,no,False,attribute,target1,4.0,
P6,system2,./output/P6/2025-08-20_05-39-43/image.png,Is the woman wearing a dress with floral pattern?,yes,no,False,attribute,target1,4.0,
P6,system2,./output/P6/2025-08-20_05-39-43/image.png,Is the woman wearing white shoes?,yes,no,False,attribute,target1,4.0,
P6,system2,./output/P6/2025-08-20_05-39-43/image.png,Is the woman carrying a basket?,yes,yes,True,relation,target1,4.0,
P6,system2,./output/P6/2025-08-20_05-39-43/image.png,Is the man wearing a bright blue polo shirt?,yes,yes,True,attribute,target1,4.0,
P6,system2,./output/P6/2025-08-20_05-39-43/image.png,Is the man wearing beige shorts?,yes,yes,True,attribute,target1,4.0,
P6,system2,./output/P6/2025-08-20_05-39-43/image.png,Is the man wearing black shoes?,yes,no,False,attribute,target1,4.0,
P6,system2,./output/P6/2025-08-20_05-39-43/image.png,Is the man carrying a straw basket with the woman?,yes,yes,True,attribute,target1,4.0,
P6,system2,./output/P6/2025-08-20_05-39-43/image.png,Is the man holding a large tray filled with bottled water?,yes,yes,True,relation,target1,4.0,
P6,system2,./output/P6/2025-08-20_05-39-43/image.png,Is the girl wearing a pink sleeveless top?,yes,yes,True,attribute,target1,4.0,
P6,system2,./output/P6/2025-08-20_05-39-43/image.png,Is the girl wearing a white skirt?,yes,no,False,attribute,target1,4.0,
P6,system2,./output/P6/2025-08-20_05-39-43/image.png,Is the girl wearing pink shoes?,yes,yes,True,attribute,target1,4.0,
P6,system2,./output/P6/2025-08-20_05-39-43/image.png,Is the girl holding a yellow balloon floating above her?,yes,yes,True,relation,target1,4.0,
P6,system2,./output/P6/2025-08-20_05-39-43/image.png,Is the girl carrying a brown teddy bear by its arm?,yes,yes,True,relation,target1,4.0,
P6,system2,./output/P6/2025-08-20_05-39-43/image.png,Are there green trees in the background?,yes,yes,True,relation,target1,4.0,
P6,system2,./output/P6/2025-08-20_05-39-43/image.png,Is there a car in the background?,yes,yes,True,relation,target1,4.0,
P6,system2,./output/P6/2025-08-20_05-41-34/image.png,Is the elderly man wearing a black beret hat?,yes,yes,True,attribute,target1,5.0,
P6,system2,./output/P6/2025-08-20_05-41-34/image.png,Is the elderly man wearing a light gray cardigan?,yes,no,False,attribute,target1,5.0,
P6,system2,./output/P6/2025-08-20_05-41-34/image.png,Is the elderly man wearing dark pants?,yes,yes,True,attribute,target1,5.0,
P6,system2,./output/P6/2025-08-20_05-41-34/image.png,Is the elderly man wearing black shoes?,yes,no,False,attribute,target1,5.0,
P6,system2,./output/P6/2025-08-20_05-41-34/image.png,Is the woman wearing a dress with floral pattern?,yes,no,False,attribute,target1,5.0,
P6,system2,./output/P6/2025-08-20_05-41-34/image.png,Is the woman wearing white shoes?,yes,no,False,attribute,target1,5.0,
P6,system2,./output/P6/2025-08-20_05-41-34/image.png,Is the woman carrying a basket?,yes,yes,True,relation,target1,5.0,
P6,system2,./output/P6/2025-08-20_05-41-34/image.png,Is the man wearing a bright blue polo shirt?,yes,yes,True,attribute,target1,5.0,
P6,system2,./output/P6/2025-08-20_05-41-34/image.png,Is the man wearing beige shorts?,yes,yes,True,attribute,target1,5.0,
P6,system2,./output/P6/2025-08-20_05-41-34/image.png,Is the man wearing black shoes?,yes,no,False,attribute,target1,5.0,
P6,system2,./output/P6/2025-08-20_05-41-34/image.png,Is the man carrying a straw basket with the woman?,yes,yes,True,attribute,target1,5.0,
P6,system2,./output/P6/2025-08-20_05-41-34/image.png,Is the man holding a large tray filled with bottled water?,yes,no,False,relation,target1,5.0,
P6,system2,./output/P6/2025-08-20_05-41-34/image.png,Is the girl wearing a pink sleeveless top?,yes,yes,True,attribute,target1,5.0,
P6,system2,./output/P6/2025-08-20_05-41-34/image.png,Is the girl wearing a white skirt?,yes,no,False,attribute,target1,5.0,
P6,system2,./output/P6/2025-08-20_05-41-34/image.png,Is the girl wearing pink shoes?,yes,no,False,attribute,target1,5.0,
P6,system2,./output/P6/2025-08-20_05-41-34/image.png,Is the girl holding a yellow balloon floating above her?,yes,yes,True,relation,target1,5.0,
P6,system2,./output/P6/2025-08-20_05-41-34/image.png,Is the girl carrying a brown teddy bear by its arm?,yes,yes,True,relation,target1,5.0,
P6,system2,./output/P6/2025-08-20_05-41-34/image.png,Are there green trees in the background?,yes,yes,True,relation,target1,5.0,
P6,system2,./output/P6/2025-08-20_05-41-34/image.png,Is there a car in the background?,yes,yes,True,relation,target1,5.0,
P6,system2,./output/P6/2025-08-20_05-43-03/image.png,Is the elderly man wearing a black beret hat?,yes,yes,True,attribute,target1,5.0,
P6,system2,./output/P6/2025-08-20_05-43-03/image.png,Is the elderly man wearing a light gray cardigan?,yes,no,False,attribute,target1,5.0,
P6,system2,./output/P6/2025-08-20_05-43-03/image.png,Is the elderly man wearing dark pants?,yes,no,False,attribute,target1,5.0,
P6,system2,./output/P6/2025-08-20_05-43-03/image.png,Is the elderly man wearing black shoes?,yes,no,False,attribute,target1,5.0,
P6,system2,./output/P6/2025-08-20_05-43-03/image.png,Is the woman wearing a dress with floral pattern?,yes,no,False,attribute,target1,5.0,
P6,system2,./output/P6/2025-08-20_05-43-03/image.png,Is the woman wearing white shoes?,yes,no,False,attribute,target1,5.0,
P6,system2,./output/P6/2025-08-20_05-43-03/image.png,Is the woman carrying a basket?,yes,yes,True,relation,target1,5.0,
P6,system2,./output/P6/2025-08-20_05-43-03/image.png,Is the man wearing a bright blue polo shirt?,yes,yes,True,attribute,target1,5.0,
P6,system2,./output/P6/2025-08-20_05-43-03/image.png,Is the man wearing beige shorts?,yes,yes,True,attribute,target1,5.0,
P6,system2,./output/P6/2025-08-20_05-43-03/image.png,Is the man wearing black shoes?,yes,no,False,attribute,target1,5.0,
P6,system2,./output/P6/2025-08-20_05-43-03/image.png,Is the man carrying a straw basket with the woman?,yes,yes,True,attribute,target1,5.0,
P6,system2,./output/P6/2025-08-20_05-43-03/image.png,Is the man holding a large tray filled with bottled water?,yes,no,False,relation,target1,5.0,
P6,system2,./output/P6/2025-08-20_05-43-03/image.png,Is the girl wearing a pink sleeveless top?,yes,yes,True,attribute,target1,5.0,
P6,system2,./output/P6/2025-08-20_05-43-03/image.png,Is the girl wearing a white skirt?,yes,no,False,attribute,target1,5.0,
P6,system2,./output/P6/2025-08-20_05-43-03/image.png,Is the girl wearing pink shoes?,yes,no,False,attribute,target1,5.0,
P6,system2,./output/P6/2025-08-20_05-43-03/image.png,Is the girl holding a yellow balloon floating above her?,yes,yes,True,relation,target1,5.0,
P6,system2,./output/P6/2025-08-20_05-43-03/image.png,Is the girl carrying a brown teddy bear by its arm?,yes,yes,True,relation,target1,5.0,
P6,system2,./output/P6/2025-08-20_05-43-03/image.png,Are there green trees in the background?,yes,yes,True,relation,target1,5.0,
P6,system2,./output/P6/2025-08-20_05-43-03/image.png,Is there a car in the background?,yes,yes,True,relation,target1,5.0,
P6,system2,./output/P6/2025-08-20_05-45-00/image.png,Is the elderly man wearing a black beret hat?,yes,yes,True,attribute,target1,6.0,
P6,system2,./output/P6/2025-08-20_05-45-00/image.png,Is the elderly man wearing a light gray cardigan?,yes,no,False,attribute,target1,6.0,
P6,system2,./output/P6/2025-08-20_05-45-00/image.png,Is the elderly man wearing dark pants?,yes,no,False,attribute,target1,6.0,
P6,system2,./output/P6/2025-08-20_05-45-00/image.png,Is the elderly man wearing black shoes?,yes,no,False,attribute,target1,6.0,
P6,system2,./output/P6/2025-08-20_05-45-00/image.png,Is the woman wearing a dress with floral pattern?,yes,no,False,attribute,target1,6.0,
P6,system2,./output/P6/2025-08-20_05-45-00/image.png,Is the woman wearing white shoes?,yes,no,False,attribute,target1,6.0,
P6,system2,./output/P6/2025-08-20_05-45-00/image.png,Is the woman carrying a basket?,yes,yes,True,relation,target1,6.0,
P6,system2,./output/P6/2025-08-20_05-45-00/image.png,Is the man wearing a bright blue polo shirt?,yes,yes,True,attribute,target1,6.0,
P6,system2,./output/P6/2025-08-20_05-45-00/image.png,Is the man wearing beige shorts?,yes,yes,True,attribute,target1,6.0,
P6,system2,./output/P6/2025-08-20_05-45-00/image.png,Is the man wearing black shoes?,yes,no,False,attribute,target1,6.0,
P6,system2,./output/P6/2025-08-20_05-45-00/image.png,Is the man carrying a straw basket with the woman?,yes,yes,True,attribute,target1,6.0,
P6,system2,./output/P6/2025-08-20_05-45-00/image.png,Is the man holding a large tray filled with bottled water?,yes,yes,True,relation,target1,6.0,
P6,system2,./output/P6/2025-08-20_05-45-00/image.png,Is the girl wearing a pink sleeveless top?,yes,yes,True,attribute,target1,6.0,
P6,system2,./output/P6/2025-08-20_05-45-00/image.png,Is the girl wearing a white skirt?,yes,no,False,attribute,target1,6.0,
P6,system2,./output/P6/2025-08-20_05-45-00/image.png,Is the girl wearing pink shoes?,yes,yes,True,attribute,target1,6.0,
P6,system2,./output/P6/2025-08-20_05-45-00/image.png,Is the girl holding a yellow balloon floating above her?,yes,yes,True,relation,target1,6.0,
P6,system2,./output/P6/2025-08-20_05-45-00/image.png,Is the girl carrying a brown teddy bear by its arm?,yes,yes,True,relation,target1,6.0,
P6,system2,./output/P6/2025-08-20_05-45-00/image.png,Are there green trees in the background?,yes,yes,True,relation,target1,6.0,
P6,system2,./output/P6/2025-08-20_05-45-00/image.png,Is there a car in the background?,yes,yes,True,relation,target1,6.0,
P6,system2,./output/P6/2025-08-20_05-48-52/image.png,Is the elderly man wearing a black beret hat?,yes,no,False,attribute,target1,6.0,
P6,system2,./output/P6/2025-08-20_05-48-52/image.png,Is the elderly man wearing a light gray cardigan?,yes,yes,True,attribute,target1,6.0,
P6,system2,./output/P6/2025-08-20_05-48-52/image.png,Is the elderly man wearing dark pants?,yes,yes,True,attribute,target1,6.0,
P6,system2,./output/P6/2025-08-20_05-48-52/image.png,Is the elderly man wearing black shoes?,yes,no,False,attribute,target1,6.0,
P6,system2,./output/P6/2025-08-20_05-48-52/image.png,Is the woman wearing a dress with floral pattern?,yes,no,False,attribute,target1,6.0,
P6,system2,./output/P6/2025-08-20_05-48-52/image.png,Is the woman wearing white shoes?,yes,no,False,attribute,target1,6.0,
P6,system2,./output/P6/2025-08-20_05-48-52/image.png,Is the woman carrying a basket?,yes,yes,True,relation,target1,6.0,
P6,system2,./output/P6/2025-08-20_05-48-52/image.png,Is the man wearing a bright blue polo shirt?,yes,yes,True,attribute,target1,6.0,
P6,system2,./output/P6/2025-08-20_05-48-52/image.png,Is the man wearing beige shorts?,yes,yes,True,attribute,target1,6.0,
P6,system2,./output/P6/2025-08-20_05-48-52/image.png,Is the man wearing black shoes?,yes,no,False,attribute,target1,6.0,
P6,system2,./output/P6/2025-08-20_05-48-52/image.png,Is the man carrying a straw basket with the woman?,yes,yes,True,attribute,target1,6.0,
P6,system2,./output/P6/2025-08-20_05-48-52/image.png,Is the man holding a large tray filled with bottled water?,yes,no,False,relation,target1,6.0,
P6,system2,./output/P6/2025-08-20_05-48-52/image.png,Is the girl wearing a pink sleeveless top?,yes,yes,True,attribute,target1,6.0,
P6,system2,./output/P6/2025-08-20_05-48-52/image.png,Is the girl wearing a white skirt?,yes,no,False,attribute,target1,6.0,
P6,system2,./output/P6/2025-08-20_05-48-52/image.png,Is the girl wearing pink shoes?,yes,yes,True,attribute,target1,6.0,
P6,system2,./output/P6/2025-08-20_05-48-52/image.png,Is the girl holding a yellow balloon floating above her?,yes,yes,True,relation,target1,6.0,
P6,system2,./output/P6/2025-08-20_05-48-52/image.png,Is the girl carrying a brown teddy bear by its arm?,yes,yes,True,relation,target1,6.0,
P6,system2,./output/P6/2025-08-20_05-48-52/image.png,Are there green trees in the background?,yes,yes,True,relation,target1,6.0,
P6,system2,./output/P6/2025-08-20_05-48-52/image.png,Is there a car in the background?,yes,yes,True,relation,target1,6.0,
P6,system1,./output/P6/2025-08-20_05-55-41/image.png,Is the man wearing a white shirt?,yes,yes,True,attribute,target2,4.0,
P6,system1,./output/P6/2025-08-20_05-55-41/image.png,Is he wearing beige trousers?,yes,yes,True,attribute,target2,4.0,
P6,system1,./output/P6/2025-08-20_05-55-41/image.png,Is he wearing black shoes?,yes,yes,True,attribute,target2,4.0,
P6,system1,./output/P6/2025-08-20_05-55-41/image.png,Is he wearing sunglasses?,yes,no,False,attribute,target2,4.0,
P6,system1,./output/P6/2025-08-20_05-55-41/image.png,Is he holding a map?,yes,yes,True,relation,target2,4.0,
P6,system1,./output/P6/2025-08-20_05-55-41/image.png,Is the woman wearing a floral-patterned T-shirt?,yes,yes,True,attribute,target2,4.0,
P6,system1,./output/P6/2025-08-20_05-55-41/image.png,Is she wearing denim shorts?,yes,yes,True,attribute,target2,4.0,
P6,system1,./output/P6/2025-08-20_05-55-41/image.png,Is she wearing sandals?,yes,yes,True,attribute,target2,4.0,
P6,system1,./output/P6/2025-08-20_05-55-41/image.png,Is she carrying a suitcase?,yes,no,False,relation,target2,4.0,
P6,system1,./output/P6/2025-08-20_05-55-41/image.png,Is she carrying a coffee cup?,yes,yes,True,relation,target2,4.0,
P6,system1,./output/P6/2025-08-20_05-55-41/image.png,Is the other man wearing a bright green T-shirt?,yes,yes,True,attribute,target2,4.0,
P6,system1,./output/P6/2025-08-20_05-55-41/image.png,Is he wearing beige shorts?,yes,yes,True,attribute,target2,4.0,
P6,system1,./output/P6/2025-08-20_05-55-41/image.png,Is he wearing black sandals?,yes,no,False,attribute,target2,4.0,
P6,system1,./output/P6/2025-08-20_05-55-41/image.png,Is he standing with his hands in his pockets?,yes,yes,True,relation,target2,4.0,
P6,system1,./output/P6/2025-08-20_05-55-41/image.png,Is the other woman wearing a sky-blue dress?,yes,yes,True,attribute,target2,4.0,
P6,system1,./output/P6/2025-08-20_05-55-41/image.png,Is she wearing brown sandals?,yes,no,False,attribute,target2,4.0,
P6,system1,./output/P6/2025-08-20_05-55-41/image.png,Is she holding a straw hat?,yes,yes,True,relation,target2,4.0,
P6,system1,./output/P6/2025-08-20_05-55-41/image.png,Is she holding a small camera to take a photo?,yes,yes,True,relation,target2,4.0,
P6,system1,./output/P6/2025-08-20_05-55-41/image.png,Are there yellow buildings in the background?,yes,no,False,relation,target2,4.0,
P6,system1,./output/P6/2025-08-20_05-56-32/image.png,Is the man wearing a white shirt?,yes,yes,True,attribute,target2,4.0,
P6,system1,./output/P6/2025-08-20_05-56-32/image.png,Is he wearing beige trousers?,yes,yes,True,attribute,target2,4.0,
P6,system1,./output/P6/2025-08-20_05-56-32/image.png,Is he wearing black shoes?,yes,yes,True,attribute,target2,4.0,
P6,system1,./output/P6/2025-08-20_05-56-32/image.png,Is he wearing sunglasses?,yes,no,False,attribute,target2,4.0,
P6,system1,./output/P6/2025-08-20_05-56-32/image.png,Is he holding a map?,yes,yes,True,relation,target2,4.0,
P6,system1,./output/P6/2025-08-20_05-56-32/image.png,Is the woman wearing a floral-patterned T-shirt?,yes,yes,True,attribute,target2,4.0,
P6,system1,./output/P6/2025-08-20_05-56-32/image.png,Is she wearing denim shorts?,yes,yes,True,attribute,target2,4.0,
P6,system1,./output/P6/2025-08-20_05-56-32/image.png,Is she wearing sandals?,yes,yes,True,attribute,target2,4.0,
P6,system1,./output/P6/2025-08-20_05-56-32/image.png,Is she carrying a suitcase?,yes,no,False,relation,target2,4.0,
P6,system1,./output/P6/2025-08-20_05-56-32/image.png,Is she carrying a coffee cup?,yes,yes,True,relation,target2,4.0,
P6,system1,./output/P6/2025-08-20_05-56-32/image.png,Is the other man wearing a bright green T-shirt?,yes,yes,True,attribute,target2,4.0,
P6,system1,./output/P6/2025-08-20_05-56-32/image.png,Is he wearing beige shorts?,yes,yes,True,attribute,target2,4.0,
P6,system1,./output/P6/2025-08-20_05-56-32/image.png,Is he wearing black sandals?,yes,no,False,attribute,target2,4.0,
P6,system1,./output/P6/2025-08-20_05-56-32/image.png,Is he standing with his hands in his pockets?,yes,yes,True,relation,target2,4.0,
P6,system1,./output/P6/2025-08-20_05-56-32/image.png,Is the other woman wearing a sky-blue dress?,yes,yes,True,attribute,target2,4.0,
P6,system1,./output/P6/2025-08-20_05-56-32/image.png,Is she wearing brown sandals?,yes,no,False,attribute,target2,4.0,
P6,system1,./output/P6/2025-08-20_05-56-32/image.png,Is she holding a straw hat?,yes,yes,True,relation,target2,4.0,
P6,system1,./output/P6/2025-08-20_05-56-32/image.png,Is she holding a small camera to take a photo?,yes,yes,True,relation,target2,4.0,
P6,system1,./output/P6/2025-08-20_05-56-32/image.png,Are there yellow buildings in the background?,yes,no,False,relation,target2,4.0,
P6,system1,./output/P6/2025-08-20_05-57-30/image.png,Is the man wearing a white shirt?,yes,yes,True,attribute,target2,4.0,
P6,system1,./output/P6/2025-08-20_05-57-30/image.png,Is he wearing beige trousers?,yes,yes,True,attribute,target2,4.0,
P6,system1,./output/P6/2025-08-20_05-57-30/image.png,Is he wearing black shoes?,yes,yes,True,attribute,target2,4.0,
P6,system1,./output/P6/2025-08-20_05-57-30/image.png,Is he wearing sunglasses?,yes,no,False,attribute,target2,4.0,
P6,system1,./output/P6/2025-08-20_05-57-30/image.png,Is he holding a map?,yes,yes,True,relation,target2,4.0,
P6,system1,./output/P6/2025-08-20_05-57-30/image.png,Is the woman wearing a floral-patterned T-shirt?,yes,yes,True,attribute,target2,4.0,
P6,system1,./output/P6/2025-08-20_05-57-30/image.png,Is she wearing denim shorts?,yes,no,False,attribute,target2,4.0,
P6,system1,./output/P6/2025-08-20_05-57-30/image.png,Is she wearing sandals?,yes,yes,True,attribute,target2,4.0,
P6,system1,./output/P6/2025-08-20_05-57-30/image.png,Is she carrying a suitcase?,yes,no,False,relation,target2,4.0,
P6,system1,./output/P6/2025-08-20_05-57-30/image.png,Is she carrying a coffee cup?,yes,yes,True,relation,target2,4.0,
P6,system1,./output/P6/2025-08-20_05-57-30/image.png,Is the other man wearing a bright green T-shirt?,yes,yes,True,attribute,target2,4.0,
P6,system1,./output/P6/2025-08-20_05-57-30/image.png,Is he wearing beige shorts?,yes,yes,True,attribute,target2,4.0,
P6,system1,./output/P6/2025-08-20_05-57-30/image.png,Is he wearing black sandals?,yes,no,False,attribute,target2,4.0,
P6,system1,./output/P6/2025-08-20_05-57-30/image.png,Is he standing with his hands in his pockets?,yes,yes,True,relation,target2,4.0,
P6,system1,./output/P6/2025-08-20_05-57-30/image.png,Is the other woman wearing a sky-blue dress?,yes,yes,True,attribute,target2,4.0,
P6,system1,./output/P6/2025-08-20_05-57-30/image.png,Is she wearing brown sandals?,yes,yes,True,attribute,target2,4.0,
P6,system1,./output/P6/2025-08-20_05-57-30/image.png,Is she holding a straw hat?,yes,yes,True,relation,target2,4.0,
P6,system1,./output/P6/2025-08-20_05-57-30/image.png,Is she holding a small camera to take a photo?,yes,yes,True,relation,target2,4.0,
P6,system1,./output/P6/2025-08-20_05-57-30/image.png,Are there yellow buildings in the background?,yes,no,False,relation,target2,4.0,
P7,system1,./output/P7/2025-08-20_10-56-07/image.png,Is the man wearing a white shirt?,yes,yes,True,attribute,target2,6.0,
P7,system1,./output/P7/2025-08-20_10-56-07/image.png,Is he wearing beige trousers?,yes,no,False,attribute,target2,6.0,
P7,system1,./output/P7/2025-08-20_10-56-07/image.png,Is he wearing black shoes?,yes,yes,True,attribute,target2,6.0,
P7,system1,./output/P7/2025-08-20_10-56-07/image.png,Is he wearing sunglasses?,yes,yes,True,attribute,target2,6.0,
P7,system1,./output/P7/2025-08-20_10-56-07/image.png,Is he holding a map?,yes,yes,True,relation,target2,6.0,
P7,system1,./output/P7/2025-08-20_10-56-07/image.png,Is the woman wearing a floral-patterned T-shirt?,yes,yes,True,attribute,target2,6.0,
P7,system1,./output/P7/2025-08-20_10-56-07/image.png,Is she wearing denim shorts?,yes,no,False,attribute,target2,6.0,
P7,system1,./output/P7/2025-08-20_10-56-07/image.png,Is she wearing sandals?,yes,yes,True,attribute,target2,6.0,
P7,system1,./output/P7/2025-08-20_10-56-07/image.png,Is she carrying a suitcase?,yes,yes,True,relation,target2,6.0,
P7,system1,./output/P7/2025-08-20_10-56-07/image.png,Is she carrying a coffee cup?,yes,yes,True,relation,target2,6.0,
P7,system1,./output/P7/2025-08-20_10-56-07/image.png,Is the other man wearing a bright green T-shirt?,yes,yes,True,attribute,target2,6.0,
P7,system1,./output/P7/2025-08-20_10-56-07/image.png,Is he wearing beige shorts?,yes,no,False,attribute,target2,6.0,
P7,system1,./output/P7/2025-08-20_10-56-07/image.png,Is he wearing black sandals?,yes,yes,True,attribute,target2,6.0,
P7,system1,./output/P7/2025-08-20_10-56-07/image.png,Is he standing with his hands in his pockets?,yes,yes,True,relation,target2,6.0,
P7,system1,./output/P7/2025-08-20_10-56-07/image.png,Is the other woman wearing a sky-blue dress?,yes,yes,True,attribute,target2,6.0,
P7,system1,./output/P7/2025-08-20_10-56-07/image.png,Is she wearing brown sandals?,yes,no,False,attribute,target2,6.0,
P7,system1,./output/P7/2025-08-20_10-56-07/image.png,Is she holding a straw hat?,yes,no,False,relation,target2,6.0,
P7,system1,./output/P7/2025-08-20_10-56-07/image.png,Is she holding a small camera to take a photo?,yes,yes,True,relation,target2,6.0,
P7,system1,./output/P7/2025-08-20_10-56-07/image.png,Are there yellow buildings in the background?,yes,yes,True,relation,target2,6.0,
P7,system1,./output/P7/2025-08-20_11-00-23/image.png,Is the man wearing a white shirt?,yes,yes,True,attribute,target2,5.0,
P7,system1,./output/P7/2025-08-20_11-00-23/image.png,Is he wearing beige trousers?,yes,yes,True,attribute,target2,5.0,
P7,system1,./output/P7/2025-08-20_11-00-23/image.png,Is he wearing black shoes?,yes,yes,True,attribute,target2,5.0,
P7,system1,./output/P7/2025-08-20_11-00-23/image.png,Is he wearing sunglasses?,yes,yes,True,attribute,target2,5.0,
P7,system1,./output/P7/2025-08-20_11-00-23/image.png,Is he holding a map?,yes,yes,True,relation,target2,5.0,
P7,system1,./output/P7/2025-08-20_11-00-23/image.png,Is the woman wearing a floral-patterned T-shirt?,yes,yes,True,attribute,target2,5.0,
P7,system1,./output/P7/2025-08-20_11-00-23/image.png,Is she wearing denim shorts?,yes,no,False,attribute,target2,5.0,
P7,system1,./output/P7/2025-08-20_11-00-23/image.png,Is she wearing sandals?,yes,yes,True,attribute,target2,5.0,
P7,system1,./output/P7/2025-08-20_11-00-23/image.png,Is she carrying a suitcase?,yes,yes,True,relation,target2,5.0,
P7,system1,./output/P7/2025-08-20_11-00-23/image.png,Is she carrying a coffee cup?,yes,yes,True,relation,target2,5.0,
P7,system1,./output/P7/2025-08-20_11-00-23/image.png,Is the other man wearing a bright green T-shirt?,yes,yes,True,attribute,target2,5.0,
P7,system1,./output/P7/2025-08-20_11-00-23/image.png,Is he wearing beige shorts?,yes,yes,True,attribute,target2,5.0,
P7,system1,./output/P7/2025-08-20_11-00-23/image.png,Is he wearing black sandals?,yes,yes,True,attribute,target2,5.0,
P7,system1,./output/P7/2025-08-20_11-00-23/image.png,Is he standing with his hands in his pockets?,yes,yes,True,relation,target2,5.0,
P7,system1,./output/P7/2025-08-20_11-00-23/image.png,Is the other woman wearing a sky-blue dress?,yes,yes,True,attribute,target2,5.0,
P7,system1,./output/P7/2025-08-20_11-00-23/image.png,Is she wearing brown sandals?,yes,yes,True,attribute,target2,5.0,
P7,system1,./output/P7/2025-08-20_11-00-23/image.png,Is she holding a straw hat?,yes,no,False,relation,target2,5.0,
P7,system1,./output/P7/2025-08-20_11-00-23/image.png,Is she holding a small camera to take a photo?,yes,yes,True,relation,target2,5.0,
P7,system1,./output/P7/2025-08-20_11-00-23/image.png,Are there yellow buildings in the background?,yes,yes,True,relation,target2,5.0,
P7,system1,./output/P7/2025-08-20_11-04-08/image.png,Is the man wearing a white shirt?,yes,yes,True,attribute,target2,6.0,
P7,system1,./output/P7/2025-08-20_11-04-08/image.png,Is he wearing beige trousers?,yes,yes,True,attribute,target2,6.0,
P7,system1,./output/P7/2025-08-20_11-04-08/image.png,Is he wearing black shoes?,yes,yes,True,attribute,target2,6.0,
P7,system1,./output/P7/2025-08-20_11-04-08/image.png,Is he wearing sunglasses?,yes,yes,True,attribute,target2,6.0,
P7,system1,./output/P7/2025-08-20_11-04-08/image.png,Is he holding a map?,yes,yes,True,relation,target2,6.0,
P7,system1,./output/P7/2025-08-20_11-04-08/image.png,Is the woman wearing a floral-patterned T-shirt?,yes,yes,True,attribute,target2,6.0,
P7,system1,./output/P7/2025-08-20_11-04-08/image.png,Is she wearing denim shorts?,yes,yes,True,attribute,target2,6.0,
P7,system1,./output/P7/2025-08-20_11-04-08/image.png,Is she wearing sandals?,yes,yes,True,attribute,target2,6.0,
P7,system1,./output/P7/2025-08-20_11-04-08/image.png,Is she carrying a suitcase?,yes,no,False,relation,target2,6.0,
P7,system1,./output/P7/2025-08-20_11-04-08/image.png,Is she carrying a coffee cup?,yes,yes,True,relation,target2,6.0,
P7,system1,./output/P7/2025-08-20_11-04-08/image.png,Is the other man wearing a bright green T-shirt?,yes,yes,True,attribute,target2,6.0,
P7,system1,./output/P7/2025-08-20_11-04-08/image.png,Is he wearing beige shorts?,yes,no,False,attribute,target2,6.0,
P7,system1,./output/P7/2025-08-20_11-04-08/image.png,Is he wearing black sandals?,yes,yes,True,attribute,target2,6.0,
P7,system1,./output/P7/2025-08-20_11-04-08/image.png,Is he standing with his hands in his pockets?,yes,yes,True,relation,target2,6.0,
P7,system1,./output/P7/2025-08-20_11-04-08/image.png,Is the other woman wearing a sky-blue dress?,yes,yes,True,attribute,target2,6.0,
P7,system1,./output/P7/2025-08-20_11-04-08/image.png,Is she wearing brown sandals?,yes,no,False,attribute,target2,6.0,
P7,system1,./output/P7/2025-08-20_11-04-08/image.png,Is she holding a straw hat?,yes,yes,True,relation,target2,6.0,
P7,system1,./output/P7/2025-08-20_11-04-08/image.png,Is she holding a small camera to take a photo?,yes,yes,True,relation,target2,6.0,
P7,system1,./output/P7/2025-08-20_11-04-08/image.png,Are there yellow buildings in the background?,yes,yes,True,relation,target2,6.0,
P7,system2,./output/P7/2025-08-20_11-27-44/image.png,Is the elderly man wearing a black beret hat?,yes,yes,True,attribute,target1,6.0,
P7,system2,./output/P7/2025-08-20_11-27-44/image.png,Is the elderly man wearing a light gray cardigan?,yes,yes,True,attribute,target1,6.0,
P7,system2,./output/P7/2025-08-20_11-27-44/image.png,Is the elderly man wearing dark pants?,yes,no,False,attribute,target1,6.0,
P7,system2,./output/P7/2025-08-20_11-27-44/image.png,Is the elderly man wearing black shoes?,yes,yes,True,attribute,target1,6.0,
P7,system2,./output/P7/2025-08-20_11-27-44/image.png,Is the woman wearing a dress with floral pattern?,yes,yes,True,attribute,target1,6.0,
P7,system2,./output/P7/2025-08-20_11-27-44/image.png,Is the woman wearing white shoes?,yes,no,False,attribute,target1,6.0,
P7,system2,./output/P7/2025-08-20_11-27-44/image.png,Is the woman carrying a basket?,yes,yes,True,relation,target1,6.0,
P7,system2,./output/P7/2025-08-20_11-27-44/image.png,Is the man wearing a bright blue polo shirt?,yes,yes,True,attribute,target1,6.0,
P7,system2,./output/P7/2025-08-20_11-27-44/image.png,Is the man wearing beige shorts?,yes,yes,True,attribute,target1,6.0,
P7,system2,./output/P7/2025-08-20_11-27-44/image.png,Is the man wearing black shoes?,yes,yes,True,attribute,target1,6.0,
P7,system2,./output/P7/2025-08-20_11-27-44/image.png,Is the man carrying a straw basket with the woman?,yes,no,False,attribute,target1,6.0,
P7,system2,./output/P7/2025-08-20_11-27-44/image.png,Is the man holding a large tray filled with bottled water?,yes,yes,True,relation,target1,6.0,
P7,system2,./output/P7/2025-08-20_11-27-44/image.png,Is the girl wearing a pink sleeveless top?,yes,yes,True,attribute,target1,6.0,
P7,system2,./output/P7/2025-08-20_11-27-44/image.png,Is the girl wearing a white skirt?,yes,no,False,attribute,target1,6.0,
P7,system2,./output/P7/2025-08-20_11-27-44/image.png,Is the girl wearing pink shoes?,yes,yes,True,attribute,target1,6.0,
P7,system2,./output/P7/2025-08-20_11-27-44/image.png,Is the girl holding a yellow balloon floating above her?,yes,yes,True,relation,target1,6.0,
P7,system2,./output/P7/2025-08-20_11-27-44/image.png,Is the girl carrying a brown teddy bear by its arm?,yes,no,False,relation,target1,6.0,
P7,system2,./output/P7/2025-08-20_11-27-44/image.png,Are there green trees in the background?,yes,yes,True,relation,target1,6.0,
P7,system2,./output/P7/2025-08-20_11-27-44/image.png,Is there a car in the background?,yes,yes,True,relation,target1,6.0,
P7,system2,./output/P7/2025-08-20_11-33-21/image.png,Is the elderly man wearing a black beret hat?,yes,yes,True,attribute,target1,7.0,
P7,system2,./output/P7/2025-08-20_11-33-21/image.png,Is the elderly man wearing a light gray cardigan?,yes,yes,True,attribute,target1,7.0,
P7,system2,./output/P7/2025-08-20_11-33-21/image.png,Is the elderly man wearing dark pants?,yes,no,False,attribute,target1,7.0,
P7,system2,./output/P7/2025-08-20_11-33-21/image.png,Is the elderly man wearing black shoes?,yes,no,False,attribute,target1,7.0,
P7,system2,./output/P7/2025-08-20_11-33-21/image.png,Is the woman wearing a dress with floral pattern?,yes,yes,True,attribute,target1,7.0,
P7,system2,./output/P7/2025-08-20_11-33-21/image.png,Is the woman wearing white shoes?,yes,no,False,attribute,target1,7.0,
P7,system2,./output/P7/2025-08-20_11-33-21/image.png,Is the woman carrying a basket?,yes,yes,True,relation,target1,7.0,
P7,system2,./output/P7/2025-08-20_11-33-21/image.png,Is the man wearing a bright blue polo shirt?,yes,yes,True,attribute,target1,7.0,
P7,system2,./output/P7/2025-08-20_11-33-21/image.png,Is the man wearing beige shorts?,yes,yes,True,attribute,target1,7.0,
P7,system2,./output/P7/2025-08-20_11-33-21/image.png,Is the man wearing black shoes?,yes,no,False,attribute,target1,7.0,
P7,system2,./output/P7/2025-08-20_11-33-21/image.png,Is the man carrying a straw basket with the woman?,yes,no,False,attribute,target1,7.0,
P7,system2,./output/P7/2025-08-20_11-33-21/image.png,Is the man holding a large tray filled with bottled water?,yes,yes,True,relation,target1,7.0,
P7,system2,./output/P7/2025-08-20_11-33-21/image.png,Is the girl wearing a pink sleeveless top?,yes,yes,True,attribute,target1,7.0,
P7,system2,./output/P7/2025-08-20_11-33-21/image.png,Is the girl wearing a white skirt?,yes,no,False,attribute,target1,7.0,
P7,system2,./output/P7/2025-08-20_11-33-21/image.png,Is the girl wearing pink shoes?,yes,yes,True,attribute,target1,7.0,
P7,system2,./output/P7/2025-08-20_11-33-21/image.png,Is the girl holding a yellow balloon floating above her?,yes,yes,True,relation,target1,7.0,
P7,system2,./output/P7/2025-08-20_11-33-21/image.png,Is the girl carrying a brown teddy bear by its arm?,yes,no,False,relation,target1,7.0,
P7,system2,./output/P7/2025-08-20_11-33-21/image.png,Are there green trees in the background?,yes,yes,True,relation,target1,7.0,
P7,system2,./output/P7/2025-08-20_11-33-21/image.png,Is there a car in the background?,yes,yes,True,relation,target1,7.0,
P7,system2,./output/P7/2025-08-20_11-38-48/image.png,Is the elderly man wearing a black beret hat?,yes,no,False,attribute,target1,5.0,
P7,system2,./output/P7/2025-08-20_11-38-48/image.png,Is the elderly man wearing a light gray cardigan?,yes,no,False,attribute,target1,5.0,
P7,system2,./output/P7/2025-08-20_11-38-48/image.png,Is the elderly man wearing dark pants?,yes,no,False,attribute,target1,5.0,
P7,system2,./output/P7/2025-08-20_11-38-48/image.png,Is the elderly man wearing black shoes?,yes,no,False,attribute,target1,5.0,
P7,system2,./output/P7/2025-08-20_11-38-48/image.png,Is the woman wearing a dress with floral pattern?,yes,yes,True,attribute,target1,5.0,
P7,system2,./output/P7/2025-08-20_11-38-48/image.png,Is the woman wearing white shoes?,yes,no,False,attribute,target1,5.0,
P7,system2,./output/P7/2025-08-20_11-38-48/image.png,Is the woman carrying a basket?,yes,no,False,relation,target1,5.0,
P7,system2,./output/P7/2025-08-20_11-38-48/image.png,Is the man wearing a bright blue polo shirt?,yes,yes,True,attribute,target1,5.0,
P7,system2,./output/P7/2025-08-20_11-38-48/image.png,Is the man wearing beige shorts?,yes,yes,True,attribute,target1,5.0,
P7,system2,./output/P7/2025-08-20_11-38-48/image.png,Is the man wearing black shoes?,yes,no,False,attribute,target1,5.0,
P7,system2,./output/P7/2025-08-20_11-38-48/image.png,Is the man carrying a straw basket with the woman?,yes,no,False,attribute,target1,5.0,
P7,system2,./output/P7/2025-08-20_11-38-48/image.png,Is the man holding a large tray filled with bottled water?,yes,yes,True,relation,target1,5.0,
P7,system2,./output/P7/2025-08-20_11-38-48/image.png,Is the girl wearing a pink sleeveless top?,yes,yes,True,attribute,target1,5.0,
P7,system2,./output/P7/2025-08-20_11-38-48/image.png,Is the girl wearing a white skirt?,yes,yes,True,attribute,target1,5.0,
P7,system2,./output/P7/2025-08-20_11-38-48/image.png,Is the girl wearing pink shoes?,yes,yes,True,attribute,target1,5.0,
P7,system2,./output/P7/2025-08-20_11-38-48/image.png,Is the girl holding a yellow balloon floating above her?,yes,yes,True,relation,target1,5.0,
P7,system2,./output/P7/2025-08-20_11-38-48/image.png,Is the girl carrying a brown teddy bear by its arm?,yes,yes,True,relation,target1,5.0,
P7,system2,./output/P7/2025-08-20_11-38-48/image.png,Are there green trees in the background?,yes,yes,True,relation,target1,5.0,
P7,system2,./output/P7/2025-08-20_11-38-48/image.png,Is there a car in the background?,yes,yes,True,relation,target1,5.0,
P7,system2,./output/P7/2025-08-20_11-40-24/image.png,Is the elderly man wearing a black beret hat?,yes,no,False,attribute,target1,5.0,
P7,system2,./output/P7/2025-08-20_11-40-24/image.png,Is the elderly man wearing a light gray cardigan?,yes,no,False,attribute,target1,5.0,
P7,system2,./output/P7/2025-08-20_11-40-24/image.png,Is the elderly man wearing dark pants?,yes,no,False,attribute,target1,5.0,
P7,system2,./output/P7/2025-08-20_11-40-24/image.png,Is the elderly man wearing black shoes?,yes,no,False,attribute,target1,5.0,
P7,system2,./output/P7/2025-08-20_11-40-24/image.png,Is the woman wearing a dress with floral pattern?,yes,yes,True,attribute,target1,5.0,
P7,system2,./output/P7/2025-08-20_11-40-24/image.png,Is the woman wearing white shoes?,yes,no,False,attribute,target1,5.0,
P7,system2,./output/P7/2025-08-20_11-40-24/image.png,Is the woman carrying a basket?,yes,no,False,relation,target1,5.0,
P7,system2,./output/P7/2025-08-20_11-40-24/image.png,Is the man wearing a bright blue polo shirt?,yes,yes,True,attribute,target1,5.0,
P7,system2,./output/P7/2025-08-20_11-40-24/image.png,Is the man wearing beige shorts?,yes,yes,True,attribute,target1,5.0,
P7,system2,./output/P7/2025-08-20_11-40-24/image.png,Is the man wearing black shoes?,yes,no,False,attribute,target1,5.0,
P7,system2,./output/P7/2025-08-20_11-40-24/image.png,Is the man carrying a straw basket with the woman?,yes,no,False,attribute,target1,5.0,
P7,system2,./output/P7/2025-08-20_11-40-24/image.png,Is the man holding a large tray filled with bottled water?,yes,yes,True,relation,target1,5.0,
P7,system2,./output/P7/2025-08-20_11-40-24/image.png,Is the girl wearing a pink sleeveless top?,yes,yes,True,attribute,target1,5.0,
P7,system2,./output/P7/2025-08-20_11-40-24/image.png,Is the girl wearing a white skirt?,yes,yes,True,attribute,target1,5.0,
P7,system2,./output/P7/2025-08-20_11-40-24/image.png,Is the girl wearing pink shoes?,yes,yes,True,attribute,target1,5.0,
P7,system2,./output/P7/2025-08-20_11-40-24/image.png,Is the girl holding a yellow balloon floating above her?,yes,yes,True,relation,target1,5.0,
P7,system2,./output/P7/2025-08-20_11-40-24/image.png,Is the girl carrying a brown teddy bear by its arm?,yes,yes,True,relation,target1,5.0,
P7,system2,./output/P7/2025-08-20_11-40-24/image.png,Are there green trees in the background?,yes,yes,True,relation,target1,5.0,
P7,system2,./output/P7/2025-08-20_11-40-24/image.png,Is there a car in the background?,yes,yes,True,relation,target1,5.0,
P8,system2,./output/P8/2025-08-21_02-17-11/image.png,Is the man wearing a white shirt?,yes,yes,True,attribute,target2,3.0,
P8,system2,./output/P8/2025-08-21_02-17-11/image.png,Is he wearing beige trousers?,yes,yes,True,attribute,target2,3.0,
P8,system2,./output/P8/2025-08-21_02-17-11/image.png,Is he wearing black shoes?,yes,no,False,attribute,target2,3.0,
P8,system2,./output/P8/2025-08-21_02-17-11/image.png,Is he wearing sunglasses?,yes,yes,True,attribute,target2,3.0,
P8,system2,./output/P8/2025-08-21_02-17-11/image.png,Is he holding a map?,yes,yes,True,relation,target2,3.0,
P8,system2,./output/P8/2025-08-21_02-17-11/image.png,Is the woman wearing a floral-patterned T-shirt?,yes,yes,True,attribute,target2,3.0,
P8,system2,./output/P8/2025-08-21_02-17-11/image.png,Is she wearing denim shorts?,yes,yes,True,attribute,target2,3.0,
P8,system2,./output/P8/2025-08-21_02-17-11/image.png,Is she wearing sandals?,yes,yes,True,attribute,target2,3.0,
P8,system2,./output/P8/2025-08-21_02-17-11/image.png,Is she carrying a suitcase?,yes,no,False,relation,target2,3.0,
P8,system2,./output/P8/2025-08-21_02-17-11/image.png,Is she carrying a coffee cup?,yes,yes,True,relation,target2,3.0,
P8,system2,./output/P8/2025-08-21_02-17-11/image.png,Is the other man wearing a bright green T-shirt?,yes,yes,True,attribute,target2,3.0,
P8,system2,./output/P8/2025-08-21_02-17-11/image.png,Is he wearing beige shorts?,yes,yes,True,attribute,target2,3.0,
P8,system2,./output/P8/2025-08-21_02-17-11/image.png,Is he wearing black sandals?,yes,yes,True,attribute,target2,3.0,
P8,system2,./output/P8/2025-08-21_02-17-11/image.png,Is he standing with his hands in his pockets?,yes,yes,True,relation,target2,3.0,
P8,system2,./output/P8/2025-08-21_02-17-11/image.png,Is the other woman wearing a sky-blue dress?,yes,yes,True,attribute,target2,3.0,
P8,system2,./output/P8/2025-08-21_02-17-11/image.png,Is she wearing brown sandals?,yes,no,False,attribute,target2,3.0,
P8,system2,./output/P8/2025-08-21_02-17-11/image.png,Is she holding a straw hat?,yes,no,False,relation,target2,3.0,
P8,system2,./output/P8/2025-08-21_02-17-11/image.png,Is she holding a small camera to take a photo?,yes,yes,True,relation,target2,3.0,
P8,system2,./output/P8/2025-08-21_02-17-11/image.png,Are there yellow buildings in the background?,yes,yes,True,relation,target2,3.0,
P8,system2,./output/P8/2025-08-21_02-34-05/image.png,Is the man wearing a white shirt?,yes,no,False,attribute,target2,1.0,
P8,system2,./output/P8/2025-08-21_02-34-05/image.png,Is he wearing beige trousers?,yes,yes,True,attribute,target2,1.0,
P8,system2,./output/P8/2025-08-21_02-34-05/image.png,Is he wearing black shoes?,yes,yes,True,attribute,target2,1.0,
P8,system2,./output/P8/2025-08-21_02-34-05/image.png,Is he wearing sunglasses?,yes,yes,True,attribute,target2,1.0,
P8,system2,./output/P8/2025-08-21_02-34-05/image.png,Is he holding a map?,yes,no,False,relation,target2,1.0,
P8,system2,./output/P8/2025-08-21_02-34-05/image.png,Is the woman wearing a floral-patterned T-shirt?,yes,yes,True,attribute,target2,1.0,
P8,system2,./output/P8/2025-08-21_02-34-05/image.png,Is she wearing denim shorts?,yes,yes,True,attribute,target2,1.0,
P8,system2,./output/P8/2025-08-21_02-34-05/image.png,Is she wearing sandals?,yes,yes,True,attribute,target2,1.0,
P8,system2,./output/P8/2025-08-21_02-34-05/image.png,Is she carrying a suitcase?,yes,no,False,relation,target2,1.0,
P8,system2,./output/P8/2025-08-21_02-34-05/image.png,Is she carrying a coffee cup?,yes,yes,True,relation,target2,1.0,
P8,system2,./output/P8/2025-08-21_02-34-05/image.png,Is the other man wearing a bright green T-shirt?,yes,yes,True,attribute,target2,1.0,
P8,system2,./output/P8/2025-08-21_02-34-05/image.png,Is he wearing beige shorts?,yes,yes,True,attribute,target2,1.0,
P8,system2,./output/P8/2025-08-21_02-34-05/image.png,Is he wearing black sandals?,yes,no,False,attribute,target2,1.0,
P8,system2,./output/P8/2025-08-21_02-34-05/image.png,Is he standing with his hands in his pockets?,yes,yes,True,relation,target2,1.0,
P8,system2,./output/P8/2025-08-21_02-34-05/image.png,Is the other woman wearing a sky-blue dress?,yes,yes,True,attribute,target2,1.0,
P8,system2,./output/P8/2025-08-21_02-34-05/image.png,Is she wearing brown sandals?,yes,no,False,attribute,target2,1.0,
P8,system2,./output/P8/2025-08-21_02-34-05/image.png,Is she holding a straw hat?,yes,yes,True,relation,target2,1.0,
P8,system2,./output/P8/2025-08-21_02-34-05/image.png,Is she holding a small camera to take a photo?,yes,yes,True,relation,target2,1.0,
P8,system2,./output/P8/2025-08-21_02-34-05/image.png,Are there yellow buildings in the background?,yes,yes,True,relation,target2,1.0,
P8,system2,./output/P8/2025-08-21_02-35-06/image.png,Is the man wearing a white shirt?,yes,no,False,attribute,target2,1.0,
P8,system2,./output/P8/2025-08-21_02-35-06/image.png,Is he wearing beige trousers?,yes,yes,True,attribute,target2,1.0,
P8,system2,./output/P8/2025-08-21_02-35-06/image.png,Is he wearing black shoes?,yes,yes,True,attribute,target2,1.0,
P8,system2,./output/P8/2025-08-21_02-35-06/image.png,Is he wearing sunglasses?,yes,yes,True,attribute,target2,1.0,
P8,system2,./output/P8/2025-08-21_02-35-06/image.png,Is he holding a map?,yes,yes,True,relation,target2,1.0,
P8,system2,./output/P8/2025-08-21_02-35-06/image.png,Is the woman wearing a floral-patterned T-shirt?,yes,yes,True,attribute,target2,1.0,
P8,system2,./output/P8/2025-08-21_02-35-06/image.png,Is she wearing denim shorts?,yes,no,False,attribute,target2,1.0,
P8,system2,./output/P8/2025-08-21_02-35-06/image.png,Is she wearing sandals?,yes,yes,True,attribute,target2,1.0,
P8,system2,./output/P8/2025-08-21_02-35-06/image.png,Is she carrying a suitcase?,yes,no,False,relation,target2,1.0,
P8,system2,./output/P8/2025-08-21_02-35-06/image.png,Is she carrying a coffee cup?,yes,no,False,relation,target2,1.0,
P8,system2,./output/P8/2025-08-21_02-35-06/image.png,Is the other man wearing a bright green T-shirt?,yes,yes,True,attribute,target2,1.0,
P8,system2,./output/P8/2025-08-21_02-35-06/image.png,Is he wearing beige shorts?,yes,no,False,attribute,target2,1.0,
P8,system2,./output/P8/2025-08-21_02-35-06/image.png,Is he wearing black sandals?,yes,yes,True,attribute,target2,1.0,
P8,system2,./output/P8/2025-08-21_02-35-06/image.png,Is he standing with his hands in his pockets?,yes,yes,True,relation,target2,1.0,
P8,system2,./output/P8/2025-08-21_02-35-06/image.png,Is the other woman wearing a sky-blue dress?,yes,yes,True,attribute,target2,1.0,
P8,system2,./output/P8/2025-08-21_02-35-06/image.png,Is she wearing brown sandals?,yes,no,False,attribute,target2,1.0,
P8,system2,./output/P8/2025-08-21_02-35-06/image.png,Is she holding a straw hat?,yes,yes,True,relation,target2,1.0,
P8,system2,./output/P8/2025-08-21_02-35-06/image.png,Is she holding a small camera to take a photo?,yes,yes,True,relation,target2,1.0,
P8,system2,./output/P8/2025-08-21_02-35-06/image.png,Are there yellow buildings in the background?,yes,yes,True,relation,target2,1.0,
P8,system1,./output/P8/2025-08-21_02-50-29/image.png,Is the elderly man wearing a black beret hat?,yes,no,False,attribute,target1,4.0,
P8,system1,./output/P8/2025-08-21_02-50-29/image.png,Is the elderly man wearing a light gray cardigan?,yes,yes,True,attribute,target1,4.0,
P8,system1,./output/P8/2025-08-21_02-50-29/image.png,Is the elderly man wearing dark pants?,yes,no,False,attribute,target1,4.0,
P8,system1,./output/P8/2025-08-21_02-50-29/image.png,Is the elderly man wearing black shoes?,yes,yes,True,attribute,target1,4.0,
P8,system1,./output/P8/2025-08-21_02-50-29/image.png,Is the woman wearing a dress with floral pattern?,yes,no,False,attribute,target1,4.0,
P8,system1,./output/P8/2025-08-21_02-50-29/image.png,Is the woman wearing white shoes?,yes,yes,True,attribute,target1,4.0,
P8,system1,./output/P8/2025-08-21_02-50-29/image.png,Is the woman carrying a basket?,yes,no,False,relation,target1,4.0,
P8,system1,./output/P8/2025-08-21_02-50-29/image.png,Is the man wearing a bright blue polo shirt?,yes,yes,True,attribute,target1,4.0,
P8,system1,./output/P8/2025-08-21_02-50-29/image.png,Is the man wearing beige shorts?,yes,yes,True,attribute,target1,4.0,
P8,system1,./output/P8/2025-08-21_02-50-29/image.png,Is the man wearing black shoes?,yes,yes,True,attribute,target1,4.0,
P8,system1,./output/P8/2025-08-21_02-50-29/image.png,Is the man carrying a straw basket with the woman?,yes,no,False,attribute,target1,4.0,
P8,system1,./output/P8/2025-08-21_02-50-29/image.png,Is the man holding a large tray filled with bottled water?,yes,no,False,relation,target1,4.0,
P8,system1,./output/P8/2025-08-21_02-50-29/image.png,Is the girl wearing a pink sleeveless top?,yes,yes,True,attribute,target1,4.0,
P8,system1,./output/P8/2025-08-21_02-50-29/image.png,Is the girl wearing a white skirt?,yes,no,False,attribute,target1,4.0,
P8,system1,./output/P8/2025-08-21_02-50-29/image.png,Is the girl wearing pink shoes?,yes,yes,True,attribute,target1,4.0,
P8,system1,./output/P8/2025-08-21_02-50-29/image.png,Is the girl holding a yellow balloon floating above her?,yes,yes,True,relation,target1,4.0,
P8,system1,./output/P8/2025-08-21_02-50-29/image.png,Is the girl carrying a brown teddy bear by its arm?,yes,yes,True,relation,target1,4.0,
P8,system1,./output/P8/2025-08-21_02-50-29/image.png,Are there green trees in the background?,yes,yes,True,relation,target1,4.0,
P8,system1,./output/P8/2025-08-21_02-50-29/image.png,Is there a car in the background?,yes,yes,True,relation,target1,4.0,
P9,system1,./output/P9/2025-08-22_13-36-04/image.png,Is the elderly man wearing a black beret hat?,yes,yes,True,attribute,target1,3.0,
P9,system1,./output/P9/2025-08-22_13-36-04/image.png,Is the elderly man wearing a light gray cardigan?,yes,yes,True,attribute,target1,3.0,
P9,system1,./output/P9/2025-08-22_13-36-04/image.png,Is the elderly man wearing dark pants?,yes,no,False,attribute,target1,3.0,
P9,system1,./output/P9/2025-08-22_13-36-04/image.png,Is the elderly man wearing black shoes?,yes,yes,True,attribute,target1,3.0,
P9,system1,./output/P9/2025-08-22_13-36-04/image.png,Is the woman wearing a dress with floral pattern?,yes,yes,True,attribute,target1,3.0,
P9,system1,./output/P9/2025-08-22_13-36-04/image.png,Is the woman wearing white shoes?,yes,no,False,attribute,target1,3.0,
P9,system1,./output/P9/2025-08-22_13-36-04/image.png,Is the woman carrying a basket?,yes,no,False,relation,target1,3.0,
P9,system1,./output/P9/2025-08-22_13-36-04/image.png,Is the man wearing a bright blue polo shirt?,yes,yes,True,attribute,target1,3.0,
P9,system1,./output/P9/2025-08-22_13-36-04/image.png,Is the man wearing beige shorts?,yes,no,False,attribute,target1,3.0,
P9,system1,./output/P9/2025-08-22_13-36-04/image.png,Is the man wearing black shoes?,yes,no,False,attribute,target1,3.0,
P9,system1,./output/P9/2025-08-22_13-36-04/image.png,Is the man carrying a straw basket with the woman?,yes,yes,True,attribute,target1,3.0,
P9,system1,./output/P9/2025-08-22_13-36-04/image.png,Is the man holding a large tray filled with bottled water?,yes,no,False,relation,target1,3.0,
P9,system1,./output/P9/2025-08-22_13-36-04/image.png,Is the girl wearing a pink sleeveless top?,yes,yes,True,attribute,target1,3.0,
P9,system1,./output/P9/2025-08-22_13-36-04/image.png,Is the girl wearing a white skirt?,yes,yes,True,attribute,target1,3.0,
P9,system1,./output/P9/2025-08-22_13-36-04/image.png,Is the girl wearing pink shoes?,yes,yes,True,attribute,target1,3.0,
P9,system1,./output/P9/2025-08-22_13-36-04/image.png,Is the girl holding a yellow balloon floating above her?,yes,no,False,relation,target1,3.0,
P9,system1,./output/P9/2025-08-22_13-36-04/image.png,Is the girl carrying a brown teddy bear by its arm?,yes,yes,True,relation,target1,3.0,
P9,system1,./output/P9/2025-08-22_13-36-04/image.png,Are there green trees in the background?,yes,yes,True,relation,target1,3.0,
P9,system1,./output/P9/2025-08-22_13-36-04/image.png,Is there a car in the background?,yes,no,False,relation,target1,3.0,
P9,system1,./output/P9/2025-08-22_13-37-42/image.png,Is the elderly man wearing a black beret hat?,yes,yes,True,attribute,target1,5.0,
P9,system1,./output/P9/2025-08-22_13-37-42/image.png,Is the elderly man wearing a light gray cardigan?,yes,yes,True,attribute,target1,5.0,
P9,system1,./output/P9/2025-08-22_13-37-42/image.png,Is the elderly man wearing dark pants?,yes,yes,True,attribute,target1,5.0,
P9,system1,./output/P9/2025-08-22_13-37-42/image.png,Is the elderly man wearing black shoes?,yes,yes,True,attribute,target1,5.0,
P9,system1,./output/P9/2025-08-22_13-37-42/image.png,Is the woman wearing a dress with floral pattern?,yes,yes,True,attribute,target1,5.0,
P9,system1,./output/P9/2025-08-22_13-37-42/image.png,Is the woman wearing white shoes?,yes,no,False,attribute,target1,5.0,
P9,system1,./output/P9/2025-08-22_13-37-42/image.png,Is the woman carrying a basket?,yes,no,False,relation,target1,5.0,
P9,system1,./output/P9/2025-08-22_13-37-42/image.png,Is the man wearing a bright blue polo shirt?,yes,yes,True,attribute,target1,5.0,
P9,system1,./output/P9/2025-08-22_13-37-42/image.png,Is the man wearing beige shorts?,yes,no,False,attribute,target1,5.0,
P9,system1,./output/P9/2025-08-22_13-37-42/image.png,Is the man wearing black shoes?,yes,no,False,attribute,target1,5.0,
P9,system1,./output/P9/2025-08-22_13-37-42/image.png,Is the man carrying a straw basket with the woman?,yes,yes,True,attribute,target1,5.0,
P9,system1,./output/P9/2025-08-22_13-37-42/image.png,Is the man holding a large tray filled with bottled water?,yes,no,False,relation,target1,5.0,
P9,system1,./output/P9/2025-08-22_13-37-42/image.png,Is the girl wearing a pink sleeveless top?,yes,yes,True,attribute,target1,5.0,
P9,system1,./output/P9/2025-08-22_13-37-42/image.png,Is the girl wearing a white skirt?,yes,yes,True,attribute,target1,5.0,
P9,system1,./output/P9/2025-08-22_13-37-42/image.png,Is the girl wearing pink shoes?,yes,yes,True,attribute,target1,5.0,
P9,system1,./output/P9/2025-08-22_13-37-42/image.png,Is the girl holding a yellow balloon floating above her?,yes,no,False,relation,target1,5.0,
P9,system1,./output/P9/2025-08-22_13-37-42/image.png,Is the girl carrying a brown teddy bear by its arm?,yes,yes,True,relation,target1,5.0,
P9,system1,./output/P9/2025-08-22_13-37-42/image.png,Are there green trees in the background?,yes,yes,True,relation,target1,5.0,
P9,system1,./output/P9/2025-08-22_13-37-42/image.png,Is there a car in the background?,yes,no,False,relation,target1,5.0,
P9,system1,./output/P9/2025-08-22_13-39-16/image.png,Is the elderly man wearing a black beret hat?,yes,yes,True,attribute,target1,5.0,
P9,system1,./output/P9/2025-08-22_13-39-16/image.png,Is the elderly man wearing a light gray cardigan?,yes,yes,True,attribute,target1,5.0,
P9,system1,./output/P9/2025-08-22_13-39-16/image.png,Is the elderly man wearing dark pants?,yes,yes,True,attribute,target1,5.0,
P9,system1,./output/P9/2025-08-22_13-39-16/image.png,Is the elderly man wearing black shoes?,yes,yes,True,attribute,target1,5.0,
P9,system1,./output/P9/2025-08-22_13-39-16/image.png,Is the woman wearing a dress with floral pattern?,yes,yes,True,attribute,target1,5.0,
P9,system1,./output/P9/2025-08-22_13-39-16/image.png,Is the woman wearing white shoes?,yes,no,False,attribute,target1,5.0,
P9,system1,./output/P9/2025-08-22_13-39-16/image.png,Is the woman carrying a basket?,yes,no,False,relation,target1,5.0,
P9,system1,./output/P9/2025-08-22_13-39-16/image.png,Is the man wearing a bright blue polo shirt?,yes,yes,True,attribute,target1,5.0,
P9,system1,./output/P9/2025-08-22_13-39-16/image.png,Is the man wearing beige shorts?,yes,yes,True,attribute,target1,5.0,
P9,system1,./output/P9/2025-08-22_13-39-16/image.png,Is the man wearing black shoes?,yes,no,False,attribute,target1,5.0,
P9,system1,./output/P9/2025-08-22_13-39-16/image.png,Is the man carrying a straw basket with the woman?,yes,yes,True,attribute,target1,5.0,
P9,system1,./output/P9/2025-08-22_13-39-16/image.png,Is the man holding a large tray filled with bottled water?,yes,no,False,relation,target1,5.0,
P9,system1,./output/P9/2025-08-22_13-39-16/image.png,Is the girl wearing a pink sleeveless top?,yes,yes,True,attribute,target1,5.0,
P9,system1,./output/P9/2025-08-22_13-39-16/image.png,Is the girl wearing a white skirt?,yes,yes,True,attribute,target1,5.0,
P9,system1,./output/P9/2025-08-22_13-39-16/image.png,Is the girl wearing pink shoes?,yes,yes,True,attribute,target1,5.0,
P9,system1,./output/P9/2025-08-22_13-39-16/image.png,Is the girl holding a yellow balloon floating above her?,yes,no,False,relation,target1,5.0,
P9,system1,./output/P9/2025-08-22_13-39-16/image.png,Is the girl carrying a brown teddy bear by its arm?,yes,yes,True,relation,target1,5.0,
P9,system1,./output/P9/2025-08-22_13-39-16/image.png,Are there green trees in the background?,yes,yes,True,relation,target1,5.0,
P9,system1,./output/P9/2025-08-22_13-39-16/image.png,Is there a car in the background?,yes,no,False,relation,target1,5.0,
P9,system1,./output/P9/2025-08-22_13-39-55/image.png,Is the elderly man wearing a black beret hat?,yes,yes,True,attribute,target1,5.0,
P9,system1,./output/P9/2025-08-22_13-39-55/image.png,Is the elderly man wearing a light gray cardigan?,yes,yes,True,attribute,target1,5.0,
P9,system1,./output/P9/2025-08-22_13-39-55/image.png,Is the elderly man wearing dark pants?,yes,yes,True,attribute,target1,5.0,
P9,system1,./output/P9/2025-08-22_13-39-55/image.png,Is the elderly man wearing black shoes?,yes,yes,True,attribute,target1,5.0,
P9,system1,./output/P9/2025-08-22_13-39-55/image.png,Is the woman wearing a dress with floral pattern?,yes,yes,True,attribute,target1,5.0,
P9,system1,./output/P9/2025-08-22_13-39-55/image.png,Is the woman wearing white shoes?,yes,no,False,attribute,target1,5.0,
P9,system1,./output/P9/2025-08-22_13-39-55/image.png,Is the woman carrying a basket?,yes,no,False,relation,target1,5.0,
P9,system1,./output/P9/2025-08-22_13-39-55/image.png,Is the man wearing a bright blue polo shirt?,yes,yes,True,attribute,target1,5.0,
P9,system1,./output/P9/2025-08-22_13-39-55/image.png,Is the man wearing beige shorts?,yes,no,False,attribute,target1,5.0,
P9,system1,./output/P9/2025-08-22_13-39-55/image.png,Is the man wearing black shoes?,yes,no,False,attribute,target1,5.0,
P9,system1,./output/P9/2025-08-22_13-39-55/image.png,Is the man carrying a straw basket with the woman?,yes,yes,True,attribute,target1,5.0,
P9,system1,./output/P9/2025-08-22_13-39-55/image.png,Is the man holding a large tray filled with bottled water?,yes,no,False,relation,target1,5.0,
P9,system1,./output/P9/2025-08-22_13-39-55/image.png,Is the girl wearing a pink sleeveless top?,yes,yes,True,attribute,target1,5.0,
P9,system1,./output/P9/2025-08-22_13-39-55/image.png,Is the girl wearing a white skirt?,yes,yes,True,attribute,target1,5.0,
P9,system1,./output/P9/2025-08-22_13-39-55/image.png,Is the girl wearing pink shoes?,yes,yes,True,attribute,target1,5.0,
P9,system1,./output/P9/2025-08-22_13-39-55/image.png,Is the girl holding a yellow balloon floating above her?,yes,no,False,relation,target1,5.0,
P9,system1,./output/P9/2025-08-22_13-39-55/image.png,Is the girl carrying a brown teddy bear by its arm?,yes,yes,True,relation,target1,5.0,
P9,system1,./output/P9/2025-08-22_13-39-55/image.png,Are there green trees in the background?,yes,yes,True,relation,target1,5.0,
P9,system1,./output/P9/2025-08-22_13-39-55/image.png,Is there a car in the background?,yes,no,False,relation,target1,5.0,
P9,system2,./output/P9/2025-08-22_14-01-14/image.png,Is the man wearing a white shirt?,yes,yes,True,attribute,target2,4.0,
P9,system2,./output/P9/2025-08-22_14-01-14/image.png,Is he wearing beige trousers?,yes,no,False,attribute,target2,4.0,
P9,system2,./output/P9/2025-08-22_14-01-14/image.png,Is he wearing black shoes?,yes,yes,True,attribute,target2,4.0,
P9,system2,./output/P9/2025-08-22_14-01-14/image.png,Is he wearing sunglasses?,yes,yes,True,attribute,target2,4.0,
P9,system2,./output/P9/2025-08-22_14-01-14/image.png,Is he holding a map?,yes,yes,True,relation,target2,4.0,
P9,system2,./output/P9/2025-08-22_14-01-14/image.png,Is the woman wearing a floral-patterned T-shirt?,yes,yes,True,attribute,target2,4.0,
P9,system2,./output/P9/2025-08-22_14-01-14/image.png,Is she wearing denim shorts?,yes,yes,True,attribute,target2,4.0,
P9,system2,./output/P9/2025-08-22_14-01-14/image.png,Is she wearing sandals?,yes,yes,True,attribute,target2,4.0,
P9,system2,./output/P9/2025-08-22_14-01-14/image.png,Is she carrying a suitcase?,yes,no,False,relation,target2,4.0,
P9,system2,./output/P9/2025-08-22_14-01-14/image.png,Is she carrying a coffee cup?,yes,no,False,relation,target2,4.0,
P9,system2,./output/P9/2025-08-22_14-01-14/image.png,Is the other man wearing a bright green T-shirt?,yes,yes,True,attribute,target2,4.0,
P9,system2,./output/P9/2025-08-22_14-01-14/image.png,Is he wearing beige shorts?,yes,no,False,attribute,target2,4.0,
P9,system2,./output/P9/2025-08-22_14-01-14/image.png,Is he wearing black sandals?,yes,no,False,attribute,target2,4.0,
P9,system2,./output/P9/2025-08-22_14-01-14/image.png,Is he standing with his hands in his pockets?,yes,yes,True,relation,target2,4.0,
P9,system2,./output/P9/2025-08-22_14-01-14/image.png,Is the other woman wearing a sky-blue dress?,yes,yes,True,attribute,target2,4.0,
P9,system2,./output/P9/2025-08-22_14-01-14/image.png,Is she wearing brown sandals?,yes,no,False,attribute,target2,4.0,
P9,system2,./output/P9/2025-08-22_14-01-14/image.png,Is she holding a straw hat?,yes,no,False,relation,target2,4.0,
P9,system2,./output/P9/2025-08-22_14-01-14/image.png,Is she holding a small camera to take a photo?,yes,yes,True,relation,target2,4.0,
P9,system2,./output/P9/2025-08-22_14-01-14/image.png,Are there yellow buildings in the background?,yes,no,False,relation,target2,4.0,
P9,system2,./output/P9/2025-08-22_14-04-58/image.png,Is the man wearing a white shirt?,yes,yes,True,attribute,target2,5.0,
P9,system2,./output/P9/2025-08-22_14-04-58/image.png,Is he wearing beige trousers?,yes,yes,True,attribute,target2,5.0,
P9,system2,./output/P9/2025-08-22_14-04-58/image.png,Is he wearing black shoes?,yes,yes,True,attribute,target2,5.0,
P9,system2,./output/P9/2025-08-22_14-04-58/image.png,Is he wearing sunglasses?,yes,yes,True,attribute,target2,5.0,
P9,system2,./output/P9/2025-08-22_14-04-58/image.png,Is he holding a map?,yes,yes,True,relation,target2,5.0,
P9,system2,./output/P9/2025-08-22_14-04-58/image.png,Is the woman wearing a floral-patterned T-shirt?,yes,yes,True,attribute,target2,5.0,
P9,system2,./output/P9/2025-08-22_14-04-58/image.png,Is she wearing denim shorts?,yes,yes,True,attribute,target2,5.0,
P9,system2,./output/P9/2025-08-22_14-04-58/image.png,Is she wearing sandals?,yes,yes,True,attribute,target2,5.0,
P9,system2,./output/P9/2025-08-22_14-04-58/image.png,Is she carrying a suitcase?,yes,no,False,relation,target2,5.0,
P9,system2,./output/P9/2025-08-22_14-04-58/image.png,Is she carrying a coffee cup?,yes,no,False,relation,target2,5.0,
P9,system2,./output/P9/2025-08-22_14-04-58/image.png,Is the other man wearing a bright green T-shirt?,yes,yes,True,attribute,target2,5.0,
P9,system2,./output/P9/2025-08-22_14-04-58/image.png,Is he wearing beige shorts?,yes,no,False,attribute,target2,5.0,
P9,system2,./output/P9/2025-08-22_14-04-58/image.png,Is he wearing black sandals?,yes,yes,True,attribute,target2,5.0,
P9,system2,./output/P9/2025-08-22_14-04-58/image.png,Is he standing with his hands in his pockets?,yes,yes,True,relation,target2,5.0,
P9,system2,./output/P9/2025-08-22_14-04-58/image.png,Is the other woman wearing a sky-blue dress?,yes,yes,True,attribute,target2,5.0,
P9,system2,./output/P9/2025-08-22_14-04-58/image.png,Is she wearing brown sandals?,yes,no,False,attribute,target2,5.0,
P9,system2,./output/P9/2025-08-22_14-04-58/image.png,Is she holding a straw hat?,yes,yes,True,relation,target2,5.0,
P9,system2,./output/P9/2025-08-22_14-04-58/image.png,Is she holding a small camera to take a photo?,yes,no,False,relation,target2,5.0,
P9,system2,./output/P9/2025-08-22_14-04-58/image.png,Are there yellow buildings in the background?,yes,no,False,relation,target2,5.0,
P9,system2,./output/P9/2025-08-22_14-08-38/image.png,Is the man wearing a white shirt?,yes,yes,True,attribute,target2,6.0,
P9,system2,./output/P9/2025-08-22_14-08-38/image.png,Is he wearing beige trousers?,yes,yes,True,attribute,target2,6.0,
P9,system2,./output/P9/2025-08-22_14-08-38/image.png,Is he wearing black shoes?,yes,yes,True,attribute,target2,6.0,
P9,system2,./output/P9/2025-08-22_14-08-38/image.png,Is he wearing sunglasses?,yes,yes,True,attribute,target2,6.0,
P9,system2,./output/P9/2025-08-22_14-08-38/image.png,Is he holding a map?,yes,yes,True,relation,target2,6.0,
P9,system2,./output/P9/2025-08-22_14-08-38/image.png,Is the woman wearing a floral-patterned T-shirt?,yes,yes,True,attribute,target2,6.0,
P9,system2,./output/P9/2025-08-22_14-08-38/image.png,Is she wearing denim shorts?,yes,yes,True,attribute,target2,6.0,
P9,system2,./output/P9/2025-08-22_14-08-38/image.png,Is she wearing sandals?,yes,yes,True,attribute,target2,6.0,
P9,system2,./output/P9/2025-08-22_14-08-38/image.png,Is she carrying a suitcase?,yes,yes,True,relation,target2,6.0,
P9,system2,./output/P9/2025-08-22_14-08-38/image.png,Is she carrying a coffee cup?,yes,no,False,relation,target2,6.0,
P9,system2,./output/P9/2025-08-22_14-08-38/image.png,Is the other man wearing a bright green T-shirt?,yes,yes,True,attribute,target2,6.0,
P9,system2,./output/P9/2025-08-22_14-08-38/image.png,Is he wearing beige shorts?,yes,no,False,attribute,target2,6.0,
P9,system2,./output/P9/2025-08-22_14-08-38/image.png,Is he wearing black sandals?,yes,yes,True,attribute,target2,6.0,
P9,system2,./output/P9/2025-08-22_14-08-38/image.png,Is he standing with his hands in his pockets?,yes,yes,True,relation,target2,6.0,
P9,system2,./output/P9/2025-08-22_14-08-38/image.png,Is the other woman wearing a sky-blue dress?,yes,yes,True,attribute,target2,6.0,
P9,system2,./output/P9/2025-08-22_14-08-38/image.png,Is she wearing brown sandals?,yes,no,False,attribute,target2,6.0,
P9,system2,./output/P9/2025-08-22_14-08-38/image.png,Is she holding a straw hat?,yes,yes,True,relation,target2,6.0,
P9,system2,./output/P9/2025-08-22_14-08-38/image.png,Is she holding a small camera to take a photo?,yes,yes,True,relation,target2,6.0,
P9,system2,./output/P9/2025-08-22_14-08-38/image.png,Are there yellow buildings in the background?,yes,no,False,relation,target2,6.0,
P10,system1,./output/P10/2025-08-21_09-44-58/image.png,Is the man wearing a white shirt?,yes,yes,True,attribute,target2,6.0,
P10,system1,./output/P10/2025-08-21_09-44-58/image.png,Is he wearing beige trousers?,yes,yes,True,attribute,target2,6.0,
P10,system1,./output/P10/2025-08-21_09-44-58/image.png,Is he wearing black shoes?,yes,yes,True,attribute,target2,6.0,
P10,system1,./output/P10/2025-08-21_09-44-58/image.png,Is he wearing sunglasses?,yes,yes,True,attribute,target2,6.0,
P10,system1,./output/P10/2025-08-21_09-44-58/image.png,Is he holding a map?,yes,no,False,relation,target2,6.0,
P10,system1,./output/P10/2025-08-21_09-44-58/image.png,Is the woman wearing a floral-patterned T-shirt?,yes,yes,True,attribute,target2,6.0,
P10,system1,./output/P10/2025-08-21_09-44-58/image.png,Is she wearing denim shorts?,yes,yes,True,attribute,target2,6.0,
P10,system1,./output/P10/2025-08-21_09-44-58/image.png,Is she wearing sandals?,yes,yes,True,attribute,target2,6.0,
P10,system1,./output/P10/2025-08-21_09-44-58/image.png,Is she carrying a suitcase?,yes,no,False,relation,target2,6.0,
P10,system1,./output/P10/2025-08-21_09-44-58/image.png,Is she carrying a coffee cup?,yes,yes,True,relation,target2,6.0,
P10,system1,./output/P10/2025-08-21_09-44-58/image.png,Is the other man wearing a bright green T-shirt?,yes,yes,True,attribute,target2,6.0,
P10,system1,./output/P10/2025-08-21_09-44-58/image.png,Is he wearing beige shorts?,yes,yes,True,attribute,target2,6.0,
P10,system1,./output/P10/2025-08-21_09-44-58/image.png,Is he wearing black sandals?,yes,no,False,attribute,target2,6.0,
P10,system1,./output/P10/2025-08-21_09-44-58/image.png,Is he standing with his hands in his pockets?,yes,yes,True,relation,target2,6.0,
P10,system1,./output/P10/2025-08-21_09-44-58/image.png,Is the other woman wearing a sky-blue dress?,yes,yes,True,attribute,target2,6.0,
P10,system1,./output/P10/2025-08-21_09-44-58/image.png,Is she wearing brown sandals?,yes,no,False,attribute,target2,6.0,
P10,system1,./output/P10/2025-08-21_09-44-58/image.png,Is she holding a straw hat?,yes,yes,True,relation,target2,6.0,
P10,system1,./output/P10/2025-08-21_09-44-58/image.png,Is she holding a small camera to take a photo?,yes,yes,True,relation,target2,6.0,
P10,system1,./output/P10/2025-08-21_09-44-58/image.png,Are there yellow buildings in the background?,yes,no,False,relation,target2,6.0,
P10,system1,./output/P10/2025-08-21_09-47-50/image.png,Is the man wearing a white shirt?,yes,yes,True,attribute,target2,5.0,
P10,system1,./output/P10/2025-08-21_09-47-50/image.png,Is he wearing beige trousers?,yes,yes,True,attribute,target2,5.0,
P10,system1,./output/P10/2025-08-21_09-47-50/image.png,Is he wearing black shoes?,yes,yes,True,attribute,target2,5.0,
P10,system1,./output/P10/2025-08-21_09-47-50/image.png,Is he wearing sunglasses?,yes,yes,True,attribute,target2,5.0,
P10,system1,./output/P10/2025-08-21_09-47-50/image.png,Is he holding a map?,yes,no,False,relation,target2,5.0,
P10,system1,./output/P10/2025-08-21_09-47-50/image.png,Is the woman wearing a floral-patterned T-shirt?,yes,yes,True,attribute,target2,5.0,
P10,system1,./output/P10/2025-08-21_09-47-50/image.png,Is she wearing denim shorts?,yes,no,False,attribute,target2,5.0,
P10,system1,./output/P10/2025-08-21_09-47-50/image.png,Is she wearing sandals?,yes,yes,True,attribute,target2,5.0,
P10,system1,./output/P10/2025-08-21_09-47-50/image.png,Is she carrying a suitcase?,yes,no,False,relation,target2,5.0,
P10,system1,./output/P10/2025-08-21_09-47-50/image.png,Is she carrying a coffee cup?,yes,yes,True,relation,target2,5.0,
P10,system1,./output/P10/2025-08-21_09-47-50/image.png,Is the other man wearing a bright green T-shirt?,yes,yes,True,attribute,target2,5.0,
P10,system1,./output/P10/2025-08-21_09-47-50/image.png,Is he wearing beige shorts?,yes,yes,True,attribute,target2,5.0,
P10,system1,./output/P10/2025-08-21_09-47-50/image.png,Is he wearing black sandals?,yes,no,False,attribute,target2,5.0,
P10,system1,./output/P10/2025-08-21_09-47-50/image.png,Is he standing with his hands in his pockets?,yes,yes,True,relation,target2,5.0,
P10,system1,./output/P10/2025-08-21_09-47-50/image.png,Is the other woman wearing a sky-blue dress?,yes,yes,True,attribute,target2,5.0,
P10,system1,./output/P10/2025-08-21_09-47-50/image.png,Is she wearing brown sandals?,yes,no,False,attribute,target2,5.0,
P10,system1,./output/P10/2025-08-21_09-47-50/image.png,Is she holding a straw hat?,yes,yes,True,relation,target2,5.0,
P10,system1,./output/P10/2025-08-21_09-47-50/image.png,Is she holding a small camera to take a photo?,yes,yes,True,relation,target2,5.0,
P10,system1,./output/P10/2025-08-21_09-47-50/image.png,Are there yellow buildings in the background?,yes,no,False,relation,target2,5.0,
P10,system2,./output/P10/2025-08-21_10-05-34/image.png,Is the elderly man wearing a black beret hat?,yes,yes,True,attribute,target1,5.0,
P10,system2,./output/P10/2025-08-21_10-05-34/image.png,Is the elderly man wearing a light gray cardigan?,yes,yes,True,attribute,target1,5.0,
P10,system2,./output/P10/2025-08-21_10-05-34/image.png,Is the elderly man wearing dark pants?,yes,no,False,attribute,target1,5.0,
P10,system2,./output/P10/2025-08-21_10-05-34/image.png,Is the elderly man wearing black shoes?,yes,yes,True,attribute,target1,5.0,
P10,system2,./output/P10/2025-08-21_10-05-34/image.png,Is the woman wearing a dress with floral pattern?,yes,yes,True,attribute,target1,5.0,
P10,system2,./output/P10/2025-08-21_10-05-34/image.png,Is the woman wearing white shoes?,yes,no,False,attribute,target1,5.0,
P10,system2,./output/P10/2025-08-21_10-05-34/image.png,Is the woman carrying a basket?,yes,yes,True,relation,target1,5.0,
P10,system2,./output/P10/2025-08-21_10-05-34/image.png,Is the man wearing a bright blue polo shirt?,yes,yes,True,attribute,target1,5.0,
P10,system2,./output/P10/2025-08-21_10-05-34/image.png,Is the man wearing beige shorts?,yes,yes,True,attribute,target1,5.0,
P10,system2,./output/P10/2025-08-21_10-05-34/image.png,Is the man wearing black shoes?,yes,no,False,attribute,target1,5.0,
P10,system2,./output/P10/2025-08-21_10-05-34/image.png,Is the man carrying a straw basket with the woman?,yes,no,False,attribute,target1,5.0,
P10,system2,./output/P10/2025-08-21_10-05-34/image.png,Is the man holding a large tray filled with bottled water?,yes,yes,True,relation,target1,5.0,
P10,system2,./output/P10/2025-08-21_10-05-34/image.png,Is the girl wearing a pink sleeveless top?,yes,yes,True,attribute,target1,5.0,
P10,system2,./output/P10/2025-08-21_10-05-34/image.png,Is the girl wearing a white skirt?,yes,no,False,attribute,target1,5.0,
P10,system2,./output/P10/2025-08-21_10-05-34/image.png,Is the girl wearing pink shoes?,yes,yes,True,attribute,target1,5.0,
P10,system2,./output/P10/2025-08-21_10-05-34/image.png,Is the girl holding a yellow balloon floating above her?,yes,yes,True,relation,target1,5.0,
P10,system2,./output/P10/2025-08-21_10-05-34/image.png,Is the girl carrying a brown teddy bear by its arm?,yes,no,False,relation,target1,5.0,
P10,system2,./output/P10/2025-08-21_10-05-34/image.png,Are there green trees in the background?,yes,no,False,relation,target1,5.0,
P10,system2,./output/P10/2025-08-21_10-05-34/image.png,Is there a car in the background?,yes,no,False,relation,target1,5.0,
P10,system2,./output/P10/2025-08-21_10-08-07/image.png,Is the elderly man wearing a black beret hat?,yes,yes,True,attribute,target1,4.0,
P10,system2,./output/P10/2025-08-21_10-08-07/image.png,Is the elderly man wearing a light gray cardigan?,yes,yes,True,attribute,target1,4.0,
P10,system2,./output/P10/2025-08-21_10-08-07/image.png,Is the elderly man wearing dark pants?,yes,no,False,attribute,target1,4.0,
P10,system2,./output/P10/2025-08-21_10-08-07/image.png,Is the elderly man wearing black shoes?,yes,yes,True,attribute,target1,4.0,
P10,system2,./output/P10/2025-08-21_10-08-07/image.png,Is the woman wearing a dress with floral pattern?,yes,yes,True,attribute,target1,4.0,
P10,system2,./output/P10/2025-08-21_10-08-07/image.png,Is the woman wearing white shoes?,yes,no,False,attribute,target1,4.0,
P10,system2,./output/P10/2025-08-21_10-08-07/image.png,Is the woman carrying a basket?,yes,yes,True,relation,target1,4.0,
P10,system2,./output/P10/2025-08-21_10-08-07/image.png,Is the man wearing a bright blue polo shirt?,yes,yes,True,attribute,target1,4.0,
P10,system2,./output/P10/2025-08-21_10-08-07/image.png,Is the man wearing beige shorts?,yes,yes,True,attribute,target1,4.0,
P10,system2,./output/P10/2025-08-21_10-08-07/image.png,Is the man wearing black shoes?,yes,no,False,attribute,target1,4.0,
P10,system2,./output/P10/2025-08-21_10-08-07/image.png,Is the man carrying a straw basket with the woman?,yes,yes,True,attribute,target1,4.0,
P10,system2,./output/P10/2025-08-21_10-08-07/image.png,Is the man holding a large tray filled with bottled water?,yes,yes,True,relation,target1,4.0,
P10,system2,./output/P10/2025-08-21_10-08-07/image.png,Is the girl wearing a pink sleeveless top?,yes,yes,True,attribute,target1,4.0,
P10,system2,./output/P10/2025-08-21_10-08-07/image.png,Is the girl wearing a white skirt?,yes,no,False,attribute,target1,4.0,
P10,system2,./output/P10/2025-08-21_10-08-07/image.png,Is the girl wearing pink shoes?,yes,yes,True,attribute,target1,4.0,
P10,system2,./output/P10/2025-08-21_10-08-07/image.png,Is the girl holding a yellow balloon floating above her?,yes,yes,True,relation,target1,4.0,
P10,system2,./output/P10/2025-08-21_10-08-07/image.png,Is the girl carrying a brown teddy bear by its arm?,yes,yes,True,relation,target1,4.0,
P10,system2,./output/P10/2025-08-21_10-08-07/image.png,Are there green trees in the background?,yes,yes,True,relation,target1,4.0,
P10,system2,./output/P10/2025-08-21_10-08-07/image.png,Is there a car in the background?,yes,no,False,relation,target1,4.0,
P10,system2,./output/P10/2025-08-21_10-10-09/image.png,Is the elderly man wearing a black beret hat?,yes,yes,True,attribute,target1,4.0,
P10,system2,./output/P10/2025-08-21_10-10-09/image.png,Is the elderly man wearing a light gray cardigan?,yes,yes,True,attribute,target1,4.0,
P10,system2,./output/P10/2025-08-21_10-10-09/image.png,Is the elderly man wearing dark pants?,yes,yes,True,attribute,target1,4.0,
P10,system2,./output/P10/2025-08-21_10-10-09/image.png,Is the elderly man wearing black shoes?,yes,yes,True,attribute,target1,4.0,
P10,system2,./output/P10/2025-08-21_10-10-09/image.png,Is the woman wearing a dress with floral pattern?,yes,yes,True,attribute,target1,4.0,
P10,system2,./output/P10/2025-08-21_10-10-09/image.png,Is the woman wearing white shoes?,yes,no,False,attribute,target1,4.0,
P10,system2,./output/P10/2025-08-21_10-10-09/image.png,Is the woman carrying a basket?,yes,yes,True,relation,target1,4.0,
P10,system2,./output/P10/2025-08-21_10-10-09/image.png,Is the man wearing a bright blue polo shirt?,yes,yes,True,attribute,target1,4.0,
P10,system2,./output/P10/2025-08-21_10-10-09/image.png,Is the man wearing beige shorts?,yes,yes,True,attribute,target1,4.0,
P10,system2,./output/P10/2025-08-21_10-10-09/image.png,Is the man wearing black shoes?,yes,no,False,attribute,target1,4.0,
P10,system2,./output/P10/2025-08-21_10-10-09/image.png,Is the man carrying a straw basket with the woman?,yes,yes,True,attribute,target1,4.0,
P10,system2,./output/P10/2025-08-21_10-10-09/image.png,Is the man holding a large tray filled with bottled water?,yes,no,False,relation,target1,4.0,
P10,system2,./output/P10/2025-08-21_10-10-09/image.png,Is the girl wearing a pink sleeveless top?,yes,yes,True,attribute,target1,4.0,
P10,system2,./output/P10/2025-08-21_10-10-09/image.png,Is the girl wearing a white skirt?,yes,no,False,attribute,target1,4.0,
P10,system2,./output/P10/2025-08-21_10-10-09/image.png,Is the girl wearing pink shoes?,yes,yes,True,attribute,target1,4.0,
P10,system2,./output/P10/2025-08-21_10-10-09/image.png,Is the girl holding a yellow balloon floating above her?,yes,yes,True,relation,target1,4.0,
P10,system2,./output/P10/2025-08-21_10-10-09/image.png,Is the girl carrying a brown teddy bear by its arm?,yes,yes,True,relation,target1,4.0,
P10,system2,./output/P10/2025-08-21_10-10-09/image.png,Are there green trees in the background?,yes,yes,True,relation,target1,4.0,
P10,system2,./output/P10/2025-08-21_10-10-09/image.png,Is there a car in the background?,yes,no,False,relation,target1,4.0,
P2,system2,./output/P2/2025-08-14_01-25-04/image.png,Is the elderly man wearing a black beret hat?,yes,yes,True,attribute,target1,3.0,
P2,system2,./output/P2/2025-08-14_01-25-04/image.png,Is the elderly man wearing a light gray cardigan?,yes,no,False,attribute,target1,3.0,
P2,system2,./output/P2/2025-08-14_01-25-04/image.png,Is the elderly man wearing dark pants?,yes,no,False,attribute,target1,3.0,
P2,system2,./output/P2/2025-08-14_01-25-04/image.png,Is the elderly man wearing black shoes?,yes,no,False,attribute,target1,3.0,
P2,system2,./output/P2/2025-08-14_01-25-04/image.png,Is the woman wearing a dress with floral pattern?,yes,yes,True,attribute,target1,3.0,
P2,system2,./output/P2/2025-08-14_01-25-04/image.png,Is the woman wearing white shoes?,yes,yes,True,attribute,target1,3.0,
P2,system2,./output/P2/2025-08-14_01-25-04/image.png,Is the woman carrying a basket?,yes,yes,True,relation,target1,3.0,
P2,system2,./output/P2/2025-08-14_01-25-04/image.png,Is the man wearing a bright blue polo shirt?,yes,yes,True,attribute,target1,3.0,
P2,system2,./output/P2/2025-08-14_01-25-04/image.png,Is the man wearing beige shorts?,yes,no,False,attribute,target1,3.0,
P2,system2,./output/P2/2025-08-14_01-25-04/image.png,Is the man wearing black shoes?,yes,yes,True,attribute,target1,3.0,
P2,system2,./output/P2/2025-08-14_01-25-04/image.png,Is the man carrying a straw basket with the woman?,yes,yes,True,attribute,target1,3.0,
P2,system2,./output/P2/2025-08-14_01-25-04/image.png,Is the man holding a large tray filled with bottled water?,yes,yes,True,relation,target1,3.0,
P2,system2,./output/P2/2025-08-14_01-25-04/image.png,Is the girl wearing a pink sleeveless top?,yes,yes,True,attribute,target1,3.0,
P2,system2,./output/P2/2025-08-14_01-25-04/image.png,Is the girl wearing a white skirt?,yes,yes,True,attribute,target1,3.0,
P2,system2,./output/P2/2025-08-14_01-25-04/image.png,Is the girl wearing pink shoes?,yes,yes,True,attribute,target1,3.0,
P2,system2,./output/P2/2025-08-14_01-25-04/image.png,Is the girl holding a yellow balloon floating above her?,yes,yes,True,relation,target1,3.0,
P2,system2,./output/P2/2025-08-14_01-25-04/image.png,Is the girl carrying a brown teddy bear by its arm?,yes,yes,True,relation,target1,3.0,
P2,system2,./output/P2/2025-08-14_01-25-04/image.png,Are there green trees in the background?,yes,yes,True,relation,target1,3.0,
P2,system2,./output/P2/2025-08-14_01-25-04/image.png,Is there a car in the background?,yes,no,False,relation,target1,3.0,
P2,system2,./output/P2/2025-08-14_01-29-33/image.png,Is the elderly man wearing a black beret hat?,yes,yes,True,attribute,target1,4.0,
P2,system2,./output/P2/2025-08-14_01-29-33/image.png,Is the elderly man wearing a light gray cardigan?,yes,no,False,attribute,target1,4.0,
P2,system2,./output/P2/2025-08-14_01-29-33/image.png,Is the elderly man wearing dark pants?,yes,no,False,attribute,target1,4.0,
P2,system2,./output/P2/2025-08-14_01-29-33/image.png,Is the elderly man wearing black shoes?,yes,yes,True,attribute,target1,4.0,
P2,system2,./output/P2/2025-08-14_01-29-33/image.png,Is the woman wearing a dress with floral pattern?,yes,yes,True,attribute,target1,4.0,
P2,system2,./output/P2/2025-08-14_01-29-33/image.png,Is the woman wearing white shoes?,yes,no,False,attribute,target1,4.0,
P2,system2,./output/P2/2025-08-14_01-29-33/image.png,Is the woman carrying a basket?,yes,yes,True,relation,target1,4.0,
P2,system2,./output/P2/2025-08-14_01-29-33/image.png,Is the man wearing a bright blue polo shirt?,yes,yes,True,attribute,target1,4.0,
P2,system2,./output/P2/2025-08-14_01-29-33/image.png,Is the man wearing beige shorts?,yes,no,False,attribute,target1,4.0,
P2,system2,./output/P2/2025-08-14_01-29-33/image.png,Is the man wearing black shoes?,yes,yes,True,attribute,target1,4.0,
P2,system2,./output/P2/2025-08-14_01-29-33/image.png,Is the man carrying a straw basket with the woman?,yes,no,False,attribute,target1,4.0,
P2,system2,./output/P2/2025-08-14_01-29-33/image.png,Is the man holding a large tray filled with bottled water?,yes,yes,True,relation,target1,4.0,
P2,system2,./output/P2/2025-08-14_01-29-33/image.png,Is the girl wearing a pink sleeveless top?,yes,yes,True,attribute,target1,4.0,
P2,system2,./output/P2/2025-08-14_01-29-33/image.png,Is the girl wearing a white skirt?,yes,yes,True,attribute,target1,4.0,
P2,system2,./output/P2/2025-08-14_01-29-33/image.png,Is the girl wearing pink shoes?,yes,yes,True,attribute,target1,4.0,
P2,system2,./output/P2/2025-08-14_01-29-33/image.png,Is the girl holding a yellow balloon floating above her?,yes,yes,True,relation,target1,4.0,
P2,system2,./output/P2/2025-08-14_01-29-33/image.png,Is the girl carrying a brown teddy bear by its arm?,yes,yes,True,relation,target1,4.0,
P2,system2,./output/P2/2025-08-14_01-29-33/image.png,Are there green trees in the background?,yes,yes,True,relation,target1,4.0,
P2,system2,./output/P2/2025-08-14_01-29-33/image.png,Is there a car in the background?,yes,no,False,relation,target1,4.0,
P2,system2,./output/P2/2025-08-14_01-32-16/image.png,Is the elderly man wearing a black beret hat?,yes,no,False,attribute,target1,3.0,
P2,system2,./output/P2/2025-08-14_01-32-16/image.png,Is the elderly man wearing a light gray cardigan?,yes,yes,True,attribute,target1,3.0,
P2,system2,./output/P2/2025-08-14_01-32-16/image.png,Is the elderly man wearing dark pants?,yes,no,False,attribute,target1,3.0,
P2,system2,./output/P2/2025-08-14_01-32-16/image.png,Is the elderly man wearing black shoes?,yes,yes,True,attribute,target1,3.0,
P2,system2,./output/P2/2025-08-14_01-32-16/image.png,Is the woman wearing a dress with floral pattern?,yes,yes,True,attribute,target1,3.0,
P2,system2,./output/P2/2025-08-14_01-32-16/image.png,Is the woman wearing white shoes?,yes,no,False,attribute,target1,3.0,
P2,system2,./output/P2/2025-08-14_01-32-16/image.png,Is the woman carrying a basket?,yes,yes,True,relation,target1,3.0,
P2,system2,./output/P2/2025-08-14_01-32-16/image.png,Is the man wearing a bright blue polo shirt?,yes,yes,True,attribute,target1,3.0,
P2,system2,./output/P2/2025-08-14_01-32-16/image.png,Is the man wearing beige shorts?,yes,no,False,attribute,target1,3.0,
P2,system2,./output/P2/2025-08-14_01-32-16/image.png,Is the man wearing black shoes?,yes,yes,True,attribute,target1,3.0,
P2,system2,./output/P2/2025-08-14_01-32-16/image.png,Is the man carrying a straw basket with the woman?,yes,no,False,attribute,target1,3.0,
P2,system2,./output/P2/2025-08-14_01-32-16/image.png,Is the man holding a large tray filled with bottled water?,yes,yes,True,relation,target1,3.0,
P2,system2,./output/P2/2025-08-14_01-32-16/image.png,Is the girl wearing a pink sleeveless top?,yes,no,False,attribute,target1,3.0,
P2,system2,./output/P2/2025-08-14_01-32-16/image.png,Is the girl wearing a white skirt?,yes,yes,True,attribute,target1,3.0,
P2,system2,./output/P2/2025-08-14_01-32-16/image.png,Is the girl wearing pink shoes?,yes,yes,True,attribute,target1,3.0,
P2,system2,./output/P2/2025-08-14_01-32-16/image.png,Is the girl holding a yellow balloon floating above her?,yes,yes,True,relation,target1,3.0,
P2,system2,./output/P2/2025-08-14_01-32-16/image.png,Is the girl carrying a brown teddy bear by its arm?,yes,yes,True,relation,target1,3.0,
P2,system2,./output/P2/2025-08-14_01-32-16/image.png,Are there green trees in the background?,yes,yes,True,relation,target1,3.0,
P2,system2,./output/P2/2025-08-14_01-32-16/image.png,Is there a car in the background?,yes,no,False,relation,target1,3.0,
P2,system2,./output/P2/2025-08-14_01-34-21/image.png,Is the elderly man wearing a black beret hat?,yes,yes,True,attribute,target1,4.0,
P2,system2,./output/P2/2025-08-14_01-34-21/image.png,Is the elderly man wearing a light gray cardigan?,yes,no,False,attribute,target1,4.0,
P2,system2,./output/P2/2025-08-14_01-34-21/image.png,Is the elderly man wearing dark pants?,yes,yes,True,attribute,target1,4.0,
P2,system2,./output/P2/2025-08-14_01-34-21/image.png,Is the elderly man wearing black shoes?,yes,yes,True,attribute,target1,4.0,
P2,system2,./output/P2/2025-08-14_01-34-21/image.png,Is the woman wearing a dress with floral pattern?,yes,yes,True,attribute,target1,4.0,
P2,system2,./output/P2/2025-08-14_01-34-21/image.png,Is the woman wearing white shoes?,yes,yes,True,attribute,target1,4.0,
P2,system2,./output/P2/2025-08-14_01-34-21/image.png,Is the woman carrying a basket?,yes,no,False,relation,target1,4.0,
P2,system2,./output/P2/2025-08-14_01-34-21/image.png,Is the man wearing a bright blue polo shirt?,yes,yes,True,attribute,target1,4.0,
P2,system2,./output/P2/2025-08-14_01-34-21/image.png,Is the man wearing beige shorts?,yes,no,False,attribute,target1,4.0,
P2,system2,./output/P2/2025-08-14_01-34-21/image.png,Is the man wearing black shoes?,yes,yes,True,attribute,target1,4.0,
P2,system2,./output/P2/2025-08-14_01-34-21/image.png,Is the man carrying a straw basket with the woman?,yes,no,False,attribute,target1,4.0,
P2,system2,./output/P2/2025-08-14_01-34-21/image.png,Is the man holding a large tray filled with bottled water?,yes,yes,True,relation,target1,4.0,
P2,system2,./output/P2/2025-08-14_01-34-21/image.png,Is the girl wearing a pink sleeveless top?,yes,yes,True,attribute,target1,4.0,
P2,system2,./output/P2/2025-08-14_01-34-21/image.png,Is the girl wearing a white skirt?,yes,yes,True,attribute,target1,4.0,
P2,system2,./output/P2/2025-08-14_01-34-21/image.png,Is the girl wearing pink shoes?,yes,no,False,attribute,target1,4.0,
P2,system2,./output/P2/2025-08-14_01-34-21/image.png,Is the girl holding a yellow balloon floating above her?,yes,no,False,relation,target1,4.0,
P2,system2,./output/P2/2025-08-14_01-34-21/image.png,Is the girl carrying a brown teddy bear by its arm?,yes,yes,True,relation,target1,4.0,
P2,system2,./output/P2/2025-08-14_01-34-21/image.png,Are there green trees in the background?,yes,yes,True,relation,target1,4.0,
P2,system2,./output/P2/2025-08-14_01-34-21/image.png,Is there a car in the background?,yes,no,False,relation,target1,4.0,
P2,system1,./output/P2/2025-08-14_01-41-53/image.png,Is the man wearing a white shirt?,yes,yes,True,attribute,target2,5.0,
P2,system1,./output/P2/2025-08-14_01-41-53/image.png,Is he wearing beige trousers?,yes,yes,True,attribute,target2,5.0,
P2,system1,./output/P2/2025-08-14_01-41-53/image.png,Is he wearing black shoes?,yes,no,False,attribute,target2,5.0,
P2,system1,./output/P2/2025-08-14_01-41-53/image.png,Is he wearing sunglasses?,yes,yes,True,attribute,target2,5.0,
P2,system1,./output/P2/2025-08-14_01-41-53/image.png,Is he holding a map?,yes,yes,True,relation,target2,5.0,
P2,system1,./output/P2/2025-08-14_01-41-53/image.png,Is the woman wearing a floral-patterned T-shirt?,yes,yes,True,attribute,target2,5.0,
P2,system1,./output/P2/2025-08-14_01-41-53/image.png,Is she wearing denim shorts?,yes,yes,True,attribute,target2,5.0,
P2,system1,./output/P2/2025-08-14_01-41-53/image.png,Is she wearing sandals?,yes,yes,True,attribute,target2,5.0,
P2,system1,./output/P2/2025-08-14_01-41-53/image.png,Is she carrying a suitcase?,yes,yes,True,relation,target2,5.0,
P2,system1,./output/P2/2025-08-14_01-41-53/image.png,Is she carrying a coffee cup?,yes,no,False,relation,target2,5.0,
P2,system1,./output/P2/2025-08-14_01-41-53/image.png,Is the other man wearing a bright green T-shirt?,yes,yes,True,attribute,target2,5.0,
P2,system1,./output/P2/2025-08-14_01-41-53/image.png,Is he wearing beige shorts?,yes,yes,True,attribute,target2,5.0,
P2,system1,./output/P2/2025-08-14_01-41-53/image.png,Is he wearing black sandals?,yes,yes,True,attribute,target2,5.0,
P2,system1,./output/P2/2025-08-14_01-41-53/image.png,Is he standing with his hands in his pockets?,yes,yes,True,relation,target2,5.0,
P2,system1,./output/P2/2025-08-14_01-41-53/image.png,Is the other woman wearing a sky-blue dress?,yes,yes,True,attribute,target2,5.0,
P2,system1,./output/P2/2025-08-14_01-41-53/image.png,Is she wearing brown sandals?,yes,no,False,attribute,target2,5.0,
P2,system1,./output/P2/2025-08-14_01-41-53/image.png,Is she holding a straw hat?,yes,yes,True,relation,target2,5.0,
P2,system1,./output/P2/2025-08-14_01-41-53/image.png,Is she holding a small camera to take a photo?,yes,yes,True,relation,target2,5.0,
P2,system1,./output/P2/2025-08-14_01-41-53/image.png,Are there yellow buildings in the background?,yes,yes,True,relation,target2,5.0,
P2,system1,./output/P2/2025-08-14_01-44-22/image.png,Is the man wearing a white shirt?,yes,yes,True,attribute,target2,5.0,
P2,system1,./output/P2/2025-08-14_01-44-22/image.png,Is he wearing beige trousers?,yes,yes,True,attribute,target2,5.0,
P2,system1,./output/P2/2025-08-14_01-44-22/image.png,Is he wearing black shoes?,yes,no,False,attribute,target2,5.0,
P2,system1,./output/P2/2025-08-14_01-44-22/image.png,Is he wearing sunglasses?,yes,yes,True,attribute,target2,5.0,
P2,system1,./output/P2/2025-08-14_01-44-22/image.png,Is he holding a map?,yes,yes,True,relation,target2,5.0,
P2,system1,./output/P2/2025-08-14_01-44-22/image.png,Is the woman wearing a floral-patterned T-shirt?,yes,yes,True,attribute,target2,5.0,
P2,system1,./output/P2/2025-08-14_01-44-22/image.png,Is she wearing denim shorts?,yes,no,False,attribute,target2,5.0,
P2,system1,./output/P2/2025-08-14_01-44-22/image.png,Is she wearing sandals?,yes,yes,True,attribute,target2,5.0,
P2,system1,./output/P2/2025-08-14_01-44-22/image.png,Is she carrying a suitcase?,yes,yes,True,relation,target2,5.0,
P2,system1,./output/P2/2025-08-14_01-44-22/image.png,Is she carrying a coffee cup?,yes,no,False,relation,target2,5.0,
P2,system1,./output/P2/2025-08-14_01-44-22/image.png,Is the other man wearing a bright green T-shirt?,yes,yes,True,attribute,target2,5.0,
P2,system1,./output/P2/2025-08-14_01-44-22/image.png,Is he wearing beige shorts?,yes,yes,True,attribute,target2,5.0,
P2,system1,./output/P2/2025-08-14_01-44-22/image.png,Is he wearing black sandals?,yes,no,False,attribute,target2,5.0,
P2,system1,./output/P2/2025-08-14_01-44-22/image.png,Is he standing with his hands in his pockets?,yes,yes,True,relation,target2,5.0,
P2,system1,./output/P2/2025-08-14_01-44-22/image.png,Is the other woman wearing a sky-blue dress?,yes,yes,True,attribute,target2,5.0,
P2,system1,./output/P2/2025-08-14_01-44-22/image.png,Is she wearing brown sandals?,yes,no,False,attribute,target2,5.0,
P2,system1,./output/P2/2025-08-14_01-44-22/image.png,Is she holding a straw hat?,yes,yes,True,relation,target2,5.0,
P2,system1,./output/P2/2025-08-14_01-44-22/image.png,Is she holding a small camera to take a photo?,yes,yes,True,relation,target2,5.0,
P2,system1,./output/P2/2025-08-14_01-44-22/image.png,Are there yellow buildings in the background?,yes,yes,True,relation,target2,5.0,
P2,system1,./output/P2/2025-08-14_01-46-45/image.png,Is the man wearing a white shirt?,yes,yes,True,attribute,target2,5.0,
P2,system1,./output/P2/2025-08-14_01-46-45/image.png,Is he wearing beige trousers?,yes,yes,True,attribute,target2,5.0,
P2,system1,./output/P2/2025-08-14_01-46-45/image.png,Is he wearing black shoes?,yes,no,False,attribute,target2,5.0,
P2,system1,./output/P2/2025-08-14_01-46-45/image.png,Is he wearing sunglasses?,yes,yes,True,attribute,target2,5.0,
P2,system1,./output/P2/2025-08-14_01-46-45/image.png,Is he holding a map?,yes,yes,True,relation,target2,5.0,
P2,system1,./output/P2/2025-08-14_01-46-45/image.png,Is the woman wearing a floral-patterned T-shirt?,yes,no,False,attribute,target2,5.0,
P2,system1,./output/P2/2025-08-14_01-46-45/image.png,Is she wearing denim shorts?,yes,yes,True,attribute,target2,5.0,
P2,system1,./output/P2/2025-08-14_01-46-45/image.png,Is she wearing sandals?,yes,yes,True,attribute,target2,5.0,
P2,system1,./output/P2/2025-08-14_01-46-45/image.png,Is she carrying a suitcase?,yes,yes,True,relation,target2,5.0,
P2,system1,./output/P2/2025-08-14_01-46-45/image.png,Is she carrying a coffee cup?,yes,no,False,relation,target2,5.0,
P2,system1,./output/P2/2025-08-14_01-46-45/image.png,Is the other man wearing a bright green T-shirt?,yes,yes,True,attribute,target2,5.0,
P2,system1,./output/P2/2025-08-14_01-46-45/image.png,Is he wearing beige shorts?,yes,yes,True,attribute,target2,5.0,
P2,system1,./output/P2/2025-08-14_01-46-45/image.png,Is he wearing black sandals?,yes,yes,True,attribute,target2,5.0,
P2,system1,./output/P2/2025-08-14_01-46-45/image.png,Is he standing with his hands in his pockets?,yes,yes,True,relation,target2,5.0,
P2,system1,./output/P2/2025-08-14_01-46-45/image.png,Is the other woman wearing a sky-blue dress?,yes,yes,True,attribute,target2,5.0,
P2,system1,./output/P2/2025-08-14_01-46-45/image.png,Is she wearing brown sandals?,yes,no,False,attribute,target2,5.0,
P2,system1,./output/P2/2025-08-14_01-46-45/image.png,Is she holding a straw hat?,yes,yes,True,relation,target2,5.0,
P2,system1,./output/P2/2025-08-14_01-46-45/image.png,Is she holding a small camera to take a photo?,yes,yes,True,relation,target2,5.0,
P2,system1,./output/P2/2025-08-14_01-46-45/image.png,Are there yellow buildings in the background?,yes,yes,True,relation,target2,5.0,
