,timestamp,id,event,details,id_group
0,2000-01-01 08:33:16,,instance.created_from_text,"{'position': {'x': 285.765625, 'y': 272}, 'screen_position': {'x': 347, 'y': 295}, 'board_type': 'advanced', 'session_id': 'e5466056-3354-4623-8ea1-e8a18af6d601', 'user_id': 'P1'}",1
1,2000-01-01 08:34:44,instance-b97d172f-0052-4bf6-b087-4fe1e6af7dd5,class.create.started,"{'instance_id': 'instance-b97d172f-0052-4bf6-b087-4fe1e6af7dd5', 'instance_label': 'rabbit', 'has_scene_graph': True, 'object_count': 3, 'session_id': 'e5466056-3354-4623-8ea1-e8a18af6d601', 'user_id': 'P1'}",1
2,2000-01-01 08:34:45,class-195fd647-2a91-4524-b4e2-7f050ac7dda8,class.created,"{'class_id': 'class-195fd647-2a91-4524-b4e2-7f050ac7dda8', 'class_name': 'rabbit Class', 'placeholder_count': 3, 'created_from': 'rabbit', 'session_id': 'e5466056-3354-4623-8ea1-e8a18af6d601', 'user_id': 'P1'}",1
3,2000-01-01 08:34:48,class-195fd647-2a91-4524-b4e2-7f050ac7dda8,class_detail_opened,"{'class_id': 'class-195fd647-2a91-4524-b4e2-7f050ac7dda8', 'class_name': 'rabbit Class', 'instance_count': 1, 'session_id': 'e5466056-3354-4623-8ea1-e8a18af6d601', 'user_id': 'P1'}",1
4,2000-01-01 08:34:51,class-195fd647-2a91-4524-b4e2-7f050ac7dda8,class_detail_opened,"{'class_id': 'class-195fd647-2a91-4524-b4e2-7f050ac7dda8', 'class_name': 'rabbit Class', 'instance_count': 1, 'session_id': 'e5466056-3354-4623-8ea1-e8a18af6d601', 'user_id': 'P1'}",1
5,2000-01-01 08:35:09,class-195fd647-2a91-4524-b4e2-7f050ac7dda8,instance.create_from_class.started,"{'class_id': 'class-195fd647-2a91-4524-b4e2-7f050ac7dda8', 'class_name': 'rabbit Class', 'value_count': 2, 'session_id': 'e5466056-3354-4623-8ea1-e8a18af6d601', 'user_id': 'P1'}",1
6,2000-01-01 08:35:11,instance-a407e81f-4d34-4660-81b4-316c2d2366d7,instance.created_from_class,"{'instance_id': 'instance-a407e81f-4d34-4660-81b4-316c2d2366d7', 'class_id': 'class-195fd647-2a91-4524-b4e2-7f050ac7dda8', 'instance_label': 'Rabbit', 'has_text_description': True, 'session_id': 'e5466056-3354-4623-8ea1-e8a18af6d601', 'user_id': 'P1'}",1
7,2000-01-01 08:35:48,instance-b97d172f-0052-4bf6-b087-4fe1e6af7dd5,instance.edit.started,"{'instance_id': 'instance-b97d172f-0052-4bf6-b087-4fe1e6af7dd5', 'instance_label': 'rabbit', 'edit_type': 'text', 'session_id': 'e5466056-3354-4623-8ea1-e8a18af6d601', 'user_id': 'P1'}",1
8,2000-01-01 08:36:32,instance-b97d172f-0052-4bf6-b087-4fe1e6af7dd5,instance.updated,"{'instance_id': 'instance-b97d172f-0052-4bf6-b087-4fe1e6af7dd5', 'instance_label': 'rabbit', 'text_changed': True, 'graph_changed': False, 'session_id': 'e5466056-3354-4623-8ea1-e8a18af6d601', 'user_id': 'P1'}",1
9,2000-01-01 08:36:45,,instance.created_from_text,"{'position': {'x': 216.765625, 'y': 283}, 'screen_position': {'x': 278, 'y': 306}, 'board_type': 'advanced', 'session_id': 'e5466056-3354-4623-8ea1-e8a18af6d601', 'user_id': 'P1'}",1
10,2000-01-01 08:39:10,,instance.created_from_text,"{'position': {'x': 63.765625, 'y': 66}, 'screen_position': {'x': 125, 'y': 89}, 'board_type': 'advanced', 'session_id': 'e5466056-3354-4623-8ea1-e8a18af6d601', 'user_id': 'P1'}",1
11,2000-01-01 08:40:06,,api.generate_image.succeeded,"{'global_caption': 'a scene featuring a baby rabbit character, a 2D sketch illustration, wearing a blue jacket, with a brightly smiling face, cuddling a balloon, alongside an adult rabbit in an illustration with a character, talking to another rabbit, with a red balloon in a 2D sketch illustration, set against a forest background in a 2D illustration style with blur.', 'region_count': 4, 'has_image': True, 'detected_objects_count': 0, 'image_path': 'output/P1/2025-08-22_08-40-06/image.png', 'image_with_layout_path': 'output/P1/2025-08-22_08-40-06/image_with_layout.png', 'timestamp_dir': 'output/P1/2025-08-22_08-40-06', 'session_id': 'e5466056-3354-4623-8ea1-e8a18af6d601', 'user_id': 'P1'}",1
12,2000-01-01 08:41:05,instance-32bf5aa7-0443-47ce-b69a-53a95226e911,instance.deleted,"{'instance_id': 'instance-32bf5aa7-0443-47ce-b69a-53a95226e911', 'instance_label': 'forest', 'is_from_class': False, 'class_id': None, 'session_id': 'e5466056-3354-4623-8ea1-e8a18af6d601', 'user_id': 'P1'}",1
13,2000-01-01 08:41:17,instance-ee18810a-dc3c-4744-9f9b-a6e15d8f7999,instance.edit.started,"{'instance_id': 'instance-ee18810a-dc3c-4744-9f9b-a6e15d8f7999', 'instance_label': 'balloon', 'edit_type': 'text', 'session_id': 'e5466056-3354-4623-8ea1-e8a18af6d601', 'user_id': 'P1'}",1
14,2000-01-01 08:41:33,instance-ee18810a-dc3c-4744-9f9b-a6e15d8f7999,instance.updated,"{'instance_id': 'instance-ee18810a-dc3c-4744-9f9b-a6e15d8f7999', 'instance_label': 'balloon', 'text_changed': True, 'graph_changed': False, 'session_id': 'e5466056-3354-4623-8ea1-e8a18af6d601', 'user_id': 'P1'}",1
15,2000-01-01 08:41:35,instance-b97d172f-0052-4bf6-b087-4fe1e6af7dd5,instance.edit.started,"{'instance_id': 'instance-b97d172f-0052-4bf6-b087-4fe1e6af7dd5', 'instance_label': 'rabbit', 'edit_type': 'text', 'session_id': 'e5466056-3354-4623-8ea1-e8a18af6d601', 'user_id': 'P1'}",1
16,2000-01-01 08:41:43,instance-a407e81f-4d34-4660-81b4-316c2d2366d7,instance.edit.started,"{'instance_id': 'instance-a407e81f-4d34-4660-81b4-316c2d2366d7', 'instance_label': 'Rabbit', 'edit_type': 'text', 'session_id': 'e5466056-3354-4623-8ea1-e8a18af6d601', 'user_id': 'P1'}",1
17,2000-01-01 08:41:43,instance-b97d172f-0052-4bf6-b087-4fe1e6af7dd5,instance.updated,"{'instance_id': 'instance-b97d172f-0052-4bf6-b087-4fe1e6af7dd5', 'instance_label': 'rabbit', 'text_changed': True, 'graph_changed': False, 'session_id': 'e5466056-3354-4623-8ea1-e8a18af6d601', 'user_id': 'P1'}",1
18,2000-01-01 08:42:03,class-195fd647-2a91-4524-b4e2-7f050ac7dda8,class_detail_opened,"{'class_id': 'class-195fd647-2a91-4524-b4e2-7f050ac7dda8', 'class_name': 'rabbit Class', 'instance_count': 2, 'session_id': 'e5466056-3354-4623-8ea1-e8a18af6d601', 'user_id': 'P1'}",1
19,2000-01-01 08:42:07,class-195fd647-2a91-4524-b4e2-7f050ac7dda8,class.edit.started,"{'class_id': 'class-195fd647-2a91-4524-b4e2-7f050ac7dda8', 'class_name': 'rabbit Class', 'placeholder_count': 3, 'object_count': 3, 'session_id': 'e5466056-3354-4623-8ea1-e8a18af6d601', 'user_id': 'P1'}",1
20,2000-01-01 08:42:21,class-195fd647-2a91-4524-b4e2-7f050ac7dda8,class.updated,"{'class_id': 'class-195fd647-2a91-4524-b4e2-7f050ac7dda8', 'class_name': 'rabbit Class', 'placeholder_count': 3, 'object_count': 3, 'session_id': 'e5466056-3354-4623-8ea1-e8a18af6d601', 'user_id': 'P1'}",1
21,2000-01-01 08:42:29,,instance.created_from_text,"{'position': {'x': 118.765625, 'y': 65}, 'screen_position': {'x': 180, 'y': 88}, 'board_type': 'advanced', 'session_id': 'e5466056-3354-4623-8ea1-e8a18af6d601', 'user_id': 'P1'}",1
22,2000-01-01 08:43:36,,api.generate_image.succeeded,"{'global_caption': 'a scene featuring a baby rabbit character in a 2D sketch illustration in watercolor style, wearing a blue jacket, with a brightly smiling face, cuddling a balloon, alongside an adult rabbit in a watercolor illustration with a character, talking to another rabbit, with a red balloon in a 2D sketch illustration in watercolor style, set against a forest background in a 2D illustration in watercolor style, with blur.', 'region_count': 4, 'has_image': True, 'detected_objects_count': 1, 'image_path': 'output/P1/2025-08-22_08-43-35/image.png', 'image_with_layout_path': 'output/P1/2025-08-22_08-43-35/image_with_layout.png', 'timestamp_dir': 'output/P1/2025-08-22_08-43-35', 'session_id': 'e5466056-3354-4623-8ea1-e8a18af6d601', 'user_id': 'P1'}",1
23,2000-01-01 08:44:01,,scene_saved,"{'slotNumber': 1, 'instanceCount': 4, 'nodeCount': 8, 'edgeCount': 2, 'session_id': 'e5466056-3354-4623-8ea1-e8a18af6d601', 'user_id': 'P1'}",1
24,2000-01-01 08:44:08,instance-b97d172f-0052-4bf6-b087-4fe1e6af7dd5,instance.deleted,"{'instance_id': 'instance-b97d172f-0052-4bf6-b087-4fe1e6af7dd5', 'instance_label': 'rabbit', 'is_from_class': True, 'class_id': 'class-195fd647-2a91-4524-b4e2-7f050ac7dda8', 'session_id': 'e5466056-3354-4623-8ea1-e8a18af6d601', 'user_id': 'P1'}",1
25,2000-01-01 08:44:11,instance-608e8a4d-b475-4a5b-8cfe-feae5fff45f6,instance.deleted,"{'instance_id': 'instance-608e8a4d-b475-4a5b-8cfe-feae5fff45f6', 'instance_label': 'forest', 'is_from_class': False, 'class_id': None, 'session_id': 'e5466056-3354-4623-8ea1-e8a18af6d601', 'user_id': 'P1'}",1
26,2000-01-01 08:44:16,instance-ee18810a-dc3c-4744-9f9b-a6e15d8f7999,instance.deleted,"{'instance_id': 'instance-ee18810a-dc3c-4744-9f9b-a6e15d8f7999', 'instance_label': 'balloon', 'is_from_class': False, 'class_id': None, 'session_id': 'e5466056-3354-4623-8ea1-e8a18af6d601', 'user_id': 'P1'}",1
27,2000-01-01 08:44:21,instance-a407e81f-4d34-4660-81b4-316c2d2366d7,instance.deleted,"{'instance_id': 'instance-a407e81f-4d34-4660-81b4-316c2d2366d7', 'instance_label': 'Rabbit', 'is_from_class': True, 'class_id': 'class-195fd647-2a91-4524-b4e2-7f050ac7dda8', 'session_id': 'e5466056-3354-4623-8ea1-e8a18af6d601', 'user_id': 'P1'}",1
28,2000-01-01 08:44:27,instance-608e8a4d-b475-4a5b-8cfe-feae5fff45f6,class.create.started,"{'instance_id': 'instance-608e8a4d-b475-4a5b-8cfe-feae5fff45f6', 'instance_label': 'forest', 'has_scene_graph': True, 'object_count': 3, 'session_id': 'e5466056-3354-4623-8ea1-e8a18af6d601', 'user_id': 'P1'}",1
29,2000-01-01 08:44:29,class-3ff65e8f-8335-4b67-9c53-1d92b1fbbefb,class.created,"{'class_id': 'class-3ff65e8f-8335-4b67-9c53-1d92b1fbbefb', 'class_name': 'forest Class', 'placeholder_count': 3, 'created_from': 'forest', 'session_id': 'e5466056-3354-4623-8ea1-e8a18af6d601', 'user_id': 'P1'}",1
30,2000-01-01 08:44:53,instance-a407e81f-4d34-4660-81b4-316c2d2366d7,instance.deleted,"{'instance_id': 'instance-a407e81f-4d34-4660-81b4-316c2d2366d7', 'instance_label': 'Rabbit', 'is_from_class': True, 'class_id': 'class-195fd647-2a91-4524-b4e2-7f050ac7dda8', 'session_id': 'e5466056-3354-4623-8ea1-e8a18af6d601', 'user_id': 'P1'}",1
31,2000-01-01 08:44:57,instance-b97d172f-0052-4bf6-b087-4fe1e6af7dd5,instance.edit.started,"{'instance_id': 'instance-b97d172f-0052-4bf6-b087-4fe1e6af7dd5', 'instance_label': 'rabbit', 'edit_type': 'text', 'session_id': 'e5466056-3354-4623-8ea1-e8a18af6d601', 'user_id': 'P1'}",1
32,2000-01-01 08:45:57,instance-b97d172f-0052-4bf6-b087-4fe1e6af7dd5,instance.updated,"{'instance_id': 'instance-b97d172f-0052-4bf6-b087-4fe1e6af7dd5', 'instance_label': 'rabbit', 'text_changed': True, 'graph_changed': False, 'session_id': 'e5466056-3354-4623-8ea1-e8a18af6d601', 'user_id': 'P1'}",1
33,2000-01-01 08:47:04,instance-608e8a4d-b475-4a5b-8cfe-feae5fff45f6,instance.edit.started,"{'instance_id': 'instance-608e8a4d-b475-4a5b-8cfe-feae5fff45f6', 'instance_label': 'forest', 'edit_type': 'text', 'session_id': 'e5466056-3354-4623-8ea1-e8a18af6d601', 'user_id': 'P1'}",1
34,2000-01-01 08:47:20,instance-608e8a4d-b475-4a5b-8cfe-feae5fff45f6,instance.updated,"{'instance_id': 'instance-608e8a4d-b475-4a5b-8cfe-feae5fff45f6', 'instance_label': 'forest', 'text_changed': True, 'graph_changed': False, 'session_id': 'e5466056-3354-4623-8ea1-e8a18af6d601', 'user_id': 'P1'}",1
35,2000-01-01 08:47:55,,api.generate_image.succeeded,"{'global_caption': 'a scene featuring a baby rabbit character in a 2D sketch illustration in watercolor style, wearing a blue jacket, paused while running with tears in panic, looking above a red balloon, alongside a red balloon in a 2D sketch illustration in watercolor style, set against a forest background in a 2D illustration in watercolor style, with blur and windy weather.', 'region_count': 3, 'has_image': True, 'detected_objects_count': 1, 'image_path': 'output/P1/2025-08-22_08-47-54/image.png', 'image_with_layout_path': 'output/P1/2025-08-22_08-47-54/image_with_layout.png', 'timestamp_dir': 'output/P1/2025-08-22_08-47-54', 'session_id': 'e5466056-3354-4623-8ea1-e8a18af6d601', 'user_id': 'P1'}",1
36,2000-01-01 08:48:15,instance-b97d172f-0052-4bf6-b087-4fe1e6af7dd5,instance.edit.started,"{'instance_id': 'instance-b97d172f-0052-4bf6-b087-4fe1e6af7dd5', 'instance_label': 'rabbit', 'edit_type': 'text', 'session_id': 'e5466056-3354-4623-8ea1-e8a18af6d601', 'user_id': 'P1'}",1
37,2000-01-01 08:48:41,instance-b97d172f-0052-4bf6-b087-4fe1e6af7dd5,instance.updated,"{'instance_id': 'instance-b97d172f-0052-4bf6-b087-4fe1e6af7dd5', 'instance_label': 'rabbit', 'text_changed': True, 'graph_changed': False, 'session_id': 'e5466056-3354-4623-8ea1-e8a18af6d601', 'user_id': 'P1'}",1
38,2000-01-01 08:48:57,instance-ee18810a-dc3c-4744-9f9b-a6e15d8f7999,instance.edit.started,"{'instance_id': 'instance-ee18810a-dc3c-4744-9f9b-a6e15d8f7999', 'instance_label': 'balloon', 'edit_type': 'text', 'session_id': 'e5466056-3354-4623-8ea1-e8a18af6d601', 'user_id': 'P1'}",1
39,2000-01-01 08:49:08,instance-ee18810a-dc3c-4744-9f9b-a6e15d8f7999,instance.updated,"{'instance_id': 'instance-ee18810a-dc3c-4744-9f9b-a6e15d8f7999', 'instance_label': 'balloon', 'text_changed': True, 'graph_changed': False, 'session_id': 'e5466056-3354-4623-8ea1-e8a18af6d601', 'user_id': 'P1'}",1
40,2000-01-01 08:49:39,,api.generate_image.succeeded,"{'global_caption': 'a scene featuring a baby rabbit character in a 2D sketch illustration in watercolor style, wearing a blue jacket, paused while running with tears in panic, showing its back and looking above a red balloon, alongside a red balloon in a 2D sketch illustration in watercolor style, far in the sky, set against a forest background in a 2D illustration in watercolor style, with a blur and windy weather.', 'region_count': 3, 'has_image': True, 'detected_objects_count': 0, 'image_path': 'output/P1/2025-08-22_08-49-38/image.png', 'image_with_layout_path': 'output/P1/2025-08-22_08-49-38/image_with_layout.png', 'timestamp_dir': 'output/P1/2025-08-22_08-49-38', 'session_id': 'e5466056-3354-4623-8ea1-e8a18af6d601', 'user_id': 'P1'}",1
41,2000-01-01 08:50:35,instance-b97d172f-0052-4bf6-b087-4fe1e6af7dd5,instance.edit.started,"{'instance_id': 'instance-b97d172f-0052-4bf6-b087-4fe1e6af7dd5', 'instance_label': 'rabbit', 'edit_type': 'graph', 'session_id': 'e5466056-3354-4623-8ea1-e8a18af6d601', 'user_id': 'P1'}",1
42,2000-01-01 08:50:36,instance-b97d172f-0052-4bf6-b087-4fe1e6af7dd5,object_node.edit.started,"{'object_id': 'object6', 'object_name': 'back', 'edit_mode': 'adding', 'is_class_mode': False, 'parent_instance_id': 'instance-b97d172f-0052-4bf6-b087-4fe1e6af7dd5', 'session_id': 'e5466056-3354-4623-8ea1-e8a18af6d601', 'user_id': 'P1'}",1
43,2000-01-01 08:51:28,instance-b97d172f-0052-4bf6-b087-4fe1e6af7dd5,instance.edit.started,"{'instance_id': 'instance-b97d172f-0052-4bf6-b087-4fe1e6af7dd5', 'instance_label': 'rabbit', 'edit_type': 'text', 'session_id': 'e5466056-3354-4623-8ea1-e8a18af6d601', 'user_id': 'P1'}",1
44,2000-01-01 08:52:07,instance-b97d172f-0052-4bf6-b087-4fe1e6af7dd5,instance.updated,"{'instance_id': 'instance-b97d172f-0052-4bf6-b087-4fe1e6af7dd5', 'instance_label': 'rabbit', 'text_changed': True, 'graph_changed': False, 'session_id': 'e5466056-3354-4623-8ea1-e8a18af6d601', 'user_id': 'P1'}",1
45,2000-01-01 08:53:02,,api.generate_image.succeeded,"{'global_caption': 'a scene featuring a baby rabbit character in a 2D sketch illustration in watercolor style, wearing a blue jacket, paused while running with tears in panic, showing its back and looking above at a red balloon, alongside a red balloon in a 2D sketch illustration in watercolor style, far in the sky, set against a forest background in a 2D illustration in watercolor style, with a blur and windy weather.', 'region_count': 3, 'has_image': True, 'detected_objects_count': 0, 'image_path': 'output/P1/2025-08-22_08-53-01/image.png', 'image_with_layout_path': 'output/P1/2025-08-22_08-53-01/image_with_layout.png', 'timestamp_dir': 'output/P1/2025-08-22_08-53-01', 'session_id': 'e5466056-3354-4623-8ea1-e8a18af6d601', 'user_id': 'P1'}",1
46,2000-01-01 08:54:26,instance-b97d172f-0052-4bf6-b087-4fe1e6af7dd5,instance.edit.started,"{'instance_id': 'instance-b97d172f-0052-4bf6-b087-4fe1e6af7dd5', 'instance_label': 'rabbit', 'edit_type': 'text', 'session_id': 'e5466056-3354-4623-8ea1-e8a18af6d601', 'user_id': 'P1'}",1
47,2000-01-01 08:55:27,instance-b97d172f-0052-4bf6-b087-4fe1e6af7dd5,instance.updated,"{'instance_id': 'instance-b97d172f-0052-4bf6-b087-4fe1e6af7dd5', 'instance_label': 'rabbit', 'text_changed': True, 'graph_changed': False, 'session_id': 'e5466056-3354-4623-8ea1-e8a18af6d601', 'user_id': 'P1'}",1
48,2000-01-01 08:55:48,,api.generate_image.succeeded,"{'global_caption': 'a scene featuring a baby rabbit character in a 2D sketch illustration in watercolor style, wearing a blue jacket, paused while running with tears in panic, showing its back and looking up at a red balloon, alongside a red balloon in a 2D sketch illustration in watercolor style, far in the sky, set against a forest background in a 2D illustration in watercolor style, with a blur and windy weather.', 'region_count': 3, 'has_image': True, 'detected_objects_count': 0, 'image_path': 'output/P1/2025-08-22_08-55-47/image.png', 'image_with_layout_path': 'output/P1/2025-08-22_08-55-47/image_with_layout.png', 'timestamp_dir': 'output/P1/2025-08-22_08-55-47', 'session_id': 'e5466056-3354-4623-8ea1-e8a18af6d601', 'user_id': 'P1'}",1
49,2000-01-01 08:55:56,,scene_saved,"{'slotNumber': 2, 'instanceCount': 3, 'nodeCount': 6, 'edgeCount': 2, 'session_id': 'e5466056-3354-4623-8ea1-e8a18af6d601', 'user_id': 'P1'}",1
50,2000-01-01 08:56:15,instance-ee18810a-dc3c-4744-9f9b-a6e15d8f7999,class.create.started,"{'instance_id': 'instance-ee18810a-dc3c-4744-9f9b-a6e15d8f7999', 'instance_label': 'balloon', 'has_scene_graph': True, 'object_count': 3, 'session_id': 'e5466056-3354-4623-8ea1-e8a18af6d601', 'user_id': 'P1'}",1
51,2000-01-01 08:56:17,class-3e5a7aa6-5b51-446b-97b9-b2c655fb78dc,class.created,"{'class_id': 'class-3e5a7aa6-5b51-446b-97b9-b2c655fb78dc', 'class_name': 'balloon Class', 'placeholder_count': 3, 'created_from': 'balloon', 'session_id': 'e5466056-3354-4623-8ea1-e8a18af6d601', 'user_id': 'P1'}",1
52,2000-01-01 08:56:20,instance-ee18810a-dc3c-4744-9f9b-a6e15d8f7999,instance.deleted,"{'instance_id': 'instance-ee18810a-dc3c-4744-9f9b-a6e15d8f7999', 'instance_label': 'balloon', 'is_from_class': True, 'class_id': 'class-3e5a7aa6-5b51-446b-97b9-b2c655fb78dc', 'session_id': 'e5466056-3354-4623-8ea1-e8a18af6d601', 'user_id': 'P1'}",1
53,2000-01-01 08:56:30,class-195fd647-2a91-4524-b4e2-7f050ac7dda8,class_detail_opened,"{'class_id': 'class-195fd647-2a91-4524-b4e2-7f050ac7dda8', 'class_name': 'rabbit Class', 'instance_count': 1, 'session_id': 'e5466056-3354-4623-8ea1-e8a18af6d601', 'user_id': 'P1'}",1
54,2000-01-01 08:56:43,class-195fd647-2a91-4524-b4e2-7f050ac7dda8,instance.create_from_class.started,"{'class_id': 'class-195fd647-2a91-4524-b4e2-7f050ac7dda8', 'class_name': 'rabbit Class', 'value_count': 2, 'session_id': 'e5466056-3354-4623-8ea1-e8a18af6d601', 'user_id': 'P1'}",1
55,2000-01-01 08:56:44,instance-5ab7832b-69c5-42ea-8ed3-bde6e5761037,instance.created_from_class,"{'instance_id': 'instance-5ab7832b-69c5-42ea-8ed3-bde6e5761037', 'class_id': 'class-195fd647-2a91-4524-b4e2-7f050ac7dda8', 'instance_label': 'Baby rabbit', 'has_text_description': True, 'session_id': 'e5466056-3354-4623-8ea1-e8a18af6d601', 'user_id': 'P1'}",1
56,2000-01-01 08:56:47,class-195fd647-2a91-4524-b4e2-7f050ac7dda8,instance.create_from_class.started,"{'class_id': 'class-195fd647-2a91-4524-b4e2-7f050ac7dda8', 'class_name': 'rabbit Class', 'value_count': 2, 'session_id': 'e5466056-3354-4623-8ea1-e8a18af6d601', 'user_id': 'P1'}",1
57,2000-01-01 08:56:48,instance-9e369952-10a4-4279-9ec1-aa69428e395c,instance.created_from_class,"{'instance_id': 'instance-9e369952-10a4-4279-9ec1-aa69428e395c', 'class_id': 'class-195fd647-2a91-4524-b4e2-7f050ac7dda8', 'instance_label': 'Baby rabbit', 'has_text_description': True, 'session_id': 'e5466056-3354-4623-8ea1-e8a18af6d601', 'user_id': 'P1'}",1
58,2000-01-01 08:57:34,instance-b97d172f-0052-4bf6-b087-4fe1e6af7dd5,instance.edit.started,"{'instance_id': 'instance-b97d172f-0052-4bf6-b087-4fe1e6af7dd5', 'instance_label': 'rabbit', 'edit_type': 'text', 'session_id': 'e5466056-3354-4623-8ea1-e8a18af6d601', 'user_id': 'P1'}",1
59,2000-01-01 08:58:37,instance-b97d172f-0052-4bf6-b087-4fe1e6af7dd5,instance.updated,"{'instance_id': 'instance-b97d172f-0052-4bf6-b087-4fe1e6af7dd5', 'instance_label': 'rabbit', 'text_changed': True, 'graph_changed': False, 'session_id': 'e5466056-3354-4623-8ea1-e8a18af6d601', 'user_id': 'P1'}",1
60,2000-01-01 08:58:55,instance-9e369952-10a4-4279-9ec1-aa69428e395c,instance.edit.started,"{'instance_id': 'instance-9e369952-10a4-4279-9ec1-aa69428e395c', 'instance_label': 'Baby rabbit', 'edit_type': 'text', 'session_id': 'e5466056-3354-4623-8ea1-e8a18af6d601', 'user_id': 'P1'}",1
61,2000-01-01 09:00:18,instance-9e369952-10a4-4279-9ec1-aa69428e395c,instance.updated,"{'instance_id': 'instance-9e369952-10a4-4279-9ec1-aa69428e395c', 'instance_label': 'rabbit', 'text_changed': True, 'graph_changed': False, 'session_id': 'e5466056-3354-4623-8ea1-e8a18af6d601', 'user_id': 'P1'}",1
62,2000-01-01 09:00:22,instance-9e369952-10a4-4279-9ec1-aa69428e395c,instance.edit.started,"{'instance_id': 'instance-9e369952-10a4-4279-9ec1-aa69428e395c', 'instance_label': 'rabbit', 'edit_type': 'text', 'session_id': 'e5466056-3354-4623-8ea1-e8a18af6d601', 'user_id': 'P1'}",1
63,2000-01-01 09:00:47,instance-5ab7832b-69c5-42ea-8ed3-bde6e5761037,instance.edit.started,"{'instance_id': 'instance-5ab7832b-69c5-42ea-8ed3-bde6e5761037', 'instance_label': 'Baby rabbit', 'edit_type': 'text', 'session_id': 'e5466056-3354-4623-8ea1-e8a18af6d601', 'user_id': 'P1'}",1
64,2000-01-01 09:00:47,instance-9e369952-10a4-4279-9ec1-aa69428e395c,instance.updated,"{'instance_id': 'instance-9e369952-10a4-4279-9ec1-aa69428e395c', 'instance_label': 'rabbit', 'text_changed': True, 'graph_changed': False, 'session_id': 'e5466056-3354-4623-8ea1-e8a18af6d601', 'user_id': 'P1'}",1
65,2000-01-01 09:00:58,instance-5ab7832b-69c5-42ea-8ed3-bde6e5761037,instance.updated,"{'instance_id': 'instance-5ab7832b-69c5-42ea-8ed3-bde6e5761037', 'instance_label': 'rabbit', 'text_changed': True, 'graph_changed': False, 'session_id': 'e5466056-3354-4623-8ea1-e8a18af6d601', 'user_id': 'P1'}",1
66,2000-01-01 09:02:01,,api.generate_image.succeeded,"{'global_caption': 'a scene featuring a baby rabbit character, a 2D sketch illustration in watercolor style, wearing a blue jacket, talking with a worrying face, staying still, looking up at an unknown object, and watching another rabbit, with a forest background, a 2D illustration in watercolor style, blurred, with windy weather, alongside a baby rabbit character in a watercolor illustration, with a bright and passionate face, wearing a green shirt, talking to another rabbit, and a baby rabbit in a watercolor illustration, with a bright and passionate face, wearing a red shirt, talking to another rabbit.', 'region_count': 4, 'has_image': True, 'detected_objects_count': 0, 'image_path': 'output/P1/2025-08-22_09-02-01/image.png', 'image_with_layout_path': 'output/P1/2025-08-22_09-02-01/image_with_layout.png', 'timestamp_dir': 'output/P1/2025-08-22_09-02-01', 'session_id': 'e5466056-3354-4623-8ea1-e8a18af6d601', 'user_id': 'P1'}",1
67,2000-01-01 09:03:07,instance-5ab7832b-69c5-42ea-8ed3-bde6e5761037,instance.edit.started,"{'instance_id': 'instance-5ab7832b-69c5-42ea-8ed3-bde6e5761037', 'instance_label': 'rabbit', 'edit_type': 'text', 'session_id': 'e5466056-3354-4623-8ea1-e8a18af6d601', 'user_id': 'P1'}",1
68,2000-01-01 09:03:24,instance-5ab7832b-69c5-42ea-8ed3-bde6e5761037,instance.updated,"{'instance_id': 'instance-5ab7832b-69c5-42ea-8ed3-bde6e5761037', 'instance_label': 'rabbit', 'text_changed': True, 'graph_changed': False, 'session_id': 'e5466056-3354-4623-8ea1-e8a18af6d601', 'user_id': 'P1'}",1
69,2000-01-01 09:03:27,instance-9e369952-10a4-4279-9ec1-aa69428e395c,instance.edit.started,"{'instance_id': 'instance-9e369952-10a4-4279-9ec1-aa69428e395c', 'instance_label': 'rabbit', 'edit_type': 'text', 'session_id': 'e5466056-3354-4623-8ea1-e8a18af6d601', 'user_id': 'P1'}",1
70,2000-01-01 09:03:35,instance-9e369952-10a4-4279-9ec1-aa69428e395c,instance.updated,"{'instance_id': 'instance-9e369952-10a4-4279-9ec1-aa69428e395c', 'instance_label': 'rabbit', 'text_changed': True, 'graph_changed': False, 'session_id': 'e5466056-3354-4623-8ea1-e8a18af6d601', 'user_id': 'P1'}",1
71,2000-01-01 09:04:06,,api.generate_image.succeeded,"{'global_caption': 'a scene featuring a baby rabbit character, a 2D sketch illustration in watercolor style, wearing a blue jacket, talking with a worrying face, staying still, looking up at an unknown object and watching another rabbit, with a forest background, a 2D illustration in watercolor style, blurred, with windy weather, alongside a baby rabbit character in a watercolor illustration, with a bright and passionate face, wearing a green shirt, standing and talking to another rabbit, and a baby rabbit in a watercolor illustration, with a bright and passionate face, wearing a red shirt, standing and talking to another rabbit.', 'region_count': 4, 'has_image': True, 'detected_objects_count': 0, 'image_path': 'output/P1/2025-08-22_09-04-05/image.png', 'image_with_layout_path': 'output/P1/2025-08-22_09-04-05/image_with_layout.png', 'timestamp_dir': 'output/P1/2025-08-22_09-04-05', 'session_id': 'e5466056-3354-4623-8ea1-e8a18af6d601', 'user_id': 'P1'}",1
72,2000-01-01 09:04:17,,scene_saved,"{'slotNumber': 3, 'instanceCount': 4, 'nodeCount': 8, 'edgeCount': 5, 'session_id': 'e5466056-3354-4623-8ea1-e8a18af6d601', 'user_id': 'P1'}",1
73,2000-01-01 09:05:00,instance-b97d172f-0052-4bf6-b087-4fe1e6af7dd5,instance.edit.started,"{'instance_id': 'instance-b97d172f-0052-4bf6-b087-4fe1e6af7dd5', 'instance_label': 'rabbit', 'edit_type': 'text', 'session_id': 'e5466056-3354-4623-8ea1-e8a18af6d601', 'user_id': 'P1'}",1
74,2000-01-01 09:05:59,instance-b97d172f-0052-4bf6-b087-4fe1e6af7dd5,instance.updated,"{'instance_id': 'instance-b97d172f-0052-4bf6-b087-4fe1e6af7dd5', 'instance_label': 'rabbit', 'text_changed': True, 'graph_changed': False, 'session_id': 'e5466056-3354-4623-8ea1-e8a18af6d601', 'user_id': 'P1'}",1
75,2000-01-01 09:06:15,instance-608e8a4d-b475-4a5b-8cfe-feae5fff45f6,instance.edit.started,"{'instance_id': 'instance-608e8a4d-b475-4a5b-8cfe-feae5fff45f6', 'instance_label': 'forest', 'edit_type': 'text', 'session_id': 'e5466056-3354-4623-8ea1-e8a18af6d601', 'user_id': 'P1'}",1
76,2000-01-01 09:06:42,instance-608e8a4d-b475-4a5b-8cfe-feae5fff45f6,instance.updated,"{'instance_id': 'instance-608e8a4d-b475-4a5b-8cfe-feae5fff45f6', 'instance_label': 'forest', 'text_changed': True, 'graph_changed': False, 'session_id': 'e5466056-3354-4623-8ea1-e8a18af6d601', 'user_id': 'P1'}",1
77,2000-01-01 09:06:44,instance-b97d172f-0052-4bf6-b087-4fe1e6af7dd5,instance.edit.started,"{'instance_id': 'instance-b97d172f-0052-4bf6-b087-4fe1e6af7dd5', 'instance_label': 'rabbit', 'edit_type': 'text', 'session_id': 'e5466056-3354-4623-8ea1-e8a18af6d601', 'user_id': 'P1'}",1
78,2000-01-01 09:06:51,instance-9e369952-10a4-4279-9ec1-aa69428e395c,instance.edit.started,"{'instance_id': 'instance-9e369952-10a4-4279-9ec1-aa69428e395c', 'instance_label': 'rabbit', 'edit_type': 'text', 'session_id': 'e5466056-3354-4623-8ea1-e8a18af6d601', 'user_id': 'P1'}",1
79,2000-01-01 09:07:13,instance-9e369952-10a4-4279-9ec1-aa69428e395c,instance.updated,"{'instance_id': 'instance-9e369952-10a4-4279-9ec1-aa69428e395c', 'instance_label': 'rabbit', 'text_changed': True, 'graph_changed': False, 'session_id': 'e5466056-3354-4623-8ea1-e8a18af6d601', 'user_id': 'P1'}",1
80,2000-01-01 09:07:17,instance-5ab7832b-69c5-42ea-8ed3-bde6e5761037,instance.edit.started,"{'instance_id': 'instance-5ab7832b-69c5-42ea-8ed3-bde6e5761037', 'instance_label': 'rabbit', 'edit_type': 'text', 'session_id': 'e5466056-3354-4623-8ea1-e8a18af6d601', 'user_id': 'P1'}",1
81,2000-01-01 09:07:34,instance-5ab7832b-69c5-42ea-8ed3-bde6e5761037,instance.updated,"{'instance_id': 'instance-5ab7832b-69c5-42ea-8ed3-bde6e5761037', 'instance_label': 'rabbit', 'text_changed': True, 'graph_changed': False, 'session_id': 'e5466056-3354-4623-8ea1-e8a18af6d601', 'user_id': 'P1'}",1
82,2000-01-01 09:08:48,,api.generate_image.succeeded,"{'global_caption': 'a scene featuring a baby rabbit character, a 2D sketch illustration in watercolor style, wearing a dirty blue jacket with mud, running and finding something, an enthusiastic rabbit looking up at the unknown, with a forest background with trees and mud, a 2D illustration in watercolor style, with blur, in rough condition, along with a baby rabbit character in a watercolor illustration, with a bright and passionate face, wearing a dirty green shirt with mud, running and finding something, enthusiastic, and a baby rabbit in a watercolor illustration, with a bright and passionate face, wearing a dirty red shirt with mud, running and finding something, enthusiastic.', 'region_count': 4, 'has_image': True, 'detected_objects_count': 2, 'image_path': 'output/P1/2025-08-22_09-08-48/image.png', 'image_with_layout_path': 'output/P1/2025-08-22_09-08-48/image_with_layout.png', 'timestamp_dir': 'output/P1/2025-08-22_09-08-48', 'session_id': 'e5466056-3354-4623-8ea1-e8a18af6d601', 'user_id': 'P1'}",1
83,2000-01-01 09:09:09,,scene_saved,"{'slotNumber': 4, 'instanceCount': 4, 'nodeCount': 8, 'edgeCount': 2, 'session_id': 'e5466056-3354-4623-8ea1-e8a18af6d601', 'user_id': 'P1'}",1
84,2000-01-01 09:09:38,,instance.created_from_text,"{'position': {'x': 309.765625, 'y': 80}, 'screen_position': {'x': 371, 'y': 123}, 'board_type': 'advanced', 'session_id': 'e5466056-3354-4623-8ea1-e8a18af6d601', 'user_id': 'P1'}",1
85,2000-01-01 09:10:08,class-3e5a7aa6-5b51-446b-97b9-b2c655fb78dc,class_detail_opened,"{'class_id': 'class-3e5a7aa6-5b51-446b-97b9-b2c655fb78dc', 'class_name': 'balloon Class', 'instance_count': 0, 'session_id': 'e5466056-3354-4623-8ea1-e8a18af6d601', 'user_id': 'P1'}",1
86,2000-01-01 09:10:20,class-3e5a7aa6-5b51-446b-97b9-b2c655fb78dc,instance.create_from_class.started,"{'class_id': 'class-3e5a7aa6-5b51-446b-97b9-b2c655fb78dc', 'class_name': 'balloon Class', 'value_count': 2, 'session_id': 'e5466056-3354-4623-8ea1-e8a18af6d601', 'user_id': 'P1'}",1
87,2000-01-01 09:10:21,instance-a6e38a4c-3d55-4f61-81f3-558826446a79,instance.created_from_class,"{'instance_id': 'instance-a6e38a4c-3d55-4f61-81f3-558826446a79', 'class_id': 'class-3e5a7aa6-5b51-446b-97b9-b2c655fb78dc', 'instance_label': 'Balloon', 'has_text_description': True, 'session_id': 'e5466056-3354-4623-8ea1-e8a18af6d601', 'user_id': 'P1'}",1
88,2000-01-01 09:10:48,instance-a6e38a4c-3d55-4f61-81f3-558826446a79,instance.edit.started,"{'instance_id': 'instance-a6e38a4c-3d55-4f61-81f3-558826446a79', 'instance_label': 'Balloon', 'edit_type': 'text', 'session_id': 'e5466056-3354-4623-8ea1-e8a18af6d601', 'user_id': 'P1'}",1
89,2000-01-01 09:11:03,instance-a6e38a4c-3d55-4f61-81f3-558826446a79,instance.updated,"{'instance_id': 'instance-a6e38a4c-3d55-4f61-81f3-558826446a79', 'instance_label': 'balloon', 'text_changed': True, 'graph_changed': False, 'session_id': 'e5466056-3354-4623-8ea1-e8a18af6d601', 'user_id': 'P1'}",1
90,2000-01-01 09:11:57,instance-5ab7832b-69c5-42ea-8ed3-bde6e5761037,instance.edit.started,"{'instance_id': 'instance-5ab7832b-69c5-42ea-8ed3-bde6e5761037', 'instance_label': 'rabbit', 'edit_type': 'text', 'session_id': 'e5466056-3354-4623-8ea1-e8a18af6d601', 'user_id': 'P1'}",1
91,2000-01-01 09:12:54,instance-5ab7832b-69c5-42ea-8ed3-bde6e5761037,instance.updated,"{'instance_id': 'instance-5ab7832b-69c5-42ea-8ed3-bde6e5761037', 'instance_label': 'rabbit', 'text_changed': True, 'graph_changed': False, 'session_id': 'e5466056-3354-4623-8ea1-e8a18af6d601', 'user_id': 'P1'}",1
92,2000-01-01 09:13:21,instance-608e8a4d-b475-4a5b-8cfe-feae5fff45f6,instance.edit.started,"{'instance_id': 'instance-608e8a4d-b475-4a5b-8cfe-feae5fff45f6', 'instance_label': 'forest', 'edit_type': 'text', 'session_id': 'e5466056-3354-4623-8ea1-e8a18af6d601', 'user_id': 'P1'}",1
93,2000-01-01 09:13:35,instance-608e8a4d-b475-4a5b-8cfe-feae5fff45f6,instance.updated,"{'instance_id': 'instance-608e8a4d-b475-4a5b-8cfe-feae5fff45f6', 'instance_label': 'forest', 'text_changed': True, 'graph_changed': False, 'session_id': 'e5466056-3354-4623-8ea1-e8a18af6d601', 'user_id': 'P1'}",1
94,2000-01-01 09:14:00,,api.generate_image.succeeded,"{'global_caption': 'a scene featuring a baby rabbit character in a 2D sketch illustration in watercolor style, wearing a dirty blue jacket with mud, running and finding something, an enthusiastic rabbit looking up at the unknown and pointing at a tree, alongside a forest background with trees and mud in a 2D illustration in watercolor style, a baby rabbit character with a bright and passionate face wearing a dirty green shirt with mud, another baby rabbit with a bright and passionate face wearing a dirty red shirt with mud, a big tree with branches, and a red balloon illustrated in a 2D watercolor sketch, a stuck balloon stuck in a tree.', 'region_count': 6, 'has_image': True, 'detected_objects_count': 6, 'image_path': 'output/P1/2025-08-22_09-13-59/image.png', 'image_with_layout_path': 'output/P1/2025-08-22_09-13-59/image_with_layout.png', 'timestamp_dir': 'output/P1/2025-08-22_09-13-59', 'session_id': 'e5466056-3354-4623-8ea1-e8a18af6d601', 'user_id': 'P1'}",1
95,2000-01-01 09:14:18,d4aafb76-910c-46fc-83dc-9c55cf29efb5,instance_created_from_detection,"{'instanceId': 'd4aafb76-910c-46fc-83dc-9c55cf29efb5', 'label': 'Baby rabbit', 'originalObjectLabel': 'person', 'session_id': 'e5466056-3354-4623-8ea1-e8a18af6d601', 'user_id': 'P1'}",1
96,2000-01-01 09:14:25,instance-9e369952-10a4-4279-9ec1-aa69428e395c,instance.edit.started,"{'instance_id': 'instance-9e369952-10a4-4279-9ec1-aa69428e395c', 'instance_label': 'rabbit', 'edit_type': 'text', 'session_id': 'e5466056-3354-4623-8ea1-e8a18af6d601', 'user_id': 'P1'}",1
97,2000-01-01 09:14:48,instance-9e369952-10a4-4279-9ec1-aa69428e395c,instance.updated,"{'instance_id': 'instance-9e369952-10a4-4279-9ec1-aa69428e395c', 'instance_label': 'rabbit', 'text_changed': True, 'graph_changed': False, 'session_id': 'e5466056-3354-4623-8ea1-e8a18af6d601', 'user_id': 'P1'}",1
98,2000-01-01 09:14:49,instance-5ab7832b-69c5-42ea-8ed3-bde6e5761037,instance.edit.started,"{'instance_id': 'instance-5ab7832b-69c5-42ea-8ed3-bde6e5761037', 'instance_label': 'rabbit', 'edit_type': 'text', 'session_id': 'e5466056-3354-4623-8ea1-e8a18af6d601', 'user_id': 'P1'}",1
99,2000-01-01 09:14:54,instance-b97d172f-0052-4bf6-b087-4fe1e6af7dd5,instance.edit.started,"{'instance_id': 'instance-b97d172f-0052-4bf6-b087-4fe1e6af7dd5', 'instance_label': 'rabbit', 'edit_type': 'text', 'session_id': 'e5466056-3354-4623-8ea1-e8a18af6d601', 'user_id': 'P1'}",1
100,2000-01-01 09:15:11,instance-b97d172f-0052-4bf6-b087-4fe1e6af7dd5,instance.updated,"{'instance_id': 'instance-b97d172f-0052-4bf6-b087-4fe1e6af7dd5', 'instance_label': 'rabbit', 'text_changed': True, 'graph_changed': False, 'session_id': 'e5466056-3354-4623-8ea1-e8a18af6d601', 'user_id': 'P1'}",1
101,2000-01-01 09:15:42,,api.generate_image.succeeded,"{'global_caption': 'a scene featuring a baby rabbit character in a 2D sketch illustration in watercolor style, wearing a dirty blue jacket with mud, surprised and looking up at an unknown object, alongside an enthusiastic rabbit with a bright and passionate face wearing a dirty green shirt with mud, pointing at a tree, another baby rabbit character with a bright and passionate face wearing a dirty red shirt with mud, surprised and looking up at a tree, a big tree with branches, a red balloon illustrated in a 2D watercolor sketch, stuck in a tree, and a forest background with trees and mud in a blurred sunny 2D illustration in watercolor style.', 'region_count': 7, 'has_image': True, 'detected_objects_count': 2, 'image_path': 'output/P1/2025-08-22_09-15-41/image.png', 'image_with_layout_path': 'output/P1/2025-08-22_09-15-41/image_with_layout.png', 'timestamp_dir': 'output/P1/2025-08-22_09-15-41', 'session_id': 'e5466056-3354-4623-8ea1-e8a18af6d601', 'user_id': 'P1'}",1
102,2000-01-01 09:16:09,d4aafb76-910c-46fc-83dc-9c55cf29efb5,instance.deleted,"{'instance_id': 'd4aafb76-910c-46fc-83dc-9c55cf29efb5', 'instance_label': 'Baby rabbit', 'is_from_class': False, 'class_id': None, 'session_id': 'e5466056-3354-4623-8ea1-e8a18af6d601', 'user_id': 'P1'}",1
103,2000-01-01 09:16:21,e03d7df2-dfc6-4c77-a8c0-adf28299d8be,instance_created_from_detection,"{'instanceId': 'e03d7df2-dfc6-4c77-a8c0-adf28299d8be', 'label': 'Rabbit', 'originalObjectLabel': 'person', 'session_id': 'e5466056-3354-4623-8ea1-e8a18af6d601', 'user_id': 'P1'}",1
104,2000-01-01 09:16:33,e03d7df2-dfc6-4c77-a8c0-adf28299d8be,instance.deleted,"{'instance_id': 'e03d7df2-dfc6-4c77-a8c0-adf28299d8be', 'instance_label': 'Rabbit', 'is_from_class': False, 'class_id': None, 'session_id': 'e5466056-3354-4623-8ea1-e8a18af6d601', 'user_id': 'P1'}",1
105,2000-01-01 09:17:03,,api.generate_image.succeeded,"{'global_caption': 'a scene featuring a baby rabbit character in a 2D sketch illustration in watercolor style, wearing a dirty blue jacket with mud, surprised and looking up at an unknown object, alongside a baby rabbit character in a watercolor illustration with a bright and passionate face, wearing a dirty green shirt with mud, with a bright face and a smile, found something, one arm reaching up pointing at something, another baby rabbit in a watercolor illustration with a bright and passionate face, wearing a dirty red shirt with mud, surprised and looking up at a tree, a big tree with branches, a red balloon illustrated in a 2D watercolor sketch, stuck in a tree, and a forest background with trees and mud in a blurred sunny 2D illustration in watercolor style.', 'region_count': 6, 'has_image': True, 'detected_objects_count': 4, 'image_path': 'output/P1/2025-08-22_09-17-03/image.png', 'image_with_layout_path': 'output/P1/2025-08-22_09-17-03/image_with_layout.png', 'timestamp_dir': 'output/P1/2025-08-22_09-17-03', 'session_id': 'e5466056-3354-4623-8ea1-e8a18af6d601', 'user_id': 'P1'}",1
106,2000-01-01 09:17:13,,scene_saved,"{'slotNumber': 5, 'instanceCount': 6, 'nodeCount': 12, 'edgeCount': 6, 'session_id': 'e5466056-3354-4623-8ea1-e8a18af6d601', 'user_id': 'P1'}",1
107,2000-01-01 09:17:56,,api.generate_image.succeeded,"{'global_caption': 'a scene featuring a baby rabbit character in a 2D sketch illustration in watercolor style, wearing a dirty blue jacket with mud, surprised, looking up at an unknown object, a rabbit looking up at a tree, a forest background with trees and mud, a 2D illustration in watercolor style, with a blur effect and sunny atmosphere, a baby rabbit character in a watercolor illustration with a bright and passionate face, wearing a dirty green shirt with mud, a bright face with a smile, found something, one arm reaching up, pointing at something, a rabbit looking and pointing at a tree, a baby rabbit in a watercolor illustration with a bright and passionate face, wearing a dirty red shirt with mud, surprised, looking up at a rabbit looking up at a tree, a big tree with branches, and a red balloon illustrated in a 2D watercolor sketch, a balloon stuck in the tree.', 'region_count': 6, 'has_image': True, 'detected_objects_count': 0, 'image_path': 'output/P1/2025-08-22_09-17-56/image.png', 'image_with_layout_path': 'output/P1/2025-08-22_09-17-56/image_with_layout.png', 'timestamp_dir': 'output/P1/2025-08-22_09-17-56', 'session_id': 'e5466056-3354-4623-8ea1-e8a18af6d601', 'user_id': 'P1'}",1
108,2000-01-01 09:18:22,instance-0108ee6e-4717-4496-acc6-27106afa83f1,instance.deleted,"{'instance_id': 'instance-0108ee6e-4717-4496-acc6-27106afa83f1', 'instance_label': 'tree', 'is_from_class': False, 'class_id': None, 'session_id': 'e5466056-3354-4623-8ea1-e8a18af6d601', 'user_id': 'P1'}",1
109,2000-01-01 09:19:59,instance-b97d172f-0052-4bf6-b087-4fe1e6af7dd5,instance.edit.started,"{'instance_id': 'instance-b97d172f-0052-4bf6-b087-4fe1e6af7dd5', 'instance_label': 'rabbit', 'edit_type': 'text', 'session_id': 'e5466056-3354-4623-8ea1-e8a18af6d601', 'user_id': 'P1'}",1
110,2000-01-01 09:20:25,instance-b97d172f-0052-4bf6-b087-4fe1e6af7dd5,instance.updated,"{'instance_id': 'instance-b97d172f-0052-4bf6-b087-4fe1e6af7dd5', 'instance_label': 'rabbit', 'text_changed': True, 'graph_changed': False, 'session_id': 'e5466056-3354-4623-8ea1-e8a18af6d601', 'user_id': 'P1'}",1
111,2000-01-01 09:20:28,instance-a6e38a4c-3d55-4f61-81f3-558826446a79,instance.edit.started,"{'instance_id': 'instance-a6e38a4c-3d55-4f61-81f3-558826446a79', 'instance_label': 'balloon', 'edit_type': 'text', 'session_id': 'e5466056-3354-4623-8ea1-e8a18af6d601', 'user_id': 'P1'}",1
112,2000-01-01 09:20:39,instance-9e369952-10a4-4279-9ec1-aa69428e395c,instance.edit.started,"{'instance_id': 'instance-9e369952-10a4-4279-9ec1-aa69428e395c', 'instance_label': 'rabbit', 'edit_type': 'text', 'session_id': 'e5466056-3354-4623-8ea1-e8a18af6d601', 'user_id': 'P1'}",1
113,2000-01-01 09:20:40,instance-a6e38a4c-3d55-4f61-81f3-558826446a79,instance.updated,"{'instance_id': 'instance-a6e38a4c-3d55-4f61-81f3-558826446a79', 'instance_label': 'balloon', 'text_changed': True, 'graph_changed': False, 'session_id': 'e5466056-3354-4623-8ea1-e8a18af6d601', 'user_id': 'P1'}",1
114,2000-01-01 09:20:57,instance-5ab7832b-69c5-42ea-8ed3-bde6e5761037,instance.edit.started,"{'instance_id': 'instance-5ab7832b-69c5-42ea-8ed3-bde6e5761037', 'instance_label': 'rabbit', 'edit_type': 'text', 'session_id': 'e5466056-3354-4623-8ea1-e8a18af6d601', 'user_id': 'P1'}",1
115,2000-01-01 09:21:03,instance-9e369952-10a4-4279-9ec1-aa69428e395c,instance.updated,"{'instance_id': 'instance-9e369952-10a4-4279-9ec1-aa69428e395c', 'instance_label': 'rabbit', 'text_changed': True, 'graph_changed': False, 'session_id': 'e5466056-3354-4623-8ea1-e8a18af6d601', 'user_id': 'P1'}",1
116,2000-01-01 09:21:13,instance-5ab7832b-69c5-42ea-8ed3-bde6e5761037,instance.updated,"{'instance_id': 'instance-5ab7832b-69c5-42ea-8ed3-bde6e5761037', 'instance_label': 'rabbit', 'text_changed': True, 'graph_changed': False, 'session_id': 'e5466056-3354-4623-8ea1-e8a18af6d601', 'user_id': 'P1'}",1
117,2000-01-01 09:21:15,instance-608e8a4d-b475-4a5b-8cfe-feae5fff45f6,instance.edit.started,"{'instance_id': 'instance-608e8a4d-b475-4a5b-8cfe-feae5fff45f6', 'instance_label': 'forest', 'edit_type': 'text', 'session_id': 'e5466056-3354-4623-8ea1-e8a18af6d601', 'user_id': 'P1'}",1
118,2000-01-01 09:21:33,instance-608e8a4d-b475-4a5b-8cfe-feae5fff45f6,instance.updated,"{'instance_id': 'instance-608e8a4d-b475-4a5b-8cfe-feae5fff45f6', 'instance_label': 'forest', 'text_changed': True, 'graph_changed': False, 'session_id': 'e5466056-3354-4623-8ea1-e8a18af6d601', 'user_id': 'P1'}",1
119,2000-01-01 09:22:08,,api.generate_image.succeeded,"{'global_caption': 'a scene featuring a baby rabbit character in a 2D sketch illustration in watercolor style, wearing a dirty blue jacket with mud, with a happy face, talking while grabbing a balloon and hugging another rabbit, set against a forest background in a 2D illustration in watercolor style, with a blur effect and bright sunny atmosphere. In addition, there is a baby rabbit character in a watercolor illustration with a bright and passionate face, wearing a dirty green shirt with mud, smiling while looking and pointing at an unknown object, alongside another baby rabbit in a watercolor illustration with a bright and passionate face, wearing a dirty red shirt with mud, looking up at an unknown object, and hugging another rabbit. The scene is completed with a red balloon illustrated in a 2D watercolor sketch, stuck in an unknown object.', 'region_count': 5, 'has_image': True, 'detected_objects_count': 0, 'image_path': 'output/P1/2025-08-22_09-22-07/image.png', 'image_with_layout_path': 'output/P1/2025-08-22_09-22-07/image_with_layout.png', 'timestamp_dir': 'output/P1/2025-08-22_09-22-07', 'session_id': 'e5466056-3354-4623-8ea1-e8a18af6d601', 'user_id': 'P1'}",1
120,2000-01-01 09:22:30,instance-a6e38a4c-3d55-4f61-81f3-558826446a79,instance.edit.started,"{'instance_id': 'instance-a6e38a4c-3d55-4f61-81f3-558826446a79', 'instance_label': 'balloon', 'edit_type': 'text', 'session_id': 'e5466056-3354-4623-8ea1-e8a18af6d601', 'user_id': 'P1'}",1
121,2000-01-01 09:22:39,instance-a6e38a4c-3d55-4f61-81f3-558826446a79,instance.updated,"{'instance_id': 'instance-a6e38a4c-3d55-4f61-81f3-558826446a79', 'instance_label': 'balloon', 'text_changed': True, 'graph_changed': False, 'session_id': 'e5466056-3354-4623-8ea1-e8a18af6d601', 'user_id': 'P1'}",1
122,2000-01-01 09:23:07,,api.generate_image.succeeded,"{'global_caption': 'a scene featuring a baby rabbit character in a 2D sketch illustration in watercolor style, wearing a dirty blue jacket with mud, with a happy face, talking while grabbing a balloon and hugging another rabbit, set against a forest background in a 2D illustration in watercolor style, with a blur effect and bright sunny atmosphere. Additionally, there is a baby rabbit character in a watercolor illustration with a bright and passionate face, wearing a dirty green shirt with mud, smiling while looking and pointing at an unknown object, alongside another baby rabbit in a watercolor illustration with a bright and passionate face, wearing a dirty red shirt with mud, looking up at an unknown object while hugging another rabbit. The scene is completed with a red balloon illustrated in a 2D watercolor sketch, stuck in an unknown object.', 'region_count': 5, 'has_image': True, 'detected_objects_count': 1, 'image_path': 'output/P1/2025-08-22_09-23-07/image.png', 'image_with_layout_path': 'output/P1/2025-08-22_09-23-07/image_with_layout.png', 'timestamp_dir': 'output/P1/2025-08-22_09-23-07', 'session_id': 'e5466056-3354-4623-8ea1-e8a18af6d601', 'user_id': 'P1'}",1
123,2000-01-01 09:23:16,,scene_saved,"{'slotNumber': 6, 'instanceCount': 5, 'nodeCount': 10, 'edgeCount': 10, 'session_id': 'e5466056-3354-4623-8ea1-e8a18af6d601', 'user_id': 'P1'}",1
124,2000-01-01 01:35:15,,instance.created_from_text,"{'position': {'x': 41.3515625, 'y': 75}, 'screen_position': {'x': 103, 'y': 118}, 'board_type': 'advanced', 'session_id': '5a569202-eeea-41bb-9e3a-68dda74fa20c', 'user_id': 'P2'}",2
125,2000-01-01 01:36:48,,api.generate_image.succeeded,"{'global_caption': 'a scene featuring a small village in the forest', 'region_count': 1, 'has_image': True, 'detected_objects_count': 0, 'image_path': 'output/P2/2025-08-23_01-36-48/image.png', 'image_with_layout_path': 'output/P2/2025-08-23_01-36-48/image_with_layout.png', 'timestamp_dir': 'output/P2/2025-08-23_01-36-48', 'session_id': '5a569202-eeea-41bb-9e3a-68dda74fa20c', 'user_id': 'P2'}",2
126,2000-01-01 01:37:18,,instance.created_from_text,"{'position': {'x': 123.9453125, 'y': 216}, 'screen_position': {'x': 181, 'y': 259}, 'board_type': 'advanced', 'session_id': '5a569202-eeea-41bb-9e3a-68dda74fa20c', 'user_id': 'P2'}",2
127,2000-01-01 01:38:16,,instance.created_from_text,"{'position': {'x': 147.9453125, 'y': 192}, 'screen_position': {'x': 205, 'y': 235}, 'board_type': 'advanced', 'session_id': '5a569202-eeea-41bb-9e3a-68dda74fa20c', 'user_id': 'P2'}",2
128,2000-01-01 01:39:05,instance-2b75c4bb-d457-4a02-8099-68d3c8a16ea7,instance.edit.started,"{'instance_id': 'instance-2b75c4bb-d457-4a02-8099-68d3c8a16ea7', 'instance_label': 'rabbit', 'edit_type': 'graph', 'session_id': '5a569202-eeea-41bb-9e3a-68dda74fa20c', 'user_id': 'P2'}",2
129,2000-01-01 01:39:24,instance-2b75c4bb-d457-4a02-8099-68d3c8a16ea7,instance.edit.started,"{'instance_id': 'instance-2b75c4bb-d457-4a02-8099-68d3c8a16ea7', 'instance_label': 'rabbit', 'edit_type': 'graph', 'session_id': '5a569202-eeea-41bb-9e3a-68dda74fa20c', 'user_id': 'P2'}",2
130,2000-01-01 01:40:07,instance-2b75c4bb-d457-4a02-8099-68d3c8a16ea7,object_node.edit.started,"{'object_id': 'object6', 'object_name': 'new object', 'edit_mode': 'name', 'is_class_mode': False, 'parent_instance_id': 'instance-2b75c4bb-d457-4a02-8099-68d3c8a16ea7', 'session_id': '5a569202-eeea-41bb-9e3a-68dda74fa20c', 'user_id': 'P2'}",2
131,2000-01-01 01:40:16,instance-2b75c4bb-d457-4a02-8099-68d3c8a16ea7,object_node.edit.started,"{'object_id': 'object6', 'object_name': 'balloon', 'edit_mode': 'adding', 'is_class_mode': False, 'parent_instance_id': 'instance-2b75c4bb-d457-4a02-8099-68d3c8a16ea7', 'session_id': '5a569202-eeea-41bb-9e3a-68dda74fa20c', 'user_id': 'P2'}",2
132,2000-01-01 01:40:22,instance-2b75c4bb-d457-4a02-8099-68d3c8a16ea7,object_node.connection_drag.started,"{'object_id': 'object5', 'object_name': 'hand', 'parent_instance_id': 'instance-2b75c4bb-d457-4a02-8099-68d3c8a16ea7', 'is_class_mode': False, 'session_id': '5a569202-eeea-41bb-9e3a-68dda74fa20c', 'user_id': 'P2'}",2
133,2000-01-01 01:40:32,instance-2b75c4bb-d457-4a02-8099-68d3c8a16ea7,instance.updated,"{'instance_id': 'instance-2b75c4bb-d457-4a02-8099-68d3c8a16ea7', 'instance_label': 'rabbit', 'text_changed': False, 'graph_changed': True, 'session_id': '5a569202-eeea-41bb-9e3a-68dda74fa20c', 'user_id': 'P2'}",2
134,2000-01-01 01:40:58,,api.generate_image.succeeded,"{'global_caption': 'a scene featuring a small village in the forest, three small rabbits are smiling, and one rabbit is grabbing a red balloon in its hand', 'region_count': 2, 'has_image': True, 'detected_objects_count': 3, 'image_path': 'output/P2/2025-08-23_01-40-58/image.png', 'image_with_layout_path': 'output/P2/2025-08-23_01-40-58/image_with_layout.png', 'timestamp_dir': 'output/P2/2025-08-23_01-40-58', 'session_id': '5a569202-eeea-41bb-9e3a-68dda74fa20c', 'user_id': 'P2'}",2
135,2000-01-01 01:42:22,instance-2b75c4bb-d457-4a02-8099-68d3c8a16ea7,instance.edit.started,"{'instance_id': 'instance-2b75c4bb-d457-4a02-8099-68d3c8a16ea7', 'instance_label': 'rabbit', 'edit_type': 'graph', 'session_id': '5a569202-eeea-41bb-9e3a-68dda74fa20c', 'user_id': 'P2'}",2
136,2000-01-01 01:42:40,instance-2b75c4bb-d457-4a02-8099-68d3c8a16ea7,object_node.edit.started,"{'object_id': 'object3', 'object_name': 'rabbit', 'edit_mode': 'adding', 'is_class_mode': False, 'parent_instance_id': 'instance-2b75c4bb-d457-4a02-8099-68d3c8a16ea7', 'session_id': '5a569202-eeea-41bb-9e3a-68dda74fa20c', 'user_id': 'P2'}",2
137,2000-01-01 01:42:44,instance-2b75c4bb-d457-4a02-8099-68d3c8a16ea7,object_node.edit.started,"{'object_id': 'object3', 'object_name': 'rabbit', 'edit_mode': 'adding', 'is_class_mode': False, 'parent_instance_id': 'instance-2b75c4bb-d457-4a02-8099-68d3c8a16ea7', 'session_id': '5a569202-eeea-41bb-9e3a-68dda74fa20c', 'user_id': 'P2'}",2
138,2000-01-01 01:42:53,instance-2b75c4bb-d457-4a02-8099-68d3c8a16ea7,object_node.edit.started,"{'object_id': 'object4', 'object_name': 'new object', 'edit_mode': 'name', 'is_class_mode': False, 'parent_instance_id': 'instance-2b75c4bb-d457-4a02-8099-68d3c8a16ea7', 'session_id': '5a569202-eeea-41bb-9e3a-68dda74fa20c', 'user_id': 'P2'}",2
139,2000-01-01 01:42:58,instance-2b75c4bb-d457-4a02-8099-68d3c8a16ea7,object_node.edit.started,"{'object_id': 'object4', 'object_name': 'jacket ', 'edit_mode': 'adding', 'is_class_mode': False, 'parent_instance_id': 'instance-2b75c4bb-d457-4a02-8099-68d3c8a16ea7', 'session_id': '5a569202-eeea-41bb-9e3a-68dda74fa20c', 'user_id': 'P2'}",2
140,2000-01-01 01:43:02,instance-2b75c4bb-d457-4a02-8099-68d3c8a16ea7,object_node.connection_drag.started,"{'object_id': 'object3', 'object_name': 'rabbit', 'parent_instance_id': 'instance-2b75c4bb-d457-4a02-8099-68d3c8a16ea7', 'is_class_mode': False, 'session_id': '5a569202-eeea-41bb-9e3a-68dda74fa20c', 'user_id': 'P2'}",2
141,2000-01-01 01:43:04,instance-2b75c4bb-d457-4a02-8099-68d3c8a16ea7,object_node.connection_drag.started,"{'object_id': 'object3', 'object_name': 'rabbit', 'parent_instance_id': 'instance-2b75c4bb-d457-4a02-8099-68d3c8a16ea7', 'is_class_mode': False, 'session_id': '5a569202-eeea-41bb-9e3a-68dda74fa20c', 'user_id': 'P2'}",2
142,2000-01-01 01:43:27,instance-2b75c4bb-d457-4a02-8099-68d3c8a16ea7,instance.updated,"{'instance_id': 'instance-2b75c4bb-d457-4a02-8099-68d3c8a16ea7', 'instance_label': 'rabbit', 'text_changed': False, 'graph_changed': True, 'session_id': '5a569202-eeea-41bb-9e3a-68dda74fa20c', 'user_id': 'P2'}",2
143,2000-01-01 01:43:49,instance-2b75c4bb-d457-4a02-8099-68d3c8a16ea7,instance.edit.started,"{'instance_id': 'instance-2b75c4bb-d457-4a02-8099-68d3c8a16ea7', 'instance_label': 'rabbit', 'edit_type': 'graph', 'session_id': '5a569202-eeea-41bb-9e3a-68dda74fa20c', 'user_id': 'P2'}",2
144,2000-01-01 01:43:56,instance-2b75c4bb-d457-4a02-8099-68d3c8a16ea7,instance.edit.started,"{'instance_id': 'instance-2b75c4bb-d457-4a02-8099-68d3c8a16ea7', 'instance_label': 'rabbit', 'edit_type': 'graph', 'session_id': '5a569202-eeea-41bb-9e3a-68dda74fa20c', 'user_id': 'P2'}",2
145,2000-01-01 01:44:10,instance-2b75c4bb-d457-4a02-8099-68d3c8a16ea7,object_node.edit.started,"{'object_id': 'object7', 'object_name': 'new object', 'edit_mode': 'name', 'is_class_mode': False, 'parent_instance_id': 'instance-2b75c4bb-d457-4a02-8099-68d3c8a16ea7', 'session_id': '5a569202-eeea-41bb-9e3a-68dda74fa20c', 'user_id': 'P2'}",2
146,2000-01-01 01:44:14,instance-2b75c4bb-d457-4a02-8099-68d3c8a16ea7,object_node.edit.started,"{'object_id': 'object7', 'object_name': 'rabbit', 'edit_mode': 'adding', 'is_class_mode': False, 'parent_instance_id': 'instance-2b75c4bb-d457-4a02-8099-68d3c8a16ea7', 'session_id': '5a569202-eeea-41bb-9e3a-68dda74fa20c', 'user_id': 'P2'}",2
147,2000-01-01 01:44:40,instance-2b75c4bb-d457-4a02-8099-68d3c8a16ea7,instance.edit.started,"{'instance_id': 'instance-2b75c4bb-d457-4a02-8099-68d3c8a16ea7', 'instance_label': 'rabbit', 'edit_type': 'text', 'session_id': '5a569202-eeea-41bb-9e3a-68dda74fa20c', 'user_id': 'P2'}",2
148,2000-01-01 01:45:17,instance-2b75c4bb-d457-4a02-8099-68d3c8a16ea7,instance.updated,"{'instance_id': 'instance-2b75c4bb-d457-4a02-8099-68d3c8a16ea7', 'instance_label': 'rabbit', 'text_changed': True, 'graph_changed': False, 'session_id': '5a569202-eeea-41bb-9e3a-68dda74fa20c', 'user_id': 'P2'}",2
149,2000-01-01 01:45:23,instance-2b75c4bb-d457-4a02-8099-68d3c8a16ea7,instance.edit.started,"{'instance_id': 'instance-2b75c4bb-d457-4a02-8099-68d3c8a16ea7', 'instance_label': 'rabbit', 'edit_type': 'graph', 'session_id': '5a569202-eeea-41bb-9e3a-68dda74fa20c', 'user_id': 'P2'}",2
150,2000-01-01 01:45:26,instance-2b75c4bb-d457-4a02-8099-68d3c8a16ea7,instance.updated,"{'instance_id': 'instance-2b75c4bb-d457-4a02-8099-68d3c8a16ea7', 'instance_label': 'rabbit', 'text_changed': False, 'graph_changed': True, 'session_id': '5a569202-eeea-41bb-9e3a-68dda74fa20c', 'user_id': 'P2'}",2
151,2000-01-01 01:45:39,,instance.created_from_text,"{'position': {'x': 57.3515625, 'y': 213}, 'screen_position': {'x': 119, 'y': 256}, 'board_type': 'advanced', 'session_id': '5a569202-eeea-41bb-9e3a-68dda74fa20c', 'user_id': 'P2'}",2
152,2000-01-01 01:46:42,,api.generate_image.succeeded,"{'global_caption': 'a scene featuring a small village in the forest, one small rabbit, smiling, wearing a blue jacket and hugging a red balloon, and a grown-up rabbit', 'region_count': 3, 'has_image': True, 'detected_objects_count': 5, 'image_path': 'output/P2/2025-08-23_01-46-41/image.png', 'image_with_layout_path': 'output/P2/2025-08-23_01-46-41/image_with_layout.png', 'timestamp_dir': 'output/P2/2025-08-23_01-46-41', 'session_id': '5a569202-eeea-41bb-9e3a-68dda74fa20c', 'user_id': 'P2'}",2
153,2000-01-01 01:46:54,,scene_saved,"{'slotNumber': 1, 'instanceCount': 3, 'nodeCount': 6, 'edgeCount': 0, 'session_id': '5a569202-eeea-41bb-9e3a-68dda74fa20c', 'user_id': 'P2'}",2
154,2000-01-01 01:47:11,instance-2b75c4bb-d457-4a02-8099-68d3c8a16ea7,instance.deleted,"{'instance_id': 'instance-2b75c4bb-d457-4a02-8099-68d3c8a16ea7', 'instance_label': 'rabbit', 'is_from_class': False, 'class_id': None, 'session_id': '5a569202-eeea-41bb-9e3a-68dda74fa20c', 'user_id': 'P2'}",2
155,2000-01-01 01:47:29,instance-7c807f3f-e9ba-4bb8-a25e-cb15eaf738de,instance.deleted,"{'instance_id': 'instance-7c807f3f-e9ba-4bb8-a25e-cb15eaf738de', 'instance_label': 'rabbit', 'is_from_class': False, 'class_id': None, 'session_id': '5a569202-eeea-41bb-9e3a-68dda74fa20c', 'user_id': 'P2'}",2
156,2000-01-01 01:48:48,instance-2b75c4bb-d457-4a02-8099-68d3c8a16ea7,instance.edit.started,"{'instance_id': 'instance-2b75c4bb-d457-4a02-8099-68d3c8a16ea7', 'instance_label': 'rabbit', 'edit_type': 'graph', 'session_id': '5a569202-eeea-41bb-9e3a-68dda74fa20c', 'user_id': 'P2'}",2
157,2000-01-01 01:48:58,instance-2b75c4bb-d457-4a02-8099-68d3c8a16ea7,instance.edit.started,"{'instance_id': 'instance-2b75c4bb-d457-4a02-8099-68d3c8a16ea7', 'instance_label': 'rabbit', 'edit_type': 'graph', 'session_id': '5a569202-eeea-41bb-9e3a-68dda74fa20c', 'user_id': 'P2'}",2
158,2000-01-01 01:49:01,instance-2b75c4bb-d457-4a02-8099-68d3c8a16ea7,object_node.extract.initiated,"{'object_id': 'object3', 'object_name': 'balloon', 'parent_instance_id': 'instance-2b75c4bb-d457-4a02-8099-68d3c8a16ea7', 'session_id': '5a569202-eeea-41bb-9e3a-68dda74fa20c', 'user_id': 'P2'}",2
159,2000-01-01 01:49:02,instance-2b75c4bb-d457-4a02-8099-68d3c8a16ea7,object_node.extract.confirmed,"{'object_id': 'object3', 'object_name': 'balloon', 'parent_instance_id': 'instance-2b75c4bb-d457-4a02-8099-68d3c8a16ea7', 'session_id': '5a569202-eeea-41bb-9e3a-68dda74fa20c', 'user_id': 'P2'}",2
160,2000-01-01 01:49:27,instance-2b75c4bb-d457-4a02-8099-68d3c8a16ea7,instance.edit.started,"{'instance_id': 'instance-2b75c4bb-d457-4a02-8099-68d3c8a16ea7', 'instance_label': 'rabbit', 'edit_type': 'text', 'session_id': '5a569202-eeea-41bb-9e3a-68dda74fa20c', 'user_id': 'P2'}",2
161,2000-01-01 01:50:28,instance-2b75c4bb-d457-4a02-8099-68d3c8a16ea7,instance.updated,"{'instance_id': 'instance-2b75c4bb-d457-4a02-8099-68d3c8a16ea7', 'instance_label': 'rabbit', 'text_changed': True, 'graph_changed': False, 'session_id': '5a569202-eeea-41bb-9e3a-68dda74fa20c', 'user_id': 'P2'}",2
162,2000-01-01 01:50:36,instance-2b75c4bb-d457-4a02-8099-68d3c8a16ea7,instance.edit.started,"{'instance_id': 'instance-2b75c4bb-d457-4a02-8099-68d3c8a16ea7', 'instance_label': 'rabbit', 'edit_type': 'graph', 'session_id': '5a569202-eeea-41bb-9e3a-68dda74fa20c', 'user_id': 'P2'}",2
163,2000-01-01 01:50:41,instance-2b75c4bb-d457-4a02-8099-68d3c8a16ea7,object_node.connection_drag.started,"{'object_id': 'object3', 'object_name': 'eyes', 'parent_instance_id': 'instance-2b75c4bb-d457-4a02-8099-68d3c8a16ea7', 'is_class_mode': False, 'session_id': '5a569202-eeea-41bb-9e3a-68dda74fa20c', 'user_id': 'P2'}",2
164,2000-01-01 01:50:46,instance-2b75c4bb-d457-4a02-8099-68d3c8a16ea7,instance.updated,"{'instance_id': 'instance-2b75c4bb-d457-4a02-8099-68d3c8a16ea7', 'instance_label': 'rabbit', 'text_changed': False, 'graph_changed': True, 'session_id': '5a569202-eeea-41bb-9e3a-68dda74fa20c', 'user_id': 'P2'}",2
165,2000-01-01 01:51:13,,api.generate_image.succeeded,"{'global_caption': 'a scene featuring a small village in the forest, a small rabbit, sad and with tears in its eyes, wearing a blue jacket and hugging a red balloon.', 'region_count': 3, 'has_image': True, 'detected_objects_count': 2, 'image_path': 'output/P2/2025-08-23_01-51-12/image.png', 'image_with_layout_path': 'output/P2/2025-08-23_01-51-12/image_with_layout.png', 'timestamp_dir': 'output/P2/2025-08-23_01-51-12', 'session_id': '5a569202-eeea-41bb-9e3a-68dda74fa20c', 'user_id': 'P2'}",2
166,2000-01-01 01:51:44,instance-2b75c4bb-d457-4a02-8099-68d3c8a16ea7,instance.edit.started,"{'instance_id': 'instance-2b75c4bb-d457-4a02-8099-68d3c8a16ea7', 'instance_label': 'rabbit', 'edit_type': 'graph', 'session_id': '5a569202-eeea-41bb-9e3a-68dda74fa20c', 'user_id': 'P2'}",2
167,2000-01-01 01:51:46,instance-2b75c4bb-d457-4a02-8099-68d3c8a16ea7,object_node.edit.started,"{'object_id': 'object3', 'object_name': 'eyes', 'edit_mode': 'adding', 'is_class_mode': False, 'parent_instance_id': 'instance-2b75c4bb-d457-4a02-8099-68d3c8a16ea7', 'session_id': '5a569202-eeea-41bb-9e3a-68dda74fa20c', 'user_id': 'P2'}",2
168,2000-01-01 01:52:02,instance-2b75c4bb-d457-4a02-8099-68d3c8a16ea7,instance.updated,"{'instance_id': 'instance-2b75c4bb-d457-4a02-8099-68d3c8a16ea7', 'instance_label': 'rabbit', 'text_changed': False, 'graph_changed': True, 'session_id': '5a569202-eeea-41bb-9e3a-68dda74fa20c', 'user_id': 'P2'}",2
169,2000-01-01 01:52:30,,api.generate_image.succeeded,"{'global_caption': 'a scene featuring a small village in the forest, a small rabbit, sad with tears in its eyes, wearing a blue jacket and hugging a red balloon.', 'region_count': 3, 'has_image': True, 'detected_objects_count': 3, 'image_path': 'output/P2/2025-08-23_01-52-29/image.png', 'image_with_layout_path': 'output/P2/2025-08-23_01-52-29/image_with_layout.png', 'timestamp_dir': 'output/P2/2025-08-23_01-52-29', 'session_id': '5a569202-eeea-41bb-9e3a-68dda74fa20c', 'user_id': 'P2'}",2
170,2000-01-01 01:53:13,,scene_saved,"{'slotNumber': 2, 'instanceCount': 3, 'nodeCount': 6, 'edgeCount': 0, 'session_id': '5a569202-eeea-41bb-9e3a-68dda74fa20c', 'user_id': 'P2'}",2
171,2000-01-01 01:53:23,instance-ba7e8248-b947-4fe4-ae79-3c8be9fcdb04,instance.deleted,"{'instance_id': 'instance-ba7e8248-b947-4fe4-ae79-3c8be9fcdb04', 'instance_label': 'balloon', 'is_from_class': False, 'class_id': None, 'session_id': '5a569202-eeea-41bb-9e3a-68dda74fa20c', 'user_id': 'P2'}",2
172,2000-01-01 01:53:28,instance-2b75c4bb-d457-4a02-8099-68d3c8a16ea7,class.create.started,"{'instance_id': 'instance-2b75c4bb-d457-4a02-8099-68d3c8a16ea7', 'instance_label': 'rabbit', 'has_scene_graph': True, 'object_count': 3, 'session_id': '5a569202-eeea-41bb-9e3a-68dda74fa20c', 'user_id': 'P2'}",2
173,2000-01-01 01:53:30,class-6e251dd6-7b8d-4ae1-a103-8c1b41f9de91,class.created,"{'class_id': 'class-6e251dd6-7b8d-4ae1-a103-8c1b41f9de91', 'class_name': 'rabbit Class', 'placeholder_count': 3, 'created_from': 'rabbit', 'session_id': '5a569202-eeea-41bb-9e3a-68dda74fa20c', 'user_id': 'P2'}",2
174,2000-01-01 01:53:34,class-6e251dd6-7b8d-4ae1-a103-8c1b41f9de91,class_detail_opened,"{'class_id': 'class-6e251dd6-7b8d-4ae1-a103-8c1b41f9de91', 'class_name': 'rabbit Class', 'instance_count': 1, 'session_id': '5a569202-eeea-41bb-9e3a-68dda74fa20c', 'user_id': 'P2'}",2
175,2000-01-01 01:54:07,class-6e251dd6-7b8d-4ae1-a103-8c1b41f9de91,instance.create_from_class.started,"{'class_id': 'class-6e251dd6-7b8d-4ae1-a103-8c1b41f9de91', 'class_name': 'rabbit Class', 'value_count': 2, 'session_id': '5a569202-eeea-41bb-9e3a-68dda74fa20c', 'user_id': 'P2'}",2
176,2000-01-01 01:54:08,instance-6502b88c-cca3-4c9d-8b28-8c543c3816b7,instance.created_from_class,"{'instance_id': 'instance-6502b88c-cca3-4c9d-8b28-8c543c3816b7', 'class_id': 'class-6e251dd6-7b8d-4ae1-a103-8c1b41f9de91', 'instance_label': 'Rabbit', 'has_text_description': True, 'session_id': '5a569202-eeea-41bb-9e3a-68dda74fa20c', 'user_id': 'P2'}",2
177,2000-01-01 01:54:20,class-6e251dd6-7b8d-4ae1-a103-8c1b41f9de91,instance.create_from_class.started,"{'class_id': 'class-6e251dd6-7b8d-4ae1-a103-8c1b41f9de91', 'class_name': 'rabbit Class', 'value_count': 2, 'session_id': '5a569202-eeea-41bb-9e3a-68dda74fa20c', 'user_id': 'P2'}",2
178,2000-01-01 01:54:21,instance-16c56a32-06f2-4fa5-9e2b-bd7da5842240,instance.created_from_class,"{'instance_id': 'instance-16c56a32-06f2-4fa5-9e2b-bd7da5842240', 'class_id': 'class-6e251dd6-7b8d-4ae1-a103-8c1b41f9de91', 'instance_label': 'Rabbit', 'has_text_description': True, 'session_id': '5a569202-eeea-41bb-9e3a-68dda74fa20c', 'user_id': 'P2'}",2
179,2000-01-01 01:55:34,,api.generate_image.succeeded,"{'global_caption': 'a scene featuring a small village in the forest, a small rabbit, sad and wearing a blue jacket with tears in its eyes, a happy small rabbit wearing a green shirt with tears in its eyes, and a small happy rabbit wearing a pink shirt with tears in its eyes.', 'region_count': 4, 'has_image': True, 'detected_objects_count': 2, 'image_path': 'output/P2/2025-08-23_01-55-33/image.png', 'image_with_layout_path': 'output/P2/2025-08-23_01-55-33/image_with_layout.png', 'timestamp_dir': 'output/P2/2025-08-23_01-55-33', 'session_id': '5a569202-eeea-41bb-9e3a-68dda74fa20c', 'user_id': 'P2'}",2
180,2000-01-01 01:56:21,instance-2b75c4bb-d457-4a02-8099-68d3c8a16ea7,instance.edit.started,"{'instance_id': 'instance-2b75c4bb-d457-4a02-8099-68d3c8a16ea7', 'instance_label': 'rabbit', 'edit_type': 'graph', 'session_id': '5a569202-eeea-41bb-9e3a-68dda74fa20c', 'user_id': 'P2'}",2
181,2000-01-01 01:56:23,instance-2b75c4bb-d457-4a02-8099-68d3c8a16ea7,object_node.edit.started,"{'object_id': 'object1', 'object_name': 'rabbit', 'edit_mode': 'adding', 'is_class_mode': False, 'parent_instance_id': 'instance-2b75c4bb-d457-4a02-8099-68d3c8a16ea7', 'session_id': '5a569202-eeea-41bb-9e3a-68dda74fa20c', 'user_id': 'P2'}",2
182,2000-01-01 01:56:26,instance-2b75c4bb-d457-4a02-8099-68d3c8a16ea7,instance.updated,"{'instance_id': 'instance-2b75c4bb-d457-4a02-8099-68d3c8a16ea7', 'instance_label': 'rabbit', 'text_changed': False, 'graph_changed': True, 'session_id': '5a569202-eeea-41bb-9e3a-68dda74fa20c', 'user_id': 'P2'}",2
183,2000-01-01 01:56:28,instance-16c56a32-06f2-4fa5-9e2b-bd7da5842240,instance.edit.started,"{'instance_id': 'instance-16c56a32-06f2-4fa5-9e2b-bd7da5842240', 'instance_label': 'Rabbit', 'edit_type': 'graph', 'session_id': '5a569202-eeea-41bb-9e3a-68dda74fa20c', 'user_id': 'P2'}",2
184,2000-01-01 01:56:30,instance-16c56a32-06f2-4fa5-9e2b-bd7da5842240,object_node.edit.started,"{'object_id': 'object1', 'object_name': 'rabbit', 'edit_mode': 'adding', 'is_class_mode': False, 'parent_instance_id': 'instance-16c56a32-06f2-4fa5-9e2b-bd7da5842240', 'session_id': '5a569202-eeea-41bb-9e3a-68dda74fa20c', 'user_id': 'P2'}",2
185,2000-01-01 01:56:32,instance-16c56a32-06f2-4fa5-9e2b-bd7da5842240,instance.updated,"{'instance_id': 'instance-16c56a32-06f2-4fa5-9e2b-bd7da5842240', 'instance_label': 'Rabbit', 'text_changed': False, 'graph_changed': True, 'session_id': '5a569202-eeea-41bb-9e3a-68dda74fa20c', 'user_id': 'P2'}",2
186,2000-01-01 01:56:33,instance-6502b88c-cca3-4c9d-8b28-8c543c3816b7,instance.edit.started,"{'instance_id': 'instance-6502b88c-cca3-4c9d-8b28-8c543c3816b7', 'instance_label': 'Rabbit', 'edit_type': 'graph', 'session_id': '5a569202-eeea-41bb-9e3a-68dda74fa20c', 'user_id': 'P2'}",2
187,2000-01-01 01:56:35,instance-6502b88c-cca3-4c9d-8b28-8c543c3816b7,object_node.edit.started,"{'object_id': 'object1', 'object_name': 'rabbit', 'edit_mode': 'adding', 'is_class_mode': False, 'parent_instance_id': 'instance-6502b88c-cca3-4c9d-8b28-8c543c3816b7', 'session_id': '5a569202-eeea-41bb-9e3a-68dda74fa20c', 'user_id': 'P2'}",2
188,2000-01-01 01:56:37,instance-6502b88c-cca3-4c9d-8b28-8c543c3816b7,instance.updated,"{'instance_id': 'instance-6502b88c-cca3-4c9d-8b28-8c543c3816b7', 'instance_label': 'Rabbit', 'text_changed': False, 'graph_changed': True, 'session_id': '5a569202-eeea-41bb-9e3a-68dda74fa20c', 'user_id': 'P2'}",2
189,2000-01-01 01:57:03,,api.generate_image.succeeded,"{'global_caption': 'a scene featuring a small village in the forest, a small rabbit, sad and confident, wearing a blue jacket with tears in its eyes, a happy small confident rabbit wearing a green shirt with tears in its eyes, and a small happy confident rabbit wearing a pink shirt with tears in its eyes.', 'region_count': 4, 'has_image': True, 'detected_objects_count': 4, 'image_path': 'output/P2/2025-08-23_01-57-02/image.png', 'image_with_layout_path': 'output/P2/2025-08-23_01-57-02/image_with_layout.png', 'timestamp_dir': 'output/P2/2025-08-23_01-57-02', 'session_id': '5a569202-eeea-41bb-9e3a-68dda74fa20c', 'user_id': 'P2'}",2
190,2000-01-01 01:57:09,,scene_saved,"{'slotNumber': 3, 'instanceCount': 4, 'nodeCount': 8, 'edgeCount': 0, 'session_id': '5a569202-eeea-41bb-9e3a-68dda74fa20c', 'user_id': 'P2'}",2
191,2000-01-01 01:57:34,class-6e251dd6-7b8d-4ae1-a103-8c1b41f9de91,class_detail_opened,"{'class_id': 'class-6e251dd6-7b8d-4ae1-a103-8c1b41f9de91', 'class_name': 'rabbit Class', 'instance_count': 3, 'session_id': '5a569202-eeea-41bb-9e3a-68dda74fa20c', 'user_id': 'P2'}",2
192,2000-01-01 01:57:37,class-6e251dd6-7b8d-4ae1-a103-8c1b41f9de91,class.edit.started,"{'class_id': 'class-6e251dd6-7b8d-4ae1-a103-8c1b41f9de91', 'class_name': 'rabbit Class', 'placeholder_count': 3, 'object_count': 3, 'session_id': '5a569202-eeea-41bb-9e3a-68dda74fa20c', 'user_id': 'P2'}",2
193,2000-01-01 01:58:43,class-6e251dd6-7b8d-4ae1-a103-8c1b41f9de91,class.edit.started,"{'class_id': 'class-6e251dd6-7b8d-4ae1-a103-8c1b41f9de91', 'class_name': 'rabbit Class', 'placeholder_count': 3, 'object_count': 3, 'session_id': '5a569202-eeea-41bb-9e3a-68dda74fa20c', 'user_id': 'P2'}",2
194,2000-01-01 01:58:52,class-6e251dd6-7b8d-4ae1-a103-8c1b41f9de91,class.updated,"{'class_id': 'class-6e251dd6-7b8d-4ae1-a103-8c1b41f9de91', 'class_name': 'rabbit Class', 'placeholder_count': 3, 'object_count': 3, 'session_id': '5a569202-eeea-41bb-9e3a-68dda74fa20c', 'user_id': 'P2'}",2
195,2000-01-01 01:58:54,class-6e251dd6-7b8d-4ae1-a103-8c1b41f9de91,class.edit.started,"{'class_id': 'class-6e251dd6-7b8d-4ae1-a103-8c1b41f9de91', 'class_name': 'rabbit Class', 'placeholder_count': 3, 'object_count': 3, 'session_id': '5a569202-eeea-41bb-9e3a-68dda74fa20c', 'user_id': 'P2'}",2
196,2000-01-01 01:59:08,class-6e251dd6-7b8d-4ae1-a103-8c1b41f9de91,class.updated,"{'class_id': 'class-6e251dd6-7b8d-4ae1-a103-8c1b41f9de91', 'class_name': 'rabbit Class', 'placeholder_count': 3, 'object_count': 3, 'session_id': '5a569202-eeea-41bb-9e3a-68dda74fa20c', 'user_id': 'P2'}",2
197,2000-01-01 01:59:10,class-6e251dd6-7b8d-4ae1-a103-8c1b41f9de91,class.edit.started,"{'class_id': 'class-6e251dd6-7b8d-4ae1-a103-8c1b41f9de91', 'class_name': 'rabbit Class', 'placeholder_count': 3, 'object_count': 3, 'session_id': '5a569202-eeea-41bb-9e3a-68dda74fa20c', 'user_id': 'P2'}",2
198,2000-01-01 01:59:47,instance-2b75c4bb-d457-4a02-8099-68d3c8a16ea7,instance.edit.started,"{'instance_id': 'instance-2b75c4bb-d457-4a02-8099-68d3c8a16ea7', 'instance_label': 'rabbit', 'edit_type': 'graph', 'session_id': '5a569202-eeea-41bb-9e3a-68dda74fa20c', 'user_id': 'P2'}",2
199,2000-01-01 01:59:51,instance-2b75c4bb-d457-4a02-8099-68d3c8a16ea7,object_node.connection_drag.started,"{'object_id': 'object4', 'object_name': 'jacket', 'parent_instance_id': 'instance-2b75c4bb-d457-4a02-8099-68d3c8a16ea7', 'is_class_mode': False, 'session_id': '5a569202-eeea-41bb-9e3a-68dda74fa20c', 'user_id': 'P2'}",2
200,2000-01-01 01:59:53,instance-2b75c4bb-d457-4a02-8099-68d3c8a16ea7,object_node.edit.started,"{'object_id': 'object5', 'object_name': 'new object', 'edit_mode': 'name', 'is_class_mode': False, 'parent_instance_id': 'instance-2b75c4bb-d457-4a02-8099-68d3c8a16ea7', 'session_id': '5a569202-eeea-41bb-9e3a-68dda74fa20c', 'user_id': 'P2'}",2
201,2000-01-01 01:59:57,instance-2b75c4bb-d457-4a02-8099-68d3c8a16ea7,object_node.edit.started,"{'object_id': 'object5', 'object_name': 'dirt', 'edit_mode': 'name', 'is_class_mode': False, 'parent_instance_id': 'instance-2b75c4bb-d457-4a02-8099-68d3c8a16ea7', 'session_id': '5a569202-eeea-41bb-9e3a-68dda74fa20c', 'user_id': 'P2'}",2
202,2000-01-01 02:00:14,instance-2b75c4bb-d457-4a02-8099-68d3c8a16ea7,instance.updated,"{'instance_id': 'instance-2b75c4bb-d457-4a02-8099-68d3c8a16ea7', 'instance_label': 'rabbit', 'text_changed': False, 'graph_changed': True, 'session_id': '5a569202-eeea-41bb-9e3a-68dda74fa20c', 'user_id': 'P2'}",2
203,2000-01-01 02:00:17,class-6e251dd6-7b8d-4ae1-a103-8c1b41f9de91,class_detail_opened,"{'class_id': 'class-6e251dd6-7b8d-4ae1-a103-8c1b41f9de91', 'class_name': 'rabbit Class', 'instance_count': 3, 'session_id': '5a569202-eeea-41bb-9e3a-68dda74fa20c', 'user_id': 'P2'}",2
204,2000-01-01 02:00:29,instance-2b75c4bb-d457-4a02-8099-68d3c8a16ea7,instance.edit.started,"{'instance_id': 'instance-2b75c4bb-d457-4a02-8099-68d3c8a16ea7', 'instance_label': 'rabbit', 'edit_type': 'graph', 'session_id': '5a569202-eeea-41bb-9e3a-68dda74fa20c', 'user_id': 'P2'}",2
205,2000-01-01 02:00:33,class-6e251dd6-7b8d-4ae1-a103-8c1b41f9de91,class_detail_opened,"{'class_id': 'class-6e251dd6-7b8d-4ae1-a103-8c1b41f9de91', 'class_name': 'rabbit Class', 'instance_count': 3, 'session_id': '5a569202-eeea-41bb-9e3a-68dda74fa20c', 'user_id': 'P2'}",2
206,2000-01-01 02:00:35,class-6e251dd6-7b8d-4ae1-a103-8c1b41f9de91,class.edit.started,"{'class_id': 'class-6e251dd6-7b8d-4ae1-a103-8c1b41f9de91', 'class_name': 'rabbit Class', 'placeholder_count': 3, 'object_count': 3, 'session_id': '5a569202-eeea-41bb-9e3a-68dda74fa20c', 'user_id': 'P2'}",2
207,2000-01-01 02:00:35,instance-2b75c4bb-d457-4a02-8099-68d3c8a16ea7,instance.updated,"{'instance_id': 'instance-2b75c4bb-d457-4a02-8099-68d3c8a16ea7', 'instance_label': 'rabbit', 'text_changed': False, 'graph_changed': True, 'session_id': '5a569202-eeea-41bb-9e3a-68dda74fa20c', 'user_id': 'P2'}",2
208,2000-01-01 02:00:55,class-6e251dd6-7b8d-4ae1-a103-8c1b41f9de91,class.updated,"{'class_id': 'class-6e251dd6-7b8d-4ae1-a103-8c1b41f9de91', 'class_name': 'rabbit Class', 'placeholder_count': 3, 'object_count': 3, 'session_id': '5a569202-eeea-41bb-9e3a-68dda74fa20c', 'user_id': 'P2'}",2
209,2000-01-01 02:01:34,,api.generate_image.succeeded,"{'global_caption': 'a scene featuring a small village in the forest, a small rabbit, sad and confident, wearing a blue, dirty jacket, with tears in its eyes, a happy small confident rabbit wearing a green shirt, with tears in its eyes, and a small, happy, confident rabbit wearing a pink shirt, with tears in its eyes', 'region_count': 4, 'has_image': True, 'detected_objects_count': 8, 'image_path': 'output/P2/2025-08-23_02-01-34/image.png', 'image_with_layout_path': 'output/P2/2025-08-23_02-01-34/image_with_layout.png', 'timestamp_dir': 'output/P2/2025-08-23_02-01-34', 'session_id': '5a569202-eeea-41bb-9e3a-68dda74fa20c', 'user_id': 'P2'}",2
210,2000-01-01 02:02:17,instance-16c56a32-06f2-4fa5-9e2b-bd7da5842240,instance.edit.started,"{'instance_id': 'instance-16c56a32-06f2-4fa5-9e2b-bd7da5842240', 'instance_label': 'Rabbit', 'edit_type': 'graph', 'session_id': '5a569202-eeea-41bb-9e3a-68dda74fa20c', 'user_id': 'P2'}",2
211,2000-01-01 02:02:23,instance-16c56a32-06f2-4fa5-9e2b-bd7da5842240,object_node.edit.started,"{'object_id': 'object5', 'object_name': 'new object', 'edit_mode': 'name', 'is_class_mode': False, 'parent_instance_id': 'instance-16c56a32-06f2-4fa5-9e2b-bd7da5842240', 'session_id': '5a569202-eeea-41bb-9e3a-68dda74fa20c', 'user_id': 'P2'}",2
212,2000-01-01 02:02:27,instance-16c56a32-06f2-4fa5-9e2b-bd7da5842240,instance.updated,"{'instance_id': 'instance-16c56a32-06f2-4fa5-9e2b-bd7da5842240', 'instance_label': 'Rabbit', 'text_changed': False, 'graph_changed': True, 'session_id': '5a569202-eeea-41bb-9e3a-68dda74fa20c', 'user_id': 'P2'}",2
213,2000-01-01 02:02:37,instance-2b75c4bb-d457-4a02-8099-68d3c8a16ea7,instance.edit.started,"{'instance_id': 'instance-2b75c4bb-d457-4a02-8099-68d3c8a16ea7', 'instance_label': 'rabbit', 'edit_type': 'text', 'session_id': '5a569202-eeea-41bb-9e3a-68dda74fa20c', 'user_id': 'P2'}",2
214,2000-01-01 02:02:42,instance-16c56a32-06f2-4fa5-9e2b-bd7da5842240,instance.edit.started,"{'instance_id': 'instance-16c56a32-06f2-4fa5-9e2b-bd7da5842240', 'instance_label': 'Rabbit', 'edit_type': 'text', 'session_id': '5a569202-eeea-41bb-9e3a-68dda74fa20c', 'user_id': 'P2'}",2
215,2000-01-01 02:03:02,instance-2b75c4bb-d457-4a02-8099-68d3c8a16ea7,instance.edit.started,"{'instance_id': 'instance-2b75c4bb-d457-4a02-8099-68d3c8a16ea7', 'instance_label': 'rabbit', 'edit_type': 'text', 'session_id': '5a569202-eeea-41bb-9e3a-68dda74fa20c', 'user_id': 'P2'}",2
216,2000-01-01 02:04:54,instance-2b75c4bb-d457-4a02-8099-68d3c8a16ea7,instance.updated,"{'instance_id': 'instance-2b75c4bb-d457-4a02-8099-68d3c8a16ea7', 'instance_label': 'rabbit', 'text_changed': True, 'graph_changed': False, 'session_id': '5a569202-eeea-41bb-9e3a-68dda74fa20c', 'user_id': 'P2'}",2
217,2000-01-01 02:04:59,instance-16c56a32-06f2-4fa5-9e2b-bd7da5842240,instance.edit.started,"{'instance_id': 'instance-16c56a32-06f2-4fa5-9e2b-bd7da5842240', 'instance_label': 'Rabbit', 'edit_type': 'text', 'session_id': '5a569202-eeea-41bb-9e3a-68dda74fa20c', 'user_id': 'P2'}",2
218,2000-01-01 02:05:13,instance-16c56a32-06f2-4fa5-9e2b-bd7da5842240,instance.updated,"{'instance_id': 'instance-16c56a32-06f2-4fa5-9e2b-bd7da5842240', 'instance_label': 'rabbit', 'text_changed': True, 'graph_changed': False, 'session_id': '5a569202-eeea-41bb-9e3a-68dda74fa20c', 'user_id': 'P2'}",2
219,2000-01-01 02:05:15,instance-6502b88c-cca3-4c9d-8b28-8c543c3816b7,instance.edit.started,"{'instance_id': 'instance-6502b88c-cca3-4c9d-8b28-8c543c3816b7', 'instance_label': 'Rabbit', 'edit_type': 'text', 'session_id': '5a569202-eeea-41bb-9e3a-68dda74fa20c', 'user_id': 'P2'}",2
220,2000-01-01 02:05:32,instance-6502b88c-cca3-4c9d-8b28-8c543c3816b7,instance.updated,"{'instance_id': 'instance-6502b88c-cca3-4c9d-8b28-8c543c3816b7', 'instance_label': 'rabbit', 'text_changed': True, 'graph_changed': False, 'session_id': '5a569202-eeea-41bb-9e3a-68dda74fa20c', 'user_id': 'P2'}",2
221,2000-01-01 02:05:59,,api.generate_image.succeeded,"{'global_caption': 'a scene featuring a small village in the forest, a small rabbit, happy and confident, wearing a blue, dirty jacket with mud and scratched by branches, with eyes and running, a small rabbit, happy and confident, wearing a pink, dirty jacket with mud and scratched by branches, with eyes and running, and a small rabbit, happy and confident, wearing a green, dirty shirt with mud and scratched by branches, with eyes and running', 'region_count': 4, 'has_image': True, 'detected_objects_count': 6, 'image_path': 'output/P2/2025-08-23_02-05-58/image.png', 'image_with_layout_path': 'output/P2/2025-08-23_02-05-58/image_with_layout.png', 'timestamp_dir': 'output/P2/2025-08-23_02-05-58', 'session_id': '5a569202-eeea-41bb-9e3a-68dda74fa20c', 'user_id': 'P2'}",2
222,2000-01-01 02:06:08,,scene_saved,"{'slotNumber': 4, 'instanceCount': 4, 'nodeCount': 8, 'edgeCount': 0, 'session_id': '5a569202-eeea-41bb-9e3a-68dda74fa20c', 'user_id': 'P2'}",2
223,2000-01-01 02:06:46,instance-6502b88c-cca3-4c9d-8b28-8c543c3816b7,instance.edit.started,"{'instance_id': 'instance-6502b88c-cca3-4c9d-8b28-8c543c3816b7', 'instance_label': 'rabbit', 'edit_type': 'text', 'session_id': '5a569202-eeea-41bb-9e3a-68dda74fa20c', 'user_id': 'P2'}",2
224,2000-01-01 02:07:29,instance-6502b88c-cca3-4c9d-8b28-8c543c3816b7,instance.updated,"{'instance_id': 'instance-6502b88c-cca3-4c9d-8b28-8c543c3816b7', 'instance_label': 'rabbit', 'text_changed': True, 'graph_changed': False, 'session_id': '5a569202-eeea-41bb-9e3a-68dda74fa20c', 'user_id': 'P2'}",2
225,2000-01-01 02:07:33,instance-16c56a32-06f2-4fa5-9e2b-bd7da5842240,instance.edit.started,"{'instance_id': 'instance-16c56a32-06f2-4fa5-9e2b-bd7da5842240', 'instance_label': 'rabbit', 'edit_type': 'text', 'session_id': '5a569202-eeea-41bb-9e3a-68dda74fa20c', 'user_id': 'P2'}",2
226,2000-01-01 02:08:21,instance-16c56a32-06f2-4fa5-9e2b-bd7da5842240,instance.updated,"{'instance_id': 'instance-16c56a32-06f2-4fa5-9e2b-bd7da5842240', 'instance_label': 'rabbit', 'text_changed': True, 'graph_changed': False, 'session_id': '5a569202-eeea-41bb-9e3a-68dda74fa20c', 'user_id': 'P2'}",2
227,2000-01-01 02:08:35,instance-16c56a32-06f2-4fa5-9e2b-bd7da5842240,instance.edit.started,"{'instance_id': 'instance-16c56a32-06f2-4fa5-9e2b-bd7da5842240', 'instance_label': 'rabbit', 'edit_type': 'graph', 'session_id': '5a569202-eeea-41bb-9e3a-68dda74fa20c', 'user_id': 'P2'}",2
228,2000-01-01 02:09:13,instance-16c56a32-06f2-4fa5-9e2b-bd7da5842240,instance.updated,"{'instance_id': 'instance-16c56a32-06f2-4fa5-9e2b-bd7da5842240', 'instance_label': 'rabbit', 'text_changed': False, 'graph_changed': True, 'session_id': '5a569202-eeea-41bb-9e3a-68dda74fa20c', 'user_id': 'P2'}",2
229,2000-01-01 02:09:38,instance-6502b88c-cca3-4c9d-8b28-8c543c3816b7,instance.edit.started,"{'instance_id': 'instance-6502b88c-cca3-4c9d-8b28-8c543c3816b7', 'instance_label': 'rabbit', 'edit_type': 'text', 'session_id': '5a569202-eeea-41bb-9e3a-68dda74fa20c', 'user_id': 'P2'}",2
230,2000-01-01 02:09:43,instance-2b75c4bb-d457-4a02-8099-68d3c8a16ea7,instance.edit.started,"{'instance_id': 'instance-2b75c4bb-d457-4a02-8099-68d3c8a16ea7', 'instance_label': 'rabbit', 'edit_type': 'text', 'session_id': '5a569202-eeea-41bb-9e3a-68dda74fa20c', 'user_id': 'P2'}",2
231,2000-01-01 02:10:26,instance-2b75c4bb-d457-4a02-8099-68d3c8a16ea7,instance.updated,"{'instance_id': 'instance-2b75c4bb-d457-4a02-8099-68d3c8a16ea7', 'instance_label': 'rabbit', 'text_changed': True, 'graph_changed': False, 'session_id': '5a569202-eeea-41bb-9e3a-68dda74fa20c', 'user_id': 'P2'}",2
232,2000-01-01 02:10:35,,instance.created_from_text,"{'position': {'x': 317.3515625, 'y': 18}, 'screen_position': {'x': 379, 'y': 61}, 'board_type': 'advanced', 'session_id': '5a569202-eeea-41bb-9e3a-68dda74fa20c', 'user_id': 'P2'}",2
233,2000-01-01 02:11:55,,api.generate_image.succeeded,"{'global_caption': 'a scene featuring a small village in the forest, a small rabbit, happy and confident, wearing a blue, dirty jacket with mud and scratched by branches, hugging a red balloon, another small rabbit, happy and confident, wearing a pink, dirty jacket with mud and scratched by branches, with eyes and running, climbing a tree and shaking a branch, a small rabbit, happy and confident, wearing a green, dirty shirt with mud and scratched by branches, with eyes and running, yelling when it finds a balloon and pointing at the balloon with its hand, and a big tree with a red balloon on one of its branches.', 'region_count': 5, 'has_image': True, 'detected_objects_count': 5, 'image_path': 'output/P2/2025-08-23_02-11-54/image.png', 'image_with_layout_path': 'output/P2/2025-08-23_02-11-54/image_with_layout.png', 'timestamp_dir': 'output/P2/2025-08-23_02-11-54', 'session_id': '5a569202-eeea-41bb-9e3a-68dda74fa20c', 'user_id': 'P2'}",2
234,2000-01-01 02:12:50,instance-16c56a32-06f2-4fa5-9e2b-bd7da5842240,instance.edit.started,"{'instance_id': 'instance-16c56a32-06f2-4fa5-9e2b-bd7da5842240', 'instance_label': 'rabbit', 'edit_type': 'text', 'session_id': '5a569202-eeea-41bb-9e3a-68dda74fa20c', 'user_id': 'P2'}",2
235,2000-01-01 02:14:34,instance-6502b88c-cca3-4c9d-8b28-8c543c3816b7,instance.edit.started,"{'instance_id': 'instance-6502b88c-cca3-4c9d-8b28-8c543c3816b7', 'instance_label': 'rabbit', 'edit_type': 'text', 'session_id': '5a569202-eeea-41bb-9e3a-68dda74fa20c', 'user_id': 'P2'}",2
236,2000-01-01 02:14:57,instance-250f7a13-558d-44f6-8aeb-3e1169ac956f,instance.edit.started,"{'instance_id': 'instance-250f7a13-558d-44f6-8aeb-3e1169ac956f', 'instance_label': 'tree', 'edit_type': 'text', 'session_id': '5a569202-eeea-41bb-9e3a-68dda74fa20c', 'user_id': 'P2'}",2
237,2000-01-01 02:15:12,instance-250f7a13-558d-44f6-8aeb-3e1169ac956f,instance.updated,"{'instance_id': 'instance-250f7a13-558d-44f6-8aeb-3e1169ac956f', 'instance_label': 'tree', 'text_changed': True, 'graph_changed': False, 'session_id': '5a569202-eeea-41bb-9e3a-68dda74fa20c', 'user_id': 'P2'}",2
238,2000-01-01 02:15:25,instance-6502b88c-cca3-4c9d-8b28-8c543c3816b7,instance.updated,"{'instance_id': 'instance-6502b88c-cca3-4c9d-8b28-8c543c3816b7', 'instance_label': 'rabbit', 'text_changed': True, 'graph_changed': False, 'session_id': '5a569202-eeea-41bb-9e3a-68dda74fa20c', 'user_id': 'P2'}",2
239,2000-01-01 02:15:36,instance-2b75c4bb-d457-4a02-8099-68d3c8a16ea7,instance.edit.started,"{'instance_id': 'instance-2b75c4bb-d457-4a02-8099-68d3c8a16ea7', 'instance_label': 'rabbit', 'edit_type': 'text', 'session_id': '5a569202-eeea-41bb-9e3a-68dda74fa20c', 'user_id': 'P2'}",2
240,2000-01-01 02:15:51,instance-2b75c4bb-d457-4a02-8099-68d3c8a16ea7,instance.updated,"{'instance_id': 'instance-2b75c4bb-d457-4a02-8099-68d3c8a16ea7', 'instance_label': 'rabbit', 'text_changed': True, 'graph_changed': False, 'session_id': '5a569202-eeea-41bb-9e3a-68dda74fa20c', 'user_id': 'P2'}",2
241,2000-01-01 02:15:54,instance-2b75c4bb-d457-4a02-8099-68d3c8a16ea7,instance.edit.started,"{'instance_id': 'instance-2b75c4bb-d457-4a02-8099-68d3c8a16ea7', 'instance_label': 'rabbit', 'edit_type': 'text', 'session_id': '5a569202-eeea-41bb-9e3a-68dda74fa20c', 'user_id': 'P2'}",2
242,2000-01-01 02:16:14,instance-2b75c4bb-d457-4a02-8099-68d3c8a16ea7,instance.updated,"{'instance_id': 'instance-2b75c4bb-d457-4a02-8099-68d3c8a16ea7', 'instance_label': 'rabbit', 'text_changed': True, 'graph_changed': False, 'session_id': '5a569202-eeea-41bb-9e3a-68dda74fa20c', 'user_id': 'P2'}",2
243,2000-01-01 02:16:44,,api.generate_image.succeeded,"{'global_caption': 'a scene featuring a small village in the forest, a small rabbit, happy and confident, wearing a blue, dirty jacket with mud and scratched by branches, hugging a red balloon close to its body, another small rabbit, happy and confident, wearing a pink, dirty jacket with mud and scratched by branches, with eyes, climbing a tree and shaking a branch, a small rabbit, happy and confident, wearing a green, dirty shirt with mud and scratched by branches, with eyes, running, yelling when it finds a balloon and pointing at the balloon with its hand, and a big tree.', 'region_count': 5, 'has_image': True, 'detected_objects_count': 6, 'image_path': 'output/P2/2025-08-23_02-16-43/image.png', 'image_with_layout_path': 'output/P2/2025-08-23_02-16-43/image_with_layout.png', 'timestamp_dir': 'output/P2/2025-08-23_02-16-43', 'session_id': '5a569202-eeea-41bb-9e3a-68dda74fa20c', 'user_id': 'P2'}",2
244,2000-01-01 02:17:02,instance-16c56a32-06f2-4fa5-9e2b-bd7da5842240,instance.edit.started,"{'instance_id': 'instance-16c56a32-06f2-4fa5-9e2b-bd7da5842240', 'instance_label': 'rabbit', 'edit_type': 'text', 'session_id': '5a569202-eeea-41bb-9e3a-68dda74fa20c', 'user_id': 'P2'}",2
245,2000-01-01 02:17:42,instance-16c56a32-06f2-4fa5-9e2b-bd7da5842240,instance.updated,"{'instance_id': 'instance-16c56a32-06f2-4fa5-9e2b-bd7da5842240', 'instance_label': 'rabbit', 'text_changed': True, 'graph_changed': False, 'session_id': '5a569202-eeea-41bb-9e3a-68dda74fa20c', 'user_id': 'P2'}",2
246,2000-01-01 02:18:21,,api.generate_image.succeeded,"{'global_caption': 'a scene featuring a small village in the forest, a small rabbit, happy and confident, wearing a blue, dirty jacket with mud and scratched by branches, hugging a red balloon close to its body, another small rabbit, happy and confident, wearing a pink, dirty jacket with mud and scratched by branches, with eyes, climbing a tree and shaking a branch, a third small rabbit, happy and confident, wearing a green, dirty shirt with mud and scratched by branches, with eyes, running, yelling and pointing at a balloon with its hand, and a big tree.', 'region_count': 5, 'has_image': True, 'detected_objects_count': 4, 'image_path': 'output/P2/2025-08-23_02-18-21/image.png', 'image_with_layout_path': 'output/P2/2025-08-23_02-18-21/image_with_layout.png', 'timestamp_dir': 'output/P2/2025-08-23_02-18-21', 'session_id': '5a569202-eeea-41bb-9e3a-68dda74fa20c', 'user_id': 'P2'}",2
247,2000-01-01 02:19:25,,api.generate_image.succeeded,"{'global_caption': 'a scene featuring a small village in the forest, a small rabbit, happy and confident, wearing a blue, dirty jacket with mud and scratched by branches, hugging a red balloon close to its body, another small rabbit, happy and confident, wearing a pink, dirty jacket with mud and scratched by branches, with eyes, climbing a tree and shaking a branch, a third small rabbit, happy and confident, wearing a green, dirty shirt with mud and scratched by branches, with eyes, running, yelling and pointing something with its hand, and a big tree.', 'region_count': 5, 'has_image': True, 'detected_objects_count': 6, 'image_path': 'output/P2/2025-08-23_02-19-24/image.png', 'image_with_layout_path': 'output/P2/2025-08-23_02-19-24/image_with_layout.png', 'timestamp_dir': 'output/P2/2025-08-23_02-19-24', 'session_id': '5a569202-eeea-41bb-9e3a-68dda74fa20c', 'user_id': 'P2'}",2
248,2000-01-01 02:19:42,,scene_saved,"{'slotNumber': 5, 'instanceCount': 5, 'nodeCount': 10, 'edgeCount': 0, 'session_id': '5a569202-eeea-41bb-9e3a-68dda74fa20c', 'user_id': 'P2'}",2
249,2000-01-01 06:17:09,,scene_saved,"{'slotNumber': 1, 'instanceCount': 0, 'nodeCount': 0, 'edgeCount': 0, 'session_id': '6c77a175-b038-4777-8ac4-52eb443031ec', 'user_id': 'P3'}",3
250,2000-01-01 06:17:16,,scene_saved,"{'slotNumber': 1, 'instanceCount': 0, 'nodeCount': 0, 'edgeCount': 0, 'session_id': '6c77a175-b038-4777-8ac4-52eb443031ec', 'user_id': 'P3'}",3
251,2000-01-01 06:18:25,,instance.created_from_text,"{'position': {'x': 195, 'y': 312}, 'screen_position': {'x': 258, 'y': 335}, 'board_type': 'advanced', 'session_id': '6c77a175-b038-4777-8ac4-52eb443031ec', 'user_id': 'P3'}",3
252,2000-01-01 06:19:28,,instance.created_from_text,"{'position': {'x': 92, 'y': 153}, 'screen_position': {'x': 155, 'y': 176}, 'board_type': 'advanced', 'session_id': '6c77a175-b038-4777-8ac4-52eb443031ec', 'user_id': 'P3'}",3
253,2000-01-01 06:20:08,instance-258e1650-a691-4328-9fb0-3bcf7775d2b6,class.create.started,"{'instance_id': 'instance-258e1650-a691-4328-9fb0-3bcf7775d2b6', 'instance_label': 'rabbit', 'has_scene_graph': True, 'object_count': 3, 'session_id': '6c77a175-b038-4777-8ac4-52eb443031ec', 'user_id': 'P3'}",3
254,2000-01-01 06:20:09,class-412add9c-ec9b-4f19-8022-0757952f86ba,class.created,"{'class_id': 'class-412add9c-ec9b-4f19-8022-0757952f86ba', 'class_name': 'rabbit Class', 'placeholder_count': 3, 'created_from': 'rabbit', 'session_id': '6c77a175-b038-4777-8ac4-52eb443031ec', 'user_id': 'P3'}",3
255,2000-01-01 06:20:11,class-412add9c-ec9b-4f19-8022-0757952f86ba,class_detail_opened,"{'class_id': 'class-412add9c-ec9b-4f19-8022-0757952f86ba', 'class_name': 'rabbit Class', 'instance_count': 1, 'session_id': '6c77a175-b038-4777-8ac4-52eb443031ec', 'user_id': 'P3'}",3
256,2000-01-01 06:20:13,class-412add9c-ec9b-4f19-8022-0757952f86ba,class.edit.started,"{'class_id': 'class-412add9c-ec9b-4f19-8022-0757952f86ba', 'class_name': 'rabbit Class', 'placeholder_count': 3, 'object_count': 3, 'session_id': '6c77a175-b038-4777-8ac4-52eb443031ec', 'user_id': 'P3'}",3
257,2000-01-01 06:20:21,class-412add9c-ec9b-4f19-8022-0757952f86ba,class.updated,"{'class_id': 'class-412add9c-ec9b-4f19-8022-0757952f86ba', 'class_name': 'rabbit Class', 'placeholder_count': 3, 'object_count': 2, 'session_id': '6c77a175-b038-4777-8ac4-52eb443031ec', 'user_id': 'P3'}",3
258,2000-01-01 06:20:24,class-412add9c-ec9b-4f19-8022-0757952f86ba,class_detail_opened,"{'class_id': 'class-412add9c-ec9b-4f19-8022-0757952f86ba', 'class_name': 'rabbit Class', 'instance_count': 1, 'session_id': '6c77a175-b038-4777-8ac4-52eb443031ec', 'user_id': 'P3'}",3
259,2000-01-01 06:20:38,class-412add9c-ec9b-4f19-8022-0757952f86ba,instance.create_from_class.started,"{'class_id': 'class-412add9c-ec9b-4f19-8022-0757952f86ba', 'class_name': 'rabbit Class', 'value_count': 2, 'session_id': '6c77a175-b038-4777-8ac4-52eb443031ec', 'user_id': 'P3'}",3
260,2000-01-01 06:20:39,instance-c02c7781-54d0-4a6f-9e93-d917b97bc147,instance.created_from_class,"{'instance_id': 'instance-c02c7781-54d0-4a6f-9e93-d917b97bc147', 'class_id': 'class-412add9c-ec9b-4f19-8022-0757952f86ba', 'instance_label': 'Rabbit', 'has_text_description': True, 'session_id': '6c77a175-b038-4777-8ac4-52eb443031ec', 'user_id': 'P3'}",3
261,2000-01-01 06:21:02,class-412add9c-ec9b-4f19-8022-0757952f86ba,class_detail_opened,"{'class_id': 'class-412add9c-ec9b-4f19-8022-0757952f86ba', 'class_name': 'rabbit Class', 'instance_count': 2, 'session_id': '6c77a175-b038-4777-8ac4-52eb443031ec', 'user_id': 'P3'}",3
262,2000-01-01 06:21:06,class-412add9c-ec9b-4f19-8022-0757952f86ba,class.edit.started,"{'class_id': 'class-412add9c-ec9b-4f19-8022-0757952f86ba', 'class_name': 'rabbit Class', 'placeholder_count': 3, 'object_count': 2, 'session_id': '6c77a175-b038-4777-8ac4-52eb443031ec', 'user_id': 'P3'}",3
263,2000-01-01 06:21:58,class-412add9c-ec9b-4f19-8022-0757952f86ba,class.updated,"{'class_id': 'class-412add9c-ec9b-4f19-8022-0757952f86ba', 'class_name': 'rabbit Class', 'placeholder_count': 4, 'object_count': 3, 'session_id': '6c77a175-b038-4777-8ac4-52eb443031ec', 'user_id': 'P3'}",3
264,2000-01-01 06:22:07,class-412add9c-ec9b-4f19-8022-0757952f86ba,class_detail_opened,"{'class_id': 'class-412add9c-ec9b-4f19-8022-0757952f86ba', 'class_name': 'rabbit Class', 'instance_count': 2, 'session_id': '6c77a175-b038-4777-8ac4-52eb443031ec', 'user_id': 'P3'}",3
265,2000-01-01 06:22:08,class-412add9c-ec9b-4f19-8022-0757952f86ba,class_detail_opened,"{'class_id': 'class-412add9c-ec9b-4f19-8022-0757952f86ba', 'class_name': 'rabbit Class', 'instance_count': 2, 'session_id': '6c77a175-b038-4777-8ac4-52eb443031ec', 'user_id': 'P3'}",3
266,2000-01-01 06:22:22,instance-258e1650-a691-4328-9fb0-3bcf7775d2b6,instance.edit.started,"{'instance_id': 'instance-258e1650-a691-4328-9fb0-3bcf7775d2b6', 'instance_label': 'rabbit', 'edit_type': 'text', 'session_id': '6c77a175-b038-4777-8ac4-52eb443031ec', 'user_id': 'P3'}",3
267,2000-01-01 06:22:34,instance-258e1650-a691-4328-9fb0-3bcf7775d2b6,instance.updated,"{'instance_id': 'instance-258e1650-a691-4328-9fb0-3bcf7775d2b6', 'instance_label': 'rabbit', 'text_changed': True, 'graph_changed': False, 'session_id': '6c77a175-b038-4777-8ac4-52eb443031ec', 'user_id': 'P3'}",3
268,2000-01-01 06:23:07,,api.generate_image.succeeded,"{'global_caption': 'a scene featuring a cute rabbit walking on two feet in a fairy tale illustration, Rabbit Village, and another cute rabbit walking on two feet in a fairy tale illustration', 'region_count': 3, 'has_image': True, 'detected_objects_count': 1, 'image_path': 'output/P3/2025-08-23_06-23-07/image.png', 'image_with_layout_path': 'output/P3/2025-08-23_06-23-07/image_with_layout.png', 'timestamp_dir': 'output/P3/2025-08-23_06-23-07', 'session_id': '6c77a175-b038-4777-8ac4-52eb443031ec', 'user_id': 'P3'}",3
269,2000-01-01 06:23:41,instance-258e1650-a691-4328-9fb0-3bcf7775d2b6,instance.edit.started,"{'instance_id': 'instance-258e1650-a691-4328-9fb0-3bcf7775d2b6', 'instance_label': 'rabbit', 'edit_type': 'graph', 'session_id': '6c77a175-b038-4777-8ac4-52eb443031ec', 'user_id': 'P3'}",3
270,2000-01-01 06:23:48,instance-258e1650-a691-4328-9fb0-3bcf7775d2b6,object_node.edit.started,"{'object_id': 'ee3b8d4e-35f6-453e-b3fe-d91e5c5a2535', 'object_name': 'new object', 'edit_mode': 'adding', 'is_class_mode': False, 'parent_instance_id': 'instance-258e1650-a691-4328-9fb0-3bcf7775d2b6', 'session_id': '6c77a175-b038-4777-8ac4-52eb443031ec', 'user_id': 'P3'}",3
271,2000-01-01 06:24:10,instance-258e1650-a691-4328-9fb0-3bcf7775d2b6,object_node.edit.started,"{'object_id': 'ee3b8d4e-35f6-453e-b3fe-d91e5c5a2535', 'object_name': 'new object', 'edit_mode': 'name', 'is_class_mode': False, 'parent_instance_id': 'instance-258e1650-a691-4328-9fb0-3bcf7775d2b6', 'session_id': '6c77a175-b038-4777-8ac4-52eb443031ec', 'user_id': 'P3'}",3
272,2000-01-01 06:24:16,instance-258e1650-a691-4328-9fb0-3bcf7775d2b6,object_node.connection_drag.started,"{'object_id': 'object1', 'object_name': 'rabbit', 'parent_instance_id': 'instance-258e1650-a691-4328-9fb0-3bcf7775d2b6', 'is_class_mode': False, 'session_id': '6c77a175-b038-4777-8ac4-52eb443031ec', 'user_id': 'P3'}",3
273,2000-01-01 06:24:42,instance-258e1650-a691-4328-9fb0-3bcf7775d2b6,instance.updated,"{'instance_id': 'instance-258e1650-a691-4328-9fb0-3bcf7775d2b6', 'instance_label': 'rabbit', 'text_changed': False, 'graph_changed': True, 'session_id': '6c77a175-b038-4777-8ac4-52eb443031ec', 'user_id': 'P3'}",3
274,2000-01-01 06:25:11,,api.generate_image.succeeded,"{'global_caption': 'a scene featuring a cute rabbit walking on two feet in a fairy tale illustration, connected to a blue jacket, Rabbit Village, and another cute rabbit walking on two feet in a fairy tale illustration', 'region_count': 3, 'has_image': True, 'detected_objects_count': 2, 'image_path': 'output/P3/2025-08-23_06-25-10/image.png', 'image_with_layout_path': 'output/P3/2025-08-23_06-25-10/image_with_layout.png', 'timestamp_dir': 'output/P3/2025-08-23_06-25-10', 'session_id': '6c77a175-b038-4777-8ac4-52eb443031ec', 'user_id': 'P3'}",3
275,2000-01-01 06:25:39,dbf6ebe2-1674-4cdf-8d5e-f83a1c78a3bc,instance_created_from_detection,"{'instanceId': 'dbf6ebe2-1674-4cdf-8d5e-f83a1c78a3bc', 'label': 'Rabbit', 'originalObjectLabel': 'horse', 'session_id': '6c77a175-b038-4777-8ac4-52eb443031ec', 'user_id': 'P3'}",3
276,2000-01-01 06:25:56,dbf6ebe2-1674-4cdf-8d5e-f83a1c78a3bc,instance.deleted,"{'instance_id': 'dbf6ebe2-1674-4cdf-8d5e-f83a1c78a3bc', 'instance_label': 'Rabbit', 'is_from_class': False, 'class_id': None, 'session_id': '6c77a175-b038-4777-8ac4-52eb443031ec', 'user_id': 'P3'}",3
277,2000-01-01 06:26:11,,scene_saved,"{'slotNumber': 1, 'instanceCount': 3, 'nodeCount': 6, 'edgeCount': 0, 'session_id': '6c77a175-b038-4777-8ac4-52eb443031ec', 'user_id': 'P3'}",3
278,2000-01-01 06:26:12,,scene_saved,"{'slotNumber': 1, 'instanceCount': 3, 'nodeCount': 6, 'edgeCount': 0, 'session_id': '6c77a175-b038-4777-8ac4-52eb443031ec', 'user_id': 'P3'}",3
279,2000-01-01 06:26:13,,scene_saved,"{'slotNumber': 1, 'instanceCount': 3, 'nodeCount': 6, 'edgeCount': 0, 'session_id': '6c77a175-b038-4777-8ac4-52eb443031ec', 'user_id': 'P3'}",3
280,2000-01-01 06:26:33,instance-bc576742-63dd-47ed-a242-06a9b1b04f4c,instance.edit.started,"{'instance_id': 'instance-bc576742-63dd-47ed-a242-06a9b1b04f4c', 'instance_label': 'village', 'edit_type': 'graph', 'session_id': '6c77a175-b038-4777-8ac4-52eb443031ec', 'user_id': 'P3'}",3
281,2000-01-01 06:26:41,instance-bc576742-63dd-47ed-a242-06a9b1b04f4c,object_node.edit.started,"{'object_id': '99a9c90c-92c6-4657-b364-0c29bd7b5dbd', 'object_name': 'new object', 'edit_mode': 'name', 'is_class_mode': False, 'parent_instance_id': 'instance-bc576742-63dd-47ed-a242-06a9b1b04f4c', 'session_id': '6c77a175-b038-4777-8ac4-52eb443031ec', 'user_id': 'P3'}",3
282,2000-01-01 06:26:46,instance-bc576742-63dd-47ed-a242-06a9b1b04f4c,object_node.connection_drag.started,"{'object_id': 'object2', 'object_name': 'rabbit', 'parent_instance_id': 'instance-bc576742-63dd-47ed-a242-06a9b1b04f4c', 'is_class_mode': False, 'session_id': '6c77a175-b038-4777-8ac4-52eb443031ec', 'user_id': 'P3'}",3
283,2000-01-01 06:26:54,instance-bc576742-63dd-47ed-a242-06a9b1b04f4c,object_node.connection_drag.started,"{'object_id': 'object1', 'object_name': 'village', 'parent_instance_id': 'instance-bc576742-63dd-47ed-a242-06a9b1b04f4c', 'is_class_mode': False, 'session_id': '6c77a175-b038-4777-8ac4-52eb443031ec', 'user_id': 'P3'}",3
284,2000-01-01 06:27:17,instance-bc576742-63dd-47ed-a242-06a9b1b04f4c,instance.updated,"{'instance_id': 'instance-bc576742-63dd-47ed-a242-06a9b1b04f4c', 'instance_label': 'village', 'text_changed': False, 'graph_changed': True, 'session_id': '6c77a175-b038-4777-8ac4-52eb443031ec', 'user_id': 'P3'}",3
285,2000-01-01 06:27:28,instance-258e1650-a691-4328-9fb0-3bcf7775d2b6,instance.edit.started,"{'instance_id': 'instance-258e1650-a691-4328-9fb0-3bcf7775d2b6', 'instance_label': 'rabbit', 'edit_type': 'graph', 'session_id': '6c77a175-b038-4777-8ac4-52eb443031ec', 'user_id': 'P3'}",3
286,2000-01-01 06:27:34,instance-258e1650-a691-4328-9fb0-3bcf7775d2b6,object_node.edit.started,"{'object_id': 'bf91a80a-f1d8-4281-9b4d-382c87eea2c7', 'object_name': 'new object', 'edit_mode': 'adding', 'is_class_mode': False, 'parent_instance_id': 'instance-258e1650-a691-4328-9fb0-3bcf7775d2b6', 'session_id': '6c77a175-b038-4777-8ac4-52eb443031ec', 'user_id': 'P3'}",3
287,2000-01-01 06:27:36,instance-258e1650-a691-4328-9fb0-3bcf7775d2b6,object_node.edit.started,"{'object_id': 'bf91a80a-f1d8-4281-9b4d-382c87eea2c7', 'object_name': 'new object', 'edit_mode': 'name', 'is_class_mode': False, 'parent_instance_id': 'instance-258e1650-a691-4328-9fb0-3bcf7775d2b6', 'session_id': '6c77a175-b038-4777-8ac4-52eb443031ec', 'user_id': 'P3'}",3
288,2000-01-01 06:28:14,instance-258e1650-a691-4328-9fb0-3bcf7775d2b6,object_node.edit.started,"{'object_id': 'object1', 'object_name': 'rabbit', 'edit_mode': 'adding', 'is_class_mode': False, 'parent_instance_id': 'instance-258e1650-a691-4328-9fb0-3bcf7775d2b6', 'session_id': '6c77a175-b038-4777-8ac4-52eb443031ec', 'user_id': 'P3'}",3
289,2000-01-01 06:28:21,instance-258e1650-a691-4328-9fb0-3bcf7775d2b6,object_node.edit.started,"{'object_id': 'object1', 'object_name': 'rabbit', 'edit_mode': 'attribute-1', 'is_class_mode': False, 'parent_instance_id': 'instance-258e1650-a691-4328-9fb0-3bcf7775d2b6', 'session_id': '6c77a175-b038-4777-8ac4-52eb443031ec', 'user_id': 'P3'}",3
290,2000-01-01 06:28:27,instance-258e1650-a691-4328-9fb0-3bcf7775d2b6,instance.updated,"{'instance_id': 'instance-258e1650-a691-4328-9fb0-3bcf7775d2b6', 'instance_label': 'rabbit', 'text_changed': False, 'graph_changed': True, 'session_id': '6c77a175-b038-4777-8ac4-52eb443031ec', 'user_id': 'P3'}",3
291,2000-01-01 06:28:38,instance-c02c7781-54d0-4a6f-9e93-d917b97bc147,instance.edit.started,"{'instance_id': 'instance-c02c7781-54d0-4a6f-9e93-d917b97bc147', 'instance_label': 'Rabbit', 'edit_type': 'graph', 'session_id': '6c77a175-b038-4777-8ac4-52eb443031ec', 'user_id': 'P3'}",3
292,2000-01-01 06:28:39,instance-c02c7781-54d0-4a6f-9e93-d917b97bc147,object_node.edit.started,"{'object_id': 'object1', 'object_name': 'rabbit', 'edit_mode': 'adding', 'is_class_mode': False, 'parent_instance_id': 'instance-c02c7781-54d0-4a6f-9e93-d917b97bc147', 'session_id': '6c77a175-b038-4777-8ac4-52eb443031ec', 'user_id': 'P3'}",3
293,2000-01-01 06:29:00,instance-c02c7781-54d0-4a6f-9e93-d917b97bc147,instance.updated,"{'instance_id': 'instance-c02c7781-54d0-4a6f-9e93-d917b97bc147', 'instance_label': 'Rabbit', 'text_changed': False, 'graph_changed': True, 'session_id': '6c77a175-b038-4777-8ac4-52eb443031ec', 'user_id': 'P3'}",3
294,2000-01-01 06:29:06,,instance.created_from_text,"{'position': {'x': 228, 'y': 140}, 'screen_position': {'x': 291, 'y': 163}, 'board_type': 'advanced', 'session_id': '6c77a175-b038-4777-8ac4-52eb443031ec', 'user_id': 'P3'}",3
295,2000-01-01 06:31:10,,api.generate_image.succeeded,"{'global_caption': 'a scene featuring a cute child rabbit walking on two feet in a fairy tale illustration, connected to a blue jacket, receiving a balloon, a Rabbit Village with a parade, a cute adult rabbit walking on two feet in a fairy tale illustration, giving a balloon, and a red balloon', 'region_count': 4, 'has_image': True, 'detected_objects_count': 0, 'image_path': 'output/P3/2025-08-23_06-31-10/image.png', 'image_with_layout_path': 'output/P3/2025-08-23_06-31-10/image_with_layout.png', 'timestamp_dir': 'output/P3/2025-08-23_06-31-10', 'session_id': '6c77a175-b038-4777-8ac4-52eb443031ec', 'user_id': 'P3'}",3
296,2000-01-01 06:32:31,,api.generate_image.succeeded,"{'global_caption': 'a scene featuring a cute child rabbit walking on two feet in a fairy tale illustration, connected to a blue jacket, a Rabbit Village with a parade, a cute adult rabbit walking on two feet in a fairy tale illustration giving a balloon, and a red balloon', 'region_count': 4, 'has_image': True, 'detected_objects_count': 0, 'image_path': 'output/P3/2025-08-23_06-32-31/image.png', 'image_with_layout_path': 'output/P3/2025-08-23_06-32-31/image_with_layout.png', 'timestamp_dir': 'output/P3/2025-08-23_06-32-31', 'session_id': '6c77a175-b038-4777-8ac4-52eb443031ec', 'user_id': 'P3'}",3
297,2000-01-01 06:32:44,instance-258e1650-a691-4328-9fb0-3bcf7775d2b6,instance.edit.started,"{'instance_id': 'instance-258e1650-a691-4328-9fb0-3bcf7775d2b6', 'instance_label': 'rabbit', 'edit_type': 'graph', 'session_id': '6c77a175-b038-4777-8ac4-52eb443031ec', 'user_id': 'P3'}",3
298,2000-01-01 06:32:45,instance-258e1650-a691-4328-9fb0-3bcf7775d2b6,object_node.edit.started,"{'object_id': 'object1', 'object_name': 'rabbit', 'edit_mode': 'adding', 'is_class_mode': False, 'parent_instance_id': 'instance-258e1650-a691-4328-9fb0-3bcf7775d2b6', 'session_id': '6c77a175-b038-4777-8ac4-52eb443031ec', 'user_id': 'P3'}",3
299,2000-01-01 06:32:55,instance-258e1650-a691-4328-9fb0-3bcf7775d2b6,instance.updated,"{'instance_id': 'instance-258e1650-a691-4328-9fb0-3bcf7775d2b6', 'instance_label': 'rabbit', 'text_changed': False, 'graph_changed': True, 'session_id': '6c77a175-b038-4777-8ac4-52eb443031ec', 'user_id': 'P3'}",3
300,2000-01-01 06:33:22,,api.generate_image.succeeded,"{'global_caption': 'a scene featuring a cute little child rabbit walking on two feet in a fairy tale illustration, connected to a blue jacket, a Rabbit Village with a parade, a cute adult rabbit walking on two feet in a fairy tale illustration giving a balloon, and a red balloon', 'region_count': 4, 'has_image': True, 'detected_objects_count': 0, 'image_path': 'output/P3/2025-08-23_06-33-21/image.png', 'image_with_layout_path': 'output/P3/2025-08-23_06-33-21/image_with_layout.png', 'timestamp_dir': 'output/P3/2025-08-23_06-33-21', 'session_id': '6c77a175-b038-4777-8ac4-52eb443031ec', 'user_id': 'P3'}",3
301,2000-01-01 06:33:37,instance-c02c7781-54d0-4a6f-9e93-d917b97bc147,instance.edit.started,"{'instance_id': 'instance-c02c7781-54d0-4a6f-9e93-d917b97bc147', 'instance_label': 'Rabbit', 'edit_type': 'graph', 'session_id': '6c77a175-b038-4777-8ac4-52eb443031ec', 'user_id': 'P3'}",3
302,2000-01-01 06:33:41,instance-c02c7781-54d0-4a6f-9e93-d917b97bc147,object_node.edit.started,"{'object_id': 'object1', 'object_name': 'rabbit', 'edit_mode': 'adding', 'is_class_mode': False, 'parent_instance_id': 'instance-c02c7781-54d0-4a6f-9e93-d917b97bc147', 'session_id': '6c77a175-b038-4777-8ac4-52eb443031ec', 'user_id': 'P3'}",3
303,2000-01-01 06:33:51,instance-c02c7781-54d0-4a6f-9e93-d917b97bc147,object_node.edit.started,"{'object_id': 'c899b010-a18d-4c30-8a71-e2cdd641b865', 'object_name': 'new object', 'edit_mode': 'adding', 'is_class_mode': False, 'parent_instance_id': 'instance-c02c7781-54d0-4a6f-9e93-d917b97bc147', 'session_id': '6c77a175-b038-4777-8ac4-52eb443031ec', 'user_id': 'P3'}",3
304,2000-01-01 06:34:14,instance-c02c7781-54d0-4a6f-9e93-d917b97bc147,object_node.edit.started,"{'object_id': 'c899b010-a18d-4c30-8a71-e2cdd641b865', 'object_name': 'new object', 'edit_mode': 'name', 'is_class_mode': False, 'parent_instance_id': 'instance-c02c7781-54d0-4a6f-9e93-d917b97bc147', 'session_id': '6c77a175-b038-4777-8ac4-52eb443031ec', 'user_id': 'P3'}",3
305,2000-01-01 06:34:21,instance-c02c7781-54d0-4a6f-9e93-d917b97bc147,object_node.connection_drag.started,"{'object_id': 'object1', 'object_name': 'rabbit', 'parent_instance_id': 'instance-c02c7781-54d0-4a6f-9e93-d917b97bc147', 'is_class_mode': False, 'session_id': '6c77a175-b038-4777-8ac4-52eb443031ec', 'user_id': 'P3'}",3
306,2000-01-01 06:34:39,instance-c02c7781-54d0-4a6f-9e93-d917b97bc147,object_node.edit.started,"{'object_id': 'e85cf53a-dba4-47fc-b6d9-426728b0df1a', 'object_name': 'new object', 'edit_mode': 'name', 'is_class_mode': False, 'parent_instance_id': 'instance-c02c7781-54d0-4a6f-9e93-d917b97bc147', 'session_id': '6c77a175-b038-4777-8ac4-52eb443031ec', 'user_id': 'P3'}",3
307,2000-01-01 06:34:42,instance-c02c7781-54d0-4a6f-9e93-d917b97bc147,object_node.connection_drag.started,"{'object_id': 'object1', 'object_name': 'rabbit', 'parent_instance_id': 'instance-c02c7781-54d0-4a6f-9e93-d917b97bc147', 'is_class_mode': False, 'session_id': '6c77a175-b038-4777-8ac4-52eb443031ec', 'user_id': 'P3'}",3
308,2000-01-01 06:34:46,instance-c02c7781-54d0-4a6f-9e93-d917b97bc147,object_node.edit.started,"{'object_id': 'e85cf53a-dba4-47fc-b6d9-426728b0df1a', 'object_name': 'new object', 'edit_mode': 'name', 'is_class_mode': False, 'parent_instance_id': 'instance-c02c7781-54d0-4a6f-9e93-d917b97bc147', 'session_id': '6c77a175-b038-4777-8ac4-52eb443031ec', 'user_id': 'P3'}",3
309,2000-01-01 06:34:57,instance-c02c7781-54d0-4a6f-9e93-d917b97bc147,instance.updated,"{'instance_id': 'instance-c02c7781-54d0-4a6f-9e93-d917b97bc147', 'instance_label': 'Rabbit', 'text_changed': False, 'graph_changed': True, 'session_id': '6c77a175-b038-4777-8ac4-52eb443031ec', 'user_id': 'P3'}",3
310,2000-01-01 06:35:32,,api.generate_image.succeeded,"{'global_caption': 'a scene featuring a cute little child rabbit walking on two feet in a fairy tale illustration, connected to a blue jacket, a Rabbit Village with a parade, an adult rabbit walking on two feet in a fairy tale illustration, wearing a fedora and giving a red balloon', 'region_count': 4, 'has_image': True, 'detected_objects_count': 4, 'image_path': 'output/P3/2025-08-23_06-35-32/image.png', 'image_with_layout_path': 'output/P3/2025-08-23_06-35-32/image_with_layout.png', 'timestamp_dir': 'output/P3/2025-08-23_06-35-32', 'session_id': '6c77a175-b038-4777-8ac4-52eb443031ec', 'user_id': 'P3'}",3
311,2000-01-01 06:35:44,,scene_saved,"{'slotNumber': 2, 'instanceCount': 4, 'nodeCount': 8, 'edgeCount': 1, 'session_id': '6c77a175-b038-4777-8ac4-52eb443031ec', 'user_id': 'P3'}",3
312,2000-01-01 06:36:00,instance-c02c7781-54d0-4a6f-9e93-d917b97bc147,instance.edit.started,"{'instance_id': 'instance-c02c7781-54d0-4a6f-9e93-d917b97bc147', 'instance_label': 'Rabbit', 'edit_type': 'text', 'session_id': '6c77a175-b038-4777-8ac4-52eb443031ec', 'user_id': 'P3'}",3
313,2000-01-01 06:36:34,instance-c02c7781-54d0-4a6f-9e93-d917b97bc147,instance.updated,"{'instance_id': 'instance-c02c7781-54d0-4a6f-9e93-d917b97bc147', 'instance_label': 'rabbit', 'text_changed': True, 'graph_changed': False, 'session_id': '6c77a175-b038-4777-8ac4-52eb443031ec', 'user_id': 'P3'}",3
314,2000-01-01 06:37:03,,api.generate_image.succeeded,"{'global_caption': 'a scene featuring a cute little child rabbit walking on two feet, connected to a blue jacket in a fairy tale illustration, a Rabbit Village with a parade, and an adult rabbit walking on two feet, wearing a fedora and a black suit in a fairy tale illustration, giving a red balloon.', 'region_count': 4, 'has_image': True, 'detected_objects_count': 2, 'image_path': 'output/P3/2025-08-23_06-37-02/image.png', 'image_with_layout_path': 'output/P3/2025-08-23_06-37-02/image_with_layout.png', 'timestamp_dir': 'output/P3/2025-08-23_06-37-02', 'session_id': '6c77a175-b038-4777-8ac4-52eb443031ec', 'user_id': 'P3'}",3
315,2000-01-01 06:37:58,,api.generate_image.succeeded,"{'global_caption': 'a scene featuring a cute little child rabbit walking on two feet, connected to a blue jacket in a fairy tale illustration, a Rabbit Village with a parade, and an adult rabbit walking on two feet, wearing a fedora and a black suit in a fairy tale illustration, giving a red balloon.', 'region_count': 4, 'has_image': True, 'detected_objects_count': 4, 'image_path': 'output/P3/2025-08-23_06-37-58/image.png', 'image_with_layout_path': 'output/P3/2025-08-23_06-37-58/image_with_layout.png', 'timestamp_dir': 'output/P3/2025-08-23_06-37-58', 'session_id': '6c77a175-b038-4777-8ac4-52eb443031ec', 'user_id': 'P3'}",3
316,2000-01-01 06:38:04,,scene_saved,"{'slotNumber': 2, 'instanceCount': 4, 'nodeCount': 8, 'edgeCount': 1, 'session_id': '6c77a175-b038-4777-8ac4-52eb443031ec', 'user_id': 'P3'}",3
317,2000-01-01 06:38:05,,scene_saved,"{'slotNumber': 2, 'instanceCount': 4, 'nodeCount': 8, 'edgeCount': 1, 'session_id': '6c77a175-b038-4777-8ac4-52eb443031ec', 'user_id': 'P3'}",3
318,2000-01-01 06:38:45,instance-c02c7781-54d0-4a6f-9e93-d917b97bc147,instance.deleted,"{'instance_id': 'instance-c02c7781-54d0-4a6f-9e93-d917b97bc147', 'instance_label': 'rabbit', 'is_from_class': True, 'class_id': 'class-412add9c-ec9b-4f19-8022-0757952f86ba', 'session_id': '6c77a175-b038-4777-8ac4-52eb443031ec', 'user_id': 'P3'}",3
319,2000-01-01 06:38:58,instance-258e1650-a691-4328-9fb0-3bcf7775d2b6,instance.edit.started,"{'instance_id': 'instance-258e1650-a691-4328-9fb0-3bcf7775d2b6', 'instance_label': 'rabbit', 'edit_type': 'graph', 'session_id': '6c77a175-b038-4777-8ac4-52eb443031ec', 'user_id': 'P3'}",3
320,2000-01-01 06:39:01,instance-258e1650-a691-4328-9fb0-3bcf7775d2b6,object_node.connection_drag.started,"{'object_id': 'object1', 'object_name': 'rabbit', 'parent_instance_id': 'instance-258e1650-a691-4328-9fb0-3bcf7775d2b6', 'is_class_mode': False, 'session_id': '6c77a175-b038-4777-8ac4-52eb443031ec', 'user_id': 'P3'}",3
321,2000-01-01 06:39:06,instance-258e1650-a691-4328-9fb0-3bcf7775d2b6,object_node.edit.started,"{'object_id': '761deff8-da08-4750-973d-4e9544802561', 'object_name': 'new object', 'edit_mode': 'adding', 'is_class_mode': False, 'parent_instance_id': 'instance-258e1650-a691-4328-9fb0-3bcf7775d2b6', 'session_id': '6c77a175-b038-4777-8ac4-52eb443031ec', 'user_id': 'P3'}",3
322,2000-01-01 06:39:08,instance-258e1650-a691-4328-9fb0-3bcf7775d2b6,object_node.edit.started,"{'object_id': '761deff8-da08-4750-973d-4e9544802561', 'object_name': 'new object', 'edit_mode': 'name', 'is_class_mode': False, 'parent_instance_id': 'instance-258e1650-a691-4328-9fb0-3bcf7775d2b6', 'session_id': '6c77a175-b038-4777-8ac4-52eb443031ec', 'user_id': 'P3'}",3
323,2000-01-01 06:39:18,instance-258e1650-a691-4328-9fb0-3bcf7775d2b6,object_node.connection_drag.started,"{'object_id': 'object1', 'object_name': 'rabbit', 'parent_instance_id': 'instance-258e1650-a691-4328-9fb0-3bcf7775d2b6', 'is_class_mode': False, 'session_id': '6c77a175-b038-4777-8ac4-52eb443031ec', 'user_id': 'P3'}",3
324,2000-01-01 06:39:21,instance-258e1650-a691-4328-9fb0-3bcf7775d2b6,object_node.edit.started,"{'object_id': 'object1', 'object_name': 'rabbit', 'edit_mode': 'adding', 'is_class_mode': False, 'parent_instance_id': 'instance-258e1650-a691-4328-9fb0-3bcf7775d2b6', 'session_id': '6c77a175-b038-4777-8ac4-52eb443031ec', 'user_id': 'P3'}",3
325,2000-01-01 06:39:51,instance-258e1650-a691-4328-9fb0-3bcf7775d2b6,instance.updated,"{'instance_id': 'instance-258e1650-a691-4328-9fb0-3bcf7775d2b6', 'instance_label': 'rabbit', 'text_changed': False, 'graph_changed': True, 'session_id': '6c77a175-b038-4777-8ac4-52eb443031ec', 'user_id': 'P3'}",3
326,2000-01-01 06:39:53,instance-a2ba25a1-015c-43f3-9223-a565c3cb83d2,instance.edit.started,"{'instance_id': 'instance-a2ba25a1-015c-43f3-9223-a565c3cb83d2', 'instance_label': 'balloon', 'edit_type': 'text', 'session_id': '6c77a175-b038-4777-8ac4-52eb443031ec', 'user_id': 'P3'}",3
327,2000-01-01 06:39:59,instance-a2ba25a1-015c-43f3-9223-a565c3cb83d2,instance.updated,"{'instance_id': 'instance-a2ba25a1-015c-43f3-9223-a565c3cb83d2', 'instance_label': 'balloon', 'text_changed': True, 'graph_changed': False, 'session_id': '6c77a175-b038-4777-8ac4-52eb443031ec', 'user_id': 'P3'}",3
328,2000-01-01 06:40:06,instance-bc576742-63dd-47ed-a242-06a9b1b04f4c,instance.deleted,"{'instance_id': 'instance-bc576742-63dd-47ed-a242-06a9b1b04f4c', 'instance_label': 'village', 'is_from_class': False, 'class_id': None, 'session_id': '6c77a175-b038-4777-8ac4-52eb443031ec', 'user_id': 'P3'}",3
329,2000-01-01 06:40:52,,instance.created_from_text,"{'position': {'x': 24, 'y': 10}, 'screen_position': {'x': 87, 'y': 53}, 'board_type': 'advanced', 'session_id': '6c77a175-b038-4777-8ac4-52eb443031ec', 'user_id': 'P3'}",3
330,2000-01-01 06:41:35,,instance.created_from_text,"{'position': {'x': 11, 'y': 8}, 'screen_position': {'x': 74, 'y': 51}, 'board_type': 'advanced', 'session_id': '6c77a175-b038-4777-8ac4-52eb443031ec', 'user_id': 'P3'}",3
331,2000-01-01 06:42:09,instance-a2ba25a1-015c-43f3-9223-a565c3cb83d2,instance.edit.started,"{'instance_id': 'instance-a2ba25a1-015c-43f3-9223-a565c3cb83d2', 'instance_label': 'balloon', 'edit_type': 'text', 'session_id': '6c77a175-b038-4777-8ac4-52eb443031ec', 'user_id': 'P3'}",3
332,2000-01-01 06:42:18,instance-a2ba25a1-015c-43f3-9223-a565c3cb83d2,instance.updated,"{'instance_id': 'instance-a2ba25a1-015c-43f3-9223-a565c3cb83d2', 'instance_label': 'balloon', 'text_changed': True, 'graph_changed': False, 'session_id': '6c77a175-b038-4777-8ac4-52eb443031ec', 'user_id': 'P3'}",3
333,2000-01-01 06:42:48,,api.generate_image.succeeded,"{'global_caption': 'a scene featuring a cute little child rabbit crying while walking on two feet in a fairy tale illustration, connected to a blue jacket and looking up at a red balloon disappearing into the sky, with the composition of looking down at balloons and rabbits from the sky.', 'region_count': 3, 'has_image': True, 'detected_objects_count': 8, 'image_path': 'output/P3/2025-08-23_06-42-48/image.png', 'image_with_layout_path': 'output/P3/2025-08-23_06-42-48/image_with_layout.png', 'timestamp_dir': 'output/P3/2025-08-23_06-42-48', 'session_id': '6c77a175-b038-4777-8ac4-52eb443031ec', 'user_id': 'P3'}",3
334,2000-01-01 06:43:40,instance-609046ce-c5d2-4ea6-96e6-33e893861034,instance.edit.started,"{'instance_id': 'instance-609046ce-c5d2-4ea6-96e6-33e893861034', 'instance_label': 'composition', 'edit_type': 'text', 'session_id': '6c77a175-b038-4777-8ac4-52eb443031ec', 'user_id': 'P3'}",3
335,2000-01-01 06:43:57,instance-609046ce-c5d2-4ea6-96e6-33e893861034,instance.updated,"{'instance_id': 'instance-609046ce-c5d2-4ea6-96e6-33e893861034', 'instance_label': 'composition', 'text_changed': True, 'graph_changed': False, 'session_id': '6c77a175-b038-4777-8ac4-52eb443031ec', 'user_id': 'P3'}",3
336,2000-01-01 06:44:02,instance-609046ce-c5d2-4ea6-96e6-33e893861034,instance.deleted,"{'instance_id': 'instance-609046ce-c5d2-4ea6-96e6-33e893861034', 'instance_label': 'composition', 'is_from_class': False, 'class_id': None, 'session_id': '6c77a175-b038-4777-8ac4-52eb443031ec', 'user_id': 'P3'}",3
337,2000-01-01 06:44:33,instance-258e1650-a691-4328-9fb0-3bcf7775d2b6,instance.edit.started,"{'instance_id': 'instance-258e1650-a691-4328-9fb0-3bcf7775d2b6', 'instance_label': 'rabbit', 'edit_type': 'graph', 'session_id': '6c77a175-b038-4777-8ac4-52eb443031ec', 'user_id': 'P3'}",3
338,2000-01-01 06:44:37,instance-258e1650-a691-4328-9fb0-3bcf7775d2b6,object_node.edit.started,"{'object_id': 'object1', 'object_name': 'rabbit', 'edit_mode': 'adding', 'is_class_mode': False, 'parent_instance_id': 'instance-258e1650-a691-4328-9fb0-3bcf7775d2b6', 'session_id': '6c77a175-b038-4777-8ac4-52eb443031ec', 'user_id': 'P3'}",3
339,2000-01-01 06:45:00,instance-258e1650-a691-4328-9fb0-3bcf7775d2b6,instance.updated,"{'instance_id': 'instance-258e1650-a691-4328-9fb0-3bcf7775d2b6', 'instance_label': 'rabbit', 'text_changed': False, 'graph_changed': True, 'session_id': '6c77a175-b038-4777-8ac4-52eb443031ec', 'user_id': 'P3'}",3
340,2000-01-01 06:45:01,instance-258e1650-a691-4328-9fb0-3bcf7775d2b6,instance.edit.started,"{'instance_id': 'instance-258e1650-a691-4328-9fb0-3bcf7775d2b6', 'instance_label': 'rabbit', 'edit_type': 'text', 'session_id': '6c77a175-b038-4777-8ac4-52eb443031ec', 'user_id': 'P3'}",3
341,2000-01-01 06:45:10,instance-258e1650-a691-4328-9fb0-3bcf7775d2b6,instance.updated,"{'instance_id': 'instance-258e1650-a691-4328-9fb0-3bcf7775d2b6', 'instance_label': 'rabbit', 'text_changed': True, 'graph_changed': False, 'session_id': '6c77a175-b038-4777-8ac4-52eb443031ec', 'user_id': 'P3'}",3
342,2000-01-01 06:45:32,,api.generate_image.succeeded,"{'global_caption': 'a scene featuring a rabbit crying while walking on two feet in a fairy tale illustration, connected to a blue jacket and looking up at a red balloon disappearing into the sky, with the composition of looking down at balloons and rabbits from the sky.', 'region_count': 2, 'has_image': True, 'detected_objects_count': 4, 'image_path': 'output/P3/2025-08-23_06-45-32/image.png', 'image_with_layout_path': 'output/P3/2025-08-23_06-45-32/image_with_layout.png', 'timestamp_dir': 'output/P3/2025-08-23_06-45-32', 'session_id': '6c77a175-b038-4777-8ac4-52eb443031ec', 'user_id': 'P3'}",3
343,2000-01-01 06:45:39,instance-258e1650-a691-4328-9fb0-3bcf7775d2b6,instance.edit.started,"{'instance_id': 'instance-258e1650-a691-4328-9fb0-3bcf7775d2b6', 'instance_label': 'rabbit', 'edit_type': 'text', 'session_id': '6c77a175-b038-4777-8ac4-52eb443031ec', 'user_id': 'P3'}",3
344,2000-01-01 06:45:50,instance-258e1650-a691-4328-9fb0-3bcf7775d2b6,instance.updated,"{'instance_id': 'instance-258e1650-a691-4328-9fb0-3bcf7775d2b6', 'instance_label': 'rabbit', 'text_changed': True, 'graph_changed': False, 'session_id': '6c77a175-b038-4777-8ac4-52eb443031ec', 'user_id': 'P3'}",3
345,2000-01-01 06:45:57,,instance.created_from_text,"{'position': {'x': 24, 'y': 374}, 'screen_position': {'x': 87, 'y': 417}, 'board_type': 'advanced', 'session_id': '6c77a175-b038-4777-8ac4-52eb443031ec', 'user_id': 'P3'}",3
346,2000-01-01 06:47:26,,api.generate_image.succeeded,"{'global_caption': 'a scene featuring a rabbit crying while walking on two feet in a fairy tale illustration, connected to a blue jacket and looking up at a red balloon disappearing into the sky, with the ground below.', 'region_count': 3, 'has_image': True, 'detected_objects_count': 0, 'image_path': 'output/P3/2025-08-23_06-47-25/image.png', 'image_with_layout_path': 'output/P3/2025-08-23_06-47-25/image_with_layout.png', 'timestamp_dir': 'output/P3/2025-08-23_06-47-25', 'session_id': '6c77a175-b038-4777-8ac4-52eb443031ec', 'user_id': 'P3'}",3
347,2000-01-01 06:48:09,instance-a2ba25a1-015c-43f3-9223-a565c3cb83d2,instance.edit.started,"{'instance_id': 'instance-a2ba25a1-015c-43f3-9223-a565c3cb83d2', 'instance_label': 'balloon', 'edit_type': 'text', 'session_id': '6c77a175-b038-4777-8ac4-52eb443031ec', 'user_id': 'P3'}",3
348,2000-01-01 06:48:18,instance-a2ba25a1-015c-43f3-9223-a565c3cb83d2,instance.updated,"{'instance_id': 'instance-a2ba25a1-015c-43f3-9223-a565c3cb83d2', 'instance_label': 'balloon', 'text_changed': True, 'graph_changed': False, 'session_id': '6c77a175-b038-4777-8ac4-52eb443031ec', 'user_id': 'P3'}",3
349,2000-01-01 06:48:44,,api.generate_image.succeeded,"{'global_caption': 'a scene featuring a rabbit crying while walking on two feet in a fairy tale illustration, connected to a blue jacket and looking up at a red balloon disappearing into the sky, with the ground below.', 'region_count': 3, 'has_image': True, 'detected_objects_count': 1, 'image_path': 'output/P3/2025-08-23_06-48-43/image.png', 'image_with_layout_path': 'output/P3/2025-08-23_06-48-43/image_with_layout.png', 'timestamp_dir': 'output/P3/2025-08-23_06-48-43', 'session_id': '6c77a175-b038-4777-8ac4-52eb443031ec', 'user_id': 'P3'}",3
350,2000-01-01 06:49:01,,scene_saved,"{'slotNumber': 3, 'instanceCount': 3, 'nodeCount': 6, 'edgeCount': 1, 'session_id': '6c77a175-b038-4777-8ac4-52eb443031ec', 'user_id': 'P3'}",3
351,2000-01-01 06:49:25,instance-a2ba25a1-015c-43f3-9223-a565c3cb83d2,instance.deleted,"{'instance_id': 'instance-a2ba25a1-015c-43f3-9223-a565c3cb83d2', 'instance_label': 'balloon', 'is_from_class': False, 'class_id': None, 'session_id': '6c77a175-b038-4777-8ac4-52eb443031ec', 'user_id': 'P3'}",3
352,2000-01-01 06:49:53,instance-258e1650-a691-4328-9fb0-3bcf7775d2b6,instance.edit.started,"{'instance_id': 'instance-258e1650-a691-4328-9fb0-3bcf7775d2b6', 'instance_label': 'rabbit', 'edit_type': 'graph', 'session_id': '6c77a175-b038-4777-8ac4-52eb443031ec', 'user_id': 'P3'}",3
353,2000-01-01 06:49:54,instance-258e1650-a691-4328-9fb0-3bcf7775d2b6,object_node.edit.started,"{'object_id': 'object1', 'object_name': 'rabbit', 'edit_mode': 'adding', 'is_class_mode': False, 'parent_instance_id': 'instance-258e1650-a691-4328-9fb0-3bcf7775d2b6', 'session_id': '6c77a175-b038-4777-8ac4-52eb443031ec', 'user_id': 'P3'}",3
354,2000-01-01 06:49:59,instance-258e1650-a691-4328-9fb0-3bcf7775d2b6,instance.updated,"{'instance_id': 'instance-258e1650-a691-4328-9fb0-3bcf7775d2b6', 'instance_label': 'rabbit', 'text_changed': False, 'graph_changed': True, 'session_id': '6c77a175-b038-4777-8ac4-52eb443031ec', 'user_id': 'P3'}",3
355,2000-01-01 06:50:04,class-412add9c-ec9b-4f19-8022-0757952f86ba,class_detail_opened,"{'class_id': 'class-412add9c-ec9b-4f19-8022-0757952f86ba', 'class_name': 'rabbit Class', 'instance_count': 1, 'session_id': '6c77a175-b038-4777-8ac4-52eb443031ec', 'user_id': 'P3'}",3
356,2000-01-01 06:50:08,class-412add9c-ec9b-4f19-8022-0757952f86ba,class_detail_opened,"{'class_id': 'class-412add9c-ec9b-4f19-8022-0757952f86ba', 'class_name': 'rabbit Class', 'instance_count': 1, 'session_id': '6c77a175-b038-4777-8ac4-52eb443031ec', 'user_id': 'P3'}",3
357,2000-01-01 06:50:53,class-412add9c-ec9b-4f19-8022-0757952f86ba,class_deleted,"{'class_id': 'class-412add9c-ec9b-4f19-8022-0757952f86ba', 'class_name': 'rabbit Class', 'instance_count': 1, 'session_id': '6c77a175-b038-4777-8ac4-52eb443031ec', 'user_id': 'P3'}",3
358,2000-01-01 06:50:53,class-412add9c-ec9b-4f19-8022-0757952f86ba,class.deleted,"{'class_id': 'class-412add9c-ec9b-4f19-8022-0757952f86ba', 'class_name': 'rabbit Class', 'affected_instances_count': 1, 'placeholder_count': 4, 'session_id': '6c77a175-b038-4777-8ac4-52eb443031ec', 'user_id': 'P3'}",3
359,2000-01-01 06:50:55,instance-258e1650-a691-4328-9fb0-3bcf7775d2b6,class.create.started,"{'instance_id': 'instance-258e1650-a691-4328-9fb0-3bcf7775d2b6', 'instance_label': 'rabbit', 'has_scene_graph': True, 'object_count': 4, 'session_id': '6c77a175-b038-4777-8ac4-52eb443031ec', 'user_id': 'P3'}",3
360,2000-01-01 06:50:57,class-48ecf44d-906c-4baf-9e2d-e77a381c9537,class.created,"{'class_id': 'class-48ecf44d-906c-4baf-9e2d-e77a381c9537', 'class_name': 'rabbit Class', 'placeholder_count': 4, 'created_from': 'rabbit', 'session_id': '6c77a175-b038-4777-8ac4-52eb443031ec', 'user_id': 'P3'}",3
361,2000-01-01 06:50:58,class-48ecf44d-906c-4baf-9e2d-e77a381c9537,class_detail_opened,"{'class_id': 'class-48ecf44d-906c-4baf-9e2d-e77a381c9537', 'class_name': 'rabbit Class', 'instance_count': 1, 'session_id': '6c77a175-b038-4777-8ac4-52eb443031ec', 'user_id': 'P3'}",3
362,2000-01-01 06:51:04,class-48ecf44d-906c-4baf-9e2d-e77a381c9537,class.edit.started,"{'class_id': 'class-48ecf44d-906c-4baf-9e2d-e77a381c9537', 'class_name': 'rabbit Class', 'placeholder_count': 4, 'object_count': 4, 'session_id': '6c77a175-b038-4777-8ac4-52eb443031ec', 'user_id': 'P3'}",3
363,2000-01-01 06:51:40,instance-258e1650-a691-4328-9fb0-3bcf7775d2b6,instance.edit.started,"{'instance_id': 'instance-258e1650-a691-4328-9fb0-3bcf7775d2b6', 'instance_label': 'rabbit', 'edit_type': 'graph', 'session_id': '6c77a175-b038-4777-8ac4-52eb443031ec', 'user_id': 'P3'}",3
364,2000-01-01 06:51:48,instance-258e1650-a691-4328-9fb0-3bcf7775d2b6,instance.updated,"{'instance_id': 'instance-258e1650-a691-4328-9fb0-3bcf7775d2b6', 'instance_label': 'rabbit', 'text_changed': False, 'graph_changed': True, 'session_id': '6c77a175-b038-4777-8ac4-52eb443031ec', 'user_id': 'P3'}",3
365,2000-01-01 06:51:50,class-48ecf44d-906c-4baf-9e2d-e77a381c9537,class_detail_opened,"{'class_id': 'class-48ecf44d-906c-4baf-9e2d-e77a381c9537', 'class_name': 'rabbit Class', 'instance_count': 1, 'session_id': '6c77a175-b038-4777-8ac4-52eb443031ec', 'user_id': 'P3'}",3
366,2000-01-01 06:51:52,class-48ecf44d-906c-4baf-9e2d-e77a381c9537,class_deleted,"{'class_id': 'class-48ecf44d-906c-4baf-9e2d-e77a381c9537', 'class_name': 'rabbit Class', 'instance_count': 1, 'session_id': '6c77a175-b038-4777-8ac4-52eb443031ec', 'user_id': 'P3'}",3
367,2000-01-01 06:51:52,class-48ecf44d-906c-4baf-9e2d-e77a381c9537,class.deleted,"{'class_id': 'class-48ecf44d-906c-4baf-9e2d-e77a381c9537', 'class_name': 'rabbit Class', 'affected_instances_count': 1, 'placeholder_count': 4, 'session_id': '6c77a175-b038-4777-8ac4-52eb443031ec', 'user_id': 'P3'}",3
368,2000-01-01 06:51:54,instance-258e1650-a691-4328-9fb0-3bcf7775d2b6,class.create.started,"{'instance_id': 'instance-258e1650-a691-4328-9fb0-3bcf7775d2b6', 'instance_label': 'rabbit', 'has_scene_graph': True, 'object_count': 4, 'session_id': '6c77a175-b038-4777-8ac4-52eb443031ec', 'user_id': 'P3'}",3
369,2000-01-01 06:51:56,class-cb23a6c3-4b8e-42a1-add2-695165f93bc0,class.created,"{'class_id': 'class-cb23a6c3-4b8e-42a1-add2-695165f93bc0', 'class_name': 'rabbit Class', 'placeholder_count': 4, 'created_from': 'rabbit', 'session_id': '6c77a175-b038-4777-8ac4-52eb443031ec', 'user_id': 'P3'}",3
370,2000-01-01 06:51:57,class-cb23a6c3-4b8e-42a1-add2-695165f93bc0,class_detail_opened,"{'class_id': 'class-cb23a6c3-4b8e-42a1-add2-695165f93bc0', 'class_name': 'rabbit Class', 'instance_count': 1, 'session_id': '6c77a175-b038-4777-8ac4-52eb443031ec', 'user_id': 'P3'}",3
371,2000-01-01 06:52:20,class-cb23a6c3-4b8e-42a1-add2-695165f93bc0,instance.create_from_class.started,"{'class_id': 'class-cb23a6c3-4b8e-42a1-add2-695165f93bc0', 'class_name': 'rabbit Class', 'value_count': 2, 'session_id': '6c77a175-b038-4777-8ac4-52eb443031ec', 'user_id': 'P3'}",3
372,2000-01-01 06:52:22,instance-8eb4b1c9-95b9-4b1a-b163-8e844f2fdc82,instance.created_from_class,"{'instance_id': 'instance-8eb4b1c9-95b9-4b1a-b163-8e844f2fdc82', 'class_id': 'class-cb23a6c3-4b8e-42a1-add2-695165f93bc0', 'instance_label': 'Rabbit', 'has_text_description': True, 'session_id': '6c77a175-b038-4777-8ac4-52eb443031ec', 'user_id': 'P3'}",3
373,2000-01-01 06:52:45,class-cb23a6c3-4b8e-42a1-add2-695165f93bc0,class_detail_opened,"{'class_id': 'class-cb23a6c3-4b8e-42a1-add2-695165f93bc0', 'class_name': 'rabbit Class', 'instance_count': 2, 'session_id': '6c77a175-b038-4777-8ac4-52eb443031ec', 'user_id': 'P3'}",3
374,2000-01-01 06:53:03,class-cb23a6c3-4b8e-42a1-add2-695165f93bc0,instance.create_from_class.started,"{'class_id': 'class-cb23a6c3-4b8e-42a1-add2-695165f93bc0', 'class_name': 'rabbit Class', 'value_count': 2, 'session_id': '6c77a175-b038-4777-8ac4-52eb443031ec', 'user_id': 'P3'}",3
375,2000-01-01 06:53:04,instance-06bb46eb-adba-4dc5-9dca-e5a7ec91c01a,instance.created_from_class,"{'instance_id': 'instance-06bb46eb-adba-4dc5-9dca-e5a7ec91c01a', 'class_id': 'class-cb23a6c3-4b8e-42a1-add2-695165f93bc0', 'instance_label': 'Rabbit', 'has_text_description': True, 'session_id': '6c77a175-b038-4777-8ac4-52eb443031ec', 'user_id': 'P3'}",3
376,2000-01-01 06:53:45,instance-2cdbe66b-fbc1-4642-8c96-8f987bc04ceb,instance.deleted,"{'instance_id': 'instance-2cdbe66b-fbc1-4642-8c96-8f987bc04ceb', 'instance_label': 'ground', 'is_from_class': False, 'class_id': None, 'session_id': '6c77a175-b038-4777-8ac4-52eb443031ec', 'user_id': 'P3'}",3
377,2000-01-01 06:54:04,,api.generate_image.succeeded,"{'global_caption': 'a scene featuring a rabbit crying and slumping while walking with two feet in a fairy tale illustration, wearing a blue jacket, ground, a crying rabbit wearing red pants walking with two feet in a fairy tale illustration, while one rabbit consoles another rabbit, and a crying rabbit, wearing a green dress, walking with two feet in a fairy tale illustration, while one rabbit consoles another rabbit', 'region_count': 4, 'has_image': True, 'detected_objects_count': 1, 'image_path': 'output/P3/2025-08-23_06-54-03/image.png', 'image_with_layout_path': 'output/P3/2025-08-23_06-54-03/image_with_layout.png', 'timestamp_dir': 'output/P3/2025-08-23_06-54-03', 'session_id': '6c77a175-b038-4777-8ac4-52eb443031ec', 'user_id': 'P3'}",3
378,2000-01-01 06:54:48,,api.generate_image.succeeded,"{'global_caption': 'a scene featuring a rabbit crying and slumping while walking on two feet in a fairy tale illustration, wearing a blue jacket, a crying rabbit wearing red pants walking on two feet in a fairy tale illustration, while one rabbit consoles another rabbit, and a crying rabbit wearing a green dress walking on two feet in a fairy tale illustration, while one rabbit consoles another rabbit', 'region_count': 3, 'has_image': True, 'detected_objects_count': 1, 'image_path': 'output/P3/2025-08-23_06-54-47/image.png', 'image_with_layout_path': 'output/P3/2025-08-23_06-54-47/image_with_layout.png', 'timestamp_dir': 'output/P3/2025-08-23_06-54-47', 'session_id': '6c77a175-b038-4777-8ac4-52eb443031ec', 'user_id': 'P3'}",3
379,2000-01-01 06:55:45,,api.generate_image.succeeded,"{'global_caption': 'a scene featuring a rabbit crying and slumping while walking on two feet in a fairy tale illustration, wearing a blue jacket, a crying rabbit wearing red pants walking on two feet in a fairy tale illustration, and a crying rabbit wearing a green dress walking on two feet in a fairy tale illustration, while one rabbit consoles another rabbit', 'region_count': 3, 'has_image': True, 'detected_objects_count': 0, 'image_path': 'output/P3/2025-08-23_06-55-44/image.png', 'image_with_layout_path': 'output/P3/2025-08-23_06-55-44/image_with_layout.png', 'timestamp_dir': 'output/P3/2025-08-23_06-55-44', 'session_id': '6c77a175-b038-4777-8ac4-52eb443031ec', 'user_id': 'P3'}",3
380,2000-01-01 06:55:54,,instance.created_from_text,"{'position': {'x': 17, 'y': 12}, 'screen_position': {'x': 80, 'y': 55}, 'board_type': 'advanced', 'session_id': '6c77a175-b038-4777-8ac4-52eb443031ec', 'user_id': 'P3'}",3
381,2000-01-01 06:56:38,,api.generate_image.succeeded,"{'global_caption': 'a scene featuring a rabbit crying and slumping while walking on two feet in a fairy tale illustration, wearing a blue jacket, a crying rabbit wearing red pants walking on two feet in a fairy tale illustration, a crying rabbit wearing a green dress walking on two feet in a fairy tale illustration, and a forest, while one rabbit consoles another rabbit', 'region_count': 4, 'has_image': True, 'detected_objects_count': 0, 'image_path': 'output/P3/2025-08-23_06-56-38/image.png', 'image_with_layout_path': 'output/P3/2025-08-23_06-56-38/image_with_layout.png', 'timestamp_dir': 'output/P3/2025-08-23_06-56-38', 'session_id': '6c77a175-b038-4777-8ac4-52eb443031ec', 'user_id': 'P3'}",3
382,2000-01-01 06:57:35,,api.generate_image.succeeded,"{'global_caption': 'a scene featuring a crying rabbit slumping and walking on two feet in a fairy tale illustration, wearing a blue jacket, a crying rabbit walking on two feet in a fairy tale illustration, wearing red pants, a crying rabbit walking on two feet in a fairy tale illustration, wearing a green dress, and a forest, while one rabbit consoles another rabbit', 'region_count': 4, 'has_image': True, 'detected_objects_count': 0, 'image_path': 'output/P3/2025-08-23_06-57-34/image.png', 'image_with_layout_path': 'output/P3/2025-08-23_06-57-34/image_with_layout.png', 'timestamp_dir': 'output/P3/2025-08-23_06-57-34', 'session_id': '6c77a175-b038-4777-8ac4-52eb443031ec', 'user_id': 'P3'}",3
383,2000-01-01 06:58:07,,scene_saved,"{'slotNumber': 4, 'instanceCount': 4, 'nodeCount': 8, 'edgeCount': 0, 'session_id': '6c77a175-b038-4777-8ac4-52eb443031ec', 'user_id': 'P3'}",3
384,2000-01-01 06:59:59,class-cb23a6c3-4b8e-42a1-add2-695165f93bc0,class_detail_opened,"{'class_id': 'class-cb23a6c3-4b8e-42a1-add2-695165f93bc0', 'class_name': 'rabbit Class', 'instance_count': 3, 'session_id': '6c77a175-b038-4777-8ac4-52eb443031ec', 'user_id': 'P3'}",3
385,2000-01-01 07:00:09,,instance.created_from_text,"{'position': {'x': 334, 'y': 87}, 'screen_position': {'x': 397, 'y': 110}, 'board_type': 'advanced', 'session_id': '6c77a175-b038-4777-8ac4-52eb443031ec', 'user_id': 'P3'}",3
386,2000-01-01 07:00:39,instance-795b2501-131b-47ab-9c96-d36a65e67ca2,instance.edit.started,"{'instance_id': 'instance-795b2501-131b-47ab-9c96-d36a65e67ca2', 'instance_label': 'balloon', 'edit_type': 'text', 'session_id': '6c77a175-b038-4777-8ac4-52eb443031ec', 'user_id': 'P3'}",3
387,2000-01-01 07:00:48,instance-795b2501-131b-47ab-9c96-d36a65e67ca2,instance.updated,"{'instance_id': 'instance-795b2501-131b-47ab-9c96-d36a65e67ca2', 'instance_label': 'balloon', 'text_changed': True, 'graph_changed': False, 'session_id': '6c77a175-b038-4777-8ac4-52eb443031ec', 'user_id': 'P3'}",3
388,2000-01-01 07:01:11,instance-8eb4b1c9-95b9-4b1a-b163-8e844f2fdc82,instance.deleted,"{'instance_id': 'instance-8eb4b1c9-95b9-4b1a-b163-8e844f2fdc82', 'instance_label': 'Rabbit', 'is_from_class': True, 'class_id': 'class-cb23a6c3-4b8e-42a1-add2-695165f93bc0', 'session_id': '6c77a175-b038-4777-8ac4-52eb443031ec', 'user_id': 'P3'}",3
389,2000-01-01 07:02:18,,api.generate_image.succeeded,"{'global_caption': 'a scene featuring a rabbit crying and slumping while walking on two feet in a fairy tale illustration, wearing a blue jacket, a crying rabbit wearing a green dress walking on two feet in a fairy tale illustration pointing at a balloon, a forest, and a red balloon hanging from a tree.', 'region_count': 4, 'has_image': True, 'detected_objects_count': 0, 'image_path': 'output/P3/2025-08-23_07-02-17/image.png', 'image_with_layout_path': 'output/P3/2025-08-23_07-02-17/image_with_layout.png', 'timestamp_dir': 'output/P3/2025-08-23_07-02-17', 'session_id': '6c77a175-b038-4777-8ac4-52eb443031ec', 'user_id': 'P3'}",3
390,2000-01-01 07:03:49,,api.generate_image.succeeded,"{'global_caption': 'a scene featuring a crying rabbit slumping while walking on two feet in a fairy tale illustration, wearing a blue jacket, a crying rabbit wearing a green dress walking on two feet in a fairy tale illustration pointing at a distant balloon, a forest, and a red balloon hanging from a tree.', 'region_count': 4, 'has_image': True, 'detected_objects_count': 1, 'image_path': 'output/P3/2025-08-23_07-03-48/image.png', 'image_with_layout_path': 'output/P3/2025-08-23_07-03-48/image_with_layout.png', 'timestamp_dir': 'output/P3/2025-08-23_07-03-48', 'session_id': '6c77a175-b038-4777-8ac4-52eb443031ec', 'user_id': 'P3'}",3
391,2000-01-01 07:04:00,,scene_saved,"{'slotNumber': 5, 'instanceCount': 4, 'nodeCount': 8, 'edgeCount': 1, 'session_id': '6c77a175-b038-4777-8ac4-52eb443031ec', 'user_id': 'P3'}",3
392,2000-01-01 12:39:51,,instance.created_from_text,"{'position': {'x': 155.57500076293945, 'y': 154.19999885559082}, 'screen_position': {'x': 212, 'y': 177}, 'board_type': 'advanced', 'session_id': '60574dc3-f482-4ae5-a84f-c8056856e65a', 'user_id': 'P4'}",4
393,2000-01-01 12:40:57,,instance.created_from_text,"{'position': {'x': 10.575000762939453, 'y': 15.19999885559082}, 'screen_position': {'x': 67, 'y': 38}, 'board_type': 'advanced', 'session_id': '60574dc3-f482-4ae5-a84f-c8056856e65a', 'user_id': 'P4'}",4
394,2000-01-01 12:41:22,,instance.created_from_text,"{'position': {'x': 503.57500076293945, 'y': 506.1999988555908}, 'screen_position': {'x': 560, 'y': 529}, 'board_type': 'advanced', 'session_id': '60574dc3-f482-4ae5-a84f-c8056856e65a', 'user_id': 'P4'}",4
395,2000-01-01 12:41:30,,instance.created_from_text,"{'position': {'x': 67.57500076293945, 'y': 58.19999885559082}, 'screen_position': {'x': 124, 'y': 81}, 'board_type': 'advanced', 'session_id': '60574dc3-f482-4ae5-a84f-c8056856e65a', 'user_id': 'P4'}",4
396,2000-01-01 12:41:45,,instance.created_from_text,"{'position': {'x': 77.57500076293945, 'y': 259.1999988555908}, 'screen_position': {'x': 134, 'y': 282}, 'board_type': 'advanced', 'session_id': '60574dc3-f482-4ae5-a84f-c8056856e65a', 'user_id': 'P4'}",4
397,2000-01-01 12:42:26,instance-7d3e7ac0-4d90-4885-8dba-40e51d210058,instance.edit.started,"{'instance_id': 'instance-7d3e7ac0-4d90-4885-8dba-40e51d210058', 'instance_label': 'bunny', 'edit_type': 'text', 'session_id': '60574dc3-f482-4ae5-a84f-c8056856e65a', 'user_id': 'P4'}",4
398,2000-01-01 12:42:39,instance-e5cdad69-c28f-481f-b3d8-4a041664bf6d,instance.edit.started,"{'instance_id': 'instance-e5cdad69-c28f-481f-b3d8-4a041664bf6d', 'instance_label': 'bunny', 'edit_type': 'text', 'session_id': '60574dc3-f482-4ae5-a84f-c8056856e65a', 'user_id': 'P4'}",4
399,2000-01-01 12:42:48,instance-e5cdad69-c28f-481f-b3d8-4a041664bf6d,instance.save,"{'instance_id': 'instance-e5cdad69-c28f-481f-b3d8-4a041664bf6d', 'session_id': '60574dc3-f482-4ae5-a84f-c8056856e65a', 'user_id': 'P4'}",4
400,2000-01-01 12:42:51,instance-e5cdad69-c28f-481f-b3d8-4a041664bf6d,instance.updated,"{'instance_id': 'instance-e5cdad69-c28f-481f-b3d8-4a041664bf6d', 'instance_label': 'bunny', 'text_changed': True, 'graph_changed': False, 'session_id': '60574dc3-f482-4ae5-a84f-c8056856e65a', 'user_id': 'P4'}",4
401,2000-01-01 12:43:40,instance-7d3e7ac0-4d90-4885-8dba-40e51d210058,instance.save,"{'instance_id': 'instance-7d3e7ac0-4d90-4885-8dba-40e51d210058', 'session_id': '60574dc3-f482-4ae5-a84f-c8056856e65a', 'user_id': 'P4'}",4
402,2000-01-01 12:43:44,instance-7d3e7ac0-4d90-4885-8dba-40e51d210058,instance.updated,"{'instance_id': 'instance-7d3e7ac0-4d90-4885-8dba-40e51d210058', 'instance_label': 'bunny', 'text_changed': True, 'graph_changed': False, 'session_id': '60574dc3-f482-4ae5-a84f-c8056856e65a', 'user_id': 'P4'}",4
403,2000-01-01 12:43:58,instance-7d3e7ac0-4d90-4885-8dba-40e51d210058,instance.edit.started,"{'instance_id': 'instance-7d3e7ac0-4d90-4885-8dba-40e51d210058', 'instance_label': 'bunny', 'edit_type': 'text', 'session_id': '60574dc3-f482-4ae5-a84f-c8056856e65a', 'user_id': 'P4'}",4
404,2000-01-01 12:43:59,instance-7d3e7ac0-4d90-4885-8dba-40e51d210058,instance.save,"{'instance_id': 'instance-7d3e7ac0-4d90-4885-8dba-40e51d210058', 'session_id': '60574dc3-f482-4ae5-a84f-c8056856e65a', 'user_id': 'P4'}",4
405,2000-01-01 12:44:00,instance-7d3e7ac0-4d90-4885-8dba-40e51d210058,instance.edit.started,"{'instance_id': 'instance-7d3e7ac0-4d90-4885-8dba-40e51d210058', 'instance_label': 'bunny', 'edit_type': 'graph', 'session_id': '60574dc3-f482-4ae5-a84f-c8056856e65a', 'user_id': 'P4'}",4
406,2000-01-01 12:44:03,instance-7d3e7ac0-4d90-4885-8dba-40e51d210058,object_node.edit.started,"{'object_id': 'object2', 'object_name': 'jacket', 'edit_mode': 'attribute-0', 'is_class_mode': False, 'parent_instance_id': 'instance-7d3e7ac0-4d90-4885-8dba-40e51d210058', 'session_id': '60574dc3-f482-4ae5-a84f-c8056856e65a', 'user_id': 'P4'}",4
407,2000-01-01 12:44:13,instance-7d3e7ac0-4d90-4885-8dba-40e51d210058,object_node.edit.started,"{'object_id': 'object2', 'object_name': 'jacket', 'edit_mode': 'attribute-0', 'is_class_mode': False, 'parent_instance_id': 'instance-7d3e7ac0-4d90-4885-8dba-40e51d210058', 'session_id': '60574dc3-f482-4ae5-a84f-c8056856e65a', 'user_id': 'P4'}",4
408,2000-01-01 12:44:17,instance-7d3e7ac0-4d90-4885-8dba-40e51d210058,instance.save,"{'instance_id': 'instance-7d3e7ac0-4d90-4885-8dba-40e51d210058', 'session_id': '60574dc3-f482-4ae5-a84f-c8056856e65a', 'user_id': 'P4'}",4
409,2000-01-01 12:44:18,instance-7d3e7ac0-4d90-4885-8dba-40e51d210058,instance.updated,"{'instance_id': 'instance-7d3e7ac0-4d90-4885-8dba-40e51d210058', 'instance_label': 'bunny', 'text_changed': False, 'graph_changed': True, 'session_id': '60574dc3-f482-4ae5-a84f-c8056856e65a', 'user_id': 'P4'}",4
410,2000-01-01 12:44:21,instance-7d3e7ac0-4d90-4885-8dba-40e51d210058,instance.edit.started,"{'instance_id': 'instance-7d3e7ac0-4d90-4885-8dba-40e51d210058', 'instance_label': 'bunny', 'edit_type': 'graph', 'session_id': '60574dc3-f482-4ae5-a84f-c8056856e65a', 'user_id': 'P4'}",4
411,2000-01-01 12:44:28,instance-7d3e7ac0-4d90-4885-8dba-40e51d210058,object_node.edit.started,"{'object_id': 'object2', 'object_name': 'jacket', 'edit_mode': 'attribute-0', 'is_class_mode': False, 'parent_instance_id': 'instance-7d3e7ac0-4d90-4885-8dba-40e51d210058', 'session_id': '60574dc3-f482-4ae5-a84f-c8056856e65a', 'user_id': 'P4'}",4
412,2000-01-01 12:44:43,instance-7d3e7ac0-4d90-4885-8dba-40e51d210058,object_node.edit.started,"{'object_id': 'object3', 'object_name': 'balloon', 'edit_mode': 'adding', 'is_class_mode': False, 'parent_instance_id': 'instance-7d3e7ac0-4d90-4885-8dba-40e51d210058', 'session_id': '60574dc3-f482-4ae5-a84f-c8056856e65a', 'user_id': 'P4'}",4
413,2000-01-01 12:45:00,instance-7d3e7ac0-4d90-4885-8dba-40e51d210058,object_node.edit.started,"{'object_id': 'object1', 'object_name': 'bunny', 'edit_mode': 'adding', 'is_class_mode': False, 'parent_instance_id': 'instance-7d3e7ac0-4d90-4885-8dba-40e51d210058', 'session_id': '60574dc3-f482-4ae5-a84f-c8056856e65a', 'user_id': 'P4'}",4
414,2000-01-01 12:45:15,instance-7d3e7ac0-4d90-4885-8dba-40e51d210058,object_node.edit.started,"{'object_id': 'object1', 'object_name': 'bunny', 'edit_mode': 'attribute-1', 'is_class_mode': False, 'parent_instance_id': 'instance-7d3e7ac0-4d90-4885-8dba-40e51d210058', 'session_id': '60574dc3-f482-4ae5-a84f-c8056856e65a', 'user_id': 'P4'}",4
415,2000-01-01 12:45:20,instance-7d3e7ac0-4d90-4885-8dba-40e51d210058,instance.save,"{'instance_id': 'instance-7d3e7ac0-4d90-4885-8dba-40e51d210058', 'session_id': '60574dc3-f482-4ae5-a84f-c8056856e65a', 'user_id': 'P4'}",4
416,2000-01-01 12:45:21,instance-7d3e7ac0-4d90-4885-8dba-40e51d210058,instance.updated,"{'instance_id': 'instance-7d3e7ac0-4d90-4885-8dba-40e51d210058', 'instance_label': 'bunny', 'text_changed': False, 'graph_changed': True, 'session_id': '60574dc3-f482-4ae5-a84f-c8056856e65a', 'user_id': 'P4'}",4
417,2000-01-01 12:45:50,,api.generate_image.succeeded,"{'global_caption': 'a scene featuring a bunny wearing a slightly torn blue jacket covered with some dirt, looking relieved and holding a red balloon in her hand, a green forest with many trees, a blue sky, and two bunnies standing up and smiling in the background', 'region_count': 4, 'has_image': True, 'detected_objects_count': 2, 'image_path': 'output/P4/2025-08-25_12-45-49/image.png', 'image_with_layout_path': 'output/P4/2025-08-25_12-45-49/image_with_layout.png', 'timestamp_dir': 'output/P4/2025-08-25_12-45-49', 'session_id': '60574dc3-f482-4ae5-a84f-c8056856e65a', 'user_id': 'P4'}",4
418,2000-01-01 12:46:01,,scene_saved,"{'slotNumber': 1, 'instanceCount': 4, 'nodeCount': 8, 'edgeCount': 0, 'session_id': '60574dc3-f482-4ae5-a84f-c8056856e65a', 'user_id': 'P4'}",4
419,2000-01-01 12:48:17,instance-e5cdad69-c28f-481f-b3d8-4a041664bf6d,instance.deleted,"{'instance_id': 'instance-e5cdad69-c28f-481f-b3d8-4a041664bf6d', 'instance_label': 'bunny', 'is_from_class': False, 'class_id': None, 'session_id': '60574dc3-f482-4ae5-a84f-c8056856e65a', 'user_id': 'P4'}",4
420,2000-01-01 12:48:29,,instance.created_from_text,"{'position': {'x': 423.88888931274414, 'y': 424.11111068725586}, 'screen_position': {'x': 482, 'y': 467}, 'board_type': 'advanced', 'session_id': '60574dc3-f482-4ae5-a84f-c8056856e65a', 'user_id': 'P4'}",4
421,2000-01-01 12:50:22,instance-7d3e7ac0-4d90-4885-8dba-40e51d210058,class.create.started,"{'instance_id': 'instance-7d3e7ac0-4d90-4885-8dba-40e51d210058', 'instance_label': 'bunny', 'has_scene_graph': True, 'object_count': 4, 'session_id': '60574dc3-f482-4ae5-a84f-c8056856e65a', 'user_id': 'P4'}",4
422,2000-01-01 12:50:25,class-27ee970f-e122-4e0d-872b-d9a0974a7f66,class.created,"{'class_id': 'class-27ee970f-e122-4e0d-872b-d9a0974a7f66', 'class_name': 'bunny Class', 'placeholder_count': 4, 'created_from': 'bunny', 'session_id': '60574dc3-f482-4ae5-a84f-c8056856e65a', 'user_id': 'P4'}",4
423,2000-01-01 12:50:29,class-27ee970f-e122-4e0d-872b-d9a0974a7f66,class_detail_opened,"{'class_id': 'class-27ee970f-e122-4e0d-872b-d9a0974a7f66', 'class_name': 'bunny Class', 'instance_count': 1, 'session_id': '60574dc3-f482-4ae5-a84f-c8056856e65a', 'user_id': 'P4'}",4
424,2000-01-01 12:50:31,class-27ee970f-e122-4e0d-872b-d9a0974a7f66,class.instance_creation.started,"{'class_id': 'class-27ee970f-e122-4e0d-872b-d9a0974a7f66', 'class_name': 'bunny Class', 'session_id': '60574dc3-f482-4ae5-a84f-c8056856e65a', 'user_id': 'P4'}",4
425,2000-01-01 12:50:46,class-27ee970f-e122-4e0d-872b-d9a0974a7f66,class.instance_creation.cancelled,"{'class_id': 'class-27ee970f-e122-4e0d-872b-d9a0974a7f66', 'class_name': 'bunny Class', 'session_id': '60574dc3-f482-4ae5-a84f-c8056856e65a', 'user_id': 'P4'}",4
426,2000-01-01 12:50:52,instance-7d3e7ac0-4d90-4885-8dba-40e51d210058,instance.edit.started,"{'instance_id': 'instance-7d3e7ac0-4d90-4885-8dba-40e51d210058', 'instance_label': 'bunny', 'edit_type': 'graph', 'session_id': '60574dc3-f482-4ae5-a84f-c8056856e65a', 'user_id': 'P4'}",4
427,2000-01-01 12:50:56,instance-7d3e7ac0-4d90-4885-8dba-40e51d210058,instance.save,"{'instance_id': 'instance-7d3e7ac0-4d90-4885-8dba-40e51d210058', 'session_id': '60574dc3-f482-4ae5-a84f-c8056856e65a', 'user_id': 'P4'}",4
428,2000-01-01 12:50:57,instance-7d3e7ac0-4d90-4885-8dba-40e51d210058,instance.updated,"{'instance_id': 'instance-7d3e7ac0-4d90-4885-8dba-40e51d210058', 'instance_label': 'bunny', 'text_changed': False, 'graph_changed': True, 'session_id': '60574dc3-f482-4ae5-a84f-c8056856e65a', 'user_id': 'P4'}",4
429,2000-01-01 12:50:59,class-27ee970f-e122-4e0d-872b-d9a0974a7f66,class_detail_opened,"{'class_id': 'class-27ee970f-e122-4e0d-872b-d9a0974a7f66', 'class_name': 'bunny Class', 'instance_count': 1, 'session_id': '60574dc3-f482-4ae5-a84f-c8056856e65a', 'user_id': 'P4'}",4
430,2000-01-01 12:51:09,class-27ee970f-e122-4e0d-872b-d9a0974a7f66,class_detail_opened,"{'class_id': 'class-27ee970f-e122-4e0d-872b-d9a0974a7f66', 'class_name': 'bunny Class', 'instance_count': 1, 'session_id': '60574dc3-f482-4ae5-a84f-c8056856e65a', 'user_id': 'P4'}",4
431,2000-01-01 12:51:11,class-27ee970f-e122-4e0d-872b-d9a0974a7f66,class_deleted,"{'class_id': 'class-27ee970f-e122-4e0d-872b-d9a0974a7f66', 'class_name': 'bunny Class', 'instance_count': 1, 'session_id': '60574dc3-f482-4ae5-a84f-c8056856e65a', 'user_id': 'P4'}",4
432,2000-01-01 12:51:11,class-27ee970f-e122-4e0d-872b-d9a0974a7f66,class.deleted,"{'class_id': 'class-27ee970f-e122-4e0d-872b-d9a0974a7f66', 'class_name': 'bunny Class', 'affected_instances_count': 1, 'placeholder_count': 4, 'session_id': '60574dc3-f482-4ae5-a84f-c8056856e65a', 'user_id': 'P4'}",4
433,2000-01-01 12:51:13,instance-7d3e7ac0-4d90-4885-8dba-40e51d210058,class.create.started,"{'instance_id': 'instance-7d3e7ac0-4d90-4885-8dba-40e51d210058', 'instance_label': 'bunny', 'has_scene_graph': True, 'object_count': 4, 'session_id': '60574dc3-f482-4ae5-a84f-c8056856e65a', 'user_id': 'P4'}",4
434,2000-01-01 12:51:15,class-4e2d073b-3ca5-4e4f-b6da-403c7738d3c5,class.created,"{'class_id': 'class-4e2d073b-3ca5-4e4f-b6da-403c7738d3c5', 'class_name': 'bunny Class', 'placeholder_count': 4, 'created_from': 'bunny', 'session_id': '60574dc3-f482-4ae5-a84f-c8056856e65a', 'user_id': 'P4'}",4
435,2000-01-01 12:51:16,class-4e2d073b-3ca5-4e4f-b6da-403c7738d3c5,class_detail_opened,"{'class_id': 'class-4e2d073b-3ca5-4e4f-b6da-403c7738d3c5', 'class_name': 'bunny Class', 'instance_count': 1, 'session_id': '60574dc3-f482-4ae5-a84f-c8056856e65a', 'user_id': 'P4'}",4
436,2000-01-01 12:51:18,class-4e2d073b-3ca5-4e4f-b6da-403c7738d3c5,class.edit.started,"{'class_id': 'class-4e2d073b-3ca5-4e4f-b6da-403c7738d3c5', 'class_name': 'bunny Class', 'placeholder_count': 4, 'object_count': 4, 'session_id': '60574dc3-f482-4ae5-a84f-c8056856e65a', 'user_id': 'P4'}",4
437,2000-01-01 12:51:31,class-4e2d073b-3ca5-4e4f-b6da-403c7738d3c5,class_detail_opened,"{'class_id': 'class-4e2d073b-3ca5-4e4f-b6da-403c7738d3c5', 'class_name': 'bunny Class', 'instance_count': 1, 'session_id': '60574dc3-f482-4ae5-a84f-c8056856e65a', 'user_id': 'P4'}",4
438,2000-01-01 12:51:33,class-4e2d073b-3ca5-4e4f-b6da-403c7738d3c5,class_detail_opened,"{'class_id': 'class-4e2d073b-3ca5-4e4f-b6da-403c7738d3c5', 'class_name': 'bunny Class', 'instance_count': 1, 'session_id': '60574dc3-f482-4ae5-a84f-c8056856e65a', 'user_id': 'P4'}",4
439,2000-01-01 12:51:34,class-4e2d073b-3ca5-4e4f-b6da-403c7738d3c5,class.instance_creation.started,"{'class_id': 'class-4e2d073b-3ca5-4e4f-b6da-403c7738d3c5', 'class_name': 'bunny Class', 'session_id': '60574dc3-f482-4ae5-a84f-c8056856e65a', 'user_id': 'P4'}",4
440,2000-01-01 12:53:02,class-4e2d073b-3ca5-4e4f-b6da-403c7738d3c5,instance.create_from_class.started,"{'class_id': 'class-4e2d073b-3ca5-4e4f-b6da-403c7738d3c5', 'class_name': 'bunny Class', 'value_count': 2, 'session_id': '60574dc3-f482-4ae5-a84f-c8056856e65a', 'user_id': 'P4'}",4
441,2000-01-01 12:53:06,instance-9ee7bf39-f386-47ba-95f4-3028ec2c9f77,instance.created_from_class,"{'instance_id': 'instance-9ee7bf39-f386-47ba-95f4-3028ec2c9f77', 'class_id': 'class-4e2d073b-3ca5-4e4f-b6da-403c7738d3c5', 'instance_label': 'Bunny', 'has_text_description': True, 'session_id': '60574dc3-f482-4ae5-a84f-c8056856e65a', 'user_id': 'P4'}",4
442,2000-01-01 12:53:10,class-4e2d073b-3ca5-4e4f-b6da-403c7738d3c5,class.instance_creation.started,"{'class_id': 'class-4e2d073b-3ca5-4e4f-b6da-403c7738d3c5', 'class_name': 'bunny Class', 'session_id': '60574dc3-f482-4ae5-a84f-c8056856e65a', 'user_id': 'P4'}",4
443,2000-01-01 12:53:37,class-4e2d073b-3ca5-4e4f-b6da-403c7738d3c5,instance.create_from_class.started,"{'class_id': 'class-4e2d073b-3ca5-4e4f-b6da-403c7738d3c5', 'class_name': 'bunny Class', 'value_count': 2, 'session_id': '60574dc3-f482-4ae5-a84f-c8056856e65a', 'user_id': 'P4'}",4
444,2000-01-01 12:53:40,instance-d18190bc-2ec7-483c-a253-3b67ceefad02,instance.created_from_class,"{'instance_id': 'instance-d18190bc-2ec7-483c-a253-3b67ceefad02', 'class_id': 'class-4e2d073b-3ca5-4e4f-b6da-403c7738d3c5', 'instance_label': 'Bunny', 'has_text_description': True, 'session_id': '60574dc3-f482-4ae5-a84f-c8056856e65a', 'user_id': 'P4'}",4
445,2000-01-01 12:57:48,bfd344e8-9e71-4ca5-b8e8-014d55785fcd,instance_created_from_detection,"{'instanceId': 'bfd344e8-9e71-4ca5-b8e8-014d55785fcd', 'label': 'Red sphere', 'originalObjectLabel': 'sports ball', 'session_id': '60574dc3-f482-4ae5-a84f-c8056856e65a', 'user_id': 'P4'}",4
446,2000-01-01 12:58:06,bfd344e8-9e71-4ca5-b8e8-014d55785fcd,instance.deleted,"{'instance_id': 'bfd344e8-9e71-4ca5-b8e8-014d55785fcd', 'instance_label': 'Red sphere', 'is_from_class': False, 'class_id': None, 'session_id': '60574dc3-f482-4ae5-a84f-c8056856e65a', 'user_id': 'P4'}",4
447,2000-01-01 12:59:53,instance-9980c51d-0433-417d-ad9c-276aefef7c0a,instance.edit.started,"{'instance_id': 'instance-9980c51d-0433-417d-ad9c-276aefef7c0a', 'instance_label': 'tree', 'edit_type': 'graph', 'session_id': '60574dc3-f482-4ae5-a84f-c8056856e65a', 'user_id': 'P4'}",4
448,2000-01-01 12:59:57,instance-9980c51d-0433-417d-ad9c-276aefef7c0a,instance.save,"{'instance_id': 'instance-9980c51d-0433-417d-ad9c-276aefef7c0a', 'session_id': '60574dc3-f482-4ae5-a84f-c8056856e65a', 'user_id': 'P4'}",4
449,2000-01-01 12:59:57,instance-9980c51d-0433-417d-ad9c-276aefef7c0a,instance.updated,"{'instance_id': 'instance-9980c51d-0433-417d-ad9c-276aefef7c0a', 'instance_label': 'tree', 'text_changed': False, 'graph_changed': True, 'session_id': '60574dc3-f482-4ae5-a84f-c8056856e65a', 'user_id': 'P4'}",4
450,2000-01-01 13:00:25,,instance.created_from_text,"{'position': {'x': 351.1666679382324, 'y': 106.11111068725586}, 'screen_position': {'x': 410, 'y': 149}, 'board_type': 'advanced', 'session_id': '60574dc3-f482-4ae5-a84f-c8056856e65a', 'user_id': 'P4'}",4
451,2000-01-01 13:02:27,,api.generate_image.succeeded,"{'global_caption': 'a scene featuring a bunny wearing a blue jacket, slightly torn and covered with some dirt, looking up at a tree while holding a red balloon in her hand, a green forest with many trees, a blue sky, a tall tree with a highest branch, a very happy bunny wearing a slightly torn yellow dress that is covered in dirt looking up at the tree, a relieved bunny wearing a slightly torn green shirt covered in dirt hanging on the highest branch of the tree looking down at another bunny holding a balloon, and a red shiny balloon stuck on the highest branch of the tree.', 'region_count': 7, 'has_image': True, 'detected_objects_count': 1, 'image_path': 'output/P4/2025-08-25_13-02-26/image.png', 'image_with_layout_path': 'output/P4/2025-08-25_13-02-26/image_with_layout.png', 'timestamp_dir': 'output/P4/2025-08-25_13-02-26', 'session_id': '60574dc3-f482-4ae5-a84f-c8056856e65a', 'user_id': 'P4'}",4
452,2000-01-01 13:03:26,class-4e2d073b-3ca5-4e4f-b6da-403c7738d3c5,class_detail_opened,"{'class_id': 'class-4e2d073b-3ca5-4e4f-b6da-403c7738d3c5', 'class_name': 'bunny Class', 'instance_count': 3, 'session_id': '60574dc3-f482-4ae5-a84f-c8056856e65a', 'user_id': 'P4'}",4
453,2000-01-01 13:03:31,class-4e2d073b-3ca5-4e4f-b6da-403c7738d3c5,class.edit.started,"{'class_id': 'class-4e2d073b-3ca5-4e4f-b6da-403c7738d3c5', 'class_name': 'bunny Class', 'placeholder_count': 4, 'object_count': 4, 'session_id': '60574dc3-f482-4ae5-a84f-c8056856e65a', 'user_id': 'P4'}",4
454,2000-01-01 13:03:40,instance-7d3e7ac0-4d90-4885-8dba-40e51d210058,instance.edit.started,"{'instance_id': 'instance-7d3e7ac0-4d90-4885-8dba-40e51d210058', 'instance_label': 'bunny', 'edit_type': 'graph', 'session_id': '60574dc3-f482-4ae5-a84f-c8056856e65a', 'user_id': 'P4'}",4
455,2000-01-01 13:03:41,instance-7d3e7ac0-4d90-4885-8dba-40e51d210058,object_node.edit.started,"{'object_id': 'object1', 'object_name': 'bunny', 'edit_mode': 'attribute-1', 'is_class_mode': False, 'parent_instance_id': 'instance-7d3e7ac0-4d90-4885-8dba-40e51d210058', 'session_id': '60574dc3-f482-4ae5-a84f-c8056856e65a', 'user_id': 'P4'}",4
456,2000-01-01 13:03:45,instance-7d3e7ac0-4d90-4885-8dba-40e51d210058,instance.save,"{'instance_id': 'instance-7d3e7ac0-4d90-4885-8dba-40e51d210058', 'session_id': '60574dc3-f482-4ae5-a84f-c8056856e65a', 'user_id': 'P4'}",4
457,2000-01-01 13:03:50,instance-7d3e7ac0-4d90-4885-8dba-40e51d210058,instance.updated,"{'instance_id': 'instance-7d3e7ac0-4d90-4885-8dba-40e51d210058', 'instance_label': 'bunny', 'text_changed': False, 'graph_changed': True, 'session_id': '60574dc3-f482-4ae5-a84f-c8056856e65a', 'user_id': 'P4'}",4
458,2000-01-01 13:03:50,instance-d18190bc-2ec7-483c-a253-3b67ceefad02,instance.edit.started,"{'instance_id': 'instance-d18190bc-2ec7-483c-a253-3b67ceefad02', 'instance_label': 'Bunny', 'edit_type': 'graph', 'session_id': '60574dc3-f482-4ae5-a84f-c8056856e65a', 'user_id': 'P4'}",4
459,2000-01-01 13:03:52,instance-d18190bc-2ec7-483c-a253-3b67ceefad02,object_node.edit.started,"{'object_id': 'object1', 'object_name': 'bunny', 'edit_mode': 'attribute-1', 'is_class_mode': False, 'parent_instance_id': 'instance-d18190bc-2ec7-483c-a253-3b67ceefad02', 'session_id': '60574dc3-f482-4ae5-a84f-c8056856e65a', 'user_id': 'P4'}",4
460,2000-01-01 13:03:55,instance-d18190bc-2ec7-483c-a253-3b67ceefad02,instance.save,"{'instance_id': 'instance-d18190bc-2ec7-483c-a253-3b67ceefad02', 'session_id': '60574dc3-f482-4ae5-a84f-c8056856e65a', 'user_id': 'P4'}",4
461,2000-01-01 13:03:58,instance-d18190bc-2ec7-483c-a253-3b67ceefad02,instance.updated,"{'instance_id': 'instance-d18190bc-2ec7-483c-a253-3b67ceefad02', 'instance_label': 'Bunny', 'text_changed': False, 'graph_changed': True, 'session_id': '60574dc3-f482-4ae5-a84f-c8056856e65a', 'user_id': 'P4'}",4
462,2000-01-01 13:04:05,instance-9ee7bf39-f386-47ba-95f4-3028ec2c9f77,instance.edit.started,"{'instance_id': 'instance-9ee7bf39-f386-47ba-95f4-3028ec2c9f77', 'instance_label': 'Bunny', 'edit_type': 'graph', 'session_id': '60574dc3-f482-4ae5-a84f-c8056856e65a', 'user_id': 'P4'}",4
463,2000-01-01 13:04:06,instance-9ee7bf39-f386-47ba-95f4-3028ec2c9f77,object_node.edit.started,"{'object_id': 'object1', 'object_name': 'bunny', 'edit_mode': 'attribute-1', 'is_class_mode': False, 'parent_instance_id': 'instance-9ee7bf39-f386-47ba-95f4-3028ec2c9f77', 'session_id': '60574dc3-f482-4ae5-a84f-c8056856e65a', 'user_id': 'P4'}",4
464,2000-01-01 13:04:09,instance-9ee7bf39-f386-47ba-95f4-3028ec2c9f77,instance.save,"{'instance_id': 'instance-9ee7bf39-f386-47ba-95f4-3028ec2c9f77', 'session_id': '60574dc3-f482-4ae5-a84f-c8056856e65a', 'user_id': 'P4'}",4
465,2000-01-01 13:04:10,instance-9ee7bf39-f386-47ba-95f4-3028ec2c9f77,instance.updated,"{'instance_id': 'instance-9ee7bf39-f386-47ba-95f4-3028ec2c9f77', 'instance_label': 'Bunny', 'text_changed': False, 'graph_changed': True, 'session_id': '60574dc3-f482-4ae5-a84f-c8056856e65a', 'user_id': 'P4'}",4
466,2000-01-01 13:04:48,,api.generate_image.succeeded,"{'global_caption': 'a scene featuring a bunny wearing a blue jacket, slightly torn and covered with some dirt, holding a red balloon in her hand, smiling and looking up at a tree, a green forest with many trees, a blue sky, a tall tree with the highest branch, a happy bunny wearing a slightly torn yellow dress that is covered in dirt looking up at the tree, a relieved bunny wearing a slightly torn green shirt covered in dirt hanging on the highest branch of the tree looking down at another bunny holding a balloon, and a red shiny balloon stuck on the highest branch of the tree.', 'region_count': 7, 'has_image': True, 'detected_objects_count': 2, 'image_path': 'output/P4/2025-08-25_13-04-47/image.png', 'image_with_layout_path': 'output/P4/2025-08-25_13-04-47/image_with_layout.png', 'timestamp_dir': 'output/P4/2025-08-25_13-04-47', 'session_id': '60574dc3-f482-4ae5-a84f-c8056856e65a', 'user_id': 'P4'}",4
467,2000-01-01 13:06:31,,api.generate_image.succeeded,"{'global_caption': 'a scene featuring a bunny wearing a blue jacket, slightly torn and covered with some dirt, holding a red balloon in her hand, smiling and looking up at a tree, a green forest with many trees, a blue sky, a tall tree with the highest branch, a happy bunny wearing a slightly torn yellow dress that is covered in dirt looking up at the tree, a relieved bunny wearing a slightly torn green shirt covered in dirt hanging on the highest branch of the tree looking down at another bunny holding a balloon, and a red shiny balloon stuck on the highest branch of the tree.', 'region_count': 7, 'has_image': True, 'detected_objects_count': 3, 'image_path': 'output/P4/2025-08-25_13-06-30/image.png', 'image_with_layout_path': 'output/P4/2025-08-25_13-06-30/image_with_layout.png', 'timestamp_dir': 'output/P4/2025-08-25_13-06-30', 'session_id': '60574dc3-f482-4ae5-a84f-c8056856e65a', 'user_id': 'P4'}",4
468,2000-01-01 13:07:15,,scene_saved,"{'slotNumber': 2, 'instanceCount': 7, 'nodeCount': 14, 'edgeCount': 5, 'session_id': '60574dc3-f482-4ae5-a84f-c8056856e65a', 'user_id': 'P4'}",4
469,2000-01-01 13:07:44,instance-d18190bc-2ec7-483c-a253-3b67ceefad02,instance.deleted,"{'instance_id': 'instance-d18190bc-2ec7-483c-a253-3b67ceefad02', 'instance_label': 'Bunny', 'is_from_class': True, 'class_id': 'class-4e2d073b-3ca5-4e4f-b6da-403c7738d3c5', 'session_id': '60574dc3-f482-4ae5-a84f-c8056856e65a', 'user_id': 'P4'}",4
470,2000-01-01 13:07:51,instance-9ee7bf39-f386-47ba-95f4-3028ec2c9f77,instance.deleted,"{'instance_id': 'instance-9ee7bf39-f386-47ba-95f4-3028ec2c9f77', 'instance_label': 'Bunny', 'is_from_class': True, 'class_id': 'class-4e2d073b-3ca5-4e4f-b6da-403c7738d3c5', 'session_id': '60574dc3-f482-4ae5-a84f-c8056856e65a', 'user_id': 'P4'}",4
471,2000-01-01 13:07:58,instance-9980c51d-0433-417d-ad9c-276aefef7c0a,instance.deleted,"{'instance_id': 'instance-9980c51d-0433-417d-ad9c-276aefef7c0a', 'instance_label': 'tree', 'is_from_class': False, 'class_id': None, 'session_id': '60574dc3-f482-4ae5-a84f-c8056856e65a', 'user_id': 'P4'}",4
472,2000-01-01 13:08:14,instance-7d3e7ac0-4d90-4885-8dba-40e51d210058,instance.edit.started,"{'instance_id': 'instance-7d3e7ac0-4d90-4885-8dba-40e51d210058', 'instance_label': 'bunny', 'edit_type': 'graph', 'session_id': '60574dc3-f482-4ae5-a84f-c8056856e65a', 'user_id': 'P4'}",4
473,2000-01-01 13:08:15,instance-7d3e7ac0-4d90-4885-8dba-40e51d210058,object_node.edit.started,"{'object_id': 'object2', 'object_name': 'jacket', 'edit_mode': 'attribute-1', 'is_class_mode': False, 'parent_instance_id': 'instance-7d3e7ac0-4d90-4885-8dba-40e51d210058', 'session_id': '60574dc3-f482-4ae5-a84f-c8056856e65a', 'user_id': 'P4'}",4
474,2000-01-01 13:08:30,instance-7d3e7ac0-4d90-4885-8dba-40e51d210058,instance.save,"{'instance_id': 'instance-7d3e7ac0-4d90-4885-8dba-40e51d210058', 'session_id': '60574dc3-f482-4ae5-a84f-c8056856e65a', 'user_id': 'P4'}",4
475,2000-01-01 13:08:31,instance-7d3e7ac0-4d90-4885-8dba-40e51d210058,instance.updated,"{'instance_id': 'instance-7d3e7ac0-4d90-4885-8dba-40e51d210058', 'instance_label': 'bunny', 'text_changed': False, 'graph_changed': True, 'session_id': '60574dc3-f482-4ae5-a84f-c8056856e65a', 'user_id': 'P4'}",4
476,2000-01-01 13:08:33,instance-7d3e7ac0-4d90-4885-8dba-40e51d210058,instance.edit.started,"{'instance_id': 'instance-7d3e7ac0-4d90-4885-8dba-40e51d210058', 'instance_label': 'bunny', 'edit_type': 'text', 'session_id': '60574dc3-f482-4ae5-a84f-c8056856e65a', 'user_id': 'P4'}",4
477,2000-01-01 13:08:49,instance-7d3e7ac0-4d90-4885-8dba-40e51d210058,instance.save,"{'instance_id': 'instance-7d3e7ac0-4d90-4885-8dba-40e51d210058', 'session_id': '60574dc3-f482-4ae5-a84f-c8056856e65a', 'user_id': 'P4'}",4
478,2000-01-01 13:08:50,instance-7d3e7ac0-4d90-4885-8dba-40e51d210058,instance.edit.started,"{'instance_id': 'instance-7d3e7ac0-4d90-4885-8dba-40e51d210058', 'instance_label': 'bunny', 'edit_type': 'text', 'session_id': '60574dc3-f482-4ae5-a84f-c8056856e65a', 'user_id': 'P4'}",4
479,2000-01-01 13:09:36,instance-7d3e7ac0-4d90-4885-8dba-40e51d210058,instance.save,"{'instance_id': 'instance-7d3e7ac0-4d90-4885-8dba-40e51d210058', 'session_id': '60574dc3-f482-4ae5-a84f-c8056856e65a', 'user_id': 'P4'}",4
480,2000-01-01 13:09:41,instance-7d3e7ac0-4d90-4885-8dba-40e51d210058,instance.updated,"{'instance_id': 'instance-7d3e7ac0-4d90-4885-8dba-40e51d210058', 'instance_label': 'bunny', 'text_changed': True, 'graph_changed': False, 'session_id': '60574dc3-f482-4ae5-a84f-c8056856e65a', 'user_id': 'P4'}",4
481,2000-01-01 13:09:49,instance-7d3e7ac0-4d90-4885-8dba-40e51d210058,instance.edit.started,"{'instance_id': 'instance-7d3e7ac0-4d90-4885-8dba-40e51d210058', 'instance_label': 'bunny', 'edit_type': 'graph', 'session_id': '60574dc3-f482-4ae5-a84f-c8056856e65a', 'user_id': 'P4'}",4
482,2000-01-01 13:09:51,instance-7d3e7ac0-4d90-4885-8dba-40e51d210058,instance.save,"{'instance_id': 'instance-7d3e7ac0-4d90-4885-8dba-40e51d210058', 'session_id': '60574dc3-f482-4ae5-a84f-c8056856e65a', 'user_id': 'P4'}",4
483,2000-01-01 13:09:52,instance-7d3e7ac0-4d90-4885-8dba-40e51d210058,instance.updated,"{'instance_id': 'instance-7d3e7ac0-4d90-4885-8dba-40e51d210058', 'instance_label': 'bunny', 'text_changed': False, 'graph_changed': True, 'session_id': '60574dc3-f482-4ae5-a84f-c8056856e65a', 'user_id': 'P4'}",4
484,2000-01-01 13:10:01,instance-7d3e7ac0-4d90-4885-8dba-40e51d210058,instance.edit.started,"{'instance_id': 'instance-7d3e7ac0-4d90-4885-8dba-40e51d210058', 'instance_label': 'bunny', 'edit_type': 'text', 'session_id': '60574dc3-f482-4ae5-a84f-c8056856e65a', 'user_id': 'P4'}",4
485,2000-01-01 13:10:04,instance-7d3e7ac0-4d90-4885-8dba-40e51d210058,instance.save,"{'instance_id': 'instance-7d3e7ac0-4d90-4885-8dba-40e51d210058', 'session_id': '60574dc3-f482-4ae5-a84f-c8056856e65a', 'user_id': 'P4'}",4
486,2000-01-01 13:10:08,instance-7d3e7ac0-4d90-4885-8dba-40e51d210058,instance.updated,"{'instance_id': 'instance-7d3e7ac0-4d90-4885-8dba-40e51d210058', 'instance_label': 'bunny', 'text_changed': True, 'graph_changed': False, 'session_id': '60574dc3-f482-4ae5-a84f-c8056856e65a', 'user_id': 'P4'}",4
487,2000-01-01 13:10:26,instance-a61c45e3-e19d-486b-a597-b5ed896d25b8,instance.edit.started,"{'instance_id': 'instance-a61c45e3-e19d-486b-a597-b5ed896d25b8', 'instance_label': 'forest', 'edit_type': 'text', 'session_id': '60574dc3-f482-4ae5-a84f-c8056856e65a', 'user_id': 'P4'}",4
488,2000-01-01 13:10:38,instance-a61c45e3-e19d-486b-a597-b5ed896d25b8,instance.save,"{'instance_id': 'instance-a61c45e3-e19d-486b-a597-b5ed896d25b8', 'session_id': '60574dc3-f482-4ae5-a84f-c8056856e65a', 'user_id': 'P4'}",4
489,2000-01-01 13:10:41,instance-a61c45e3-e19d-486b-a597-b5ed896d25b8,instance.updated,"{'instance_id': 'instance-a61c45e3-e19d-486b-a597-b5ed896d25b8', 'instance_label': 'forest', 'text_changed': True, 'graph_changed': False, 'session_id': '60574dc3-f482-4ae5-a84f-c8056856e65a', 'user_id': 'P4'}",4
490,2000-01-01 13:10:44,instance-a61c45e3-e19d-486b-a597-b5ed896d25b8,instance.edit.started,"{'instance_id': 'instance-a61c45e3-e19d-486b-a597-b5ed896d25b8', 'instance_label': 'forest', 'edit_type': 'text', 'session_id': '60574dc3-f482-4ae5-a84f-c8056856e65a', 'user_id': 'P4'}",4
491,2000-01-01 13:11:05,instance-a61c45e3-e19d-486b-a597-b5ed896d25b8,instance.save,"{'instance_id': 'instance-a61c45e3-e19d-486b-a597-b5ed896d25b8', 'session_id': '60574dc3-f482-4ae5-a84f-c8056856e65a', 'user_id': 'P4'}",4
492,2000-01-01 13:11:08,instance-a61c45e3-e19d-486b-a597-b5ed896d25b8,instance.updated,"{'instance_id': 'instance-a61c45e3-e19d-486b-a597-b5ed896d25b8', 'instance_label': 'forest', 'text_changed': True, 'graph_changed': False, 'session_id': '60574dc3-f482-4ae5-a84f-c8056856e65a', 'user_id': 'P4'}",4
493,2000-01-01 13:12:09,instance-664e6a19-8255-431a-967a-3ca625608ba3,instance.edit.started,"{'instance_id': 'instance-664e6a19-8255-431a-967a-3ca625608ba3', 'instance_label': 'balloon', 'edit_type': 'text', 'session_id': '60574dc3-f482-4ae5-a84f-c8056856e65a', 'user_id': 'P4'}",4
494,2000-01-01 13:12:18,instance-664e6a19-8255-431a-967a-3ca625608ba3,instance.save,"{'instance_id': 'instance-664e6a19-8255-431a-967a-3ca625608ba3', 'session_id': '60574dc3-f482-4ae5-a84f-c8056856e65a', 'user_id': 'P4'}",4
495,2000-01-01 13:12:20,instance-664e6a19-8255-431a-967a-3ca625608ba3,instance.updated,"{'instance_id': 'instance-664e6a19-8255-431a-967a-3ca625608ba3', 'instance_label': 'balloon', 'text_changed': True, 'graph_changed': False, 'session_id': '60574dc3-f482-4ae5-a84f-c8056856e65a', 'user_id': 'P4'}",4
496,2000-01-01 13:12:29,instance-7d3e7ac0-4d90-4885-8dba-40e51d210058,instance.edit.started,"{'instance_id': 'instance-7d3e7ac0-4d90-4885-8dba-40e51d210058', 'instance_label': 'bunny', 'edit_type': 'text', 'session_id': '60574dc3-f482-4ae5-a84f-c8056856e65a', 'user_id': 'P4'}",4
497,2000-01-01 13:12:31,instance-7d3e7ac0-4d90-4885-8dba-40e51d210058,instance.save,"{'instance_id': 'instance-7d3e7ac0-4d90-4885-8dba-40e51d210058', 'session_id': '60574dc3-f482-4ae5-a84f-c8056856e65a', 'user_id': 'P4'}",4
498,2000-01-01 13:13:02,instance-7d3e7ac0-4d90-4885-8dba-40e51d210058,instance.edit.started,"{'instance_id': 'instance-7d3e7ac0-4d90-4885-8dba-40e51d210058', 'instance_label': 'bunny', 'edit_type': 'text', 'session_id': '60574dc3-f482-4ae5-a84f-c8056856e65a', 'user_id': 'P4'}",4
499,2000-01-01 13:13:11,instance-7d3e7ac0-4d90-4885-8dba-40e51d210058,instance.save,"{'instance_id': 'instance-7d3e7ac0-4d90-4885-8dba-40e51d210058', 'session_id': '60574dc3-f482-4ae5-a84f-c8056856e65a', 'user_id': 'P4'}",4
500,2000-01-01 13:13:16,instance-7d3e7ac0-4d90-4885-8dba-40e51d210058,instance.updated,"{'instance_id': 'instance-7d3e7ac0-4d90-4885-8dba-40e51d210058', 'instance_label': 'bunny', 'text_changed': True, 'graph_changed': False, 'session_id': '60574dc3-f482-4ae5-a84f-c8056856e65a', 'user_id': 'P4'}",4
501,2000-01-01 13:13:51,,api.generate_image.succeeded,"{'global_caption': 'a scene featuring a bunny wearing a blue jacket with one hand reaching up in the sky with tears in its eyes, looking up at a balloon, alongside a green forest with many trees swaying towards one side with leaves flying in the air, under a blue sky and a red shiny balloon flying away.', 'region_count': 4, 'has_image': True, 'detected_objects_count': 0, 'image_path': 'output/P4/2025-08-25_13-13-50/image.png', 'image_with_layout_path': 'output/P4/2025-08-25_13-13-50/image_with_layout.png', 'timestamp_dir': 'output/P4/2025-08-25_13-13-50', 'session_id': '60574dc3-f482-4ae5-a84f-c8056856e65a', 'user_id': 'P4'}",4
502,2000-01-01 13:14:40,instance-7d3e7ac0-4d90-4885-8dba-40e51d210058,instance.edit.started,"{'instance_id': 'instance-7d3e7ac0-4d90-4885-8dba-40e51d210058', 'instance_label': 'bunny', 'edit_type': 'text', 'session_id': '60574dc3-f482-4ae5-a84f-c8056856e65a', 'user_id': 'P4'}",4
503,2000-01-01 13:14:44,instance-7d3e7ac0-4d90-4885-8dba-40e51d210058,instance.save,"{'instance_id': 'instance-7d3e7ac0-4d90-4885-8dba-40e51d210058', 'session_id': '60574dc3-f482-4ae5-a84f-c8056856e65a', 'user_id': 'P4'}",4
504,2000-01-01 13:14:50,instance-7d3e7ac0-4d90-4885-8dba-40e51d210058,instance.updated,"{'instance_id': 'instance-7d3e7ac0-4d90-4885-8dba-40e51d210058', 'instance_label': 'bunny', 'text_changed': True, 'graph_changed': False, 'session_id': '60574dc3-f482-4ae5-a84f-c8056856e65a', 'user_id': 'P4'}",4
505,2000-01-01 13:15:24,,api.generate_image.succeeded,"{'global_caption': 'a scene featuring a 3D bunny wearing a blue jacket with one hand reaching up in the sky and tears in its eyes, looking up at a balloon, alongside a green forest with many trees swaying towards one side with leaves flying in the air, under a blue sky and a red shiny balloon flying away.', 'region_count': 4, 'has_image': True, 'detected_objects_count': 2, 'image_path': 'output/P4/2025-08-25_13-15-23/image.png', 'image_with_layout_path': 'output/P4/2025-08-25_13-15-23/image_with_layout.png', 'timestamp_dir': 'output/P4/2025-08-25_13-15-23', 'session_id': '60574dc3-f482-4ae5-a84f-c8056856e65a', 'user_id': 'P4'}",4
506,2000-01-01 13:15:41,instance-664e6a19-8255-431a-967a-3ca625608ba3,instance.edit.started,"{'instance_id': 'instance-664e6a19-8255-431a-967a-3ca625608ba3', 'instance_label': 'balloon', 'edit_type': 'text', 'session_id': '60574dc3-f482-4ae5-a84f-c8056856e65a', 'user_id': 'P4'}",4
507,2000-01-01 13:15:59,instance-664e6a19-8255-431a-967a-3ca625608ba3,instance.save,"{'instance_id': 'instance-664e6a19-8255-431a-967a-3ca625608ba3', 'session_id': '60574dc3-f482-4ae5-a84f-c8056856e65a', 'user_id': 'P4'}",4
508,2000-01-01 13:16:01,instance-664e6a19-8255-431a-967a-3ca625608ba3,instance.updated,"{'instance_id': 'instance-664e6a19-8255-431a-967a-3ca625608ba3', 'instance_label': 'balloon', 'text_changed': True, 'graph_changed': False, 'session_id': '60574dc3-f482-4ae5-a84f-c8056856e65a', 'user_id': 'P4'}",4
509,2000-01-01 13:16:04,instance-664e6a19-8255-431a-967a-3ca625608ba3,instance.edit.started,"{'instance_id': 'instance-664e6a19-8255-431a-967a-3ca625608ba3', 'instance_label': 'balloon', 'edit_type': 'text', 'session_id': '60574dc3-f482-4ae5-a84f-c8056856e65a', 'user_id': 'P4'}",4
510,2000-01-01 13:16:09,instance-664e6a19-8255-431a-967a-3ca625608ba3,instance.save,"{'instance_id': 'instance-664e6a19-8255-431a-967a-3ca625608ba3', 'session_id': '60574dc3-f482-4ae5-a84f-c8056856e65a', 'user_id': 'P4'}",4
511,2000-01-01 13:16:12,instance-664e6a19-8255-431a-967a-3ca625608ba3,instance.updated,"{'instance_id': 'instance-664e6a19-8255-431a-967a-3ca625608ba3', 'instance_label': 'balloon', 'text_changed': True, 'graph_changed': False, 'session_id': '60574dc3-f482-4ae5-a84f-c8056856e65a', 'user_id': 'P4'}",4
512,2000-01-01 13:16:36,instance-a61c45e3-e19d-486b-a597-b5ed896d25b8,instance.edit.started,"{'instance_id': 'instance-a61c45e3-e19d-486b-a597-b5ed896d25b8', 'instance_label': 'forest', 'edit_type': 'text', 'session_id': '60574dc3-f482-4ae5-a84f-c8056856e65a', 'user_id': 'P4'}",4
513,2000-01-01 13:16:44,instance-a61c45e3-e19d-486b-a597-b5ed896d25b8,instance.save,"{'instance_id': 'instance-a61c45e3-e19d-486b-a597-b5ed896d25b8', 'session_id': '60574dc3-f482-4ae5-a84f-c8056856e65a', 'user_id': 'P4'}",4
514,2000-01-01 13:16:49,instance-a61c45e3-e19d-486b-a597-b5ed896d25b8,instance.updated,"{'instance_id': 'instance-a61c45e3-e19d-486b-a597-b5ed896d25b8', 'instance_label': 'forest', 'text_changed': True, 'graph_changed': False, 'session_id': '60574dc3-f482-4ae5-a84f-c8056856e65a', 'user_id': 'P4'}",4
515,2000-01-01 13:16:54,instance-7d3e7ac0-4d90-4885-8dba-40e51d210058,instance.edit.started,"{'instance_id': 'instance-7d3e7ac0-4d90-4885-8dba-40e51d210058', 'instance_label': 'bunny', 'edit_type': 'text', 'session_id': '60574dc3-f482-4ae5-a84f-c8056856e65a', 'user_id': 'P4'}",4
516,2000-01-01 13:17:02,instance-7d3e7ac0-4d90-4885-8dba-40e51d210058,instance.save,"{'instance_id': 'instance-7d3e7ac0-4d90-4885-8dba-40e51d210058', 'session_id': '60574dc3-f482-4ae5-a84f-c8056856e65a', 'user_id': 'P4'}",4
517,2000-01-01 13:17:09,instance-7d3e7ac0-4d90-4885-8dba-40e51d210058,instance.updated,"{'instance_id': 'instance-7d3e7ac0-4d90-4885-8dba-40e51d210058', 'instance_label': 'bunny', 'text_changed': True, 'graph_changed': False, 'session_id': '60574dc3-f482-4ae5-a84f-c8056856e65a', 'user_id': 'P4'}",4
518,2000-01-01 13:17:40,,api.generate_image.succeeded,"{'global_caption': 'a scene featuring a 3D real life bunny wearing a blue jacket with one hand reaching up in the sky and tears in its eyes, looking up at a balloon, alongside a real life green forest with many trees swaying towards one side with leaves flying in the air, under a blue sky and a red shiny balloon with string hanging down, flying away.', 'region_count': 4, 'has_image': True, 'detected_objects_count': 1, 'image_path': 'output/P4/2025-08-25_13-17-40/image.png', 'image_with_layout_path': 'output/P4/2025-08-25_13-17-40/image_with_layout.png', 'timestamp_dir': 'output/P4/2025-08-25_13-17-40', 'session_id': '60574dc3-f482-4ae5-a84f-c8056856e65a', 'user_id': 'P4'}",4
519,2000-01-01 13:17:58,instance-7d3e7ac0-4d90-4885-8dba-40e51d210058,instance.edit.started,"{'instance_id': 'instance-7d3e7ac0-4d90-4885-8dba-40e51d210058', 'instance_label': 'bunny', 'edit_type': 'text', 'session_id': '60574dc3-f482-4ae5-a84f-c8056856e65a', 'user_id': 'P4'}",4
520,2000-01-01 13:18:09,instance-7d3e7ac0-4d90-4885-8dba-40e51d210058,instance.save,"{'instance_id': 'instance-7d3e7ac0-4d90-4885-8dba-40e51d210058', 'session_id': '60574dc3-f482-4ae5-a84f-c8056856e65a', 'user_id': 'P4'}",4
521,2000-01-01 13:18:15,instance-7d3e7ac0-4d90-4885-8dba-40e51d210058,instance.updated,"{'instance_id': 'instance-7d3e7ac0-4d90-4885-8dba-40e51d210058', 'instance_label': 'bunny', 'text_changed': True, 'graph_changed': False, 'session_id': '60574dc3-f482-4ae5-a84f-c8056856e65a', 'user_id': 'P4'}",4
522,2000-01-01 13:18:45,,api.generate_image.succeeded,"{'global_caption': 'a scene featuring a 3D real life bunny wearing a blue jacket with one hand reaching up in the sky and tears falling down from its eyes, looking up at a balloon, alongside a real life green forest with many trees swaying towards one side with leaves flying in the air, under a blue sky and a red shiny balloon with a string hanging down, flying away.', 'region_count': 4, 'has_image': True, 'detected_objects_count': 0, 'image_path': 'output/P4/2025-08-25_13-18-45/image.png', 'image_with_layout_path': 'output/P4/2025-08-25_13-18-45/image_with_layout.png', 'timestamp_dir': 'output/P4/2025-08-25_13-18-45', 'session_id': '60574dc3-f482-4ae5-a84f-c8056856e65a', 'user_id': 'P4'}",4
523,2000-01-01 13:19:02,instance-7d3e7ac0-4d90-4885-8dba-40e51d210058,instance.edit.started,"{'instance_id': 'instance-7d3e7ac0-4d90-4885-8dba-40e51d210058', 'instance_label': 'bunny', 'edit_type': 'text', 'session_id': '60574dc3-f482-4ae5-a84f-c8056856e65a', 'user_id': 'P4'}",4
524,2000-01-01 13:19:05,instance-7d3e7ac0-4d90-4885-8dba-40e51d210058,object_node.extract.initiated,"{'object_id': 'object5', 'object_name': 'tears', 'parent_instance_id': 'instance-7d3e7ac0-4d90-4885-8dba-40e51d210058', 'session_id': '60574dc3-f482-4ae5-a84f-c8056856e65a', 'user_id': 'P4'}",4
525,2000-01-01 13:19:07,instance-7d3e7ac0-4d90-4885-8dba-40e51d210058,object_node.extract.confirmed,"{'object_id': 'object5', 'object_name': 'tears', 'parent_instance_id': 'instance-7d3e7ac0-4d90-4885-8dba-40e51d210058', 'session_id': '60574dc3-f482-4ae5-a84f-c8056856e65a', 'user_id': 'P4'}",4
526,2000-01-01 13:19:23,instance-7d3e7ac0-4d90-4885-8dba-40e51d210058,instance.save,"{'instance_id': 'instance-7d3e7ac0-4d90-4885-8dba-40e51d210058', 'session_id': '60574dc3-f482-4ae5-a84f-c8056856e65a', 'user_id': 'P4'}",4
527,2000-01-01 13:20:03,,api.generate_image.succeeded,"{'global_caption': 'a scene featuring a real-life bunny wearing a blue jacket with one hand reaching up into the sky, looking up at an unknown object, and tears falling down from its eyes, alongside a real-life green forest with many trees swaying towards one side with leaves flying in the air, under a blue sky and a red shiny balloon with a string hanging down, flying away.', 'region_count': 5, 'has_image': True, 'detected_objects_count': 1, 'image_path': 'output/P4/2025-08-25_13-20-02/image.png', 'image_with_layout_path': 'output/P4/2025-08-25_13-20-02/image_with_layout.png', 'timestamp_dir': 'output/P4/2025-08-25_13-20-02', 'session_id': '60574dc3-f482-4ae5-a84f-c8056856e65a', 'user_id': 'P4'}",4
528,2000-01-01 13:20:18,,scene_saved,"{'slotNumber': 3, 'instanceCount': 5, 'nodeCount': 10, 'edgeCount': 9, 'session_id': '60574dc3-f482-4ae5-a84f-c8056856e65a', 'user_id': 'P4'}",4
529,2000-01-01 13:20:45,instance-664e6a19-8255-431a-967a-3ca625608ba3,instance.deleted,"{'instance_id': 'instance-664e6a19-8255-431a-967a-3ca625608ba3', 'instance_label': 'balloon', 'is_from_class': False, 'class_id': None, 'session_id': '60574dc3-f482-4ae5-a84f-c8056856e65a', 'user_id': 'P4'}",4
530,2000-01-01 13:20:50,class-4e2d073b-3ca5-4e4f-b6da-403c7738d3c5,class_detail_opened,"{'class_id': 'class-4e2d073b-3ca5-4e4f-b6da-403c7738d3c5', 'class_name': 'bunny Class', 'instance_count': 1, 'session_id': '60574dc3-f482-4ae5-a84f-c8056856e65a', 'user_id': 'P4'}",4
531,2000-01-01 13:20:51,class-4e2d073b-3ca5-4e4f-b6da-403c7738d3c5,class.edit.started,"{'class_id': 'class-4e2d073b-3ca5-4e4f-b6da-403c7738d3c5', 'class_name': 'bunny Class', 'placeholder_count': 4, 'object_count': 4, 'session_id': '60574dc3-f482-4ae5-a84f-c8056856e65a', 'user_id': 'P4'}",4
532,2000-01-01 13:20:55,class-4e2d073b-3ca5-4e4f-b6da-403c7738d3c5,class.updated,"{'class_id': 'class-4e2d073b-3ca5-4e4f-b6da-403c7738d3c5', 'class_name': 'bunny Class', 'placeholder_count': 4, 'object_count': 4, 'session_id': '60574dc3-f482-4ae5-a84f-c8056856e65a', 'user_id': 'P4'}",4
533,2000-01-01 13:20:57,class-4e2d073b-3ca5-4e4f-b6da-403c7738d3c5,class.instance_creation.started,"{'class_id': 'class-4e2d073b-3ca5-4e4f-b6da-403c7738d3c5', 'class_name': 'bunny Class', 'session_id': '60574dc3-f482-4ae5-a84f-c8056856e65a', 'user_id': 'P4'}",4
534,2000-01-01 13:21:21,class-4e2d073b-3ca5-4e4f-b6da-403c7738d3c5,instance.create_from_class.started,"{'class_id': 'class-4e2d073b-3ca5-4e4f-b6da-403c7738d3c5', 'class_name': 'bunny Class', 'value_count': 2, 'session_id': '60574dc3-f482-4ae5-a84f-c8056856e65a', 'user_id': 'P4'}",4
535,2000-01-01 13:21:23,instance-3e156c8e-12f3-4752-8bd7-635a1225b974,instance.created_from_class,"{'instance_id': 'instance-3e156c8e-12f3-4752-8bd7-635a1225b974', 'class_id': 'class-4e2d073b-3ca5-4e4f-b6da-403c7738d3c5', 'instance_label': 'Bunny', 'has_text_description': True, 'session_id': '60574dc3-f482-4ae5-a84f-c8056856e65a', 'user_id': 'P4'}",4
536,2000-01-01 13:21:33,class-4e2d073b-3ca5-4e4f-b6da-403c7738d3c5,class.instance_creation.started,"{'class_id': 'class-4e2d073b-3ca5-4e4f-b6da-403c7738d3c5', 'class_name': 'bunny Class', 'session_id': '60574dc3-f482-4ae5-a84f-c8056856e65a', 'user_id': 'P4'}",4
537,2000-01-01 13:21:57,class-4e2d073b-3ca5-4e4f-b6da-403c7738d3c5,instance.create_from_class.started,"{'class_id': 'class-4e2d073b-3ca5-4e4f-b6da-403c7738d3c5', 'class_name': 'bunny Class', 'value_count': 2, 'session_id': '60574dc3-f482-4ae5-a84f-c8056856e65a', 'user_id': 'P4'}",4
538,2000-01-01 13:21:58,instance-4bde5f26-3abb-4732-9506-b5eac8cbe69e,instance.created_from_class,"{'instance_id': 'instance-4bde5f26-3abb-4732-9506-b5eac8cbe69e', 'class_id': 'class-4e2d073b-3ca5-4e4f-b6da-403c7738d3c5', 'instance_label': 'Bunny', 'has_text_description': True, 'session_id': '60574dc3-f482-4ae5-a84f-c8056856e65a', 'user_id': 'P4'}",4
539,2000-01-01 13:22:44,instance-4bde5f26-3abb-4732-9506-b5eac8cbe69e,instance.edit.started,"{'instance_id': 'instance-4bde5f26-3abb-4732-9506-b5eac8cbe69e', 'instance_label': 'Bunny', 'edit_type': 'text', 'session_id': '60574dc3-f482-4ae5-a84f-c8056856e65a', 'user_id': 'P4'}",4
540,2000-01-01 13:23:08,instance-4bde5f26-3abb-4732-9506-b5eac8cbe69e,instance.save,"{'instance_id': 'instance-4bde5f26-3abb-4732-9506-b5eac8cbe69e', 'session_id': '60574dc3-f482-4ae5-a84f-c8056856e65a', 'user_id': 'P4'}",4
541,2000-01-01 13:23:11,instance-3e156c8e-12f3-4752-8bd7-635a1225b974,instance.edit.started,"{'instance_id': 'instance-3e156c8e-12f3-4752-8bd7-635a1225b974', 'instance_label': 'Bunny', 'edit_type': 'text', 'session_id': '60574dc3-f482-4ae5-a84f-c8056856e65a', 'user_id': 'P4'}",4
542,2000-01-01 13:23:13,instance-4bde5f26-3abb-4732-9506-b5eac8cbe69e,instance.updated,"{'instance_id': 'instance-4bde5f26-3abb-4732-9506-b5eac8cbe69e', 'instance_label': 'bunny', 'text_changed': True, 'graph_changed': False, 'session_id': '60574dc3-f482-4ae5-a84f-c8056856e65a', 'user_id': 'P4'}",4
543,2000-01-01 13:23:15,instance-3e156c8e-12f3-4752-8bd7-635a1225b974,instance.save,"{'instance_id': 'instance-3e156c8e-12f3-4752-8bd7-635a1225b974', 'session_id': '60574dc3-f482-4ae5-a84f-c8056856e65a', 'user_id': 'P4'}",4
544,2000-01-01 13:23:18,instance-3e156c8e-12f3-4752-8bd7-635a1225b974,instance.updated,"{'instance_id': 'instance-3e156c8e-12f3-4752-8bd7-635a1225b974', 'instance_label': 'bunny', 'text_changed': True, 'graph_changed': False, 'session_id': '60574dc3-f482-4ae5-a84f-c8056856e65a', 'user_id': 'P4'}",4
545,2000-01-01 13:23:21,instance-7d3e7ac0-4d90-4885-8dba-40e51d210058,instance.edit.started,"{'instance_id': 'instance-7d3e7ac0-4d90-4885-8dba-40e51d210058', 'instance_label': 'bunny', 'edit_type': 'text', 'session_id': '60574dc3-f482-4ae5-a84f-c8056856e65a', 'user_id': 'P4'}",4
546,2000-01-01 13:23:50,instance-7d3e7ac0-4d90-4885-8dba-40e51d210058,instance.save,"{'instance_id': 'instance-7d3e7ac0-4d90-4885-8dba-40e51d210058', 'session_id': '60574dc3-f482-4ae5-a84f-c8056856e65a', 'user_id': 'P4'}",4
547,2000-01-01 13:23:56,instance-7d3e7ac0-4d90-4885-8dba-40e51d210058,instance.updated,"{'instance_id': 'instance-7d3e7ac0-4d90-4885-8dba-40e51d210058', 'instance_label': 'bunny', 'text_changed': True, 'graph_changed': False, 'session_id': '60574dc3-f482-4ae5-a84f-c8056856e65a', 'user_id': 'P4'}",4
548,2000-01-01 13:24:07,instance-7d3e7ac0-4d90-4885-8dba-40e51d210058,instance.edit.started,"{'instance_id': 'instance-7d3e7ac0-4d90-4885-8dba-40e51d210058', 'instance_label': 'bunny', 'edit_type': 'text', 'session_id': '60574dc3-f482-4ae5-a84f-c8056856e65a', 'user_id': 'P4'}",4
549,2000-01-01 13:24:09,instance-7d3e7ac0-4d90-4885-8dba-40e51d210058,instance.save,"{'instance_id': 'instance-7d3e7ac0-4d90-4885-8dba-40e51d210058', 'session_id': '60574dc3-f482-4ae5-a84f-c8056856e65a', 'user_id': 'P4'}",4
550,2000-01-01 13:24:14,instance-7d3e7ac0-4d90-4885-8dba-40e51d210058,instance.edit.started,"{'instance_id': 'instance-7d3e7ac0-4d90-4885-8dba-40e51d210058', 'instance_label': 'bunny', 'edit_type': 'graph', 'session_id': '60574dc3-f482-4ae5-a84f-c8056856e65a', 'user_id': 'P4'}",4
551,2000-01-01 13:24:19,instance-7d3e7ac0-4d90-4885-8dba-40e51d210058,instance.save,"{'instance_id': 'instance-7d3e7ac0-4d90-4885-8dba-40e51d210058', 'session_id': '60574dc3-f482-4ae5-a84f-c8056856e65a', 'user_id': 'P4'}",4
552,2000-01-01 13:24:23,instance-7d3e7ac0-4d90-4885-8dba-40e51d210058,instance.updated,"{'instance_id': 'instance-7d3e7ac0-4d90-4885-8dba-40e51d210058', 'instance_label': 'bunny', 'text_changed': False, 'graph_changed': True, 'session_id': '60574dc3-f482-4ae5-a84f-c8056856e65a', 'user_id': 'P4'}",4
553,2000-01-01 13:24:27,instance-7d3e7ac0-4d90-4885-8dba-40e51d210058,instance.edit.started,"{'instance_id': 'instance-7d3e7ac0-4d90-4885-8dba-40e51d210058', 'instance_label': 'bunny', 'edit_type': 'text', 'session_id': '60574dc3-f482-4ae5-a84f-c8056856e65a', 'user_id': 'P4'}",4
554,2000-01-01 13:24:33,instance-7d3e7ac0-4d90-4885-8dba-40e51d210058,instance.save,"{'instance_id': 'instance-7d3e7ac0-4d90-4885-8dba-40e51d210058', 'session_id': '60574dc3-f482-4ae5-a84f-c8056856e65a', 'user_id': 'P4'}",4
555,2000-01-01 13:24:37,instance-7d3e7ac0-4d90-4885-8dba-40e51d210058,instance.updated,"{'instance_id': 'instance-7d3e7ac0-4d90-4885-8dba-40e51d210058', 'instance_label': 'bunny', 'text_changed': True, 'graph_changed': False, 'session_id': '60574dc3-f482-4ae5-a84f-c8056856e65a', 'user_id': 'P4'}",4
556,2000-01-01 13:25:12,instance-7d3e7ac0-4d90-4885-8dba-40e51d210058,instance.edit.started,"{'instance_id': 'instance-7d3e7ac0-4d90-4885-8dba-40e51d210058', 'instance_label': 'bunny', 'edit_type': 'graph', 'session_id': '60574dc3-f482-4ae5-a84f-c8056856e65a', 'user_id': 'P4'}",4
557,2000-01-01 13:25:22,instance-7d3e7ac0-4d90-4885-8dba-40e51d210058,instance.save,"{'instance_id': 'instance-7d3e7ac0-4d90-4885-8dba-40e51d210058', 'session_id': '60574dc3-f482-4ae5-a84f-c8056856e65a', 'user_id': 'P4'}",4
558,2000-01-01 13:25:22,instance-7d3e7ac0-4d90-4885-8dba-40e51d210058,instance.updated,"{'instance_id': 'instance-7d3e7ac0-4d90-4885-8dba-40e51d210058', 'instance_label': 'bunny', 'text_changed': False, 'graph_changed': True, 'session_id': '60574dc3-f482-4ae5-a84f-c8056856e65a', 'user_id': 'P4'}",4
559,2000-01-01 13:26:42,,api.generate_image.succeeded,"{'global_caption': 'a scene featuring a real-life bunny wearing a blue jacket, running vigorously while looking up at something unknown, with tears in its eyes, set against a real-life green forest with many trees swaying towards one side and leaves flying in the air, under a blue sky; along with a crying bunny wearing a slightly torn, dirt-covered yellow shirt, running vigorously, and a crying bunny wearing a slightly torn, yellow dress covered in dirt, also running vigorously, while tears fall down from the bunnies.', 'region_count': 6, 'has_image': True, 'detected_objects_count': 4, 'image_path': 'output/P4/2025-08-25_13-26-41/image.png', 'image_with_layout_path': 'output/P4/2025-08-25_13-26-41/image_with_layout.png', 'timestamp_dir': 'output/P4/2025-08-25_13-26-41', 'session_id': '60574dc3-f482-4ae5-a84f-c8056856e65a', 'user_id': 'P4'}",4
560,2000-01-01 13:26:58,instance-3e156c8e-12f3-4752-8bd7-635a1225b974,instance.edit.started,"{'instance_id': 'instance-3e156c8e-12f3-4752-8bd7-635a1225b974', 'instance_label': 'bunny', 'edit_type': 'text', 'session_id': '60574dc3-f482-4ae5-a84f-c8056856e65a', 'user_id': 'P4'}",4
561,2000-01-01 13:27:05,instance-3e156c8e-12f3-4752-8bd7-635a1225b974,instance.save,"{'instance_id': 'instance-3e156c8e-12f3-4752-8bd7-635a1225b974', 'session_id': '60574dc3-f482-4ae5-a84f-c8056856e65a', 'user_id': 'P4'}",4
562,2000-01-01 13:27:07,instance-3e156c8e-12f3-4752-8bd7-635a1225b974,instance.updated,"{'instance_id': 'instance-3e156c8e-12f3-4752-8bd7-635a1225b974', 'instance_label': 'bunny', 'text_changed': True, 'graph_changed': False, 'session_id': '60574dc3-f482-4ae5-a84f-c8056856e65a', 'user_id': 'P4'}",4
563,2000-01-01 13:27:58,,api.generate_image.succeeded,"{'global_caption': 'a scene featuring a real-life bunny wearing a blue jacket, running vigorously while looking up at something unknown, with tears in its eyes, set against a real-life green forest with many trees swaying towards one side and leaves flying in the air, under a blue sky; along with a crying bunny wearing a slightly torn, dirt-covered green shirt, running vigorously, and a crying bunny wearing a slightly torn, yellow dress covered in dirt, also running vigorously, while tears fall down from the bunnies.', 'region_count': 6, 'has_image': True, 'detected_objects_count': 4, 'image_path': 'output/P4/2025-08-25_13-27-57/image.png', 'image_with_layout_path': 'output/P4/2025-08-25_13-27-57/image_with_layout.png', 'timestamp_dir': 'output/P4/2025-08-25_13-27-57', 'session_id': '60574dc3-f482-4ae5-a84f-c8056856e65a', 'user_id': 'P4'}",4
564,2000-01-01 13:28:41,instance-4bde5f26-3abb-4732-9506-b5eac8cbe69e,instance.edit.started,"{'instance_id': 'instance-4bde5f26-3abb-4732-9506-b5eac8cbe69e', 'instance_label': 'bunny', 'edit_type': 'text', 'session_id': '60574dc3-f482-4ae5-a84f-c8056856e65a', 'user_id': 'P4'}",4
565,2000-01-01 13:28:47,instance-4bde5f26-3abb-4732-9506-b5eac8cbe69e,instance.save,"{'instance_id': 'instance-4bde5f26-3abb-4732-9506-b5eac8cbe69e', 'session_id': '60574dc3-f482-4ae5-a84f-c8056856e65a', 'user_id': 'P4'}",4
566,2000-01-01 13:28:50,instance-3e156c8e-12f3-4752-8bd7-635a1225b974,instance.edit.started,"{'instance_id': 'instance-3e156c8e-12f3-4752-8bd7-635a1225b974', 'instance_label': 'bunny', 'edit_type': 'text', 'session_id': '60574dc3-f482-4ae5-a84f-c8056856e65a', 'user_id': 'P4'}",4
567,2000-01-01 13:28:54,instance-4bde5f26-3abb-4732-9506-b5eac8cbe69e,instance.updated,"{'instance_id': 'instance-4bde5f26-3abb-4732-9506-b5eac8cbe69e', 'instance_label': 'bunny', 'text_changed': True, 'graph_changed': False, 'session_id': '60574dc3-f482-4ae5-a84f-c8056856e65a', 'user_id': 'P4'}",4
568,2000-01-01 13:28:56,instance-3e156c8e-12f3-4752-8bd7-635a1225b974,instance.save,"{'instance_id': 'instance-3e156c8e-12f3-4752-8bd7-635a1225b974', 'session_id': '60574dc3-f482-4ae5-a84f-c8056856e65a', 'user_id': 'P4'}",4
569,2000-01-01 13:28:59,instance-3e156c8e-12f3-4752-8bd7-635a1225b974,instance.updated,"{'instance_id': 'instance-3e156c8e-12f3-4752-8bd7-635a1225b974', 'instance_label': 'bunny', 'text_changed': True, 'graph_changed': False, 'session_id': '60574dc3-f482-4ae5-a84f-c8056856e65a', 'user_id': 'P4'}",4
570,2000-01-01 13:29:02,instance-7d3e7ac0-4d90-4885-8dba-40e51d210058,instance.edit.started,"{'instance_id': 'instance-7d3e7ac0-4d90-4885-8dba-40e51d210058', 'instance_label': 'bunny', 'edit_type': 'text', 'session_id': '60574dc3-f482-4ae5-a84f-c8056856e65a', 'user_id': 'P4'}",4
571,2000-01-01 13:29:21,instance-7d3e7ac0-4d90-4885-8dba-40e51d210058,instance.save,"{'instance_id': 'instance-7d3e7ac0-4d90-4885-8dba-40e51d210058', 'session_id': '60574dc3-f482-4ae5-a84f-c8056856e65a', 'user_id': 'P4'}",4
572,2000-01-01 13:29:24,instance-7d3e7ac0-4d90-4885-8dba-40e51d210058,instance.updated,"{'instance_id': 'instance-7d3e7ac0-4d90-4885-8dba-40e51d210058', 'instance_label': 'bunny', 'text_changed': True, 'graph_changed': False, 'session_id': '60574dc3-f482-4ae5-a84f-c8056856e65a', 'user_id': 'P4'}",4
573,2000-01-01 13:29:54,instance-7d3e7ac0-4d90-4885-8dba-40e51d210058,instance.edit.started,"{'instance_id': 'instance-7d3e7ac0-4d90-4885-8dba-40e51d210058', 'instance_label': 'bunny', 'edit_type': 'text', 'session_id': '60574dc3-f482-4ae5-a84f-c8056856e65a', 'user_id': 'P4'}",4
574,2000-01-01 13:29:58,instance-7d3e7ac0-4d90-4885-8dba-40e51d210058,instance.save,"{'instance_id': 'instance-7d3e7ac0-4d90-4885-8dba-40e51d210058', 'session_id': '60574dc3-f482-4ae5-a84f-c8056856e65a', 'user_id': 'P4'}",4
575,2000-01-01 13:30:00,instance-7d3e7ac0-4d90-4885-8dba-40e51d210058,instance.edit.started,"{'instance_id': 'instance-7d3e7ac0-4d90-4885-8dba-40e51d210058', 'instance_label': 'bunny', 'edit_type': 'text', 'session_id': '60574dc3-f482-4ae5-a84f-c8056856e65a', 'user_id': 'P4'}",4
576,2000-01-01 13:30:14,instance-7d3e7ac0-4d90-4885-8dba-40e51d210058,instance.save,"{'instance_id': 'instance-7d3e7ac0-4d90-4885-8dba-40e51d210058', 'session_id': '60574dc3-f482-4ae5-a84f-c8056856e65a', 'user_id': 'P4'}",4
577,2000-01-01 13:30:18,instance-7d3e7ac0-4d90-4885-8dba-40e51d210058,instance.updated,"{'instance_id': 'instance-7d3e7ac0-4d90-4885-8dba-40e51d210058', 'instance_label': 'bunny', 'text_changed': True, 'graph_changed': False, 'session_id': '60574dc3-f482-4ae5-a84f-c8056856e65a', 'user_id': 'P4'}",4
578,2000-01-01 13:30:47,,api.generate_image.succeeded,"{'global_caption': 'a scene featuring a real-life bunny that is crying and exhausted, wearing a blue jacket and running vigorously while looking up at something unknown, with tears in its eyes, set against a real-life green forest with many trees swaying towards one side and leaves flying in the air, under a blue sky; along with a crying and exhausted bunny wearing a slightly torn, dirt-covered green shirt, running vigorously, and a crying and exhausted bunny wearing a slightly torn, yellow dress covered in dirt, also running vigorously, while tears fall down from the bunnies.', 'region_count': 6, 'has_image': True, 'detected_objects_count': 4, 'image_path': 'output/P4/2025-08-25_13-30-47/image.png', 'image_with_layout_path': 'output/P4/2025-08-25_13-30-47/image_with_layout.png', 'timestamp_dir': 'output/P4/2025-08-25_13-30-47', 'session_id': '60574dc3-f482-4ae5-a84f-c8056856e65a', 'user_id': 'P4'}",4
579,2000-01-01 13:31:00,,scene_saved,"{'slotNumber': 4, 'instanceCount': 6, 'nodeCount': 12, 'edgeCount': 9, 'session_id': '60574dc3-f482-4ae5-a84f-c8056856e65a', 'user_id': 'P4'}",4
580,2000-01-01 00:01:41,,instance.created_from_text,"{'position': {'x': 66.671875, 'y': 537}, 'screen_position': {'x': 126, 'y': 580}, 'board_type': 'advanced', 'session_id': 'c8a11a37-2a2a-4691-84d9-7d4c35c7cc61', 'user_id': 'P5'}",5
581,2000-01-01 00:02:04,,instance.created_from_text,"{'position': {'x': 171.671875, 'y': 187}, 'screen_position': {'x': 231, 'y': 230}, 'board_type': 'advanced', 'session_id': 'c8a11a37-2a2a-4691-84d9-7d4c35c7cc61', 'user_id': 'P5'}",5
582,2000-01-01 00:02:21,instance-c47ff8c9-12d2-4110-b771-9ea8f25c7e26,instance.deleted,"{'instance_id': 'instance-c47ff8c9-12d2-4110-b771-9ea8f25c7e26', 'instance_label': 'Processing...', 'is_from_class': False, 'class_id': None, 'session_id': 'c8a11a37-2a2a-4691-84d9-7d4c35c7cc61', 'user_id': 'P5'}",5
583,2000-01-01 00:02:24,instance-837d9423-a5a2-4bc1-8da2-6f0f75c74db7,instance.deleted,"{'instance_id': 'instance-837d9423-a5a2-4bc1-8da2-6f0f75c74db7', 'instance_label': 'rabbit', 'is_from_class': False, 'class_id': None, 'session_id': 'c8a11a37-2a2a-4691-84d9-7d4c35c7cc61', 'user_id': 'P5'}",5
584,2000-01-01 00:02:26,,instance.created_from_text,"{'position': {'x': 116.671875, 'y': 107}, 'screen_position': {'x': 176, 'y': 150}, 'board_type': 'advanced', 'session_id': 'c8a11a37-2a2a-4691-84d9-7d4c35c7cc61', 'user_id': 'P5'}",5
585,2000-01-01 00:02:50,instance-edbd3103-cac2-4580-84fc-14fac7d09d76,instance.edit.started,"{'instance_id': 'instance-edbd3103-cac2-4580-84fc-14fac7d09d76', 'instance_label': 'rabbit', 'edit_type': 'text', 'session_id': 'c8a11a37-2a2a-4691-84d9-7d4c35c7cc61', 'user_id': 'P5'}",5
586,2000-01-01 00:03:02,instance-edbd3103-cac2-4580-84fc-14fac7d09d76,instance.save,"{'instance_id': 'instance-edbd3103-cac2-4580-84fc-14fac7d09d76', 'session_id': 'c8a11a37-2a2a-4691-84d9-7d4c35c7cc61', 'user_id': 'P5'}",5
587,2000-01-01 00:03:07,instance-edbd3103-cac2-4580-84fc-14fac7d09d76,instance.updated,"{'instance_id': 'instance-edbd3103-cac2-4580-84fc-14fac7d09d76', 'instance_label': 'rabbit', 'text_changed': True, 'graph_changed': False, 'session_id': 'c8a11a37-2a2a-4691-84d9-7d4c35c7cc61', 'user_id': 'P5'}",5
588,2000-01-01 00:03:22,,api.generate_image.succeeded,"{'global_caption': 'a scene featuring a white rabbit wearing a blue jacket holding a red balloon', 'region_count': 1, 'has_image': True, 'detected_objects_count': 0, 'image_path': 'output/P5/2025-08-30_00-03-21/image.png', 'image_with_layout_path': 'output/P5/2025-08-30_00-03-21/image_with_layout.png', 'timestamp_dir': 'output/P5/2025-08-30_00-03-21', 'session_id': 'c8a11a37-2a2a-4691-84d9-7d4c35c7cc61', 'user_id': 'P5'}",5
589,2000-01-01 00:04:03,,api.generate_image.succeeded,"{'global_caption': 'a scene featuring a white rabbit wearing a blue jacket holding a red balloon in the forest', 'region_count': 1, 'has_image': True, 'detected_objects_count': 0, 'image_path': 'output/P5/2025-08-30_00-04-02/image.png', 'image_with_layout_path': 'output/P5/2025-08-30_00-04-02/image_with_layout.png', 'timestamp_dir': 'output/P5/2025-08-30_00-04-02', 'session_id': 'c8a11a37-2a2a-4691-84d9-7d4c35c7cc61', 'user_id': 'P5'}",5
590,2000-01-01 00:04:17,,scene_saved,"{'slotNumber': 1, 'instanceCount': 1, 'nodeCount': 2, 'edgeCount': 0, 'session_id': 'c8a11a37-2a2a-4691-84d9-7d4c35c7cc61', 'user_id': 'P5'}",5
591,2000-01-01 00:04:27,,scene_saved,"{'slotNumber': 1, 'instanceCount': 1, 'nodeCount': 2, 'edgeCount': 0, 'session_id': 'c8a11a37-2a2a-4691-84d9-7d4c35c7cc61', 'user_id': 'P5'}",5
592,2000-01-01 00:04:33,,scene_saved,"{'slotNumber': 2, 'instanceCount': 1, 'nodeCount': 2, 'edgeCount': 0, 'session_id': 'c8a11a37-2a2a-4691-84d9-7d4c35c7cc61', 'user_id': 'P5'}",5
593,2000-01-01 00:04:34,,scene_saved,"{'slotNumber': 2, 'instanceCount': 1, 'nodeCount': 2, 'edgeCount': 0, 'session_id': 'c8a11a37-2a2a-4691-84d9-7d4c35c7cc61', 'user_id': 'P5'}",5
594,2000-01-01 00:05:13,instance-edbd3103-cac2-4580-84fc-14fac7d09d76,instance.deleted,"{'instance_id': 'instance-edbd3103-cac2-4580-84fc-14fac7d09d76', 'instance_label': 'rabbit', 'is_from_class': False, 'class_id': None, 'session_id': 'c8a11a37-2a2a-4691-84d9-7d4c35c7cc61', 'user_id': 'P5'}",5
595,2000-01-01 00:05:19,,instance.created_from_text,"{'position': {'x': 175.671875, 'y': 215}, 'screen_position': {'x': 235, 'y': 258}, 'board_type': 'advanced', 'session_id': 'c8a11a37-2a2a-4691-84d9-7d4c35c7cc61', 'user_id': 'P5'}",5
596,2000-01-01 00:05:29,instance-b3ff8f32-a1d6-44e2-bc26-cb8607b96358,instance.edit.started,"{'instance_id': 'instance-b3ff8f32-a1d6-44e2-bc26-cb8607b96358', 'instance_label': 'rabbit', 'edit_type': 'text', 'session_id': 'c8a11a37-2a2a-4691-84d9-7d4c35c7cc61', 'user_id': 'P5'}",5
597,2000-01-01 00:05:43,instance-b3ff8f32-a1d6-44e2-bc26-cb8607b96358,instance.save,"{'instance_id': 'instance-b3ff8f32-a1d6-44e2-bc26-cb8607b96358', 'session_id': 'c8a11a37-2a2a-4691-84d9-7d4c35c7cc61', 'user_id': 'P5'}",5
598,2000-01-01 00:05:46,instance-b3ff8f32-a1d6-44e2-bc26-cb8607b96358,instance.updated,"{'instance_id': 'instance-b3ff8f32-a1d6-44e2-bc26-cb8607b96358', 'instance_label': 'rabbit', 'text_changed': True, 'graph_changed': False, 'session_id': 'c8a11a37-2a2a-4691-84d9-7d4c35c7cc61', 'user_id': 'P5'}",5
599,2000-01-01 00:05:49,instance-b3ff8f32-a1d6-44e2-bc26-cb8607b96358,instance.edit.started,"{'instance_id': 'instance-b3ff8f32-a1d6-44e2-bc26-cb8607b96358', 'instance_label': 'rabbit', 'edit_type': 'text', 'session_id': 'c8a11a37-2a2a-4691-84d9-7d4c35c7cc61', 'user_id': 'P5'}",5
600,2000-01-01 00:05:55,instance-b3ff8f32-a1d6-44e2-bc26-cb8607b96358,instance.save,"{'instance_id': 'instance-b3ff8f32-a1d6-44e2-bc26-cb8607b96358', 'session_id': 'c8a11a37-2a2a-4691-84d9-7d4c35c7cc61', 'user_id': 'P5'}",5
601,2000-01-01 00:05:58,instance-b3ff8f32-a1d6-44e2-bc26-cb8607b96358,instance.updated,"{'instance_id': 'instance-b3ff8f32-a1d6-44e2-bc26-cb8607b96358', 'instance_label': 'rabbit', 'text_changed': True, 'graph_changed': False, 'session_id': 'c8a11a37-2a2a-4691-84d9-7d4c35c7cc61', 'user_id': 'P5'}",5
602,2000-01-01 00:06:11,instance-b3ff8f32-a1d6-44e2-bc26-cb8607b96358,class.create.started,"{'instance_id': 'instance-b3ff8f32-a1d6-44e2-bc26-cb8607b96358', 'instance_label': 'rabbit', 'has_scene_graph': True, 'object_count': 2, 'session_id': 'c8a11a37-2a2a-4691-84d9-7d4c35c7cc61', 'user_id': 'P5'}",5
603,2000-01-01 00:06:12,class-8267a52d-5b60-4f16-abd3-e57662c661e8,class.created,"{'class_id': 'class-8267a52d-5b60-4f16-abd3-e57662c661e8', 'class_name': 'rabbit Class', 'placeholder_count': 2, 'created_from': 'rabbit', 'session_id': 'c8a11a37-2a2a-4691-84d9-7d4c35c7cc61', 'user_id': 'P5'}",5
604,2000-01-01 00:06:14,class-8267a52d-5b60-4f16-abd3-e57662c661e8,class_detail_opened,"{'class_id': 'class-8267a52d-5b60-4f16-abd3-e57662c661e8', 'class_name': 'rabbit Class', 'instance_count': 1, 'session_id': 'c8a11a37-2a2a-4691-84d9-7d4c35c7cc61', 'user_id': 'P5'}",5
605,2000-01-01 00:06:22,class-8267a52d-5b60-4f16-abd3-e57662c661e8,class.instance_creation.started,"{'class_id': 'class-8267a52d-5b60-4f16-abd3-e57662c661e8', 'class_name': 'rabbit Class', 'session_id': 'c8a11a37-2a2a-4691-84d9-7d4c35c7cc61', 'user_id': 'P5'}",5
606,2000-01-01 00:06:27,class-8267a52d-5b60-4f16-abd3-e57662c661e8,instance.create_from_class.started,"{'class_id': 'class-8267a52d-5b60-4f16-abd3-e57662c661e8', 'class_name': 'rabbit Class', 'value_count': 2, 'session_id': 'c8a11a37-2a2a-4691-84d9-7d4c35c7cc61', 'user_id': 'P5'}",5
607,2000-01-01 00:06:32,instance-22c981cd-8c2b-408d-bda2-1c9405ff58ea,instance.created_from_class,"{'instance_id': 'instance-22c981cd-8c2b-408d-bda2-1c9405ff58ea', 'class_id': 'class-8267a52d-5b60-4f16-abd3-e57662c661e8', 'instance_label': 'Rabbit', 'has_text_description': True, 'session_id': 'c8a11a37-2a2a-4691-84d9-7d4c35c7cc61', 'user_id': 'P5'}",5
608,2000-01-01 00:06:50,class-8267a52d-5b60-4f16-abd3-e57662c661e8,class_detail_opened,"{'class_id': 'class-8267a52d-5b60-4f16-abd3-e57662c661e8', 'class_name': 'rabbit Class', 'instance_count': 2, 'session_id': 'c8a11a37-2a2a-4691-84d9-7d4c35c7cc61', 'user_id': 'P5'}",5
609,2000-01-01 00:06:54,class-8267a52d-5b60-4f16-abd3-e57662c661e8,class.edit.started,"{'class_id': 'class-8267a52d-5b60-4f16-abd3-e57662c661e8', 'class_name': 'rabbit Class', 'placeholder_count': 2, 'object_count': 2, 'session_id': 'c8a11a37-2a2a-4691-84d9-7d4c35c7cc61', 'user_id': 'P5'}",5
610,2000-01-01 00:07:30,class-8267a52d-5b60-4f16-abd3-e57662c661e8,class.updated,"{'class_id': 'class-8267a52d-5b60-4f16-abd3-e57662c661e8', 'class_name': 'rabbit Class', 'placeholder_count': 3, 'object_count': 3, 'session_id': 'c8a11a37-2a2a-4691-84d9-7d4c35c7cc61', 'user_id': 'P5'}",5
611,2000-01-01 00:07:34,class-8267a52d-5b60-4f16-abd3-e57662c661e8,class.instance_creation.started,"{'class_id': 'class-8267a52d-5b60-4f16-abd3-e57662c661e8', 'class_name': 'rabbit Class', 'session_id': 'c8a11a37-2a2a-4691-84d9-7d4c35c7cc61', 'user_id': 'P5'}",5
612,2000-01-01 00:07:36,class-8267a52d-5b60-4f16-abd3-e57662c661e8,instance.create_from_class.started,"{'class_id': 'class-8267a52d-5b60-4f16-abd3-e57662c661e8', 'class_name': 'rabbit Class', 'value_count': 2, 'session_id': 'c8a11a37-2a2a-4691-84d9-7d4c35c7cc61', 'user_id': 'P5'}",5
613,2000-01-01 00:07:37,instance-fbda95aa-4fc1-4fbf-98ab-daff0a0ff624,instance.created_from_class,"{'instance_id': 'instance-fbda95aa-4fc1-4fbf-98ab-daff0a0ff624', 'class_id': 'class-8267a52d-5b60-4f16-abd3-e57662c661e8', 'instance_label': 'Rabbit', 'has_text_description': True, 'session_id': 'c8a11a37-2a2a-4691-84d9-7d4c35c7cc61', 'user_id': 'P5'}",5
614,2000-01-01 00:07:49,instance-fbda95aa-4fc1-4fbf-98ab-daff0a0ff624,instance.deleted,"{'instance_id': 'instance-fbda95aa-4fc1-4fbf-98ab-daff0a0ff624', 'instance_label': 'Rabbit', 'is_from_class': True, 'class_id': 'class-8267a52d-5b60-4f16-abd3-e57662c661e8', 'session_id': 'c8a11a37-2a2a-4691-84d9-7d4c35c7cc61', 'user_id': 'P5'}",5
615,2000-01-01 00:07:57,class-8267a52d-5b60-4f16-abd3-e57662c661e8,class_detail_opened,"{'class_id': 'class-8267a52d-5b60-4f16-abd3-e57662c661e8', 'class_name': 'rabbit Class', 'instance_count': 2, 'session_id': 'c8a11a37-2a2a-4691-84d9-7d4c35c7cc61', 'user_id': 'P5'}",5
616,2000-01-01 00:07:58,class-8267a52d-5b60-4f16-abd3-e57662c661e8,class.instance_creation.started,"{'class_id': 'class-8267a52d-5b60-4f16-abd3-e57662c661e8', 'class_name': 'rabbit Class', 'session_id': 'c8a11a37-2a2a-4691-84d9-7d4c35c7cc61', 'user_id': 'P5'}",5
617,2000-01-01 00:08:00,class-8267a52d-5b60-4f16-abd3-e57662c661e8,instance.create_from_class.started,"{'class_id': 'class-8267a52d-5b60-4f16-abd3-e57662c661e8', 'class_name': 'rabbit Class', 'value_count': 2, 'session_id': 'c8a11a37-2a2a-4691-84d9-7d4c35c7cc61', 'user_id': 'P5'}",5
618,2000-01-01 00:08:02,instance-86201c3e-8414-46e1-bea4-35f65219300f,instance.created_from_class,"{'instance_id': 'instance-86201c3e-8414-46e1-bea4-35f65219300f', 'class_id': 'class-8267a52d-5b60-4f16-abd3-e57662c661e8', 'instance_label': 'Rabbit', 'has_text_description': True, 'session_id': 'c8a11a37-2a2a-4691-84d9-7d4c35c7cc61', 'user_id': 'P5'}",5
619,2000-01-01 00:08:05,class-8267a52d-5b60-4f16-abd3-e57662c661e8,class.instance_creation.started,"{'class_id': 'class-8267a52d-5b60-4f16-abd3-e57662c661e8', 'class_name': 'rabbit Class', 'session_id': 'c8a11a37-2a2a-4691-84d9-7d4c35c7cc61', 'user_id': 'P5'}",5
620,2000-01-01 00:08:06,class-8267a52d-5b60-4f16-abd3-e57662c661e8,instance.create_from_class.started,"{'class_id': 'class-8267a52d-5b60-4f16-abd3-e57662c661e8', 'class_name': 'rabbit Class', 'value_count': 2, 'session_id': 'c8a11a37-2a2a-4691-84d9-7d4c35c7cc61', 'user_id': 'P5'}",5
621,2000-01-01 00:08:08,instance-dbc6d96b-af6c-4ded-8885-a036aa71e950,instance.created_from_class,"{'instance_id': 'instance-dbc6d96b-af6c-4ded-8885-a036aa71e950', 'class_id': 'class-8267a52d-5b60-4f16-abd3-e57662c661e8', 'instance_label': 'Rabbit', 'has_text_description': True, 'session_id': 'c8a11a37-2a2a-4691-84d9-7d4c35c7cc61', 'user_id': 'P5'}",5
622,2000-01-01 00:08:09,class-8267a52d-5b60-4f16-abd3-e57662c661e8,class.instance_creation.started,"{'class_id': 'class-8267a52d-5b60-4f16-abd3-e57662c661e8', 'class_name': 'rabbit Class', 'session_id': 'c8a11a37-2a2a-4691-84d9-7d4c35c7cc61', 'user_id': 'P5'}",5
623,2000-01-01 00:08:11,class-8267a52d-5b60-4f16-abd3-e57662c661e8,instance.create_from_class.started,"{'class_id': 'class-8267a52d-5b60-4f16-abd3-e57662c661e8', 'class_name': 'rabbit Class', 'value_count': 2, 'session_id': 'c8a11a37-2a2a-4691-84d9-7d4c35c7cc61', 'user_id': 'P5'}",5
624,2000-01-01 00:08:12,instance-c268e2a5-e7e0-44c4-8c33-ed6db2a7ed0a,instance.created_from_class,"{'instance_id': 'instance-c268e2a5-e7e0-44c4-8c33-ed6db2a7ed0a', 'class_id': 'class-8267a52d-5b60-4f16-abd3-e57662c661e8', 'instance_label': 'Rabbit', 'has_text_description': True, 'session_id': 'c8a11a37-2a2a-4691-84d9-7d4c35c7cc61', 'user_id': 'P5'}",5
625,2000-01-01 00:08:13,class-8267a52d-5b60-4f16-abd3-e57662c661e8,class.instance_creation.started,"{'class_id': 'class-8267a52d-5b60-4f16-abd3-e57662c661e8', 'class_name': 'rabbit Class', 'session_id': 'c8a11a37-2a2a-4691-84d9-7d4c35c7cc61', 'user_id': 'P5'}",5
626,2000-01-01 00:08:14,class-8267a52d-5b60-4f16-abd3-e57662c661e8,instance.create_from_class.started,"{'class_id': 'class-8267a52d-5b60-4f16-abd3-e57662c661e8', 'class_name': 'rabbit Class', 'value_count': 2, 'session_id': 'c8a11a37-2a2a-4691-84d9-7d4c35c7cc61', 'user_id': 'P5'}",5
627,2000-01-01 00:08:15,instance-1d788a22-c6f7-4da2-9d0a-7484f3c34c60,instance.created_from_class,"{'instance_id': 'instance-1d788a22-c6f7-4da2-9d0a-7484f3c34c60', 'class_id': 'class-8267a52d-5b60-4f16-abd3-e57662c661e8', 'instance_label': 'Rabbit', 'has_text_description': True, 'session_id': 'c8a11a37-2a2a-4691-84d9-7d4c35c7cc61', 'user_id': 'P5'}",5
628,2000-01-01 00:08:59,instance-b3ff8f32-a1d6-44e2-bc26-cb8607b96358,instance.edit.started,"{'instance_id': 'instance-b3ff8f32-a1d6-44e2-bc26-cb8607b96358', 'instance_label': 'rabbit', 'edit_type': 'text', 'session_id': 'c8a11a37-2a2a-4691-84d9-7d4c35c7cc61', 'user_id': 'P5'}",5
629,2000-01-01 00:09:00,instance-b3ff8f32-a1d6-44e2-bc26-cb8607b96358,instance.save,"{'instance_id': 'instance-b3ff8f32-a1d6-44e2-bc26-cb8607b96358', 'session_id': 'c8a11a37-2a2a-4691-84d9-7d4c35c7cc61', 'user_id': 'P5'}",5
630,2000-01-01 00:09:02,instance-b3ff8f32-a1d6-44e2-bc26-cb8607b96358,instance.edit.started,"{'instance_id': 'instance-b3ff8f32-a1d6-44e2-bc26-cb8607b96358', 'instance_label': 'rabbit', 'edit_type': 'graph', 'session_id': 'c8a11a37-2a2a-4691-84d9-7d4c35c7cc61', 'user_id': 'P5'}",5
631,2000-01-01 00:09:03,instance-b3ff8f32-a1d6-44e2-bc26-cb8607b96358,instance.save,"{'instance_id': 'instance-b3ff8f32-a1d6-44e2-bc26-cb8607b96358', 'session_id': 'c8a11a37-2a2a-4691-84d9-7d4c35c7cc61', 'user_id': 'P5'}",5
632,2000-01-01 00:09:04,instance-b3ff8f32-a1d6-44e2-bc26-cb8607b96358,instance.edit.started,"{'instance_id': 'instance-b3ff8f32-a1d6-44e2-bc26-cb8607b96358', 'instance_label': 'rabbit', 'edit_type': 'text', 'session_id': 'c8a11a37-2a2a-4691-84d9-7d4c35c7cc61', 'user_id': 'P5'}",5
633,2000-01-01 00:09:11,instance-b3ff8f32-a1d6-44e2-bc26-cb8607b96358,instance.save,"{'instance_id': 'instance-b3ff8f32-a1d6-44e2-bc26-cb8607b96358', 'session_id': 'c8a11a37-2a2a-4691-84d9-7d4c35c7cc61', 'user_id': 'P5'}",5
634,2000-01-01 00:09:16,instance-b3ff8f32-a1d6-44e2-bc26-cb8607b96358,instance.updated,"{'instance_id': 'instance-b3ff8f32-a1d6-44e2-bc26-cb8607b96358', 'instance_label': 'rabbit', 'text_changed': True, 'graph_changed': False, 'session_id': 'c8a11a37-2a2a-4691-84d9-7d4c35c7cc61', 'user_id': 'P5'}",5
635,2000-01-01 00:09:18,instance-b3ff8f32-a1d6-44e2-bc26-cb8607b96358,instance.edit.started,"{'instance_id': 'instance-b3ff8f32-a1d6-44e2-bc26-cb8607b96358', 'instance_label': 'rabbit', 'edit_type': 'text', 'session_id': 'c8a11a37-2a2a-4691-84d9-7d4c35c7cc61', 'user_id': 'P5'}",5
636,2000-01-01 00:09:28,instance-b3ff8f32-a1d6-44e2-bc26-cb8607b96358,instance.save,"{'instance_id': 'instance-b3ff8f32-a1d6-44e2-bc26-cb8607b96358', 'session_id': 'c8a11a37-2a2a-4691-84d9-7d4c35c7cc61', 'user_id': 'P5'}",5
637,2000-01-01 00:09:35,instance-b3ff8f32-a1d6-44e2-bc26-cb8607b96358,instance.updated,"{'instance_id': 'instance-b3ff8f32-a1d6-44e2-bc26-cb8607b96358', 'instance_label': 'rabbit', 'text_changed': True, 'graph_changed': False, 'session_id': 'c8a11a37-2a2a-4691-84d9-7d4c35c7cc61', 'user_id': 'P5'}",5
638,2000-01-01 00:09:46,instance-c268e2a5-e7e0-44c4-8c33-ed6db2a7ed0a,instance.edit.started,"{'instance_id': 'instance-c268e2a5-e7e0-44c4-8c33-ed6db2a7ed0a', 'instance_label': 'Rabbit', 'edit_type': 'text', 'session_id': 'c8a11a37-2a2a-4691-84d9-7d4c35c7cc61', 'user_id': 'P5'}",5
639,2000-01-01 00:09:49,instance-c268e2a5-e7e0-44c4-8c33-ed6db2a7ed0a,instance.save,"{'instance_id': 'instance-c268e2a5-e7e0-44c4-8c33-ed6db2a7ed0a', 'session_id': 'c8a11a37-2a2a-4691-84d9-7d4c35c7cc61', 'user_id': 'P5'}",5
640,2000-01-01 00:09:50,instance-c268e2a5-e7e0-44c4-8c33-ed6db2a7ed0a,instance.edit.started,"{'instance_id': 'instance-c268e2a5-e7e0-44c4-8c33-ed6db2a7ed0a', 'instance_label': 'Rabbit', 'edit_type': 'graph', 'session_id': 'c8a11a37-2a2a-4691-84d9-7d4c35c7cc61', 'user_id': 'P5'}",5
641,2000-01-01 00:09:51,instance-c268e2a5-e7e0-44c4-8c33-ed6db2a7ed0a,object_node.edit.started,"{'object_id': 'object1', 'object_name': 'rabbit', 'edit_mode': 'attribute-0', 'is_class_mode': False, 'parent_instance_id': 'instance-c268e2a5-e7e0-44c4-8c33-ed6db2a7ed0a', 'session_id': 'c8a11a37-2a2a-4691-84d9-7d4c35c7cc61', 'user_id': 'P5'}",5
642,2000-01-01 00:09:54,instance-c268e2a5-e7e0-44c4-8c33-ed6db2a7ed0a,instance.save,"{'instance_id': 'instance-c268e2a5-e7e0-44c4-8c33-ed6db2a7ed0a', 'session_id': 'c8a11a37-2a2a-4691-84d9-7d4c35c7cc61', 'user_id': 'P5'}",5
643,2000-01-01 00:09:55,instance-c268e2a5-e7e0-44c4-8c33-ed6db2a7ed0a,instance.updated,"{'instance_id': 'instance-c268e2a5-e7e0-44c4-8c33-ed6db2a7ed0a', 'instance_label': 'Rabbit', 'text_changed': False, 'graph_changed': True, 'session_id': 'c8a11a37-2a2a-4691-84d9-7d4c35c7cc61', 'user_id': 'P5'}",5
644,2000-01-01 00:10:08,instance-dbc6d96b-af6c-4ded-8885-a036aa71e950,instance.edit.started,"{'instance_id': 'instance-dbc6d96b-af6c-4ded-8885-a036aa71e950', 'instance_label': 'Rabbit', 'edit_type': 'text', 'session_id': 'c8a11a37-2a2a-4691-84d9-7d4c35c7cc61', 'user_id': 'P5'}",5
645,2000-01-01 00:10:11,instance-dbc6d96b-af6c-4ded-8885-a036aa71e950,instance.save,"{'instance_id': 'instance-dbc6d96b-af6c-4ded-8885-a036aa71e950', 'session_id': 'c8a11a37-2a2a-4691-84d9-7d4c35c7cc61', 'user_id': 'P5'}",5
646,2000-01-01 00:10:15,instance-dbc6d96b-af6c-4ded-8885-a036aa71e950,instance.updated,"{'instance_id': 'instance-dbc6d96b-af6c-4ded-8885-a036aa71e950', 'instance_label': 'rabbit', 'text_changed': True, 'graph_changed': False, 'session_id': 'c8a11a37-2a2a-4691-84d9-7d4c35c7cc61', 'user_id': 'P5'}",5
647,2000-01-01 00:10:20,instance-22c981cd-8c2b-408d-bda2-1c9405ff58ea,instance.edit.started,"{'instance_id': 'instance-22c981cd-8c2b-408d-bda2-1c9405ff58ea', 'instance_label': 'Rabbit', 'edit_type': 'text', 'session_id': 'c8a11a37-2a2a-4691-84d9-7d4c35c7cc61', 'user_id': 'P5'}",5
648,2000-01-01 00:10:35,instance-22c981cd-8c2b-408d-bda2-1c9405ff58ea,instance.save,"{'instance_id': 'instance-22c981cd-8c2b-408d-bda2-1c9405ff58ea', 'session_id': 'c8a11a37-2a2a-4691-84d9-7d4c35c7cc61', 'user_id': 'P5'}",5
649,2000-01-01 00:10:39,instance-22c981cd-8c2b-408d-bda2-1c9405ff58ea,instance.updated,"{'instance_id': 'instance-22c981cd-8c2b-408d-bda2-1c9405ff58ea', 'instance_label': 'rabbit', 'text_changed': True, 'graph_changed': False, 'session_id': 'c8a11a37-2a2a-4691-84d9-7d4c35c7cc61', 'user_id': 'P5'}",5
650,2000-01-01 00:10:59,,api.generate_image.succeeded,"{'global_caption': 'a scene featuring a cute white rabbit with animation character style in the forest wearing a blue jacket and holding a red balloon, a cute white rabbit with an animated style in the forest, a cute white rabbit with an animated character style in the forest, a cute blue rabbit with an animated character style in the forest, a cute black rabbit with an animated character style in the forest, and a cute white rabbit with an animated character style in the forest', 'region_count': 6, 'has_image': True, 'detected_objects_count': 0, 'image_path': 'output/P5/2025-08-30_00-10-58/image.png', 'image_with_layout_path': 'output/P5/2025-08-30_00-10-58/image_with_layout.png', 'timestamp_dir': 'output/P5/2025-08-30_00-10-58', 'session_id': 'c8a11a37-2a2a-4691-84d9-7d4c35c7cc61', 'user_id': 'P5'}",5
651,2000-01-01 00:11:34,instance-b3ff8f32-a1d6-44e2-bc26-cb8607b96358,object_node.extract.initiated,"{'object_id': 'object3', 'object_name': 'balloon', 'parent_instance_id': 'instance-b3ff8f32-a1d6-44e2-bc26-cb8607b96358', 'session_id': 'c8a11a37-2a2a-4691-84d9-7d4c35c7cc61', 'user_id': 'P5'}",5
652,2000-01-01 00:11:37,instance-b3ff8f32-a1d6-44e2-bc26-cb8607b96358,object_node.extract.confirmed,"{'object_id': 'object3', 'object_name': 'balloon', 'parent_instance_id': 'instance-b3ff8f32-a1d6-44e2-bc26-cb8607b96358', 'session_id': 'c8a11a37-2a2a-4691-84d9-7d4c35c7cc61', 'user_id': 'P5'}",5
653,2000-01-01 00:12:23,,api.generate_image.succeeded,"{'global_caption': 'a scene featuring a cute white rabbit wearing a blue jacket in the forest, holding a red balloon, a cute yellow rabbit with an animated style in the forest, a cute white rabbit with an animated character style in the forest, a cute blue rabbit with an animated character style in the forest, a cute black rabbit with an animated character style in the forest, and another cute white rabbit with an animated character style in the forest', 'region_count': 7, 'has_image': True, 'detected_objects_count': 0, 'image_path': 'output/P5/2025-08-30_00-12-22/image.png', 'image_with_layout_path': 'output/P5/2025-08-30_00-12-22/image_with_layout.png', 'timestamp_dir': 'output/P5/2025-08-30_00-12-22', 'session_id': 'c8a11a37-2a2a-4691-84d9-7d4c35c7cc61', 'user_id': 'P5'}",5
654,2000-01-01 00:12:31,,scene_saved,"{'slotNumber': 2, 'instanceCount': 7, 'nodeCount': 14, 'edgeCount': 1, 'session_id': 'c8a11a37-2a2a-4691-84d9-7d4c35c7cc61', 'user_id': 'P5'}",5
655,2000-01-01 00:12:35,,scene_saved,"{'slotNumber': 2, 'instanceCount': 7, 'nodeCount': 14, 'edgeCount': 1, 'session_id': 'c8a11a37-2a2a-4691-84d9-7d4c35c7cc61', 'user_id': 'P5'}",5
656,2000-01-01 00:13:24,instance-1d788a22-c6f7-4da2-9d0a-7484f3c34c60,instance.deleted,"{'instance_id': 'instance-1d788a22-c6f7-4da2-9d0a-7484f3c34c60', 'instance_label': 'Rabbit', 'is_from_class': True, 'class_id': 'class-8267a52d-5b60-4f16-abd3-e57662c661e8', 'session_id': 'c8a11a37-2a2a-4691-84d9-7d4c35c7cc61', 'user_id': 'P5'}",5
657,2000-01-01 00:13:32,instance-86201c3e-8414-46e1-bea4-35f65219300f,instance.deleted,"{'instance_id': 'instance-86201c3e-8414-46e1-bea4-35f65219300f', 'instance_label': 'Rabbit', 'is_from_class': True, 'class_id': 'class-8267a52d-5b60-4f16-abd3-e57662c661e8', 'session_id': 'c8a11a37-2a2a-4691-84d9-7d4c35c7cc61', 'user_id': 'P5'}",5
658,2000-01-01 00:13:46,instance-b3ff8f32-a1d6-44e2-bc26-cb8607b96358,instance.edit.started,"{'instance_id': 'instance-b3ff8f32-a1d6-44e2-bc26-cb8607b96358', 'instance_label': 'rabbit', 'edit_type': 'text', 'session_id': 'c8a11a37-2a2a-4691-84d9-7d4c35c7cc61', 'user_id': 'P5'}",5
659,2000-01-01 00:13:58,instance-b3ff8f32-a1d6-44e2-bc26-cb8607b96358,instance.save,"{'instance_id': 'instance-b3ff8f32-a1d6-44e2-bc26-cb8607b96358', 'session_id': 'c8a11a37-2a2a-4691-84d9-7d4c35c7cc61', 'user_id': 'P5'}",5
660,2000-01-01 00:13:59,instance-b3ff8f32-a1d6-44e2-bc26-cb8607b96358,instance.edit.started,"{'instance_id': 'instance-b3ff8f32-a1d6-44e2-bc26-cb8607b96358', 'instance_label': 'rabbit', 'edit_type': 'graph', 'session_id': 'c8a11a37-2a2a-4691-84d9-7d4c35c7cc61', 'user_id': 'P5'}",5
661,2000-01-01 00:14:15,instance-b3ff8f32-a1d6-44e2-bc26-cb8607b96358,instance.save,"{'instance_id': 'instance-b3ff8f32-a1d6-44e2-bc26-cb8607b96358', 'session_id': 'c8a11a37-2a2a-4691-84d9-7d4c35c7cc61', 'user_id': 'P5'}",5
662,2000-01-01 00:14:16,instance-b3ff8f32-a1d6-44e2-bc26-cb8607b96358,instance.edit.started,"{'instance_id': 'instance-b3ff8f32-a1d6-44e2-bc26-cb8607b96358', 'instance_label': 'rabbit', 'edit_type': 'text', 'session_id': 'c8a11a37-2a2a-4691-84d9-7d4c35c7cc61', 'user_id': 'P5'}",5
663,2000-01-01 00:14:21,instance-b3ff8f32-a1d6-44e2-bc26-cb8607b96358,instance.save,"{'instance_id': 'instance-b3ff8f32-a1d6-44e2-bc26-cb8607b96358', 'session_id': 'c8a11a37-2a2a-4691-84d9-7d4c35c7cc61', 'user_id': 'P5'}",5
664,2000-01-01 00:14:25,instance-b3ff8f32-a1d6-44e2-bc26-cb8607b96358,instance.updated,"{'instance_id': 'instance-b3ff8f32-a1d6-44e2-bc26-cb8607b96358', 'instance_label': 'rabbit', 'text_changed': True, 'graph_changed': False, 'session_id': 'c8a11a37-2a2a-4691-84d9-7d4c35c7cc61', 'user_id': 'P5'}",5
665,2000-01-01 00:14:33,instance-b3ff8f32-a1d6-44e2-bc26-cb8607b96358,instance.edit.started,"{'instance_id': 'instance-b3ff8f32-a1d6-44e2-bc26-cb8607b96358', 'instance_label': 'rabbit', 'edit_type': 'text', 'session_id': 'c8a11a37-2a2a-4691-84d9-7d4c35c7cc61', 'user_id': 'P5'}",5
666,2000-01-01 00:14:37,instance-b3ff8f32-a1d6-44e2-bc26-cb8607b96358,instance.save,"{'instance_id': 'instance-b3ff8f32-a1d6-44e2-bc26-cb8607b96358', 'session_id': 'c8a11a37-2a2a-4691-84d9-7d4c35c7cc61', 'user_id': 'P5'}",5
667,2000-01-01 00:14:43,instance-b3ff8f32-a1d6-44e2-bc26-cb8607b96358,instance.updated,"{'instance_id': 'instance-b3ff8f32-a1d6-44e2-bc26-cb8607b96358', 'instance_label': 'rabbit', 'text_changed': True, 'graph_changed': False, 'session_id': 'c8a11a37-2a2a-4691-84d9-7d4c35c7cc61', 'user_id': 'P5'}",5
668,2000-01-01 00:15:31,,instance.created_from_text,"{'position': {'x': 24.671875, 'y': 31}, 'screen_position': {'x': 84, 'y': 74}, 'board_type': 'advanced', 'session_id': 'c8a11a37-2a2a-4691-84d9-7d4c35c7cc61', 'user_id': 'P5'}",5
669,2000-01-01 00:15:51,instance-3360e775-ddfb-4ccf-be5b-d95a0479e597,instance.edit.started,"{'instance_id': 'instance-3360e775-ddfb-4ccf-be5b-d95a0479e597', 'instance_label': 'character', 'edit_type': 'text', 'session_id': 'c8a11a37-2a2a-4691-84d9-7d4c35c7cc61', 'user_id': 'P5'}",5
670,2000-01-01 00:16:00,instance-3360e775-ddfb-4ccf-be5b-d95a0479e597,instance.save,"{'instance_id': 'instance-3360e775-ddfb-4ccf-be5b-d95a0479e597', 'session_id': 'c8a11a37-2a2a-4691-84d9-7d4c35c7cc61', 'user_id': 'P5'}",5
671,2000-01-01 00:16:02,instance-3360e775-ddfb-4ccf-be5b-d95a0479e597,instance.updated,"{'instance_id': 'instance-3360e775-ddfb-4ccf-be5b-d95a0479e597', 'instance_label': 'character', 'text_changed': True, 'graph_changed': False, 'session_id': 'c8a11a37-2a2a-4691-84d9-7d4c35c7cc61', 'user_id': 'P5'}",5
672,2000-01-01 00:16:28,,api.generate_image.succeeded,"{'global_caption': 'a scene featuring a cute crying running white rabbit wearing a blue jacket in the forest with an animated character, holding a balloon; alongside a cute yellow rabbit with an animated style, a cute blue rabbit with an animated character style, and a cute black rabbit with an animated character style; with a red balloon and a wind character wickedly smiling.', 'region_count': 6, 'has_image': True, 'detected_objects_count': 0, 'image_path': 'output/P5/2025-08-30_00-16-27/image.png', 'image_with_layout_path': 'output/P5/2025-08-30_00-16-27/image_with_layout.png', 'timestamp_dir': 'output/P5/2025-08-30_00-16-27', 'session_id': 'c8a11a37-2a2a-4691-84d9-7d4c35c7cc61', 'user_id': 'P5'}",5
673,2000-01-01 00:16:42,instance-c268e2a5-e7e0-44c4-8c33-ed6db2a7ed0a,instance.deleted,"{'instance_id': 'instance-c268e2a5-e7e0-44c4-8c33-ed6db2a7ed0a', 'instance_label': 'Rabbit', 'is_from_class': True, 'class_id': 'class-8267a52d-5b60-4f16-abd3-e57662c661e8', 'session_id': 'c8a11a37-2a2a-4691-84d9-7d4c35c7cc61', 'user_id': 'P5'}",5
674,2000-01-01 00:16:46,instance-22c981cd-8c2b-408d-bda2-1c9405ff58ea,instance.deleted,"{'instance_id': 'instance-22c981cd-8c2b-408d-bda2-1c9405ff58ea', 'instance_label': 'rabbit', 'is_from_class': True, 'class_id': 'class-8267a52d-5b60-4f16-abd3-e57662c661e8', 'session_id': 'c8a11a37-2a2a-4691-84d9-7d4c35c7cc61', 'user_id': 'P5'}",5
675,2000-01-01 00:16:58,instance-dbc6d96b-af6c-4ded-8885-a036aa71e950,instance.deleted,"{'instance_id': 'instance-dbc6d96b-af6c-4ded-8885-a036aa71e950', 'instance_label': 'rabbit', 'is_from_class': True, 'class_id': 'class-8267a52d-5b60-4f16-abd3-e57662c661e8', 'session_id': 'c8a11a37-2a2a-4691-84d9-7d4c35c7cc61', 'user_id': 'P5'}",5
676,2000-01-01 00:17:33,instance-3360e775-ddfb-4ccf-be5b-d95a0479e597,instance.edit.started,"{'instance_id': 'instance-3360e775-ddfb-4ccf-be5b-d95a0479e597', 'instance_label': 'character', 'edit_type': 'graph', 'session_id': 'c8a11a37-2a2a-4691-84d9-7d4c35c7cc61', 'user_id': 'P5'}",5
677,2000-01-01 00:17:34,instance-3360e775-ddfb-4ccf-be5b-d95a0479e597,object_node.edit.started,"{'object_id': 'object1', 'object_name': 'character', 'edit_mode': 'name', 'is_class_mode': False, 'parent_instance_id': 'instance-3360e775-ddfb-4ccf-be5b-d95a0479e597', 'session_id': 'c8a11a37-2a2a-4691-84d9-7d4c35c7cc61', 'user_id': 'P5'}",5
678,2000-01-01 00:17:39,instance-3360e775-ddfb-4ccf-be5b-d95a0479e597,object_node.edit.started,"{'object_id': 'object1', 'object_name': 'wind', 'edit_mode': 'attribute-0', 'is_class_mode': False, 'parent_instance_id': 'instance-3360e775-ddfb-4ccf-be5b-d95a0479e597', 'session_id': 'c8a11a37-2a2a-4691-84d9-7d4c35c7cc61', 'user_id': 'P5'}",5
679,2000-01-01 00:17:43,instance-3360e775-ddfb-4ccf-be5b-d95a0479e597,instance.save,"{'instance_id': 'instance-3360e775-ddfb-4ccf-be5b-d95a0479e597', 'session_id': 'c8a11a37-2a2a-4691-84d9-7d4c35c7cc61', 'user_id': 'P5'}",5
680,2000-01-01 00:17:43,instance-3360e775-ddfb-4ccf-be5b-d95a0479e597,instance.updated,"{'instance_id': 'instance-3360e775-ddfb-4ccf-be5b-d95a0479e597', 'instance_label': 'character', 'text_changed': False, 'graph_changed': True, 'session_id': 'c8a11a37-2a2a-4691-84d9-7d4c35c7cc61', 'user_id': 'P5'}",5
681,2000-01-01 00:18:14,,api.generate_image.succeeded,"{'global_caption': 'a scene featuring a cute crying running white rabbit wearing a blue jacket in the forest with an animated character, holding a red balloon, alongside a wind character cute wickedly smiling.', 'region_count': 3, 'has_image': True, 'detected_objects_count': 0, 'image_path': 'output/P5/2025-08-30_00-18-13/image.png', 'image_with_layout_path': 'output/P5/2025-08-30_00-18-13/image_with_layout.png', 'timestamp_dir': 'output/P5/2025-08-30_00-18-13', 'session_id': 'c8a11a37-2a2a-4691-84d9-7d4c35c7cc61', 'user_id': 'P5'}",5
682,2000-01-01 00:18:33,instance-3360e775-ddfb-4ccf-be5b-d95a0479e597,instance.edit.started,"{'instance_id': 'instance-3360e775-ddfb-4ccf-be5b-d95a0479e597', 'instance_label': 'character', 'edit_type': 'graph', 'session_id': 'c8a11a37-2a2a-4691-84d9-7d4c35c7cc61', 'user_id': 'P5'}",5
683,2000-01-01 00:18:34,instance-3360e775-ddfb-4ccf-be5b-d95a0479e597,object_node.edit.started,"{'object_id': 'object1', 'object_name': 'wind', 'edit_mode': 'name', 'is_class_mode': False, 'parent_instance_id': 'instance-3360e775-ddfb-4ccf-be5b-d95a0479e597', 'session_id': 'c8a11a37-2a2a-4691-84d9-7d4c35c7cc61', 'user_id': 'P5'}",5
684,2000-01-01 00:18:41,instance-3360e775-ddfb-4ccf-be5b-d95a0479e597,instance.save,"{'instance_id': 'instance-3360e775-ddfb-4ccf-be5b-d95a0479e597', 'session_id': 'c8a11a37-2a2a-4691-84d9-7d4c35c7cc61', 'user_id': 'P5'}",5
685,2000-01-01 00:18:41,instance-3360e775-ddfb-4ccf-be5b-d95a0479e597,instance.updated,"{'instance_id': 'instance-3360e775-ddfb-4ccf-be5b-d95a0479e597', 'instance_label': 'character', 'text_changed': False, 'graph_changed': True, 'session_id': 'c8a11a37-2a2a-4691-84d9-7d4c35c7cc61', 'user_id': 'P5'}",5
686,2000-01-01 00:18:56,instance-b13ca059-6a7d-4f83-bbc1-96e28e0849c9,instance.edit.started,"{'instance_id': 'instance-b13ca059-6a7d-4f83-bbc1-96e28e0849c9', 'instance_label': 'balloon', 'edit_type': 'graph', 'session_id': 'c8a11a37-2a2a-4691-84d9-7d4c35c7cc61', 'user_id': 'P5'}",5
687,2000-01-01 00:18:58,instance-b13ca059-6a7d-4f83-bbc1-96e28e0849c9,object_node.edit.started,"{'object_id': 'object-30932d0f-2ca5-4299-9c77-e11f49d6ce1e', 'object_name': 'balloon', 'edit_mode': 'adding', 'is_class_mode': False, 'parent_instance_id': 'instance-b13ca059-6a7d-4f83-bbc1-96e28e0849c9', 'session_id': 'c8a11a37-2a2a-4691-84d9-7d4c35c7cc61', 'user_id': 'P5'}",5
688,2000-01-01 00:19:01,instance-b13ca059-6a7d-4f83-bbc1-96e28e0849c9,instance.save,"{'instance_id': 'instance-b13ca059-6a7d-4f83-bbc1-96e28e0849c9', 'session_id': 'c8a11a37-2a2a-4691-84d9-7d4c35c7cc61', 'user_id': 'P5'}",5
689,2000-01-01 00:19:02,instance-b13ca059-6a7d-4f83-bbc1-96e28e0849c9,instance.updated,"{'instance_id': 'instance-b13ca059-6a7d-4f83-bbc1-96e28e0849c9', 'instance_label': 'balloon', 'text_changed': False, 'graph_changed': True, 'session_id': 'c8a11a37-2a2a-4691-84d9-7d4c35c7cc61', 'user_id': 'P5'}",5
690,2000-01-01 00:19:41,,api.generate_image.succeeded,"{'global_caption': 'a scene featuring a cute, crying, running white rabbit wearing a blue jacket in the forest with an animated character, a red floating balloon, and a wind character cute wickedly smiling.', 'region_count': 3, 'has_image': True, 'detected_objects_count': 0, 'image_path': 'output/P5/2025-08-30_00-19-41/image.png', 'image_with_layout_path': 'output/P5/2025-08-30_00-19-41/image_with_layout.png', 'timestamp_dir': 'output/P5/2025-08-30_00-19-41', 'session_id': 'c8a11a37-2a2a-4691-84d9-7d4c35c7cc61', 'user_id': 'P5'}",5
691,2000-01-01 00:20:07,instance-3360e775-ddfb-4ccf-be5b-d95a0479e597,instance.edit.started,"{'instance_id': 'instance-3360e775-ddfb-4ccf-be5b-d95a0479e597', 'instance_label': 'character', 'edit_type': 'text', 'session_id': 'c8a11a37-2a2a-4691-84d9-7d4c35c7cc61', 'user_id': 'P5'}",5
692,2000-01-01 00:20:44,instance-3360e775-ddfb-4ccf-be5b-d95a0479e597,instance.save,"{'instance_id': 'instance-3360e775-ddfb-4ccf-be5b-d95a0479e597', 'session_id': 'c8a11a37-2a2a-4691-84d9-7d4c35c7cc61', 'user_id': 'P5'}",5
693,2000-01-01 00:20:46,instance-3360e775-ddfb-4ccf-be5b-d95a0479e597,instance.updated,"{'instance_id': 'instance-3360e775-ddfb-4ccf-be5b-d95a0479e597', 'instance_label': 'storm', 'text_changed': True, 'graph_changed': False, 'session_id': 'c8a11a37-2a2a-4691-84d9-7d4c35c7cc61', 'user_id': 'P5'}",5
694,2000-01-01 00:20:50,instance-3360e775-ddfb-4ccf-be5b-d95a0479e597,instance.edit.started,"{'instance_id': 'instance-3360e775-ddfb-4ccf-be5b-d95a0479e597', 'instance_label': 'storm', 'edit_type': 'text', 'session_id': 'c8a11a37-2a2a-4691-84d9-7d4c35c7cc61', 'user_id': 'P5'}",5
695,2000-01-01 00:21:04,instance-3360e775-ddfb-4ccf-be5b-d95a0479e597,instance.save,"{'instance_id': 'instance-3360e775-ddfb-4ccf-be5b-d95a0479e597', 'session_id': 'c8a11a37-2a2a-4691-84d9-7d4c35c7cc61', 'user_id': 'P5'}",5
696,2000-01-01 00:21:05,instance-3360e775-ddfb-4ccf-be5b-d95a0479e597,instance.updated,"{'instance_id': 'instance-3360e775-ddfb-4ccf-be5b-d95a0479e597', 'instance_label': 'storm', 'text_changed': True, 'graph_changed': False, 'session_id': 'c8a11a37-2a2a-4691-84d9-7d4c35c7cc61', 'user_id': 'P5'}",5
697,2000-01-01 00:21:13,instance-3360e775-ddfb-4ccf-be5b-d95a0479e597,instance.edit.started,"{'instance_id': 'instance-3360e775-ddfb-4ccf-be5b-d95a0479e597', 'instance_label': 'storm', 'edit_type': 'text', 'session_id': 'c8a11a37-2a2a-4691-84d9-7d4c35c7cc61', 'user_id': 'P5'}",5
698,2000-01-01 00:21:16,instance-3360e775-ddfb-4ccf-be5b-d95a0479e597,instance.save,"{'instance_id': 'instance-3360e775-ddfb-4ccf-be5b-d95a0479e597', 'session_id': 'c8a11a37-2a2a-4691-84d9-7d4c35c7cc61', 'user_id': 'P5'}",5
699,2000-01-01 00:21:18,instance-3360e775-ddfb-4ccf-be5b-d95a0479e597,instance.updated,"{'instance_id': 'instance-3360e775-ddfb-4ccf-be5b-d95a0479e597', 'instance_label': 'breeze', 'text_changed': True, 'graph_changed': False, 'session_id': 'c8a11a37-2a2a-4691-84d9-7d4c35c7cc61', 'user_id': 'P5'}",5
700,2000-01-01 00:21:42,,api.generate_image.succeeded,"{'global_caption': 'a scene featuring a cute crying running white rabbit wearing a blue jacket in the forest with an animated character, a red floating balloon, and a white breeze wickedly smiling.', 'region_count': 3, 'has_image': True, 'detected_objects_count': 0, 'image_path': 'output/P5/2025-08-30_00-21-42/image.png', 'image_with_layout_path': 'output/P5/2025-08-30_00-21-42/image_with_layout.png', 'timestamp_dir': 'output/P5/2025-08-30_00-21-42', 'session_id': 'c8a11a37-2a2a-4691-84d9-7d4c35c7cc61', 'user_id': 'P5'}",5
701,2000-01-01 00:21:53,,scene_saved,"{'slotNumber': 3, 'instanceCount': 3, 'nodeCount': 6, 'edgeCount': 0, 'session_id': 'c8a11a37-2a2a-4691-84d9-7d4c35c7cc61', 'user_id': 'P5'}",5
702,2000-01-01 00:21:55,,scene_saved,"{'slotNumber': 3, 'instanceCount': 3, 'nodeCount': 6, 'edgeCount': 0, 'session_id': 'c8a11a37-2a2a-4691-84d9-7d4c35c7cc61', 'user_id': 'P5'}",5
703,2000-01-01 00:22:22,instance-1d788a22-c6f7-4da2-9d0a-7484f3c34c60,instance.deleted,"{'instance_id': 'instance-1d788a22-c6f7-4da2-9d0a-7484f3c34c60', 'instance_label': 'Rabbit', 'is_from_class': True, 'class_id': 'class-8267a52d-5b60-4f16-abd3-e57662c661e8', 'session_id': 'c8a11a37-2a2a-4691-84d9-7d4c35c7cc61', 'user_id': 'P5'}",5
704,2000-01-01 00:22:29,instance-dbc6d96b-af6c-4ded-8885-a036aa71e950,instance.deleted,"{'instance_id': 'instance-dbc6d96b-af6c-4ded-8885-a036aa71e950', 'instance_label': 'rabbit', 'is_from_class': True, 'class_id': 'class-8267a52d-5b60-4f16-abd3-e57662c661e8', 'session_id': 'c8a11a37-2a2a-4691-84d9-7d4c35c7cc61', 'user_id': 'P5'}",5
705,2000-01-01 00:22:37,instance-86201c3e-8414-46e1-bea4-35f65219300f,instance.deleted,"{'instance_id': 'instance-86201c3e-8414-46e1-bea4-35f65219300f', 'instance_label': 'Rabbit', 'is_from_class': True, 'class_id': 'class-8267a52d-5b60-4f16-abd3-e57662c661e8', 'session_id': 'c8a11a37-2a2a-4691-84d9-7d4c35c7cc61', 'user_id': 'P5'}",5
706,2000-01-01 00:22:45,instance-b13ca059-6a7d-4f83-bbc1-96e28e0849c9,instance.deleted,"{'instance_id': 'instance-b13ca059-6a7d-4f83-bbc1-96e28e0849c9', 'instance_label': 'balloon', 'is_from_class': False, 'class_id': None, 'session_id': 'c8a11a37-2a2a-4691-84d9-7d4c35c7cc61', 'user_id': 'P5'}",5
707,2000-01-01 00:23:02,instance-b3ff8f32-a1d6-44e2-bc26-cb8607b96358,instance.edit.started,"{'instance_id': 'instance-b3ff8f32-a1d6-44e2-bc26-cb8607b96358', 'instance_label': 'rabbit', 'edit_type': 'text', 'session_id': 'c8a11a37-2a2a-4691-84d9-7d4c35c7cc61', 'user_id': 'P5'}",5
708,2000-01-01 00:23:16,instance-b3ff8f32-a1d6-44e2-bc26-cb8607b96358,instance.save,"{'instance_id': 'instance-b3ff8f32-a1d6-44e2-bc26-cb8607b96358', 'session_id': 'c8a11a37-2a2a-4691-84d9-7d4c35c7cc61', 'user_id': 'P5'}",5
709,2000-01-01 00:23:21,instance-b3ff8f32-a1d6-44e2-bc26-cb8607b96358,instance.edit.started,"{'instance_id': 'instance-b3ff8f32-a1d6-44e2-bc26-cb8607b96358', 'instance_label': 'rabbit', 'edit_type': 'text', 'session_id': 'c8a11a37-2a2a-4691-84d9-7d4c35c7cc61', 'user_id': 'P5'}",5
710,2000-01-01 00:23:31,instance-b3ff8f32-a1d6-44e2-bc26-cb8607b96358,instance.save,"{'instance_id': 'instance-b3ff8f32-a1d6-44e2-bc26-cb8607b96358', 'session_id': 'c8a11a37-2a2a-4691-84d9-7d4c35c7cc61', 'user_id': 'P5'}",5
711,2000-01-01 00:23:36,instance-b3ff8f32-a1d6-44e2-bc26-cb8607b96358,instance.updated,"{'instance_id': 'instance-b3ff8f32-a1d6-44e2-bc26-cb8607b96358', 'instance_label': 'rabbit', 'text_changed': True, 'graph_changed': False, 'session_id': 'c8a11a37-2a2a-4691-84d9-7d4c35c7cc61', 'user_id': 'P5'}",5
712,2000-01-01 00:23:41,instance-22c981cd-8c2b-408d-bda2-1c9405ff58ea,instance.edit.started,"{'instance_id': 'instance-22c981cd-8c2b-408d-bda2-1c9405ff58ea', 'instance_label': 'rabbit', 'edit_type': 'text', 'session_id': 'c8a11a37-2a2a-4691-84d9-7d4c35c7cc61', 'user_id': 'P5'}",5
713,2000-01-01 00:23:46,instance-22c981cd-8c2b-408d-bda2-1c9405ff58ea,instance.save,"{'instance_id': 'instance-22c981cd-8c2b-408d-bda2-1c9405ff58ea', 'session_id': 'c8a11a37-2a2a-4691-84d9-7d4c35c7cc61', 'user_id': 'P5'}",5
714,2000-01-01 00:23:48,instance-22c981cd-8c2b-408d-bda2-1c9405ff58ea,instance.updated,"{'instance_id': 'instance-22c981cd-8c2b-408d-bda2-1c9405ff58ea', 'instance_label': 'rabbit', 'text_changed': True, 'graph_changed': False, 'session_id': 'c8a11a37-2a2a-4691-84d9-7d4c35c7cc61', 'user_id': 'P5'}",5
715,2000-01-01 00:23:58,instance-c268e2a5-e7e0-44c4-8c33-ed6db2a7ed0a,instance.edit.started,"{'instance_id': 'instance-c268e2a5-e7e0-44c4-8c33-ed6db2a7ed0a', 'instance_label': 'Rabbit', 'edit_type': 'text', 'session_id': 'c8a11a37-2a2a-4691-84d9-7d4c35c7cc61', 'user_id': 'P5'}",5
716,2000-01-01 00:24:02,instance-c268e2a5-e7e0-44c4-8c33-ed6db2a7ed0a,instance.save,"{'instance_id': 'instance-c268e2a5-e7e0-44c4-8c33-ed6db2a7ed0a', 'session_id': 'c8a11a37-2a2a-4691-84d9-7d4c35c7cc61', 'user_id': 'P5'}",5
717,2000-01-01 00:24:05,instance-c268e2a5-e7e0-44c4-8c33-ed6db2a7ed0a,instance.updated,"{'instance_id': 'instance-c268e2a5-e7e0-44c4-8c33-ed6db2a7ed0a', 'instance_label': 'rabbit', 'text_changed': True, 'graph_changed': False, 'session_id': 'c8a11a37-2a2a-4691-84d9-7d4c35c7cc61', 'user_id': 'P5'}",5
718,2000-01-01 00:24:07,,instance.created_from_text,"{'position': {'x': 79.671875, 'y': 536}, 'screen_position': {'x': 139, 'y': 559}, 'board_type': 'advanced', 'session_id': 'c8a11a37-2a2a-4691-84d9-7d4c35c7cc61', 'user_id': 'P5'}",5
719,2000-01-01 00:24:22,instance-a16c549c-50c7-4ef8-8736-1d6147914186,instance.deleted,"{'instance_id': 'instance-a16c549c-50c7-4ef8-8736-1d6147914186', 'instance_label': 'bulb', 'is_from_class': False, 'class_id': None, 'session_id': 'c8a11a37-2a2a-4691-84d9-7d4c35c7cc61', 'user_id': 'P5'}",5
720,2000-01-01 00:24:25,,instance.created_from_text,"{'position': {'x': 432.671875, 'y': 297}, 'screen_position': {'x': 492, 'y': 320}, 'board_type': 'advanced', 'session_id': 'c8a11a37-2a2a-4691-84d9-7d4c35c7cc61', 'user_id': 'P5'}",5
721,2000-01-01 00:25:14,,api.generate_image.succeeded,"{'global_caption': 'a scene featuring a smiling cute yellow rabbit with an animated style in the forest, a serious cute black rabbit with an animated character style in the forest, a cute crying white rabbit wearing a blue jacket in the forest with an animated character, and a light bulb', 'region_count': 4, 'has_image': True, 'detected_objects_count': 0, 'image_path': 'output/P5/2025-08-30_00-25-13/image.png', 'image_with_layout_path': 'output/P5/2025-08-30_00-25-13/image_with_layout.png', 'timestamp_dir': 'output/P5/2025-08-30_00-25-13', 'session_id': 'c8a11a37-2a2a-4691-84d9-7d4c35c7cc61', 'user_id': 'P5'}",5
722,2000-01-01 00:25:23,,scene_saved,"{'slotNumber': 4, 'instanceCount': 4, 'nodeCount': 8, 'edgeCount': 0, 'session_id': 'c8a11a37-2a2a-4691-84d9-7d4c35c7cc61', 'user_id': 'P5'}",5
723,2000-01-01 00:25:36,instance-c63c5fe0-9b23-4f2c-9b70-a26d60619cdb,instance.deleted,"{'instance_id': 'instance-c63c5fe0-9b23-4f2c-9b70-a26d60619cdb', 'instance_label': 'bulb', 'is_from_class': False, 'class_id': None, 'session_id': 'c8a11a37-2a2a-4691-84d9-7d4c35c7cc61', 'user_id': 'P5'}",5
724,2000-01-01 00:25:38,instance-22c981cd-8c2b-408d-bda2-1c9405ff58ea,instance.edit.started,"{'instance_id': 'instance-22c981cd-8c2b-408d-bda2-1c9405ff58ea', 'instance_label': 'rabbit', 'edit_type': 'text', 'session_id': 'c8a11a37-2a2a-4691-84d9-7d4c35c7cc61', 'user_id': 'P5'}",5
725,2000-01-01 00:25:44,instance-22c981cd-8c2b-408d-bda2-1c9405ff58ea,instance.save,"{'instance_id': 'instance-22c981cd-8c2b-408d-bda2-1c9405ff58ea', 'session_id': 'c8a11a37-2a2a-4691-84d9-7d4c35c7cc61', 'user_id': 'P5'}",5
726,2000-01-01 00:25:48,instance-22c981cd-8c2b-408d-bda2-1c9405ff58ea,instance.updated,"{'instance_id': 'instance-22c981cd-8c2b-408d-bda2-1c9405ff58ea', 'instance_label': 'rabbit', 'text_changed': True, 'graph_changed': False, 'session_id': 'c8a11a37-2a2a-4691-84d9-7d4c35c7cc61', 'user_id': 'P5'}",5
727,2000-01-01 00:25:52,instance-c268e2a5-e7e0-44c4-8c33-ed6db2a7ed0a,instance.edit.started,"{'instance_id': 'instance-c268e2a5-e7e0-44c4-8c33-ed6db2a7ed0a', 'instance_label': 'rabbit', 'edit_type': 'text', 'session_id': 'c8a11a37-2a2a-4691-84d9-7d4c35c7cc61', 'user_id': 'P5'}",5
728,2000-01-01 00:25:58,instance-c268e2a5-e7e0-44c4-8c33-ed6db2a7ed0a,instance.save,"{'instance_id': 'instance-c268e2a5-e7e0-44c4-8c33-ed6db2a7ed0a', 'session_id': 'c8a11a37-2a2a-4691-84d9-7d4c35c7cc61', 'user_id': 'P5'}",5
729,2000-01-01 00:26:02,instance-c268e2a5-e7e0-44c4-8c33-ed6db2a7ed0a,instance.updated,"{'instance_id': 'instance-c268e2a5-e7e0-44c4-8c33-ed6db2a7ed0a', 'instance_label': 'rabbit', 'text_changed': True, 'graph_changed': False, 'session_id': 'c8a11a37-2a2a-4691-84d9-7d4c35c7cc61', 'user_id': 'P5'}",5
730,2000-01-01 00:26:07,instance-b3ff8f32-a1d6-44e2-bc26-cb8607b96358,instance.edit.started,"{'instance_id': 'instance-b3ff8f32-a1d6-44e2-bc26-cb8607b96358', 'instance_label': 'rabbit', 'edit_type': 'graph', 'session_id': 'c8a11a37-2a2a-4691-84d9-7d4c35c7cc61', 'user_id': 'P5'}",5
731,2000-01-01 00:26:08,instance-b3ff8f32-a1d6-44e2-bc26-cb8607b96358,object_node.edit.started,"{'object_id': 'object4', 'object_name': 'jacket', 'edit_mode': 'adding', 'is_class_mode': False, 'parent_instance_id': 'instance-b3ff8f32-a1d6-44e2-bc26-cb8607b96358', 'session_id': 'c8a11a37-2a2a-4691-84d9-7d4c35c7cc61', 'user_id': 'P5'}",5
732,2000-01-01 00:26:19,instance-b3ff8f32-a1d6-44e2-bc26-cb8607b96358,object_node.edit.started,"{'object_id': 'object4', 'object_name': 'jacket', 'edit_mode': 'adding', 'is_class_mode': False, 'parent_instance_id': 'instance-b3ff8f32-a1d6-44e2-bc26-cb8607b96358', 'session_id': 'c8a11a37-2a2a-4691-84d9-7d4c35c7cc61', 'user_id': 'P5'}",5
733,2000-01-01 00:26:35,instance-b3ff8f32-a1d6-44e2-bc26-cb8607b96358,object_node.edit.started,"{'object_id': 'object4', 'object_name': 'jacket', 'edit_mode': 'adding', 'is_class_mode': False, 'parent_instance_id': 'instance-b3ff8f32-a1d6-44e2-bc26-cb8607b96358', 'session_id': 'c8a11a37-2a2a-4691-84d9-7d4c35c7cc61', 'user_id': 'P5'}",5
734,2000-01-01 00:26:45,instance-b3ff8f32-a1d6-44e2-bc26-cb8607b96358,object_node.connection_drag.started,"{'object_id': 'object4', 'object_name': 'jacket', 'parent_instance_id': 'instance-b3ff8f32-a1d6-44e2-bc26-cb8607b96358', 'is_class_mode': False, 'session_id': 'c8a11a37-2a2a-4691-84d9-7d4c35c7cc61', 'user_id': 'P5'}",5
735,2000-01-01 00:27:14,instance-b3ff8f32-a1d6-44e2-bc26-cb8607b96358,instance.save,"{'instance_id': 'instance-b3ff8f32-a1d6-44e2-bc26-cb8607b96358', 'session_id': 'c8a11a37-2a2a-4691-84d9-7d4c35c7cc61', 'user_id': 'P5'}",5
736,2000-01-01 00:27:15,instance-b3ff8f32-a1d6-44e2-bc26-cb8607b96358,instance.updated,"{'instance_id': 'instance-b3ff8f32-a1d6-44e2-bc26-cb8607b96358', 'instance_label': 'rabbit', 'text_changed': False, 'graph_changed': True, 'session_id': 'c8a11a37-2a2a-4691-84d9-7d4c35c7cc61', 'user_id': 'P5'}",5
737,2000-01-01 00:27:46,,api.generate_image.succeeded,"{'global_caption': 'a scene featuring a running smiling cute yellow rabbit with an animated style in the forest, a running smiling cute black rabbit with an animated character style in the forest, and a cute crying white rabbit wearing a torn and muddy blue jacket in the forest with an animated character', 'region_count': 3, 'has_image': True, 'detected_objects_count': 0, 'image_path': 'output/P5/2025-08-30_00-27-45/image.png', 'image_with_layout_path': 'output/P5/2025-08-30_00-27-45/image_with_layout.png', 'timestamp_dir': 'output/P5/2025-08-30_00-27-45', 'session_id': 'c8a11a37-2a2a-4691-84d9-7d4c35c7cc61', 'user_id': 'P5'}",5
738,2000-01-01 00:28:04,instance-b3ff8f32-a1d6-44e2-bc26-cb8607b96358,instance.edit.started,"{'instance_id': 'instance-b3ff8f32-a1d6-44e2-bc26-cb8607b96358', 'instance_label': 'rabbit', 'edit_type': 'text', 'session_id': 'c8a11a37-2a2a-4691-84d9-7d4c35c7cc61', 'user_id': 'P5'}",5
739,2000-01-01 00:28:07,instance-b3ff8f32-a1d6-44e2-bc26-cb8607b96358,instance.save,"{'instance_id': 'instance-b3ff8f32-a1d6-44e2-bc26-cb8607b96358', 'session_id': 'c8a11a37-2a2a-4691-84d9-7d4c35c7cc61', 'user_id': 'P5'}",5
740,2000-01-01 00:28:12,instance-b3ff8f32-a1d6-44e2-bc26-cb8607b96358,instance.updated,"{'instance_id': 'instance-b3ff8f32-a1d6-44e2-bc26-cb8607b96358', 'instance_label': 'rabbit', 'text_changed': True, 'graph_changed': False, 'session_id': 'c8a11a37-2a2a-4691-84d9-7d4c35c7cc61', 'user_id': 'P5'}",5
741,2000-01-01 00:28:45,,api.generate_image.succeeded,"{'global_caption': 'a scene featuring a running smiling cute yellow rabbit with an animated style in the forest, a running smiling cute black rabbit with an animated character style in the forest, and a cute smiling white rabbit wearing a torn and muddy blue jacket in the forest with an animated character', 'region_count': 3, 'has_image': True, 'detected_objects_count': 0, 'image_path': 'output/P5/2025-08-30_00-28-45/image.png', 'image_with_layout_path': 'output/P5/2025-08-30_00-28-45/image_with_layout.png', 'timestamp_dir': 'output/P5/2025-08-30_00-28-45', 'session_id': 'c8a11a37-2a2a-4691-84d9-7d4c35c7cc61', 'user_id': 'P5'}",5
742,2000-01-01 00:29:09,instance-b3ff8f32-a1d6-44e2-bc26-cb8607b96358,instance.edit.started,"{'instance_id': 'instance-b3ff8f32-a1d6-44e2-bc26-cb8607b96358', 'instance_label': 'rabbit', 'edit_type': 'graph', 'session_id': 'c8a11a37-2a2a-4691-84d9-7d4c35c7cc61', 'user_id': 'P5'}",5
743,2000-01-01 00:29:10,instance-b3ff8f32-a1d6-44e2-bc26-cb8607b96358,object_node.edit.started,"{'object_id': 'object4', 'object_name': 'jacket', 'edit_mode': 'adding', 'is_class_mode': False, 'parent_instance_id': 'instance-b3ff8f32-a1d6-44e2-bc26-cb8607b96358', 'session_id': 'c8a11a37-2a2a-4691-84d9-7d4c35c7cc61', 'user_id': 'P5'}",5
744,2000-01-01 00:29:19,instance-b3ff8f32-a1d6-44e2-bc26-cb8607b96358,instance.save,"{'instance_id': 'instance-b3ff8f32-a1d6-44e2-bc26-cb8607b96358', 'session_id': 'c8a11a37-2a2a-4691-84d9-7d4c35c7cc61', 'user_id': 'P5'}",5
745,2000-01-01 00:29:20,instance-b3ff8f32-a1d6-44e2-bc26-cb8607b96358,instance.updated,"{'instance_id': 'instance-b3ff8f32-a1d6-44e2-bc26-cb8607b96358', 'instance_label': 'rabbit', 'text_changed': False, 'graph_changed': True, 'session_id': 'c8a11a37-2a2a-4691-84d9-7d4c35c7cc61', 'user_id': 'P5'}",5
746,2000-01-01 00:29:46,,api.generate_image.succeeded,"{'global_caption': 'a scene featuring a running smiling cute yellow rabbit with an animated style in the forest, a running smiling cute black rabbit with an animated character style in the forest, and a cute smiling white rabbit wearing a torn, muddy, and dirty blue jacket in the forest with an animated character', 'region_count': 3, 'has_image': True, 'detected_objects_count': 0, 'image_path': 'output/P5/2025-08-30_00-29-45/image.png', 'image_with_layout_path': 'output/P5/2025-08-30_00-29-45/image_with_layout.png', 'timestamp_dir': 'output/P5/2025-08-30_00-29-45', 'session_id': 'c8a11a37-2a2a-4691-84d9-7d4c35c7cc61', 'user_id': 'P5'}",5
747,2000-01-01 00:29:52,,scene_saved,"{'slotNumber': 5, 'instanceCount': 3, 'nodeCount': 6, 'edgeCount': 0, 'session_id': 'c8a11a37-2a2a-4691-84d9-7d4c35c7cc61', 'user_id': 'P5'}",5
748,2000-01-01 00:30:22,instance-22c981cd-8c2b-408d-bda2-1c9405ff58ea,instance.edit.started,"{'instance_id': 'instance-22c981cd-8c2b-408d-bda2-1c9405ff58ea', 'instance_label': 'rabbit', 'edit_type': 'text', 'session_id': 'c8a11a37-2a2a-4691-84d9-7d4c35c7cc61', 'user_id': 'P5'}",5
749,2000-01-01 00:30:34,instance-22c981cd-8c2b-408d-bda2-1c9405ff58ea,instance.save,"{'instance_id': 'instance-22c981cd-8c2b-408d-bda2-1c9405ff58ea', 'session_id': 'c8a11a37-2a2a-4691-84d9-7d4c35c7cc61', 'user_id': 'P5'}",5
750,2000-01-01 00:30:38,instance-22c981cd-8c2b-408d-bda2-1c9405ff58ea,instance.updated,"{'instance_id': 'instance-22c981cd-8c2b-408d-bda2-1c9405ff58ea', 'instance_label': 'rabbit', 'text_changed': True, 'graph_changed': False, 'session_id': 'c8a11a37-2a2a-4691-84d9-7d4c35c7cc61', 'user_id': 'P5'}",5
751,2000-01-01 00:30:56,,instance.created_from_text,"{'position': {'x': 383.671875, 'y': 147}, 'screen_position': {'x': 443, 'y': 190}, 'board_type': 'advanced', 'session_id': 'c8a11a37-2a2a-4691-84d9-7d4c35c7cc61', 'user_id': 'P5'}",5
752,2000-01-01 00:31:10,instance-c268e2a5-e7e0-44c4-8c33-ed6db2a7ed0a,instance.edit.started,"{'instance_id': 'instance-c268e2a5-e7e0-44c4-8c33-ed6db2a7ed0a', 'instance_label': 'rabbit', 'edit_type': 'text', 'session_id': 'c8a11a37-2a2a-4691-84d9-7d4c35c7cc61', 'user_id': 'P5'}",5
753,2000-01-01 00:31:16,instance-c268e2a5-e7e0-44c4-8c33-ed6db2a7ed0a,instance.save,"{'instance_id': 'instance-c268e2a5-e7e0-44c4-8c33-ed6db2a7ed0a', 'session_id': 'c8a11a37-2a2a-4691-84d9-7d4c35c7cc61', 'user_id': 'P5'}",5
754,2000-01-01 00:31:21,instance-c268e2a5-e7e0-44c4-8c33-ed6db2a7ed0a,instance.updated,"{'instance_id': 'instance-c268e2a5-e7e0-44c4-8c33-ed6db2a7ed0a', 'instance_label': 'rabbit', 'text_changed': True, 'graph_changed': False, 'session_id': 'c8a11a37-2a2a-4691-84d9-7d4c35c7cc61', 'user_id': 'P5'}",5
755,2000-01-01 00:31:40,instance-c268e2a5-e7e0-44c4-8c33-ed6db2a7ed0a,instance.edit.started,"{'instance_id': 'instance-c268e2a5-e7e0-44c4-8c33-ed6db2a7ed0a', 'instance_label': 'rabbit', 'edit_type': 'graph', 'session_id': 'c8a11a37-2a2a-4691-84d9-7d4c35c7cc61', 'user_id': 'P5'}",5
756,2000-01-01 00:31:47,instance-c268e2a5-e7e0-44c4-8c33-ed6db2a7ed0a,instance.save,"{'instance_id': 'instance-c268e2a5-e7e0-44c4-8c33-ed6db2a7ed0a', 'session_id': 'c8a11a37-2a2a-4691-84d9-7d4c35c7cc61', 'user_id': 'P5'}",5
757,2000-01-01 00:31:48,instance-c268e2a5-e7e0-44c4-8c33-ed6db2a7ed0a,instance.updated,"{'instance_id': 'instance-c268e2a5-e7e0-44c4-8c33-ed6db2a7ed0a', 'instance_label': 'rabbit', 'text_changed': False, 'graph_changed': True, 'session_id': 'c8a11a37-2a2a-4691-84d9-7d4c35c7cc61', 'user_id': 'P5'}",5
758,2000-01-01 00:31:53,,instance.created_from_text,"{'position': {'x': 440.671875, 'y': 53}, 'screen_position': {'x': 500, 'y': 76}, 'board_type': 'advanced', 'session_id': 'c8a11a37-2a2a-4691-84d9-7d4c35c7cc61', 'user_id': 'P5'}",5
759,2000-01-01 00:33:57,,api.generate_image.succeeded,"{'global_caption': 'a scene featuring a smiling cute yellow rabbit with an animated style in the forest pointing at a tree, a running smiling cute black rabbit with an animated character style looking at a tree in the forest, a cute smiling white rabbit wearing a torn, muddy, and dirty blue jacket in the forest looking at a tree, a big tree with a balloon related to the tree, and a red balloon on the tree.', 'region_count': 5, 'has_image': True, 'detected_objects_count': 0, 'image_path': 'output/P5/2025-08-30_00-33-57/image.png', 'image_with_layout_path': 'output/P5/2025-08-30_00-33-57/image_with_layout.png', 'timestamp_dir': 'output/P5/2025-08-30_00-33-57', 'session_id': 'c8a11a37-2a2a-4691-84d9-7d4c35c7cc61', 'user_id': 'P5'}",5
760,2000-01-01 00:35:09,,api.generate_image.succeeded,"{'global_caption': 'a scene featuring a smiling cute yellow rabbit with an animated style in the forest pointing at a tree, a running smiling cute black rabbit with an animated character style looking at a tree in the forest, a cute smiling white rabbit wearing a torn, muddy, and dirty blue jacket in the forest looking at a tree, a big tree with a balloon related to the tree, and a red balloon on the tree.', 'region_count': 5, 'has_image': True, 'detected_objects_count': 0, 'image_path': 'output/P5/2025-08-30_00-35-09/image.png', 'image_with_layout_path': 'output/P5/2025-08-30_00-35-09/image_with_layout.png', 'timestamp_dir': 'output/P5/2025-08-30_00-35-09', 'session_id': 'c8a11a37-2a2a-4691-84d9-7d4c35c7cc61', 'user_id': 'P5'}",5
761,2000-01-01 00:35:50,,api.generate_image.succeeded,"{'global_caption': 'a scene featuring a smiling cute yellow rabbit with an animated style in the forest pointing at a tree, a running smiling cute black rabbit with an animated character style looking at a tree in the forest, a cute smiling white rabbit wearing a torn, muddy, and dirty blue jacket in the forest looking at a tree, a big tree with a tree-related balloon, and a red balloon on the tree.', 'region_count': 5, 'has_image': True, 'detected_objects_count': 0, 'image_path': 'output/P5/2025-08-30_00-35-50/image.png', 'image_with_layout_path': 'output/P5/2025-08-30_00-35-50/image_with_layout.png', 'timestamp_dir': 'output/P5/2025-08-30_00-35-50', 'session_id': 'c8a11a37-2a2a-4691-84d9-7d4c35c7cc61', 'user_id': 'P5'}",5
762,2000-01-01 00:36:13,,scene_saved,"{'slotNumber': 6, 'instanceCount': 5, 'nodeCount': 10, 'edgeCount': 4, 'session_id': 'c8a11a37-2a2a-4691-84d9-7d4c35c7cc61', 'user_id': 'P5'}",5
763,2000-01-01 00:37:31,instance-22c981cd-8c2b-408d-bda2-1c9405ff58ea,instance.edit.started,"{'instance_id': 'instance-22c981cd-8c2b-408d-bda2-1c9405ff58ea', 'instance_label': 'rabbit', 'edit_type': 'graph', 'session_id': 'c8a11a37-2a2a-4691-84d9-7d4c35c7cc61', 'user_id': 'P5'}",5
764,2000-01-01 00:37:37,instance-22c981cd-8c2b-408d-bda2-1c9405ff58ea,instance.save,"{'instance_id': 'instance-22c981cd-8c2b-408d-bda2-1c9405ff58ea', 'session_id': 'c8a11a37-2a2a-4691-84d9-7d4c35c7cc61', 'user_id': 'P5'}",5
765,2000-01-01 00:37:39,instance-22c981cd-8c2b-408d-bda2-1c9405ff58ea,instance.updated,"{'instance_id': 'instance-22c981cd-8c2b-408d-bda2-1c9405ff58ea', 'instance_label': 'rabbit', 'text_changed': False, 'graph_changed': True, 'session_id': 'c8a11a37-2a2a-4691-84d9-7d4c35c7cc61', 'user_id': 'P5'}",5
766,2000-01-01 00:38:54,,api.generate_image.succeeded,"{'global_caption': 'a scene featuring a smiling cute yellow rabbit with an animated style in the forest on a tree, a running smiling cute black rabbit with an animated character style looking at a tree in the forest while the rabbit looks at a balloon, a cute smiling white rabbit wearing a torn, muddy, and dirty blue jacket in the forest with an animated character while looking at a balloon, a big tree on the rabbit with a tree on the balloon, and a red balloon on the tree', 'region_count': 5, 'has_image': True, 'detected_objects_count': 0, 'image_path': 'output/P5/2025-08-30_00-38-54/image.png', 'image_with_layout_path': 'output/P5/2025-08-30_00-38-54/image_with_layout.png', 'timestamp_dir': 'output/P5/2025-08-30_00-38-54', 'session_id': 'c8a11a37-2a2a-4691-84d9-7d4c35c7cc61', 'user_id': 'P5'}",5
767,2000-01-01 00:39:50,,api.generate_image.succeeded,"{'global_caption': 'a scene featuring a smiling cute yellow rabbit with an animated style in the forest on a tree, a running smiling cute black rabbit with an animated character style looking at a tree in the forest while the rabbit looks at a balloon, a cute smiling white rabbit wearing a torn, muddy, and dirty blue jacket in the forest with an animated character while looking at a balloon, a big tree on the rabbit with a tree on the balloon, and a red balloon on the tree', 'region_count': 5, 'has_image': True, 'detected_objects_count': 0, 'image_path': 'output/P5/2025-08-30_00-39-49/image.png', 'image_with_layout_path': 'output/P5/2025-08-30_00-39-49/image_with_layout.png', 'timestamp_dir': 'output/P5/2025-08-30_00-39-49', 'session_id': 'c8a11a37-2a2a-4691-84d9-7d4c35c7cc61', 'user_id': 'P5'}",5
768,2000-01-01 00:40:14,instance-96f7195a-d962-4b96-a6b4-4fbab5eff06c,instance.edit.started,"{'instance_id': 'instance-96f7195a-d962-4b96-a6b4-4fbab5eff06c', 'instance_label': 'balloon', 'edit_type': 'graph', 'session_id': 'c8a11a37-2a2a-4691-84d9-7d4c35c7cc61', 'user_id': 'P5'}",5
769,2000-01-01 00:40:17,instance-96f7195a-d962-4b96-a6b4-4fbab5eff06c,instance.save,"{'instance_id': 'instance-96f7195a-d962-4b96-a6b4-4fbab5eff06c', 'session_id': 'c8a11a37-2a2a-4691-84d9-7d4c35c7cc61', 'user_id': 'P5'}",5
770,2000-01-01 00:40:17,instance-96f7195a-d962-4b96-a6b4-4fbab5eff06c,instance.updated,"{'instance_id': 'instance-96f7195a-d962-4b96-a6b4-4fbab5eff06c', 'instance_label': 'balloon', 'text_changed': False, 'graph_changed': True, 'session_id': 'c8a11a37-2a2a-4691-84d9-7d4c35c7cc61', 'user_id': 'P5'}",5
771,2000-01-01 00:40:27,instance-22c981cd-8c2b-408d-bda2-1c9405ff58ea,instance.edit.started,"{'instance_id': 'instance-22c981cd-8c2b-408d-bda2-1c9405ff58ea', 'instance_label': 'rabbit', 'edit_type': 'graph', 'session_id': 'c8a11a37-2a2a-4691-84d9-7d4c35c7cc61', 'user_id': 'P5'}",5
772,2000-01-01 00:40:34,instance-22c981cd-8c2b-408d-bda2-1c9405ff58ea,instance.save,"{'instance_id': 'instance-22c981cd-8c2b-408d-bda2-1c9405ff58ea', 'session_id': 'c8a11a37-2a2a-4691-84d9-7d4c35c7cc61', 'user_id': 'P5'}",5
773,2000-01-01 00:40:35,instance-22c981cd-8c2b-408d-bda2-1c9405ff58ea,instance.updated,"{'instance_id': 'instance-22c981cd-8c2b-408d-bda2-1c9405ff58ea', 'instance_label': 'rabbit', 'text_changed': False, 'graph_changed': True, 'session_id': 'c8a11a37-2a2a-4691-84d9-7d4c35c7cc61', 'user_id': 'P5'}",5
774,2000-01-01 00:41:08,,api.generate_image.succeeded,"{'global_caption': 'a scene featuring a smiling cute yellow rabbit with an animated style in the forest, a running smiling cute black rabbit with an animated character style looking at a tree in the forest while the rabbit looks at a balloon, a cute smiling white rabbit wearing a torn, muddy, and dirty blue jacket in the forest with an animated character while looking at a balloon, a big tree on the rabbit with a tree on the balloon, and a red balloon.', 'region_count': 5, 'has_image': True, 'detected_objects_count': 0, 'image_path': 'output/P5/2025-08-30_00-41-08/image.png', 'image_with_layout_path': 'output/P5/2025-08-30_00-41-08/image_with_layout.png', 'timestamp_dir': 'output/P5/2025-08-30_00-41-08', 'session_id': 'c8a11a37-2a2a-4691-84d9-7d4c35c7cc61', 'user_id': 'P5'}",5
775,2000-01-01 00:42:07,instance-0433a57e-4192-42f4-a52b-d3b8d058810e,instance.deleted,"{'instance_id': 'instance-0433a57e-4192-42f4-a52b-d3b8d058810e', 'instance_label': 'tree', 'is_from_class': False, 'class_id': None, 'session_id': 'c8a11a37-2a2a-4691-84d9-7d4c35c7cc61', 'user_id': 'P5'}",5
776,2000-01-01 00:42:33,class-8267a52d-5b60-4f16-abd3-e57662c661e8,class_detail_opened,"{'class_id': 'class-8267a52d-5b60-4f16-abd3-e57662c661e8', 'class_name': 'rabbit Class', 'instance_count': 3, 'session_id': 'c8a11a37-2a2a-4691-84d9-7d4c35c7cc61', 'user_id': 'P5'}",5
777,2000-01-01 00:42:35,class-8267a52d-5b60-4f16-abd3-e57662c661e8,class.edit.started,"{'class_id': 'class-8267a52d-5b60-4f16-abd3-e57662c661e8', 'class_name': 'rabbit Class', 'placeholder_count': 3, 'object_count': 3, 'session_id': 'c8a11a37-2a2a-4691-84d9-7d4c35c7cc61', 'user_id': 'P5'}",5
778,2000-01-01 00:42:51,class-8267a52d-5b60-4f16-abd3-e57662c661e8,class_detail_opened,"{'class_id': 'class-8267a52d-5b60-4f16-abd3-e57662c661e8', 'class_name': 'rabbit Class', 'instance_count': 3, 'session_id': 'c8a11a37-2a2a-4691-84d9-7d4c35c7cc61', 'user_id': 'P5'}",5
779,2000-01-01 00:42:53,class-8267a52d-5b60-4f16-abd3-e57662c661e8,class.edit.started,"{'class_id': 'class-8267a52d-5b60-4f16-abd3-e57662c661e8', 'class_name': 'rabbit Class', 'placeholder_count': 3, 'object_count': 3, 'session_id': 'c8a11a37-2a2a-4691-84d9-7d4c35c7cc61', 'user_id': 'P5'}",5
780,2000-01-01 00:42:59,class-8267a52d-5b60-4f16-abd3-e57662c661e8,class.updated,"{'class_id': 'class-8267a52d-5b60-4f16-abd3-e57662c661e8', 'class_name': 'rabbit Class', 'placeholder_count': 3, 'object_count': 3, 'session_id': 'c8a11a37-2a2a-4691-84d9-7d4c35c7cc61', 'user_id': 'P5'}",5
781,2000-01-01 00:43:10,class-8267a52d-5b60-4f16-abd3-e57662c661e8,class_detail_opened,"{'class_id': 'class-8267a52d-5b60-4f16-abd3-e57662c661e8', 'class_name': 'rabbit Class', 'instance_count': 3, 'session_id': 'c8a11a37-2a2a-4691-84d9-7d4c35c7cc61', 'user_id': 'P5'}",5
782,2000-01-01 00:43:12,class-8267a52d-5b60-4f16-abd3-e57662c661e8,class.edit.started,"{'class_id': 'class-8267a52d-5b60-4f16-abd3-e57662c661e8', 'class_name': 'rabbit Class', 'placeholder_count': 3, 'object_count': 3, 'session_id': 'c8a11a37-2a2a-4691-84d9-7d4c35c7cc61', 'user_id': 'P5'}",5
783,2000-01-01 00:43:21,class-8267a52d-5b60-4f16-abd3-e57662c661e8,class.updated,"{'class_id': 'class-8267a52d-5b60-4f16-abd3-e57662c661e8', 'class_name': 'rabbit Class', 'placeholder_count': 3, 'object_count': 3, 'session_id': 'c8a11a37-2a2a-4691-84d9-7d4c35c7cc61', 'user_id': 'P5'}",5
784,2000-01-01 00:43:30,class-8267a52d-5b60-4f16-abd3-e57662c661e8,class.edit.started,"{'class_id': 'class-8267a52d-5b60-4f16-abd3-e57662c661e8', 'class_name': 'rabbit Class', 'placeholder_count': 3, 'object_count': 3, 'session_id': 'c8a11a37-2a2a-4691-84d9-7d4c35c7cc61', 'user_id': 'P5'}",5
785,2000-01-01 00:43:36,class-8267a52d-5b60-4f16-abd3-e57662c661e8,class.updated,"{'class_id': 'class-8267a52d-5b60-4f16-abd3-e57662c661e8', 'class_name': 'rabbit Class', 'placeholder_count': 3, 'object_count': 3, 'session_id': 'c8a11a37-2a2a-4691-84d9-7d4c35c7cc61', 'user_id': 'P5'}",5
786,2000-01-01 00:43:46,instance-b3ff8f32-a1d6-44e2-bc26-cb8607b96358,instance.edit.started,"{'instance_id': 'instance-b3ff8f32-a1d6-44e2-bc26-cb8607b96358', 'instance_label': 'rabbit', 'edit_type': 'text', 'session_id': 'c8a11a37-2a2a-4691-84d9-7d4c35c7cc61', 'user_id': 'P5'}",5
787,2000-01-01 00:44:00,instance-b3ff8f32-a1d6-44e2-bc26-cb8607b96358,instance.save,"{'instance_id': 'instance-b3ff8f32-a1d6-44e2-bc26-cb8607b96358', 'session_id': 'c8a11a37-2a2a-4691-84d9-7d4c35c7cc61', 'user_id': 'P5'}",5
788,2000-01-01 00:44:05,instance-b3ff8f32-a1d6-44e2-bc26-cb8607b96358,instance.updated,"{'instance_id': 'instance-b3ff8f32-a1d6-44e2-bc26-cb8607b96358', 'instance_label': 'rabbit', 'text_changed': True, 'graph_changed': False, 'session_id': 'c8a11a37-2a2a-4691-84d9-7d4c35c7cc61', 'user_id': 'P5'}",5
789,2000-01-01 00:44:08,instance-22c981cd-8c2b-408d-bda2-1c9405ff58ea,instance.edit.started,"{'instance_id': 'instance-22c981cd-8c2b-408d-bda2-1c9405ff58ea', 'instance_label': 'rabbit', 'edit_type': 'text', 'session_id': 'c8a11a37-2a2a-4691-84d9-7d4c35c7cc61', 'user_id': 'P5'}",5
790,2000-01-01 00:44:10,instance-22c981cd-8c2b-408d-bda2-1c9405ff58ea,instance.save,"{'instance_id': 'instance-22c981cd-8c2b-408d-bda2-1c9405ff58ea', 'session_id': 'c8a11a37-2a2a-4691-84d9-7d4c35c7cc61', 'user_id': 'P5'}",5
791,2000-01-01 00:44:15,instance-22c981cd-8c2b-408d-bda2-1c9405ff58ea,instance.updated,"{'instance_id': 'instance-22c981cd-8c2b-408d-bda2-1c9405ff58ea', 'instance_label': 'rabbit', 'text_changed': True, 'graph_changed': False, 'session_id': 'c8a11a37-2a2a-4691-84d9-7d4c35c7cc61', 'user_id': 'P5'}",5
792,2000-01-01 00:44:18,instance-c268e2a5-e7e0-44c4-8c33-ed6db2a7ed0a,instance.edit.started,"{'instance_id': 'instance-c268e2a5-e7e0-44c4-8c33-ed6db2a7ed0a', 'instance_label': 'rabbit', 'edit_type': 'text', 'session_id': 'c8a11a37-2a2a-4691-84d9-7d4c35c7cc61', 'user_id': 'P5'}",5
793,2000-01-01 00:44:21,instance-c268e2a5-e7e0-44c4-8c33-ed6db2a7ed0a,instance.save,"{'instance_id': 'instance-c268e2a5-e7e0-44c4-8c33-ed6db2a7ed0a', 'session_id': 'c8a11a37-2a2a-4691-84d9-7d4c35c7cc61', 'user_id': 'P5'}",5
794,2000-01-01 00:44:25,instance-c268e2a5-e7e0-44c4-8c33-ed6db2a7ed0a,instance.updated,"{'instance_id': 'instance-c268e2a5-e7e0-44c4-8c33-ed6db2a7ed0a', 'instance_label': 'rabbit', 'text_changed': True, 'graph_changed': False, 'session_id': 'c8a11a37-2a2a-4691-84d9-7d4c35c7cc61', 'user_id': 'P5'}",5
795,2000-01-01 00:44:54,,api.generate_image.succeeded,"{'global_caption': 'a scene featuring a dirty smiling cute yellow rabbit with an animated style in the forest, a dirty smiling cute black rabbit with an animated character style in the forest, a dirty cute smiling white rabbit in the forest with an animated character holding a red balloon, and a red balloon.', 'region_count': 4, 'has_image': True, 'detected_objects_count': 0, 'image_path': 'output/P5/2025-08-30_00-44-53/image.png', 'image_with_layout_path': 'output/P5/2025-08-30_00-44-53/image_with_layout.png', 'timestamp_dir': 'output/P5/2025-08-30_00-44-53', 'session_id': 'c8a11a37-2a2a-4691-84d9-7d4c35c7cc61', 'user_id': 'P5'}",5
796,2000-01-01 00:45:14,instance-b3ff8f32-a1d6-44e2-bc26-cb8607b96358,instance.edit.started,"{'instance_id': 'instance-b3ff8f32-a1d6-44e2-bc26-cb8607b96358', 'instance_label': 'rabbit', 'edit_type': 'text', 'session_id': 'c8a11a37-2a2a-4691-84d9-7d4c35c7cc61', 'user_id': 'P5'}",5
797,2000-01-01 00:45:25,instance-b3ff8f32-a1d6-44e2-bc26-cb8607b96358,instance.save,"{'instance_id': 'instance-b3ff8f32-a1d6-44e2-bc26-cb8607b96358', 'session_id': 'c8a11a37-2a2a-4691-84d9-7d4c35c7cc61', 'user_id': 'P5'}",5
798,2000-01-01 00:45:29,instance-b3ff8f32-a1d6-44e2-bc26-cb8607b96358,instance.updated,"{'instance_id': 'instance-b3ff8f32-a1d6-44e2-bc26-cb8607b96358', 'instance_label': 'rabbit', 'text_changed': True, 'graph_changed': False, 'session_id': 'c8a11a37-2a2a-4691-84d9-7d4c35c7cc61', 'user_id': 'P5'}",5
799,2000-01-01 00:45:34,instance-b3ff8f32-a1d6-44e2-bc26-cb8607b96358,instance.edit.started,"{'instance_id': 'instance-b3ff8f32-a1d6-44e2-bc26-cb8607b96358', 'instance_label': 'rabbit', 'edit_type': 'graph', 'session_id': 'c8a11a37-2a2a-4691-84d9-7d4c35c7cc61', 'user_id': 'P5'}",5
800,2000-01-01 00:45:36,instance-b3ff8f32-a1d6-44e2-bc26-cb8607b96358,object_node.edit.started,"{'object_id': 'object3', 'object_name': 'jacket', 'edit_mode': 'adding', 'is_class_mode': False, 'parent_instance_id': 'instance-b3ff8f32-a1d6-44e2-bc26-cb8607b96358', 'session_id': 'c8a11a37-2a2a-4691-84d9-7d4c35c7cc61', 'user_id': 'P5'}",5
801,2000-01-01 00:45:39,instance-b3ff8f32-a1d6-44e2-bc26-cb8607b96358,object_node.edit.started,"{'object_id': 'object3', 'object_name': 'jacket', 'edit_mode': 'adding', 'is_class_mode': False, 'parent_instance_id': 'instance-b3ff8f32-a1d6-44e2-bc26-cb8607b96358', 'session_id': 'c8a11a37-2a2a-4691-84d9-7d4c35c7cc61', 'user_id': 'P5'}",5
802,2000-01-01 00:45:41,instance-b3ff8f32-a1d6-44e2-bc26-cb8607b96358,object_node.edit.started,"{'object_id': 'object3', 'object_name': 'jacket', 'edit_mode': 'adding', 'is_class_mode': False, 'parent_instance_id': 'instance-b3ff8f32-a1d6-44e2-bc26-cb8607b96358', 'session_id': 'c8a11a37-2a2a-4691-84d9-7d4c35c7cc61', 'user_id': 'P5'}",5
803,2000-01-01 00:45:44,instance-b3ff8f32-a1d6-44e2-bc26-cb8607b96358,instance.save,"{'instance_id': 'instance-b3ff8f32-a1d6-44e2-bc26-cb8607b96358', 'session_id': 'c8a11a37-2a2a-4691-84d9-7d4c35c7cc61', 'user_id': 'P5'}",5
804,2000-01-01 00:45:45,instance-b3ff8f32-a1d6-44e2-bc26-cb8607b96358,instance.updated,"{'instance_id': 'instance-b3ff8f32-a1d6-44e2-bc26-cb8607b96358', 'instance_label': 'rabbit', 'text_changed': False, 'graph_changed': True, 'session_id': 'c8a11a37-2a2a-4691-84d9-7d4c35c7cc61', 'user_id': 'P5'}",5
805,2000-01-01 00:46:11,,api.generate_image.succeeded,"{'global_caption': 'a scene featuring a dirty smiling cute yellow rabbit with an animated style in the forest, a dirty smiling cute black rabbit with an animated character style in the forest, a dirty cute smiling white rabbit wearing a muddy, torn blue jacket in the forest with an animated character, holding a red balloon, and a red balloon.', 'region_count': 4, 'has_image': True, 'detected_objects_count': 0, 'image_path': 'output/P5/2025-08-30_00-46-10/image.png', 'image_with_layout_path': 'output/P5/2025-08-30_00-46-10/image_with_layout.png', 'timestamp_dir': 'output/P5/2025-08-30_00-46-10', 'session_id': 'c8a11a37-2a2a-4691-84d9-7d4c35c7cc61', 'user_id': 'P5'}",5
806,2000-01-01 01:53:08,,instance.created_from_text,"{'position': {'x': 157.078125, 'y': 250}, 'screen_position': {'x': 215, 'y': 278}, 'board_type': 'advanced', 'session_id': '56ad08db-2913-4791-82ee-e1f328d5feca', 'user_id': 'P6'}",6
807,2000-01-01 01:53:46,instance-423df8d8-b63f-4339-a5b9-2707ec0bbe01,instance.edit.started,"{'instance_id': 'instance-423df8d8-b63f-4339-a5b9-2707ec0bbe01', 'instance_label': 'rabbit', 'edit_type': 'text', 'session_id': '56ad08db-2913-4791-82ee-e1f328d5feca', 'user_id': 'P6'}",6
808,2000-01-01 01:53:51,instance-423df8d8-b63f-4339-a5b9-2707ec0bbe01,instance.save,"{'instance_id': 'instance-423df8d8-b63f-4339-a5b9-2707ec0bbe01', 'session_id': '56ad08db-2913-4791-82ee-e1f328d5feca', 'user_id': 'P6'}",6
809,2000-01-01 01:53:53,instance-423df8d8-b63f-4339-a5b9-2707ec0bbe01,instance.updated,"{'instance_id': 'instance-423df8d8-b63f-4339-a5b9-2707ec0bbe01', 'instance_label': 'rabbit', 'text_changed': True, 'graph_changed': False, 'session_id': '56ad08db-2913-4791-82ee-e1f328d5feca', 'user_id': 'P6'}",6
810,2000-01-01 01:53:55,instance-423df8d8-b63f-4339-a5b9-2707ec0bbe01,class.create.started,"{'instance_id': 'instance-423df8d8-b63f-4339-a5b9-2707ec0bbe01', 'instance_label': 'rabbit', 'has_scene_graph': True, 'object_count': 1, 'session_id': '56ad08db-2913-4791-82ee-e1f328d5feca', 'user_id': 'P6'}",6
811,2000-01-01 01:53:56,class-d1edcf0e-1216-41bc-9a78-7ee27c4720df,class.created,"{'class_id': 'class-d1edcf0e-1216-41bc-9a78-7ee27c4720df', 'class_name': 'rabbit Class', 'placeholder_count': 1, 'created_from': 'rabbit', 'session_id': '56ad08db-2913-4791-82ee-e1f328d5feca', 'user_id': 'P6'}",6
812,2000-01-01 01:54:13,,instance.created_from_text,"{'position': {'x': 264.078125, 'y': 316}, 'screen_position': {'x': 322, 'y': 308}, 'board_type': 'advanced', 'session_id': '56ad08db-2913-4791-82ee-e1f328d5feca', 'user_id': 'P6'}",6
813,2000-01-01 01:54:29,instance-423df8d8-b63f-4339-a5b9-2707ec0bbe01,instance.edit.started,"{'instance_id': 'instance-423df8d8-b63f-4339-a5b9-2707ec0bbe01', 'instance_label': 'rabbit', 'edit_type': 'text', 'session_id': '56ad08db-2913-4791-82ee-e1f328d5feca', 'user_id': 'P6'}",6
814,2000-01-01 01:54:45,class-d1edcf0e-1216-41bc-9a78-7ee27c4720df,class_detail_opened,"{'class_id': 'class-d1edcf0e-1216-41bc-9a78-7ee27c4720df', 'class_name': 'rabbit Class', 'instance_count': 1, 'session_id': '56ad08db-2913-4791-82ee-e1f328d5feca', 'user_id': 'P6'}",6
815,2000-01-01 01:54:48,class-d1edcf0e-1216-41bc-9a78-7ee27c4720df,class_detail_opened,"{'class_id': 'class-d1edcf0e-1216-41bc-9a78-7ee27c4720df', 'class_name': 'rabbit Class', 'instance_count': 1, 'session_id': '56ad08db-2913-4791-82ee-e1f328d5feca', 'user_id': 'P6'}",6
816,2000-01-01 01:54:56,class-d1edcf0e-1216-41bc-9a78-7ee27c4720df,class_detail_opened,"{'class_id': 'class-d1edcf0e-1216-41bc-9a78-7ee27c4720df', 'class_name': 'rabbit Class', 'instance_count': 1, 'session_id': '56ad08db-2913-4791-82ee-e1f328d5feca', 'user_id': 'P6'}",6
817,2000-01-01 01:54:59,class-d1edcf0e-1216-41bc-9a78-7ee27c4720df,class.instance_creation.started,"{'class_id': 'class-d1edcf0e-1216-41bc-9a78-7ee27c4720df', 'class_name': 'rabbit Class', 'session_id': '56ad08db-2913-4791-82ee-e1f328d5feca', 'user_id': 'P6'}",6
818,2000-01-01 01:55:03,class-d1edcf0e-1216-41bc-9a78-7ee27c4720df,instance.create_from_class.started,"{'class_id': 'class-d1edcf0e-1216-41bc-9a78-7ee27c4720df', 'class_name': 'rabbit Class', 'value_count': 2, 'session_id': '56ad08db-2913-4791-82ee-e1f328d5feca', 'user_id': 'P6'}",6
819,2000-01-01 01:55:05,instance-84ffde39-3409-41b3-a780-996e5bc941d5,instance.created_from_class,"{'instance_id': 'instance-84ffde39-3409-41b3-a780-996e5bc941d5', 'class_id': 'class-d1edcf0e-1216-41bc-9a78-7ee27c4720df', 'instance_label': 'Rabbit', 'has_text_description': True, 'session_id': '56ad08db-2913-4791-82ee-e1f328d5feca', 'user_id': 'P6'}",6
820,2000-01-01 01:55:07,class-d1edcf0e-1216-41bc-9a78-7ee27c4720df,class.instance_creation.started,"{'class_id': 'class-d1edcf0e-1216-41bc-9a78-7ee27c4720df', 'class_name': 'rabbit Class', 'session_id': '56ad08db-2913-4791-82ee-e1f328d5feca', 'user_id': 'P6'}",6
821,2000-01-01 01:55:09,class-d1edcf0e-1216-41bc-9a78-7ee27c4720df,instance.create_from_class.started,"{'class_id': 'class-d1edcf0e-1216-41bc-9a78-7ee27c4720df', 'class_name': 'rabbit Class', 'value_count': 2, 'session_id': '56ad08db-2913-4791-82ee-e1f328d5feca', 'user_id': 'P6'}",6
822,2000-01-01 01:55:10,instance-8fe57385-eae0-4ae3-a026-9cc2a08d90aa,instance.created_from_class,"{'instance_id': 'instance-8fe57385-eae0-4ae3-a026-9cc2a08d90aa', 'class_id': 'class-d1edcf0e-1216-41bc-9a78-7ee27c4720df', 'instance_label': 'Rabbit', 'has_text_description': True, 'session_id': '56ad08db-2913-4791-82ee-e1f328d5feca', 'user_id': 'P6'}",6
823,2000-01-01 01:55:11,class-d1edcf0e-1216-41bc-9a78-7ee27c4720df,class.instance_creation.started,"{'class_id': 'class-d1edcf0e-1216-41bc-9a78-7ee27c4720df', 'class_name': 'rabbit Class', 'session_id': '56ad08db-2913-4791-82ee-e1f328d5feca', 'user_id': 'P6'}",6
824,2000-01-01 01:55:12,class-d1edcf0e-1216-41bc-9a78-7ee27c4720df,instance.create_from_class.started,"{'class_id': 'class-d1edcf0e-1216-41bc-9a78-7ee27c4720df', 'class_name': 'rabbit Class', 'value_count': 2, 'session_id': '56ad08db-2913-4791-82ee-e1f328d5feca', 'user_id': 'P6'}",6
825,2000-01-01 01:55:13,instance-f835dbc1-a679-4b93-9f66-edeb7e2fd523,instance.created_from_class,"{'instance_id': 'instance-f835dbc1-a679-4b93-9f66-edeb7e2fd523', 'class_id': 'class-d1edcf0e-1216-41bc-9a78-7ee27c4720df', 'instance_label': 'Rabbit', 'has_text_description': True, 'session_id': '56ad08db-2913-4791-82ee-e1f328d5feca', 'user_id': 'P6'}",6
826,2000-01-01 01:55:35,,instance.created_from_text,"{'position': {'x': 163.078125, 'y': 121}, 'screen_position': {'x': 221, 'y': 164}, 'board_type': 'advanced', 'session_id': '56ad08db-2913-4791-82ee-e1f328d5feca', 'user_id': 'P6'}",6
827,2000-01-01 01:56:17,,api.generate_image.succeeded,"{'global_caption': 'a scene featuring a cute rabbit, a rabbit, a cute rabbit, a cute rabbit, a cute rabbit, and a forest background', 'region_count': 6, 'has_image': True, 'detected_objects_count': 0, 'image_path': 'output/P6/2025-08-30_01-56-17/image.png', 'image_with_layout_path': 'output/P6/2025-08-30_01-56-17/image_with_layout.png', 'timestamp_dir': 'output/P6/2025-08-30_01-56-17', 'session_id': '56ad08db-2913-4791-82ee-e1f328d5feca', 'user_id': 'P6'}",6
828,2000-01-01 01:56:40,instance-423df8d8-b63f-4339-a5b9-2707ec0bbe01,instance.edit.started,"{'instance_id': 'instance-423df8d8-b63f-4339-a5b9-2707ec0bbe01', 'instance_label': 'rabbit', 'edit_type': 'text', 'session_id': '56ad08db-2913-4791-82ee-e1f328d5feca', 'user_id': 'P6'}",6
829,2000-01-01 01:56:58,instance-423df8d8-b63f-4339-a5b9-2707ec0bbe01,instance.save,"{'instance_id': 'instance-423df8d8-b63f-4339-a5b9-2707ec0bbe01', 'session_id': '56ad08db-2913-4791-82ee-e1f328d5feca', 'user_id': 'P6'}",6
830,2000-01-01 01:57:03,instance-423df8d8-b63f-4339-a5b9-2707ec0bbe01,instance.updated,"{'instance_id': 'instance-423df8d8-b63f-4339-a5b9-2707ec0bbe01', 'instance_label': 'rabbit', 'text_changed': True, 'graph_changed': False, 'session_id': '56ad08db-2913-4791-82ee-e1f328d5feca', 'user_id': 'P6'}",6
831,2000-01-01 01:57:16,instance-423df8d8-b63f-4339-a5b9-2707ec0bbe01,object_node.extract.initiated,"{'object_id': 'object2', 'object_name': 'jacket', 'parent_instance_id': 'instance-423df8d8-b63f-4339-a5b9-2707ec0bbe01', 'session_id': '56ad08db-2913-4791-82ee-e1f328d5feca', 'user_id': 'P6'}",6
832,2000-01-01 01:57:19,instance-423df8d8-b63f-4339-a5b9-2707ec0bbe01,object_node.extract.cancelled,"{'object_id': 'object2', 'object_name': 'jacket', 'parent_instance_id': 'instance-423df8d8-b63f-4339-a5b9-2707ec0bbe01', 'session_id': '56ad08db-2913-4791-82ee-e1f328d5feca', 'user_id': 'P6'}",6
833,2000-01-01 01:57:30,instance-f835dbc1-a679-4b93-9f66-edeb7e2fd523,instance.edit.started,"{'instance_id': 'instance-f835dbc1-a679-4b93-9f66-edeb7e2fd523', 'instance_label': 'Rabbit', 'edit_type': 'text', 'session_id': '56ad08db-2913-4791-82ee-e1f328d5feca', 'user_id': 'P6'}",6
834,2000-01-01 01:57:48,instance-f835dbc1-a679-4b93-9f66-edeb7e2fd523,instance.save,"{'instance_id': 'instance-f835dbc1-a679-4b93-9f66-edeb7e2fd523', 'session_id': '56ad08db-2913-4791-82ee-e1f328d5feca', 'user_id': 'P6'}",6
835,2000-01-01 01:57:51,instance-f835dbc1-a679-4b93-9f66-edeb7e2fd523,instance.updated,"{'instance_id': 'instance-f835dbc1-a679-4b93-9f66-edeb7e2fd523', 'instance_label': 'rabbit', 'text_changed': True, 'graph_changed': False, 'session_id': '56ad08db-2913-4791-82ee-e1f328d5feca', 'user_id': 'P6'}",6
836,2000-01-01 01:57:53,instance-8fe57385-eae0-4ae3-a026-9cc2a08d90aa,instance.edit.started,"{'instance_id': 'instance-8fe57385-eae0-4ae3-a026-9cc2a08d90aa', 'instance_label': 'Rabbit', 'edit_type': 'text', 'session_id': '56ad08db-2913-4791-82ee-e1f328d5feca', 'user_id': 'P6'}",6
837,2000-01-01 01:57:59,instance-8fe57385-eae0-4ae3-a026-9cc2a08d90aa,instance.save,"{'instance_id': 'instance-8fe57385-eae0-4ae3-a026-9cc2a08d90aa', 'session_id': '56ad08db-2913-4791-82ee-e1f328d5feca', 'user_id': 'P6'}",6
838,2000-01-01 01:58:02,instance-8fe57385-eae0-4ae3-a026-9cc2a08d90aa,instance.updated,"{'instance_id': 'instance-8fe57385-eae0-4ae3-a026-9cc2a08d90aa', 'instance_label': 'rabbit', 'text_changed': True, 'graph_changed': False, 'session_id': '56ad08db-2913-4791-82ee-e1f328d5feca', 'user_id': 'P6'}",6
839,2000-01-01 01:58:11,instance-84ffde39-3409-41b3-a780-996e5bc941d5,instance.edit.started,"{'instance_id': 'instance-84ffde39-3409-41b3-a780-996e5bc941d5', 'instance_label': 'Rabbit', 'edit_type': 'text', 'session_id': '56ad08db-2913-4791-82ee-e1f328d5feca', 'user_id': 'P6'}",6
840,2000-01-01 01:58:18,instance-84ffde39-3409-41b3-a780-996e5bc941d5,instance.save,"{'instance_id': 'instance-84ffde39-3409-41b3-a780-996e5bc941d5', 'session_id': '56ad08db-2913-4791-82ee-e1f328d5feca', 'user_id': 'P6'}",6
841,2000-01-01 01:58:20,instance-84ffde39-3409-41b3-a780-996e5bc941d5,instance.updated,"{'instance_id': 'instance-84ffde39-3409-41b3-a780-996e5bc941d5', 'instance_label': 'rabbit', 'text_changed': True, 'graph_changed': False, 'session_id': '56ad08db-2913-4791-82ee-e1f328d5feca', 'user_id': 'P6'}",6
842,2000-01-01 01:58:22,instance-242e9921-37f1-4467-81f7-21a38db468d9,instance.edit.started,"{'instance_id': 'instance-242e9921-37f1-4467-81f7-21a38db468d9', 'instance_label': 'rabbit', 'edit_type': 'text', 'session_id': '56ad08db-2913-4791-82ee-e1f328d5feca', 'user_id': 'P6'}",6
843,2000-01-01 01:58:33,instance-242e9921-37f1-4467-81f7-21a38db468d9,instance.save,"{'instance_id': 'instance-242e9921-37f1-4467-81f7-21a38db468d9', 'session_id': '56ad08db-2913-4791-82ee-e1f328d5feca', 'user_id': 'P6'}",6
844,2000-01-01 01:58:36,instance-242e9921-37f1-4467-81f7-21a38db468d9,instance.updated,"{'instance_id': 'instance-242e9921-37f1-4467-81f7-21a38db468d9', 'instance_label': 'rabbit', 'text_changed': True, 'graph_changed': False, 'session_id': '56ad08db-2913-4791-82ee-e1f328d5feca', 'user_id': 'P6'}",6
845,2000-01-01 01:59:05,,api.generate_image.succeeded,"{'global_caption': 'a scene featuring a cute rabbit standing and wearing a blue jacket, a rabbit wearing glasses and a suit, a cute rabbit wearing a hat, a cute rabbit wearing a t-shirt, a cute rabbit waving and wearing clothes, and a forest background', 'region_count': 6, 'has_image': True, 'detected_objects_count': 0, 'image_path': 'output/P6/2025-08-30_01-59-05/image.png', 'image_with_layout_path': 'output/P6/2025-08-30_01-59-05/image_with_layout.png', 'timestamp_dir': 'output/P6/2025-08-30_01-59-05', 'session_id': '56ad08db-2913-4791-82ee-e1f328d5feca', 'user_id': 'P6'}",6
846,2000-01-01 02:00:15,,api.generate_image.succeeded,"{'global_caption': 'a scene featuring a cute rabbit standing and wearing a blue jacket, a rabbit wearing glasses and a suit, a cute rabbit wearing a hat, a cute rabbit wearing a t-shirt, a cute rabbit waving and wearing clothes, and a forest background', 'region_count': 6, 'has_image': True, 'detected_objects_count': 0, 'image_path': 'output/P6/2025-08-30_02-00-14/image.png', 'image_with_layout_path': 'output/P6/2025-08-30_02-00-14/image_with_layout.png', 'timestamp_dir': 'output/P6/2025-08-30_02-00-14', 'session_id': '56ad08db-2913-4791-82ee-e1f328d5feca', 'user_id': 'P6'}",6
847,2000-01-01 02:00:42,,scene_saved,"{'slotNumber': 1, 'instanceCount': 6, 'nodeCount': 12, 'edgeCount': 0, 'session_id': '56ad08db-2913-4791-82ee-e1f328d5feca', 'user_id': 'P6'}",6
848,2000-01-01 02:01:17,instance-f835dbc1-a679-4b93-9f66-edeb7e2fd523,instance.deleted,"{'instance_id': 'instance-f835dbc1-a679-4b93-9f66-edeb7e2fd523', 'instance_label': 'rabbit', 'is_from_class': True, 'class_id': 'class-d1edcf0e-1216-41bc-9a78-7ee27c4720df', 'session_id': '56ad08db-2913-4791-82ee-e1f328d5feca', 'user_id': 'P6'}",6
849,2000-01-01 02:01:19,instance-8fe57385-eae0-4ae3-a026-9cc2a08d90aa,instance.deleted,"{'instance_id': 'instance-8fe57385-eae0-4ae3-a026-9cc2a08d90aa', 'instance_label': 'rabbit', 'is_from_class': True, 'class_id': 'class-d1edcf0e-1216-41bc-9a78-7ee27c4720df', 'session_id': '56ad08db-2913-4791-82ee-e1f328d5feca', 'user_id': 'P6'}",6
850,2000-01-01 02:01:22,instance-84ffde39-3409-41b3-a780-996e5bc941d5,instance.deleted,"{'instance_id': 'instance-84ffde39-3409-41b3-a780-996e5bc941d5', 'instance_label': 'rabbit', 'is_from_class': True, 'class_id': 'class-d1edcf0e-1216-41bc-9a78-7ee27c4720df', 'session_id': '56ad08db-2913-4791-82ee-e1f328d5feca', 'user_id': 'P6'}",6
851,2000-01-01 02:01:24,instance-242e9921-37f1-4467-81f7-21a38db468d9,instance.deleted,"{'instance_id': 'instance-242e9921-37f1-4467-81f7-21a38db468d9', 'instance_label': 'rabbit', 'is_from_class': False, 'class_id': None, 'session_id': '56ad08db-2913-4791-82ee-e1f328d5feca', 'user_id': 'P6'}",6
852,2000-01-01 02:01:28,instance-423df8d8-b63f-4339-a5b9-2707ec0bbe01,instance.edit.started,"{'instance_id': 'instance-423df8d8-b63f-4339-a5b9-2707ec0bbe01', 'instance_label': 'rabbit', 'edit_type': 'text', 'session_id': '56ad08db-2913-4791-82ee-e1f328d5feca', 'user_id': 'P6'}",6
853,2000-01-01 02:02:04,instance-423df8d8-b63f-4339-a5b9-2707ec0bbe01,instance.save,"{'instance_id': 'instance-423df8d8-b63f-4339-a5b9-2707ec0bbe01', 'session_id': '56ad08db-2913-4791-82ee-e1f328d5feca', 'user_id': 'P6'}",6
854,2000-01-01 02:02:08,instance-423df8d8-b63f-4339-a5b9-2707ec0bbe01,instance.updated,"{'instance_id': 'instance-423df8d8-b63f-4339-a5b9-2707ec0bbe01', 'instance_label': 'rabbit', 'text_changed': True, 'graph_changed': False, 'session_id': '56ad08db-2913-4791-82ee-e1f328d5feca', 'user_id': 'P6'}",6
855,2000-01-01 02:02:39,,api.generate_image.succeeded,"{'global_caption': 'a scene featuring a cute rabbit standing and wearing a blue jacket, holding a red balloon and smiling, against a forest background', 'region_count': 2, 'has_image': True, 'detected_objects_count': 0, 'image_path': 'output/P6/2025-08-30_02-02-38/image.png', 'image_with_layout_path': 'output/P6/2025-08-30_02-02-38/image_with_layout.png', 'timestamp_dir': 'output/P6/2025-08-30_02-02-38', 'session_id': '56ad08db-2913-4791-82ee-e1f328d5feca', 'user_id': 'P6'}",6
856,2000-01-01 02:02:50,instance-423df8d8-b63f-4339-a5b9-2707ec0bbe01,object_node.extract.initiated,"{'object_id': 'object3', 'object_name': 'balloon', 'parent_instance_id': 'instance-423df8d8-b63f-4339-a5b9-2707ec0bbe01', 'session_id': '56ad08db-2913-4791-82ee-e1f328d5feca', 'user_id': 'P6'}",6
857,2000-01-01 02:02:52,instance-423df8d8-b63f-4339-a5b9-2707ec0bbe01,object_node.extract.confirmed,"{'object_id': 'object3', 'object_name': 'balloon', 'parent_instance_id': 'instance-423df8d8-b63f-4339-a5b9-2707ec0bbe01', 'session_id': '56ad08db-2913-4791-82ee-e1f328d5feca', 'user_id': 'P6'}",6
858,2000-01-01 02:03:39,,api.generate_image.succeeded,"{'global_caption': 'a scene featuring a cute rabbit standing and smiling while wearing a blue jacket and holding a red balloon, against a forest background', 'region_count': 3, 'has_image': True, 'detected_objects_count': 0, 'image_path': 'output/P6/2025-08-30_02-03-38/image.png', 'image_with_layout_path': 'output/P6/2025-08-30_02-03-38/image_with_layout.png', 'timestamp_dir': 'output/P6/2025-08-30_02-03-38', 'session_id': '56ad08db-2913-4791-82ee-e1f328d5feca', 'user_id': 'P6'}",6
859,2000-01-01 02:03:53,,scene_saved,"{'slotNumber': 2, 'instanceCount': 3, 'nodeCount': 6, 'edgeCount': 1, 'session_id': '56ad08db-2913-4791-82ee-e1f328d5feca', 'user_id': 'P6'}",6
860,2000-01-01 02:04:17,instance-423df8d8-b63f-4339-a5b9-2707ec0bbe01,instance.edit.started,"{'instance_id': 'instance-423df8d8-b63f-4339-a5b9-2707ec0bbe01', 'instance_label': 'rabbit', 'edit_type': 'text', 'session_id': '56ad08db-2913-4791-82ee-e1f328d5feca', 'user_id': 'P6'}",6
861,2000-01-01 02:04:37,instance-423df8d8-b63f-4339-a5b9-2707ec0bbe01,instance.save,"{'instance_id': 'instance-423df8d8-b63f-4339-a5b9-2707ec0bbe01', 'session_id': '56ad08db-2913-4791-82ee-e1f328d5feca', 'user_id': 'P6'}",6
862,2000-01-01 02:04:40,instance-423df8d8-b63f-4339-a5b9-2707ec0bbe01,instance.updated,"{'instance_id': 'instance-423df8d8-b63f-4339-a5b9-2707ec0bbe01', 'instance_label': 'rabbit', 'text_changed': True, 'graph_changed': False, 'session_id': '56ad08db-2913-4791-82ee-e1f328d5feca', 'user_id': 'P6'}",6
863,2000-01-01 02:05:49,,api.generate_image.succeeded,"{'global_caption': 'a scene featuring a cute rabbit standing and crying while wearing a blue jacket and holding a rabbit-looking balloon in a forest background with a red balloon.', 'region_count': 3, 'has_image': True, 'detected_objects_count': 0, 'image_path': 'output/P6/2025-08-30_02-05-48/image.png', 'image_with_layout_path': 'output/P6/2025-08-30_02-05-48/image_with_layout.png', 'timestamp_dir': 'output/P6/2025-08-30_02-05-48', 'session_id': '56ad08db-2913-4791-82ee-e1f328d5feca', 'user_id': 'P6'}",6
864,2000-01-01 02:06:41,instance-423df8d8-b63f-4339-a5b9-2707ec0bbe01,instance.edit.started,"{'instance_id': 'instance-423df8d8-b63f-4339-a5b9-2707ec0bbe01', 'instance_label': 'rabbit', 'edit_type': 'text', 'session_id': '56ad08db-2913-4791-82ee-e1f328d5feca', 'user_id': 'P6'}",6
865,2000-01-01 02:07:23,instance-423df8d8-b63f-4339-a5b9-2707ec0bbe01,instance.save,"{'instance_id': 'instance-423df8d8-b63f-4339-a5b9-2707ec0bbe01', 'session_id': '56ad08db-2913-4791-82ee-e1f328d5feca', 'user_id': 'P6'}",6
866,2000-01-01 02:07:28,instance-423df8d8-b63f-4339-a5b9-2707ec0bbe01,instance.updated,"{'instance_id': 'instance-423df8d8-b63f-4339-a5b9-2707ec0bbe01', 'instance_label': 'rabbit', 'text_changed': True, 'graph_changed': False, 'session_id': '56ad08db-2913-4791-82ee-e1f328d5feca', 'user_id': 'P6'}",6
867,2000-01-01 02:07:33,instance-423df8d8-b63f-4339-a5b9-2707ec0bbe01,object_node.extract.initiated,"{'object_id': 'object2', 'object_name': 'jacket', 'parent_instance_id': 'instance-423df8d8-b63f-4339-a5b9-2707ec0bbe01', 'session_id': '56ad08db-2913-4791-82ee-e1f328d5feca', 'user_id': 'P6'}",6
868,2000-01-01 02:07:34,instance-423df8d8-b63f-4339-a5b9-2707ec0bbe01,object_node.extract.cancelled,"{'object_id': 'object2', 'object_name': 'jacket', 'parent_instance_id': 'instance-423df8d8-b63f-4339-a5b9-2707ec0bbe01', 'session_id': '56ad08db-2913-4791-82ee-e1f328d5feca', 'user_id': 'P6'}",6
869,2000-01-01 02:08:04,instance-c8069a7d-12ce-4e91-bf2f-c0ec58e2ce4e,instance.deleted,"{'instance_id': 'instance-c8069a7d-12ce-4e91-bf2f-c0ec58e2ce4e', 'instance_label': 'balloon', 'is_from_class': False, 'class_id': None, 'session_id': '56ad08db-2913-4791-82ee-e1f328d5feca', 'user_id': 'P6'}",6
870,2000-01-01 02:08:07,,scene_saved,"{'slotNumber': 6, 'instanceCount': 2, 'nodeCount': 4, 'edgeCount': 0, 'session_id': '56ad08db-2913-4791-82ee-e1f328d5feca', 'user_id': 'P6'}",6
871,2000-01-01 02:08:37,,api.generate_image.succeeded,"{'global_caption': 'a scene featuring a cute rabbit wearing a blue jacket standing and crying while looking at a red balloon above that it lost, with a forest background.', 'region_count': 2, 'has_image': True, 'detected_objects_count': 0, 'image_path': 'output/P6/2025-08-30_02-08-36/image.png', 'image_with_layout_path': 'output/P6/2025-08-30_02-08-36/image_with_layout.png', 'timestamp_dir': 'output/P6/2025-08-30_02-08-36', 'session_id': '56ad08db-2913-4791-82ee-e1f328d5feca', 'user_id': 'P6'}",6
872,2000-01-01 02:08:49,instance-423df8d8-b63f-4339-a5b9-2707ec0bbe01,instance.edit.started,"{'instance_id': 'instance-423df8d8-b63f-4339-a5b9-2707ec0bbe01', 'instance_label': 'rabbit', 'edit_type': 'text', 'session_id': '56ad08db-2913-4791-82ee-e1f328d5feca', 'user_id': 'P6'}",6
873,2000-01-01 02:09:15,instance-423df8d8-b63f-4339-a5b9-2707ec0bbe01,instance.save,"{'instance_id': 'instance-423df8d8-b63f-4339-a5b9-2707ec0bbe01', 'session_id': '56ad08db-2913-4791-82ee-e1f328d5feca', 'user_id': 'P6'}",6
874,2000-01-01 02:09:23,instance-423df8d8-b63f-4339-a5b9-2707ec0bbe01,instance.updated,"{'instance_id': 'instance-423df8d8-b63f-4339-a5b9-2707ec0bbe01', 'instance_label': 'rabbit', 'text_changed': True, 'graph_changed': False, 'session_id': '56ad08db-2913-4791-82ee-e1f328d5feca', 'user_id': 'P6'}",6
875,2000-01-01 02:09:48,,api.generate_image.succeeded,"{'global_caption': 'a scene featuring a cute rabbit wearing a blue jacket standing and crying while looking at a red balloon with no strings far above him that he lost, with a forest background.', 'region_count': 2, 'has_image': True, 'detected_objects_count': 0, 'image_path': 'output/P6/2025-08-30_02-09-47/image.png', 'image_with_layout_path': 'output/P6/2025-08-30_02-09-47/image_with_layout.png', 'timestamp_dir': 'output/P6/2025-08-30_02-09-47', 'session_id': '56ad08db-2913-4791-82ee-e1f328d5feca', 'user_id': 'P6'}",6
876,2000-01-01 02:09:55,,scene_saved,"{'slotNumber': 3, 'instanceCount': 2, 'nodeCount': 4, 'edgeCount': 0, 'session_id': '56ad08db-2913-4791-82ee-e1f328d5feca', 'user_id': 'P6'}",6
877,2000-01-01 02:10:14,instance-423df8d8-b63f-4339-a5b9-2707ec0bbe01,instance.edit.started,"{'instance_id': 'instance-423df8d8-b63f-4339-a5b9-2707ec0bbe01', 'instance_label': 'rabbit', 'edit_type': 'text', 'session_id': '56ad08db-2913-4791-82ee-e1f328d5feca', 'user_id': 'P6'}",6
878,2000-01-01 02:10:31,instance-423df8d8-b63f-4339-a5b9-2707ec0bbe01,instance.save,"{'instance_id': 'instance-423df8d8-b63f-4339-a5b9-2707ec0bbe01', 'session_id': '56ad08db-2913-4791-82ee-e1f328d5feca', 'user_id': 'P6'}",6
879,2000-01-01 02:10:35,instance-423df8d8-b63f-4339-a5b9-2707ec0bbe01,instance.updated,"{'instance_id': 'instance-423df8d8-b63f-4339-a5b9-2707ec0bbe01', 'instance_label': 'rabbit', 'text_changed': True, 'graph_changed': False, 'session_id': '56ad08db-2913-4791-82ee-e1f328d5feca', 'user_id': 'P6'}",6
880,2000-01-01 02:10:41,instance-423df8d8-b63f-4339-a5b9-2707ec0bbe01,class.create.started,"{'instance_id': 'instance-423df8d8-b63f-4339-a5b9-2707ec0bbe01', 'instance_label': 'rabbit', 'has_scene_graph': True, 'object_count': 2, 'session_id': '56ad08db-2913-4791-82ee-e1f328d5feca', 'user_id': 'P6'}",6
881,2000-01-01 02:10:43,class-3e083cf5-7d2e-4c69-8d33-a2d77dc1551d,class.created,"{'class_id': 'class-3e083cf5-7d2e-4c69-8d33-a2d77dc1551d', 'class_name': 'rabbit Class', 'placeholder_count': 2, 'created_from': 'rabbit', 'session_id': '56ad08db-2913-4791-82ee-e1f328d5feca', 'user_id': 'P6'}",6
882,2000-01-01 02:10:45,class-3e083cf5-7d2e-4c69-8d33-a2d77dc1551d,class_detail_opened,"{'class_id': 'class-3e083cf5-7d2e-4c69-8d33-a2d77dc1551d', 'class_name': 'rabbit Class', 'instance_count': 1, 'session_id': '56ad08db-2913-4791-82ee-e1f328d5feca', 'user_id': 'P6'}",6
883,2000-01-01 02:10:51,class-3e083cf5-7d2e-4c69-8d33-a2d77dc1551d,class.instance_creation.started,"{'class_id': 'class-3e083cf5-7d2e-4c69-8d33-a2d77dc1551d', 'class_name': 'rabbit Class', 'session_id': '56ad08db-2913-4791-82ee-e1f328d5feca', 'user_id': 'P6'}",6
884,2000-01-01 02:11:04,class-3e083cf5-7d2e-4c69-8d33-a2d77dc1551d,instance.create_from_class.started,"{'class_id': 'class-3e083cf5-7d2e-4c69-8d33-a2d77dc1551d', 'class_name': 'rabbit Class', 'value_count': 2, 'session_id': '56ad08db-2913-4791-82ee-e1f328d5feca', 'user_id': 'P6'}",6
885,2000-01-01 02:11:05,instance-9b1b4658-6ed4-4e50-ba0c-9e5afbb15533,instance.created_from_class,"{'instance_id': 'instance-9b1b4658-6ed4-4e50-ba0c-9e5afbb15533', 'class_id': 'class-3e083cf5-7d2e-4c69-8d33-a2d77dc1551d', 'instance_label': 'Rabbit', 'has_text_description': True, 'session_id': '56ad08db-2913-4791-82ee-e1f328d5feca', 'user_id': 'P6'}",6
886,2000-01-01 02:11:39,class-3e083cf5-7d2e-4c69-8d33-a2d77dc1551d,class_detail_opened,"{'class_id': 'class-3e083cf5-7d2e-4c69-8d33-a2d77dc1551d', 'class_name': 'rabbit Class', 'instance_count': 2, 'session_id': '56ad08db-2913-4791-82ee-e1f328d5feca', 'user_id': 'P6'}",6
887,2000-01-01 02:11:43,class-3e083cf5-7d2e-4c69-8d33-a2d77dc1551d,class.instance_creation.started,"{'class_id': 'class-3e083cf5-7d2e-4c69-8d33-a2d77dc1551d', 'class_name': 'rabbit Class', 'session_id': '56ad08db-2913-4791-82ee-e1f328d5feca', 'user_id': 'P6'}",6
888,2000-01-01 02:12:01,class-3e083cf5-7d2e-4c69-8d33-a2d77dc1551d,instance.create_from_class.started,"{'class_id': 'class-3e083cf5-7d2e-4c69-8d33-a2d77dc1551d', 'class_name': 'rabbit Class', 'value_count': 2, 'session_id': '56ad08db-2913-4791-82ee-e1f328d5feca', 'user_id': 'P6'}",6
889,2000-01-01 02:12:03,instance-c6522122-7b9a-4ae1-b126-8c995bcc088a,instance.created_from_class,"{'instance_id': 'instance-c6522122-7b9a-4ae1-b126-8c995bcc088a', 'class_id': 'class-3e083cf5-7d2e-4c69-8d33-a2d77dc1551d', 'instance_label': 'Rabbit', 'has_text_description': True, 'session_id': '56ad08db-2913-4791-82ee-e1f328d5feca', 'user_id': 'P6'}",6
890,2000-01-01 02:12:42,,api.generate_image.succeeded,"{'global_caption': 'a scene featuring a cute rabbit wearing a torn blue jacket searching around, a forest background, a cute rabbit wearing a torn green shirt searching around, and a cute rabbit wearing a torn yellow jacket searching around.', 'region_count': 4, 'has_image': True, 'detected_objects_count': 0, 'image_path': 'output/P6/2025-08-30_02-12-41/image.png', 'image_with_layout_path': 'output/P6/2025-08-30_02-12-41/image_with_layout.png', 'timestamp_dir': 'output/P6/2025-08-30_02-12-41', 'session_id': '56ad08db-2913-4791-82ee-e1f328d5feca', 'user_id': 'P6'}",6
891,2000-01-01 02:12:51,,scene_saved,"{'slotNumber': 4, 'instanceCount': 4, 'nodeCount': 8, 'edgeCount': 0, 'session_id': '56ad08db-2913-4791-82ee-e1f328d5feca', 'user_id': 'P6'}",6
892,2000-01-01 02:13:24,,instance.created_from_text,"{'position': {'x': 426.078125, 'y': 152}, 'screen_position': {'x': 484, 'y': 195}, 'board_type': 'advanced', 'session_id': '56ad08db-2913-4791-82ee-e1f328d5feca', 'user_id': 'P6'}",6
893,2000-01-01 02:15:13,,api.generate_image.succeeded,"{'global_caption': 'a scene featuring a cute rabbit wearing a torn blue jacket searching around a rabbit-looking balloon, a forest background, a cute rabbit wearing a torn green shirt searching around a rabbit-looking balloon, a cute rabbit wearing a torn yellow jacket searching around a rabbit-looking balloon, and a red balloon stuck on a tree branch', 'region_count': 5, 'has_image': True, 'detected_objects_count': 0, 'image_path': 'output/P6/2025-08-30_02-15-12/image.png', 'image_with_layout_path': 'output/P6/2025-08-30_02-15-12/image_with_layout.png', 'timestamp_dir': 'output/P6/2025-08-30_02-15-12', 'session_id': '56ad08db-2913-4791-82ee-e1f328d5feca', 'user_id': 'P6'}",6
894,2000-01-01 02:15:35,instance-fe815f5c-6a1c-483b-8c53-35377a9fd759,instance.edit.started,"{'instance_id': 'instance-fe815f5c-6a1c-483b-8c53-35377a9fd759', 'instance_label': 'balloon', 'edit_type': 'text', 'session_id': '56ad08db-2913-4791-82ee-e1f328d5feca', 'user_id': 'P6'}",6
895,2000-01-01 02:15:43,instance-fe815f5c-6a1c-483b-8c53-35377a9fd759,instance.save,"{'instance_id': 'instance-fe815f5c-6a1c-483b-8c53-35377a9fd759', 'session_id': '56ad08db-2913-4791-82ee-e1f328d5feca', 'user_id': 'P6'}",6
896,2000-01-01 02:15:45,instance-fe815f5c-6a1c-483b-8c53-35377a9fd759,instance.updated,"{'instance_id': 'instance-fe815f5c-6a1c-483b-8c53-35377a9fd759', 'instance_label': 'balloon', 'text_changed': True, 'graph_changed': False, 'session_id': '56ad08db-2913-4791-82ee-e1f328d5feca', 'user_id': 'P6'}",6
897,2000-01-01 02:16:12,,api.generate_image.succeeded,"{'global_caption': 'a scene featuring a cute rabbit wearing a torn blue jacket searching around a rabbit-looking balloon, a forest background, a cute rabbit wearing a torn green shirt searching around a rabbit-looking balloon, a cute rabbit wearing a torn yellow jacket searching around a rabbit-looking balloon, and a red balloon with no strings stuck on a tree branch', 'region_count': 5, 'has_image': True, 'detected_objects_count': 0, 'image_path': 'output/P6/2025-08-30_02-16-11/image.png', 'image_with_layout_path': 'output/P6/2025-08-30_02-16-11/image_with_layout.png', 'timestamp_dir': 'output/P6/2025-08-30_02-16-11', 'session_id': '56ad08db-2913-4791-82ee-e1f328d5feca', 'user_id': 'P6'}",6
898,2000-01-01 02:16:22,instance-fe815f5c-6a1c-483b-8c53-35377a9fd759,instance.edit.started,"{'instance_id': 'instance-fe815f5c-6a1c-483b-8c53-35377a9fd759', 'instance_label': 'balloon', 'edit_type': 'text', 'session_id': '56ad08db-2913-4791-82ee-e1f328d5feca', 'user_id': 'P6'}",6
899,2000-01-01 02:16:30,instance-fe815f5c-6a1c-483b-8c53-35377a9fd759,instance.save,"{'instance_id': 'instance-fe815f5c-6a1c-483b-8c53-35377a9fd759', 'session_id': '56ad08db-2913-4791-82ee-e1f328d5feca', 'user_id': 'P6'}",6
900,2000-01-01 02:16:31,instance-fe815f5c-6a1c-483b-8c53-35377a9fd759,instance.updated,"{'instance_id': 'instance-fe815f5c-6a1c-483b-8c53-35377a9fd759', 'instance_label': 'balloon', 'text_changed': True, 'graph_changed': False, 'session_id': '56ad08db-2913-4791-82ee-e1f328d5feca', 'user_id': 'P6'}",6
901,2000-01-01 02:16:35,,instance.created_from_text,"{'position': {'x': 379.078125, 'y': 88}, 'screen_position': {'x': 437, 'y': 131}, 'board_type': 'advanced', 'session_id': '56ad08db-2913-4791-82ee-e1f328d5feca', 'user_id': 'P6'}",6
902,2000-01-01 02:17:36,,api.generate_image.succeeded,"{'global_caption': 'a scene featuring a cute rabbit wearing a torn blue jacket searching around a rabbit-looking balloon, a forest background, a cute rabbit wearing a torn green shirt searching around a rabbit-looking balloon, a cute rabbit wearing a torn yellow jacket searching around a rabbit-looking balloon, a red balloon with no strings, and a tree with many branches holding a balloon', 'region_count': 6, 'has_image': True, 'detected_objects_count': 0, 'image_path': 'output/P6/2025-08-30_02-17-36/image.png', 'image_with_layout_path': 'output/P6/2025-08-30_02-17-36/image_with_layout.png', 'timestamp_dir': 'output/P6/2025-08-30_02-17-36', 'session_id': '56ad08db-2913-4791-82ee-e1f328d5feca', 'user_id': 'P6'}",6
903,2000-01-01 02:18:14,,api.generate_image.succeeded,"{'global_caption': 'a scene featuring a cute rabbit wearing a torn blue jacket searching around a rabbit-looking balloon, a forest background, a cute rabbit wearing a torn green shirt searching around a rabbit-looking balloon, a cute rabbit wearing a torn yellow jacket searching around a rabbit-looking balloon, a red balloon with no strings, and a tree with many branches holding a balloon', 'region_count': 6, 'has_image': True, 'detected_objects_count': 0, 'image_path': 'output/P6/2025-08-30_02-18-13/image.png', 'image_with_layout_path': 'output/P6/2025-08-30_02-18-13/image_with_layout.png', 'timestamp_dir': 'output/P6/2025-08-30_02-18-13', 'session_id': '56ad08db-2913-4791-82ee-e1f328d5feca', 'user_id': 'P6'}",6
904,2000-01-01 02:19:07,,api.generate_image.succeeded,"{'global_caption': 'a scene featuring a cute rabbit wearing a torn blue jacket searching around a rabbit-looking balloon, a forest background, a cute rabbit wearing a torn green shirt searching around a rabbit-looking balloon, a cute rabbit wearing a torn yellow jacket searching around a rabbit-looking balloon, a red balloon with no strings, and a tree with many branches holding a balloon.', 'region_count': 6, 'has_image': True, 'detected_objects_count': 0, 'image_path': 'output/P6/2025-08-30_02-19-07/image.png', 'image_with_layout_path': 'output/P6/2025-08-30_02-19-07/image_with_layout.png', 'timestamp_dir': 'output/P6/2025-08-30_02-19-07', 'session_id': '56ad08db-2913-4791-82ee-e1f328d5feca', 'user_id': 'P6'}",6
905,2000-01-01 02:19:20,,scene_saved,"{'slotNumber': 5, 'instanceCount': 6, 'nodeCount': 12, 'edgeCount': 4, 'session_id': '56ad08db-2913-4791-82ee-e1f328d5feca', 'user_id': 'P6'}",6
906,2000-01-01 02:19:22,,scene_saved,"{'slotNumber': 6, 'instanceCount': 6, 'nodeCount': 12, 'edgeCount': 4, 'session_id': '56ad08db-2913-4791-82ee-e1f328d5feca', 'user_id': 'P6'}",6
907,2000-01-01 02:21:31,,api.generate_image.succeeded,"{'global_caption': 'a scene featuring a cute rabbit wearing a torn blue jacket searching around while holding a balloon, a forest background, a cute rabbit wearing a torn green shirt searching around looking for a balloon, a cute rabbit wearing a torn yellow jacket searching around looking for a balloon with a rabbit on a tree, a red balloon with no strings, and a tree with many branches.', 'region_count': 6, 'has_image': True, 'detected_objects_count': 0, 'image_path': 'output/P6/2025-08-30_02-21-30/image.png', 'image_with_layout_path': 'output/P6/2025-08-30_02-21-30/image_with_layout.png', 'timestamp_dir': 'output/P6/2025-08-30_02-21-30', 'session_id': '56ad08db-2913-4791-82ee-e1f328d5feca', 'user_id': 'P6'}",6
908,2000-01-01 02:22:12,instance-423df8d8-b63f-4339-a5b9-2707ec0bbe01,instance.edit.started,"{'instance_id': 'instance-423df8d8-b63f-4339-a5b9-2707ec0bbe01', 'instance_label': 'rabbit', 'edit_type': 'text', 'session_id': '56ad08db-2913-4791-82ee-e1f328d5feca', 'user_id': 'P6'}",6
909,2000-01-01 02:22:18,instance-423df8d8-b63f-4339-a5b9-2707ec0bbe01,instance.save,"{'instance_id': 'instance-423df8d8-b63f-4339-a5b9-2707ec0bbe01', 'session_id': '56ad08db-2913-4791-82ee-e1f328d5feca', 'user_id': 'P6'}",6
910,2000-01-01 02:22:20,instance-423df8d8-b63f-4339-a5b9-2707ec0bbe01,instance.updated,"{'instance_id': 'instance-423df8d8-b63f-4339-a5b9-2707ec0bbe01', 'instance_label': 'rabbit', 'text_changed': True, 'graph_changed': False, 'session_id': '56ad08db-2913-4791-82ee-e1f328d5feca', 'user_id': 'P6'}",6
911,2000-01-01 02:22:46,,api.generate_image.succeeded,"{'global_caption': 'a scene featuring a cute smiling rabbit wearing a torn blue jacket searching around while holding a balloon, a forest background, a cute rabbit wearing a torn green shirt searching around, a cute rabbit wearing a torn yellow jacket searching around with a rabbit on a tree, a red balloon with no strings, and a tree with many branches.', 'region_count': 6, 'has_image': True, 'detected_objects_count': 0, 'image_path': 'output/P6/2025-08-30_02-22-46/image.png', 'image_with_layout_path': 'output/P6/2025-08-30_02-22-46/image_with_layout.png', 'timestamp_dir': 'output/P6/2025-08-30_02-22-46', 'session_id': '56ad08db-2913-4791-82ee-e1f328d5feca', 'user_id': 'P6'}",6
912,2000-01-01 02:23:06,instance-9b1b4658-6ed4-4e50-ba0c-9e5afbb15533,instance.edit.started,"{'instance_id': 'instance-9b1b4658-6ed4-4e50-ba0c-9e5afbb15533', 'instance_label': 'Rabbit', 'edit_type': 'text', 'session_id': '56ad08db-2913-4791-82ee-e1f328d5feca', 'user_id': 'P6'}",6
913,2000-01-01 02:23:14,instance-9b1b4658-6ed4-4e50-ba0c-9e5afbb15533,instance.save,"{'instance_id': 'instance-9b1b4658-6ed4-4e50-ba0c-9e5afbb15533', 'session_id': '56ad08db-2913-4791-82ee-e1f328d5feca', 'user_id': 'P6'}",6
914,2000-01-01 02:23:17,instance-9b1b4658-6ed4-4e50-ba0c-9e5afbb15533,instance.updated,"{'instance_id': 'instance-9b1b4658-6ed4-4e50-ba0c-9e5afbb15533', 'instance_label': 'rabbit', 'text_changed': True, 'graph_changed': False, 'session_id': '56ad08db-2913-4791-82ee-e1f328d5feca', 'user_id': 'P6'}",6
915,2000-01-01 02:23:18,instance-c6522122-7b9a-4ae1-b126-8c995bcc088a,instance.edit.started,"{'instance_id': 'instance-c6522122-7b9a-4ae1-b126-8c995bcc088a', 'instance_label': 'Rabbit', 'edit_type': 'text', 'session_id': '56ad08db-2913-4791-82ee-e1f328d5feca', 'user_id': 'P6'}",6
916,2000-01-01 02:23:24,instance-c6522122-7b9a-4ae1-b126-8c995bcc088a,instance.save,"{'instance_id': 'instance-c6522122-7b9a-4ae1-b126-8c995bcc088a', 'session_id': '56ad08db-2913-4791-82ee-e1f328d5feca', 'user_id': 'P6'}",6
917,2000-01-01 02:23:26,instance-c6522122-7b9a-4ae1-b126-8c995bcc088a,instance.updated,"{'instance_id': 'instance-c6522122-7b9a-4ae1-b126-8c995bcc088a', 'instance_label': 'rabbit', 'text_changed': True, 'graph_changed': False, 'session_id': '56ad08db-2913-4791-82ee-e1f328d5feca', 'user_id': 'P6'}",6
918,2000-01-01 02:23:33,instance-24f60100-c36f-4265-8583-6361caeda322,instance.edit.started,"{'instance_id': 'instance-24f60100-c36f-4265-8583-6361caeda322', 'instance_label': 'tree', 'edit_type': 'text', 'session_id': '56ad08db-2913-4791-82ee-e1f328d5feca', 'user_id': 'P6'}",6
919,2000-01-01 02:23:38,instance-423df8d8-b63f-4339-a5b9-2707ec0bbe01,instance.edit.started,"{'instance_id': 'instance-423df8d8-b63f-4339-a5b9-2707ec0bbe01', 'instance_label': 'rabbit', 'edit_type': 'text', 'session_id': '56ad08db-2913-4791-82ee-e1f328d5feca', 'user_id': 'P6'}",6
920,2000-01-01 02:23:46,instance-423df8d8-b63f-4339-a5b9-2707ec0bbe01,instance.save,"{'instance_id': 'instance-423df8d8-b63f-4339-a5b9-2707ec0bbe01', 'session_id': '56ad08db-2913-4791-82ee-e1f328d5feca', 'user_id': 'P6'}",6
921,2000-01-01 02:23:49,instance-423df8d8-b63f-4339-a5b9-2707ec0bbe01,instance.updated,"{'instance_id': 'instance-423df8d8-b63f-4339-a5b9-2707ec0bbe01', 'instance_label': 'rabbit', 'text_changed': True, 'graph_changed': False, 'session_id': '56ad08db-2913-4791-82ee-e1f328d5feca', 'user_id': 'P6'}",6
922,2000-01-01 02:24:01,instance-c6522122-7b9a-4ae1-b126-8c995bcc088a,instance.edit.started,"{'instance_id': 'instance-c6522122-7b9a-4ae1-b126-8c995bcc088a', 'instance_label': 'rabbit', 'edit_type': 'text', 'session_id': '56ad08db-2913-4791-82ee-e1f328d5feca', 'user_id': 'P6'}",6
923,2000-01-01 02:24:08,instance-c6522122-7b9a-4ae1-b126-8c995bcc088a,instance.save,"{'instance_id': 'instance-c6522122-7b9a-4ae1-b126-8c995bcc088a', 'session_id': '56ad08db-2913-4791-82ee-e1f328d5feca', 'user_id': 'P6'}",6
924,2000-01-01 02:24:11,instance-9b1b4658-6ed4-4e50-ba0c-9e5afbb15533,instance.edit.started,"{'instance_id': 'instance-9b1b4658-6ed4-4e50-ba0c-9e5afbb15533', 'instance_label': 'rabbit', 'edit_type': 'text', 'session_id': '56ad08db-2913-4791-82ee-e1f328d5feca', 'user_id': 'P6'}",6
925,2000-01-01 02:24:11,instance-c6522122-7b9a-4ae1-b126-8c995bcc088a,instance.updated,"{'instance_id': 'instance-c6522122-7b9a-4ae1-b126-8c995bcc088a', 'instance_label': 'rabbit', 'text_changed': True, 'graph_changed': False, 'session_id': '56ad08db-2913-4791-82ee-e1f328d5feca', 'user_id': 'P6'}",6
926,2000-01-01 02:24:21,instance-9b1b4658-6ed4-4e50-ba0c-9e5afbb15533,instance.save,"{'instance_id': 'instance-9b1b4658-6ed4-4e50-ba0c-9e5afbb15533', 'session_id': '56ad08db-2913-4791-82ee-e1f328d5feca', 'user_id': 'P6'}",6
927,2000-01-01 02:24:24,instance-9b1b4658-6ed4-4e50-ba0c-9e5afbb15533,instance.updated,"{'instance_id': 'instance-9b1b4658-6ed4-4e50-ba0c-9e5afbb15533', 'instance_label': 'rabbit', 'text_changed': True, 'graph_changed': False, 'session_id': '56ad08db-2913-4791-82ee-e1f328d5feca', 'user_id': 'P6'}",6
928,2000-01-01 02:24:50,,api.generate_image.succeeded,"{'global_caption': 'a scene featuring a cute smiling rabbit wearing a torn blue jacket holding a balloon, a forest background, a cute rabbit wearing a torn green shirt holding nothing, a cute rabbit wearing a torn yellow jacket holding nothing with a rabbit on a tree, a red balloon with no strings, and a tree with many branches.', 'region_count': 6, 'has_image': True, 'detected_objects_count': 0, 'image_path': 'output/P6/2025-08-30_02-24-49/image.png', 'image_with_layout_path': 'output/P6/2025-08-30_02-24-49/image_with_layout.png', 'timestamp_dir': 'output/P6/2025-08-30_02-24-49', 'session_id': '56ad08db-2913-4791-82ee-e1f328d5feca', 'user_id': 'P6'}",6
929,2000-01-01 02:25:50,,api.generate_image.succeeded,"{'global_caption': 'a scene featuring a cute smiling rabbit wearing a torn blue jacket holding a balloon, a forest background, a cute rabbit wearing a torn green shirt holding nothing, a cute rabbit wearing a torn yellow jacket holding nothing with a rabbit on a tree, a red balloon with no strings, and a tree with many branches.', 'region_count': 6, 'has_image': True, 'detected_objects_count': 0, 'image_path': 'output/P6/2025-08-30_02-25-49/image.png', 'image_with_layout_path': 'output/P6/2025-08-30_02-25-49/image_with_layout.png', 'timestamp_dir': 'output/P6/2025-08-30_02-25-49', 'session_id': '56ad08db-2913-4791-82ee-e1f328d5feca', 'user_id': 'P6'}",6
930,2000-01-01 02:25:58,,scene_saved,"{'slotNumber': 6, 'instanceCount': 6, 'nodeCount': 12, 'edgeCount': 2, 'session_id': '56ad08db-2913-4791-82ee-e1f328d5feca', 'user_id': 'P6'}",6
931,2000-01-01 02:25:59,,scene_saved,"{'slotNumber': 5, 'instanceCount': 6, 'nodeCount': 12, 'edgeCount': 2, 'session_id': '56ad08db-2913-4791-82ee-e1f328d5feca', 'user_id': 'P6'}",6
932,2000-01-01 02:25:59,,scene_saved,"{'slotNumber': 6, 'instanceCount': 6, 'nodeCount': 12, 'edgeCount': 2, 'session_id': '56ad08db-2913-4791-82ee-e1f328d5feca', 'user_id': 'P6'}",6
933,2000-01-01 02:26:30,instance-24f60100-c36f-4265-8583-6361caeda322,instance.deleted,"{'instance_id': 'instance-24f60100-c36f-4265-8583-6361caeda322', 'instance_label': 'tree', 'is_from_class': False, 'class_id': None, 'session_id': '56ad08db-2913-4791-82ee-e1f328d5feca', 'user_id': 'P6'}",6
934,2000-01-01 02:26:57,instance-40ac54ca-826f-4295-aa30-d4904188627c,instance.deleted,"{'instance_id': 'instance-40ac54ca-826f-4295-aa30-d4904188627c', 'instance_label': 'forest', 'is_from_class': False, 'class_id': None, 'session_id': '56ad08db-2913-4791-82ee-e1f328d5feca', 'user_id': 'P6'}",6
935,2000-01-01 02:27:27,instance-423df8d8-b63f-4339-a5b9-2707ec0bbe01,instance.edit.started,"{'instance_id': 'instance-423df8d8-b63f-4339-a5b9-2707ec0bbe01', 'instance_label': 'rabbit', 'edit_type': 'text', 'session_id': '56ad08db-2913-4791-82ee-e1f328d5feca', 'user_id': 'P6'}",6
936,2000-01-01 02:27:33,instance-423df8d8-b63f-4339-a5b9-2707ec0bbe01,instance.deleted,"{'instance_id': 'instance-423df8d8-b63f-4339-a5b9-2707ec0bbe01', 'instance_label': 'rabbit', 'is_from_class': True, 'class_id': 'class-3e083cf5-7d2e-4c69-8d33-a2d77dc1551d', 'session_id': '56ad08db-2913-4791-82ee-e1f328d5feca', 'user_id': 'P6'}",6
937,2000-01-01 02:27:37,,instance.created_from_text,"{'position': {'x': 387.078125, 'y': 292}, 'screen_position': {'x': 445, 'y': 335}, 'board_type': 'advanced', 'session_id': '56ad08db-2913-4791-82ee-e1f328d5feca', 'user_id': 'P6'}",6
938,2000-01-01 02:28:34,,api.generate_image.succeeded,"{'global_caption': 'a scene featuring a cute rabbit wearing a torn green shirt holding nothing, a cute rabbit wearing a torn yellow jacket holding nothing on an unknown rabbit with rabbit holding hands with another rabbit, a red balloon with no strings, and a cute smiling rabbit wearing a torn blue jacket, rabbit holding hands with another rabbit.', 'region_count': 4, 'has_image': True, 'detected_objects_count': 0, 'image_path': 'output/P6/2025-08-30_02-28-33/image.png', 'image_with_layout_path': 'output/P6/2025-08-30_02-28-33/image_with_layout.png', 'timestamp_dir': 'output/P6/2025-08-30_02-28-33', 'session_id': '56ad08db-2913-4791-82ee-e1f328d5feca', 'user_id': 'P6'}",6
939,2000-01-01 02:29:17,,api.generate_image.succeeded,"{'global_caption': 'a scene featuring a cute rabbit wearing a torn green shirt holding nothing, a cute rabbit wearing a torn yellow jacket holding nothing on an unknown rabbit with a rabbit holding hands with another rabbit, a red balloon with no strings, and a cute smiling rabbit wearing a torn blue jacket holding hands with another rabbit.', 'region_count': 4, 'has_image': True, 'detected_objects_count': 0, 'image_path': 'output/P6/2025-08-30_02-29-17/image.png', 'image_with_layout_path': 'output/P6/2025-08-30_02-29-17/image_with_layout.png', 'timestamp_dir': 'output/P6/2025-08-30_02-29-17', 'session_id': '56ad08db-2913-4791-82ee-e1f328d5feca', 'user_id': 'P6'}",6
