timestamp,event,details
01:31:45,experiment_started,"{'language': 'ko', 'demographic_data': {'age': '25', 'gender': 'male', 'occupation': '대학생', 'ai_tool_types': ['text', 'image'], 'ai_frequency': 'daily', 'ai_purposes': ['study', 'work'], 'ai_proficiency': '7', 'english_level': 'fluent', 'programming_duration': '>3', 'programming_languages': ['python', 'cpp', 'c', 'swift'], 'programming_contexts': ['web', 'data', 'research', 'games', 'mobile', 'ml', 'automation'], 'programming_proficiency': '7', 'system_order': 'system2_first'}, 'session_id': '5a569202-eeea-41bb-9e3a-68dda74fa20c', 'user_id': 'P2'}"
01:35:14,layout_board.new_box_initiated,"{'board_type': 'advanced', 'timestamp': '2025-08-23T01:35:14.387Z', 'session_id': '5a569202-eeea-41bb-9e3a-68dda74fa20c', 'user_id': 'P2'}"
01:35:15,layout_board.new_box_positioned,"{'position': {'x': 41.3515625, 'y': 75}, 'screen_position': {'x': 103, 'y': 118}, 'board_type': 'advanced', 'session_id': '5a569202-eeea-41bb-9e3a-68dda74fa20c', 'user_id': 'P2'}"
01:36:05,api.generate_text_to_graph.started,"{'has_previous': None, 'text_length': 38, 'previous_objects_count': 0, 'session_id': '5a569202-eeea-41bb-9e3a-68dda74fa20c', 'user_id': 'P2'}"
01:36:07,api.generate_text_to_graph.succeeded,"{'objects_count': 2, 'relationships_count': 1, 'root_object': 'object1', 'session_id': '5a569202-eeea-41bb-9e3a-68dda74fa20c', 'user_id': 'P2'}"
01:36:25,api.generate_image.started,"{'sentence_count': 1, 'box_count': 1, 'has_global_caption': False, 'has_required_keywords': False, 'session_id': '5a569202-eeea-41bb-9e3a-68dda74fa20c', 'user_id': 'P2'}"
01:36:48,prompt_saved,{'path': 'output/P2/2025-08-23_01-36-48/prompt.json'}
01:36:48,object_detection_integrated,{'objects_count': 0}
01:36:48,api.generate_image.succeeded,"{'global_caption': 'a scene featuring a small village in the forest', 'region_count': 1, 'has_image': True, 'detected_objects_count': 0, 'image_path': 'output/P2/2025-08-23_01-36-48/image.png', 'image_with_layout_path': 'output/P2/2025-08-23_01-36-48/image_with_layout.png', 'timestamp_dir': 'output/P2/2025-08-23_01-36-48', 'session_id': '5a569202-eeea-41bb-9e3a-68dda74fa20c', 'user_id': 'P2'}"
01:36:48,object_detection_integrated,"{'objectsCount': 0, 'objects': [], 'session_id': '5a569202-eeea-41bb-9e3a-68dda74fa20c', 'user_id': 'P2'}"
01:36:56,layout.node.moved,"{'nodeId': 'instance-59e89abd-6d5a-4b78-8601-646ee33699d8-resizable', 'newPos': {'x': 14.3515625, 'y': 18}, 'session_id': '5a569202-eeea-41bb-9e3a-68dda74fa20c', 'user_id': 'P2'}"
01:37:17,layout_board.new_box_initiated,"{'board_type': 'advanced', 'timestamp': '2025-08-23T01:37:17.453Z', 'session_id': '5a569202-eeea-41bb-9e3a-68dda74fa20c', 'user_id': 'P2'}"
01:37:18,layout_board.new_box_positioned,"{'position': {'x': 123.9453125, 'y': 216}, 'screen_position': {'x': 181, 'y': 259}, 'board_type': 'advanced', 'session_id': '5a569202-eeea-41bb-9e3a-68dda74fa20c', 'user_id': 'P2'}"
01:38:15,layout_board.new_box_initiated,"{'board_type': 'advanced', 'timestamp': '2025-08-23T01:38:15.747Z', 'session_id': '5a569202-eeea-41bb-9e3a-68dda74fa20c', 'user_id': 'P2'}"
01:38:16,layout_board.new_box_positioned,"{'position': {'x': 147.9453125, 'y': 192}, 'screen_position': {'x': 205, 'y': 235}, 'board_type': 'advanced', 'session_id': '5a569202-eeea-41bb-9e3a-68dda74fa20c', 'user_id': 'P2'}"
01:38:35,api.generate_text_to_graph.started,"{'has_previous': None, 'text_length': 74, 'previous_objects_count': 0, 'session_id': '5a569202-eeea-41bb-9e3a-68dda74fa20c', 'user_id': 'P2'}"
01:38:40,api.generate_text_to_graph.succeeded,"{'objects_count': 5, 'relationships_count': 5, 'root_object': 'object1', 'session_id': '5a569202-eeea-41bb-9e3a-68dda74fa20c', 'user_id': 'P2'}"
01:38:58,instance_selected,"{'instance_id': 'instance-2b75c4bb-d457-4a02-8099-68d3c8a16ea7', 'instance_label': 'rabbit', 'is_from_class': False, 'class_id': None, 'session_id': '5a569202-eeea-41bb-9e3a-68dda74fa20c', 'user_id': 'P2'}"
01:39:05,instance.edit.started,"{'instance_id': 'instance-2b75c4bb-d457-4a02-8099-68d3c8a16ea7', 'instance_label': 'rabbit', 'edit_type': 'graph', 'session_id': '5a569202-eeea-41bb-9e3a-68dda74fa20c', 'user_id': 'P2'}"
01:39:24,instance.edit.started,"{'instance_id': 'instance-2b75c4bb-d457-4a02-8099-68d3c8a16ea7', 'instance_label': 'rabbit', 'edit_type': 'graph', 'session_id': '5a569202-eeea-41bb-9e3a-68dda74fa20c', 'user_id': 'P2'}"
01:40:00,relationship_node.deleted,"{'relationship_id': 'object3-object4', 'source_object_id': 'object3', 'target_object_id': 'object4', 'relation': 'holds', 'source_object_name': 'rabbit', 'target_object_name': 'balloon', 'session_id': '5a569202-eeea-41bb-9e3a-68dda74fa20c', 'user_id': 'P2'}"
01:40:07,object_node.edit.started,"{'object_id': 'object6', 'object_name': 'new object', 'edit_mode': 'name', 'is_class_mode': False, 'parent_instance_id': 'instance-2b75c4bb-d457-4a02-8099-68d3c8a16ea7', 'session_id': '5a569202-eeea-41bb-9e3a-68dda74fa20c', 'user_id': 'P2'}"
01:40:10,object_node.edit.cancelled,"{'object_id': 'object6', 'object_name': 'new object', 'edit_mode': 'name', 'is_class_mode': False, 'session_id': '5a569202-eeea-41bb-9e3a-68dda74fa20c', 'user_id': 'P2'}"
01:40:10,object_node.edit.saved,"{'object_id': 'object6', 'object_name': 'new object', 'edit_mode': 'name', 'new_value': 'balloon', 'is_class_mode': False, 'parent_instance_id': 'instance-2b75c4bb-d457-4a02-8099-68d3c8a16ea7', 'session_id': '5a569202-eeea-41bb-9e3a-68dda74fa20c', 'user_id': 'P2'}"
01:40:16,object_node.edit.started,"{'object_id': 'object6', 'object_name': 'balloon', 'edit_mode': 'adding', 'is_class_mode': False, 'parent_instance_id': 'instance-2b75c4bb-d457-4a02-8099-68d3c8a16ea7', 'session_id': '5a569202-eeea-41bb-9e3a-68dda74fa20c', 'user_id': 'P2'}"
01:40:17,object_node.edit.saved,"{'object_id': 'object6', 'object_name': 'balloon', 'edit_mode': 'adding', 'new_value': 'red', 'is_class_mode': False, 'parent_instance_id': 'instance-2b75c4bb-d457-4a02-8099-68d3c8a16ea7', 'session_id': '5a569202-eeea-41bb-9e3a-68dda74fa20c', 'user_id': 'P2'}"
01:40:17,object_node.edit.cancelled,"{'object_id': 'object6', 'object_name': 'balloon', 'edit_mode': 'adding', 'is_class_mode': False, 'session_id': '5a569202-eeea-41bb-9e3a-68dda74fa20c', 'user_id': 'P2'}"
01:40:22,object_node.connection_drag.started,"{'object_id': 'object5', 'object_name': 'hand', 'parent_instance_id': 'instance-2b75c4bb-d457-4a02-8099-68d3c8a16ea7', 'is_class_mode': False, 'session_id': '5a569202-eeea-41bb-9e3a-68dda74fa20c', 'user_id': 'P2'}"
01:40:23,object_node.connection_drag.completed,"{'source_object_id': 'object5', 'target_object_id': 'object6', 'source_parent_id': 'instance-2b75c4bb-d457-4a02-8099-68d3c8a16ea7', 'target_parent_id': 'instance-2b75c4bb-d457-4a02-8099-68d3c8a16ea7', 'session_id': '5a569202-eeea-41bb-9e3a-68dda74fa20c', 'user_id': 'P2'}"
01:40:29,relationship_node.edited,"{'relationship_id': 'object5-object6', 'source_object_id': 'object5', 'target_object_id': 'object6', 'old_relation': 'connected to', 'new_relation': 'grabs', 'source_object_name': 'hand', 'target_object_name': 'balloon', 'session_id': '5a569202-eeea-41bb-9e3a-68dda74fa20c', 'user_id': 'P2'}"
01:40:31,api.generate_scene_graph_to_text.started,"{'has_previous': 'Three small rabbits are smiling and one rabbit holds a balloon in its hand', 'objects_count': 6, 'relationships_count': 5, 'session_id': '5a569202-eeea-41bb-9e3a-68dda74fa20c', 'user_id': 'P2'}"
01:40:32,api.generate_scene_graph_to_text.succeeded,"{'text_length': 80, 'generated_text': 'Three small rabbits are smiling, and one rabbit grabs a red balloon in its hand.', 'session_id': '5a569202-eeea-41bb-9e3a-68dda74fa20c', 'user_id': 'P2'}"
01:40:32,instance.updated,"{'instance_id': 'instance-2b75c4bb-d457-4a02-8099-68d3c8a16ea7', 'instance_label': 'rabbit', 'text_changed': False, 'graph_changed': True, 'session_id': '5a569202-eeea-41bb-9e3a-68dda74fa20c', 'user_id': 'P2'}"
01:40:32,instance_selected,"{'instance_id': 'instance-2b75c4bb-d457-4a02-8099-68d3c8a16ea7', 'instance_label': 'rabbit', 'is_from_class': False, 'class_id': None, 'session_id': '5a569202-eeea-41bb-9e3a-68dda74fa20c', 'user_id': 'P2'}"
01:40:34,api.generate_image.started,"{'sentence_count': 2, 'box_count': 2, 'has_global_caption': True, 'has_required_keywords': False, 'session_id': '5a569202-eeea-41bb-9e3a-68dda74fa20c', 'user_id': 'P2'}"
01:40:38,layout.node.moved,"{'nodeId': 'instance-59e89abd-6d5a-4b78-8601-646ee33699d8-resizable', 'newPos': {'x': 2.3515625, 'y': 1}, 'session_id': '5a569202-eeea-41bb-9e3a-68dda74fa20c', 'user_id': 'P2'}"
01:40:42,layout.node.moved,"{'nodeId': 'instance-59e89abd-6d5a-4b78-8601-646ee33699d8-resizable', 'newPos': {'x': 3.3515625, 'y': 3}, 'session_id': '5a569202-eeea-41bb-9e3a-68dda74fa20c', 'user_id': 'P2'}"
01:40:55,layout.node.moved,"{'nodeId': 'instance-2b75c4bb-d457-4a02-8099-68d3c8a16ea7-resizable', 'newPos': {'x': 144.9453125, 'y': 335}, 'session_id': '5a569202-eeea-41bb-9e3a-68dda74fa20c', 'user_id': 'P2'}"
01:40:58,prompt_saved,{'path': 'output/P2/2025-08-23_01-40-58/prompt.json'}
01:40:58,object_detection_integrated,{'objects_count': 3}
01:40:58,object_detection_integrated,"{'objectsCount': 3, 'objects': [{'label': 'teddy bear', 'confidence': 0.48683685064315796}, {'label': 'teddy bear', 'confidence': 0.4853288233280182}, {'label': 'teddy bear', 'confidence': 0.3771861791610718}], 'session_id': '5a569202-eeea-41bb-9e3a-68dda74fa20c', 'user_id': 'P2'}"
01:40:58,api.generate_image.succeeded,"{'global_caption': 'a scene featuring a small village in the forest, three small rabbits are smiling, and one rabbit is grabbing a red balloon in its hand', 'region_count': 2, 'has_image': True, 'detected_objects_count': 3, 'image_path': 'output/P2/2025-08-23_01-40-58/image.png', 'image_with_layout_path': 'output/P2/2025-08-23_01-40-58/image_with_layout.png', 'timestamp_dir': 'output/P2/2025-08-23_01-40-58', 'session_id': '5a569202-eeea-41bb-9e3a-68dda74fa20c', 'user_id': 'P2'}"
01:42:22,instance.edit.started,"{'instance_id': 'instance-2b75c4bb-d457-4a02-8099-68d3c8a16ea7', 'instance_label': 'rabbit', 'edit_type': 'graph', 'session_id': '5a569202-eeea-41bb-9e3a-68dda74fa20c', 'user_id': 'P2'}"
01:42:27,relationship_node.deleted,"{'relationship_id': 'object1-object2', 'source_object_id': 'object1', 'target_object_id': 'object2', 'relation': 'smiling', 'source_object_name': 'rabbit', 'target_object_name': 'rabbit', 'session_id': '5a569202-eeea-41bb-9e3a-68dda74fa20c', 'user_id': 'P2'}"
01:42:40,object_node.edit.started,"{'object_id': 'object3', 'object_name': 'rabbit', 'edit_mode': 'adding', 'is_class_mode': False, 'parent_instance_id': 'instance-2b75c4bb-d457-4a02-8099-68d3c8a16ea7', 'session_id': '5a569202-eeea-41bb-9e3a-68dda74fa20c', 'user_id': 'P2'}"
01:42:43,object_node.edit.saved,"{'object_id': 'object3', 'object_name': 'rabbit', 'edit_mode': 'adding', 'new_value': 'small', 'is_class_mode': False, 'parent_instance_id': 'instance-2b75c4bb-d457-4a02-8099-68d3c8a16ea7', 'session_id': '5a569202-eeea-41bb-9e3a-68dda74fa20c', 'user_id': 'P2'}"
01:42:43,object_node.edit.cancelled,"{'object_id': 'object3', 'object_name': 'rabbit', 'edit_mode': 'adding', 'is_class_mode': False, 'session_id': '5a569202-eeea-41bb-9e3a-68dda74fa20c', 'user_id': 'P2'}"
01:42:44,object_node.edit.started,"{'object_id': 'object3', 'object_name': 'rabbit', 'edit_mode': 'adding', 'is_class_mode': False, 'parent_instance_id': 'instance-2b75c4bb-d457-4a02-8099-68d3c8a16ea7', 'session_id': '5a569202-eeea-41bb-9e3a-68dda74fa20c', 'user_id': 'P2'}"
01:42:45,object_node.edit.saved,"{'object_id': 'object3', 'object_name': 'rabbit', 'edit_mode': 'adding', 'new_value': 'smiling', 'is_class_mode': False, 'parent_instance_id': 'instance-2b75c4bb-d457-4a02-8099-68d3c8a16ea7', 'session_id': '5a569202-eeea-41bb-9e3a-68dda74fa20c', 'user_id': 'P2'}"
01:42:45,object_node.edit.cancelled,"{'object_id': 'object3', 'object_name': 'rabbit', 'edit_mode': 'adding', 'is_class_mode': False, 'session_id': '5a569202-eeea-41bb-9e3a-68dda74fa20c', 'user_id': 'P2'}"
01:42:53,object_node.edit.started,"{'object_id': 'object4', 'object_name': 'new object', 'edit_mode': 'name', 'is_class_mode': False, 'parent_instance_id': 'instance-2b75c4bb-d457-4a02-8099-68d3c8a16ea7', 'session_id': '5a569202-eeea-41bb-9e3a-68dda74fa20c', 'user_id': 'P2'}"
01:42:56,object_node.edit.cancelled,"{'object_id': 'object4', 'object_name': 'new object', 'edit_mode': 'name', 'is_class_mode': False, 'session_id': '5a569202-eeea-41bb-9e3a-68dda74fa20c', 'user_id': 'P2'}"
01:42:56,object_node.edit.saved,"{'object_id': 'object4', 'object_name': 'new object', 'edit_mode': 'name', 'new_value': 'jacket ', 'is_class_mode': False, 'parent_instance_id': 'instance-2b75c4bb-d457-4a02-8099-68d3c8a16ea7', 'session_id': '5a569202-eeea-41bb-9e3a-68dda74fa20c', 'user_id': 'P2'}"
01:42:58,object_node.edit.started,"{'object_id': 'object4', 'object_name': 'jacket ', 'edit_mode': 'adding', 'is_class_mode': False, 'parent_instance_id': 'instance-2b75c4bb-d457-4a02-8099-68d3c8a16ea7', 'session_id': '5a569202-eeea-41bb-9e3a-68dda74fa20c', 'user_id': 'P2'}"
01:43:00,object_node.edit.saved,"{'object_id': 'object4', 'object_name': 'jacket ', 'edit_mode': 'adding', 'new_value': 'blue', 'is_class_mode': False, 'parent_instance_id': 'instance-2b75c4bb-d457-4a02-8099-68d3c8a16ea7', 'session_id': '5a569202-eeea-41bb-9e3a-68dda74fa20c', 'user_id': 'P2'}"
01:43:00,object_node.edit.cancelled,"{'object_id': 'object4', 'object_name': 'jacket ', 'edit_mode': 'adding', 'is_class_mode': False, 'session_id': '5a569202-eeea-41bb-9e3a-68dda74fa20c', 'user_id': 'P2'}"
01:43:02,object_node.connection_drag.started,"{'object_id': 'object3', 'object_name': 'rabbit', 'parent_instance_id': 'instance-2b75c4bb-d457-4a02-8099-68d3c8a16ea7', 'is_class_mode': False, 'session_id': '5a569202-eeea-41bb-9e3a-68dda74fa20c', 'user_id': 'P2'}"
01:43:02,object_node.connection_drag.cancelled,"{'reason': 'no_target', 'object_id': 'object3', 'session_id': '5a569202-eeea-41bb-9e3a-68dda74fa20c', 'user_id': 'P2'}"
01:43:04,object_node.connection_drag.started,"{'object_id': 'object3', 'object_name': 'rabbit', 'parent_instance_id': 'instance-2b75c4bb-d457-4a02-8099-68d3c8a16ea7', 'is_class_mode': False, 'session_id': '5a569202-eeea-41bb-9e3a-68dda74fa20c', 'user_id': 'P2'}"
01:43:05,object_node.connection_drag.completed,"{'source_object_id': 'object3', 'target_object_id': 'object4', 'source_parent_id': 'instance-2b75c4bb-d457-4a02-8099-68d3c8a16ea7', 'target_parent_id': 'instance-2b75c4bb-d457-4a02-8099-68d3c8a16ea7', 'session_id': '5a569202-eeea-41bb-9e3a-68dda74fa20c', 'user_id': 'P2'}"
01:43:10,relationship_node.edited,"{'relationship_id': 'object3-object4', 'source_object_id': 'object3', 'target_object_id': 'object4', 'old_relation': 'connected to', 'new_relation': 'wears', 'source_object_name': 'rabbit', 'target_object_name': 'jacket ', 'session_id': '5a569202-eeea-41bb-9e3a-68dda74fa20c', 'user_id': 'P2'}"
01:43:23,api.generate_scene_graph_to_text.started,"{'has_previous': 'Three small rabbits are smiling, and one rabbit grabs a red balloon in its hand.', 'objects_count': 4, 'relationships_count': 3, 'session_id': '5a569202-eeea-41bb-9e3a-68dda74fa20c', 'user_id': 'P2'}"
01:43:27,instance_selected,"{'instance_id': 'instance-2b75c4bb-d457-4a02-8099-68d3c8a16ea7', 'instance_label': 'rabbit', 'is_from_class': False, 'class_id': None, 'session_id': '5a569202-eeea-41bb-9e3a-68dda74fa20c', 'user_id': 'P2'}"
01:43:27,instance.updated,"{'instance_id': 'instance-2b75c4bb-d457-4a02-8099-68d3c8a16ea7', 'instance_label': 'rabbit', 'text_changed': False, 'graph_changed': True, 'session_id': '5a569202-eeea-41bb-9e3a-68dda74fa20c', 'user_id': 'P2'}"
01:43:27,api.generate_scene_graph_to_text.succeeded,"{'text_length': 101, 'generated_text': 'One small rabbit, smiling, is wearing a blue jacket and has its hand in which it grabs a red balloon', 'session_id': '5a569202-eeea-41bb-9e3a-68dda74fa20c', 'user_id': 'P2'}"
01:43:49,instance.edit.started,"{'instance_id': 'instance-2b75c4bb-d457-4a02-8099-68d3c8a16ea7', 'instance_label': 'rabbit', 'edit_type': 'graph', 'session_id': '5a569202-eeea-41bb-9e3a-68dda74fa20c', 'user_id': 'P2'}"
01:43:56,instance.edit.started,"{'instance_id': 'instance-2b75c4bb-d457-4a02-8099-68d3c8a16ea7', 'instance_label': 'rabbit', 'edit_type': 'graph', 'session_id': '5a569202-eeea-41bb-9e3a-68dda74fa20c', 'user_id': 'P2'}"
01:44:10,object_node.edit.started,"{'object_id': 'object7', 'object_name': 'new object', 'edit_mode': 'name', 'is_class_mode': False, 'parent_instance_id': 'instance-2b75c4bb-d457-4a02-8099-68d3c8a16ea7', 'session_id': '5a569202-eeea-41bb-9e3a-68dda74fa20c', 'user_id': 'P2'}"
01:44:13,object_node.edit.cancelled,"{'object_id': 'object7', 'object_name': 'new object', 'edit_mode': 'name', 'is_class_mode': False, 'session_id': '5a569202-eeea-41bb-9e3a-68dda74fa20c', 'user_id': 'P2'}"
01:44:13,object_node.edit.saved,"{'object_id': 'object7', 'object_name': 'new object', 'edit_mode': 'name', 'new_value': 'rabbit', 'is_class_mode': False, 'parent_instance_id': 'instance-2b75c4bb-d457-4a02-8099-68d3c8a16ea7', 'session_id': '5a569202-eeea-41bb-9e3a-68dda74fa20c', 'user_id': 'P2'}"
01:44:14,object_node.edit.started,"{'object_id': 'object7', 'object_name': 'rabbit', 'edit_mode': 'adding', 'is_class_mode': False, 'parent_instance_id': 'instance-2b75c4bb-d457-4a02-8099-68d3c8a16ea7', 'session_id': '5a569202-eeea-41bb-9e3a-68dda74fa20c', 'user_id': 'P2'}"
01:44:16,object_node.edit.cancelled,"{'object_id': 'object7', 'object_name': 'rabbit', 'edit_mode': 'adding', 'is_class_mode': False, 'session_id': '5a569202-eeea-41bb-9e3a-68dda74fa20c', 'user_id': 'P2'}"
01:44:16,object_node.edit.saved,"{'object_id': 'object7', 'object_name': 'rabbit', 'edit_mode': 'adding', 'new_value': 'big', 'is_class_mode': False, 'parent_instance_id': 'instance-2b75c4bb-d457-4a02-8099-68d3c8a16ea7', 'session_id': '5a569202-eeea-41bb-9e3a-68dda74fa20c', 'user_id': 'P2'}"
01:44:40,instance.edit.started,"{'instance_id': 'instance-2b75c4bb-d457-4a02-8099-68d3c8a16ea7', 'instance_label': 'rabbit', 'edit_type': 'text', 'session_id': '5a569202-eeea-41bb-9e3a-68dda74fa20c', 'user_id': 'P2'}"
01:45:10,api.generate_text_to_graph.started,"{'has_previous': 'One small rabbit, smiling, is wearing a blue jacket and has its hand in which it grabs a red balloon.', 'text_length': 90, 'previous_objects_count': 4, 'session_id': '5a569202-eeea-41bb-9e3a-68dda74fa20c', 'user_id': 'P2'}"
01:45:17,api.generate_text_to_graph.succeeded,"{'objects_count': 4, 'relationships_count': 4, 'root_object': 'object1', 'session_id': '5a569202-eeea-41bb-9e3a-68dda74fa20c', 'user_id': 'P2'}"
01:45:17,instance.updated,"{'instance_id': 'instance-2b75c4bb-d457-4a02-8099-68d3c8a16ea7', 'instance_label': 'rabbit', 'text_changed': True, 'graph_changed': False, 'session_id': '5a569202-eeea-41bb-9e3a-68dda74fa20c', 'user_id': 'P2'}"
01:45:17,instance_selected,"{'instance_id': 'instance-2b75c4bb-d457-4a02-8099-68d3c8a16ea7', 'instance_label': 'rabbit', 'is_from_class': False, 'class_id': None, 'session_id': '5a569202-eeea-41bb-9e3a-68dda74fa20c', 'user_id': 'P2'}"
01:45:23,instance.edit.started,"{'instance_id': 'instance-2b75c4bb-d457-4a02-8099-68d3c8a16ea7', 'instance_label': 'rabbit', 'edit_type': 'graph', 'session_id': '5a569202-eeea-41bb-9e3a-68dda74fa20c', 'user_id': 'P2'}"
01:45:26,api.generate_scene_graph_to_text.started,"{'has_previous': 'One small rabbit, smiling, is wearing a blue jacket and hugges a red balloon with a smile.', 'objects_count': 3, 'relationships_count': 2, 'session_id': '5a569202-eeea-41bb-9e3a-68dda74fa20c', 'user_id': 'P2'}"
01:45:26,api.generate_scene_graph_to_text.succeeded,"{'text_length': 75, 'generated_text': 'One small rabbit, smiling, is wearing a blue jacket and hugs a red balloon.', 'session_id': '5a569202-eeea-41bb-9e3a-68dda74fa20c', 'user_id': 'P2'}"
01:45:26,instance.updated,"{'instance_id': 'instance-2b75c4bb-d457-4a02-8099-68d3c8a16ea7', 'instance_label': 'rabbit', 'text_changed': False, 'graph_changed': True, 'session_id': '5a569202-eeea-41bb-9e3a-68dda74fa20c', 'user_id': 'P2'}"
01:45:26,instance_selected,"{'instance_id': 'instance-2b75c4bb-d457-4a02-8099-68d3c8a16ea7', 'instance_label': 'rabbit', 'is_from_class': False, 'class_id': None, 'session_id': '5a569202-eeea-41bb-9e3a-68dda74fa20c', 'user_id': 'P2'}"
01:45:38,layout_board.new_box_initiated,"{'board_type': 'advanced', 'timestamp': '2025-08-23T01:45:38.747Z', 'session_id': '5a569202-eeea-41bb-9e3a-68dda74fa20c', 'user_id': 'P2'}"
01:45:39,layout_board.new_box_positioned,"{'position': {'x': 57.3515625, 'y': 213}, 'screen_position': {'x': 119, 'y': 256}, 'board_type': 'advanced', 'session_id': '5a569202-eeea-41bb-9e3a-68dda74fa20c', 'user_id': 'P2'}"
01:46:02,api.generate_text_to_graph.started,"{'has_previous': None, 'text_length': 17, 'previous_objects_count': 0, 'session_id': '5a569202-eeea-41bb-9e3a-68dda74fa20c', 'user_id': 'P2'}"
01:46:04,api.generate_text_to_graph.succeeded,"{'objects_count': 1, 'relationships_count': 0, 'root_object': 'object1', 'session_id': '5a569202-eeea-41bb-9e3a-68dda74fa20c', 'user_id': 'P2'}"
01:46:05,instance_selected,"{'instance_id': 'instance-7c807f3f-e9ba-4bb8-a25e-cb15eaf738de', 'instance_label': 'rabbit', 'is_from_class': False, 'class_id': None, 'session_id': '5a569202-eeea-41bb-9e3a-68dda74fa20c', 'user_id': 'P2'}"
01:46:18,api.generate_image.started,"{'sentence_count': 3, 'box_count': 3, 'has_global_caption': True, 'has_required_keywords': False, 'session_id': '5a569202-eeea-41bb-9e3a-68dda74fa20c', 'user_id': 'P2'}"
01:46:41,prompt_saved,{'path': 'output/P2/2025-08-23_01-46-41/prompt.json'}
01:46:42,object_detection_integrated,{'objects_count': 5}
01:46:42,api.generate_image.succeeded,"{'global_caption': 'a scene featuring a small village in the forest, one small rabbit, smiling, wearing a blue jacket and hugging a red balloon, and a grown-up rabbit', 'region_count': 3, 'has_image': True, 'detected_objects_count': 5, 'image_path': 'output/P2/2025-08-23_01-46-41/image.png', 'image_with_layout_path': 'output/P2/2025-08-23_01-46-41/image_with_layout.png', 'timestamp_dir': 'output/P2/2025-08-23_01-46-41', 'session_id': '5a569202-eeea-41bb-9e3a-68dda74fa20c', 'user_id': 'P2'}"
01:46:42,object_detection_integrated,"{'objectsCount': 5, 'objects': [{'label': 'teddy bear', 'confidence': 0.6680343747138977}, {'label': 'sports ball', 'confidence': 0.6080405116081238}, {'label': 'dog', 'confidence': 0.4016096591949463}, {'label': 'sports ball', 'confidence': 0.38920050859451294}, {'label': 'person', 'confidence': 0.2567833960056305}], 'session_id': '5a569202-eeea-41bb-9e3a-68dda74fa20c', 'user_id': 'P2'}"
01:46:54,scene_saved,"{'slotNumber': 1, 'instanceCount': 3, 'nodeCount': 6, 'edgeCount': 0, 'session_id': '5a569202-eeea-41bb-9e3a-68dda74fa20c', 'user_id': 'P2'}"
01:47:11,instance.deleted,"{'instance_id': 'instance-2b75c4bb-d457-4a02-8099-68d3c8a16ea7', 'instance_label': 'rabbit', 'is_from_class': False, 'class_id': None, 'session_id': '5a569202-eeea-41bb-9e3a-68dda74fa20c', 'user_id': 'P2'}"
01:47:22,scene_loaded,"{'slotNumber': 1, 'instanceCount': 3, 'nodeCount': 6, 'edgeCount': 0, 'session_id': '5a569202-eeea-41bb-9e3a-68dda74fa20c', 'user_id': 'P2'}"
01:47:29,instance.deleted,"{'instance_id': 'instance-7c807f3f-e9ba-4bb8-a25e-cb15eaf738de', 'instance_label': 'rabbit', 'is_from_class': False, 'class_id': None, 'session_id': '5a569202-eeea-41bb-9e3a-68dda74fa20c', 'user_id': 'P2'}"
01:48:47,instance_selected,"{'instance_id': 'instance-2b75c4bb-d457-4a02-8099-68d3c8a16ea7', 'instance_label': 'rabbit', 'is_from_class': False, 'class_id': None, 'session_id': '5a569202-eeea-41bb-9e3a-68dda74fa20c', 'user_id': 'P2'}"
01:48:48,instance.edit.started,"{'instance_id': 'instance-2b75c4bb-d457-4a02-8099-68d3c8a16ea7', 'instance_label': 'rabbit', 'edit_type': 'graph', 'session_id': '5a569202-eeea-41bb-9e3a-68dda74fa20c', 'user_id': 'P2'}"
01:48:58,instance.edit.started,"{'instance_id': 'instance-2b75c4bb-d457-4a02-8099-68d3c8a16ea7', 'instance_label': 'rabbit', 'edit_type': 'graph', 'session_id': '5a569202-eeea-41bb-9e3a-68dda74fa20c', 'user_id': 'P2'}"
01:49:01,object_node.extract.initiated,"{'object_id': 'object3', 'object_name': 'balloon', 'parent_instance_id': 'instance-2b75c4bb-d457-4a02-8099-68d3c8a16ea7', 'session_id': '5a569202-eeea-41bb-9e3a-68dda74fa20c', 'user_id': 'P2'}"
01:49:02,object_node.extract.confirmed,"{'object_id': 'object3', 'object_name': 'balloon', 'parent_instance_id': 'instance-2b75c4bb-d457-4a02-8099-68d3c8a16ea7', 'session_id': '5a569202-eeea-41bb-9e3a-68dda74fa20c', 'user_id': 'P2'}"
01:49:02,api.generate_scene_graph_to_text.started,"{'has_previous': None, 'objects_count': 1, 'relationships_count': 0, 'session_id': '5a569202-eeea-41bb-9e3a-68dda74fa20c', 'user_id': 'P2'}"
01:49:03,api.generate_scene_graph_to_text.succeeded,"{'text_length': 12, 'generated_text': 'Red balloon.', 'session_id': '5a569202-eeea-41bb-9e3a-68dda74fa20c', 'user_id': 'P2'}"
01:49:03,api.generate_scene_graph_to_text.started,"{'has_previous': None, 'objects_count': 2, 'relationships_count': 1, 'session_id': '5a569202-eeea-41bb-9e3a-68dda74fa20c', 'user_id': 'P2'}"
01:49:03,instance_selected,"{'instance_id': 'instance-2b75c4bb-d457-4a02-8099-68d3c8a16ea7', 'instance_label': 'rabbit', 'is_from_class': False, 'class_id': None, 'session_id': '5a569202-eeea-41bb-9e3a-68dda74fa20c', 'user_id': 'P2'}"
01:49:03,api.generate_scene_graph_to_text.succeeded,"{'text_length': 43, 'generated_text': 'Smiling small rabbit wearing a blue jacket.', 'session_id': '5a569202-eeea-41bb-9e3a-68dda74fa20c', 'user_id': 'P2'}"
01:49:05,layout.node.moved,"{'nodeId': 'instance-ba7e8248-b947-4fe4-ae79-3c8be9fcdb04-resizable', 'newPos': {'x': 218, 'y': 39}, 'session_id': '5a569202-eeea-41bb-9e3a-68dda74fa20c', 'user_id': 'P2'}"
01:49:09,layout.node.moved,"{'nodeId': 'instance-ba7e8248-b947-4fe4-ae79-3c8be9fcdb04-resizable', 'newPos': {'x': 222, 'y': 7}, 'session_id': '5a569202-eeea-41bb-9e3a-68dda74fa20c', 'user_id': 'P2'}"
01:49:27,instance.edit.started,"{'instance_id': 'instance-2b75c4bb-d457-4a02-8099-68d3c8a16ea7', 'instance_label': 'rabbit', 'edit_type': 'text', 'session_id': '5a569202-eeea-41bb-9e3a-68dda74fa20c', 'user_id': 'P2'}"
01:50:23,api.generate_text_to_graph.started,"{'has_previous': 'Smiling small rabbit wearing a blue jacket.', 'text_length': 76, 'previous_objects_count': 2, 'session_id': '5a569202-eeea-41bb-9e3a-68dda74fa20c', 'user_id': 'P2'}"
01:50:28,instance.updated,"{'instance_id': 'instance-2b75c4bb-d457-4a02-8099-68d3c8a16ea7', 'instance_label': 'rabbit', 'text_changed': True, 'graph_changed': False, 'session_id': '5a569202-eeea-41bb-9e3a-68dda74fa20c', 'user_id': 'P2'}"
01:50:28,api.generate_text_to_graph.succeeded,"{'objects_count': 4, 'relationships_count': 3, 'root_object': 'object1', 'session_id': '5a569202-eeea-41bb-9e3a-68dda74fa20c', 'user_id': 'P2'}"
01:50:28,instance_selected,"{'instance_id': 'instance-2b75c4bb-d457-4a02-8099-68d3c8a16ea7', 'instance_label': 'rabbit', 'is_from_class': False, 'class_id': None, 'session_id': '5a569202-eeea-41bb-9e3a-68dda74fa20c', 'user_id': 'P2'}"
01:50:36,instance.edit.started,"{'instance_id': 'instance-2b75c4bb-d457-4a02-8099-68d3c8a16ea7', 'instance_label': 'rabbit', 'edit_type': 'graph', 'session_id': '5a569202-eeea-41bb-9e3a-68dda74fa20c', 'user_id': 'P2'}"
01:50:37,relationship_node.deleted,"{'relationship_id': 'object1-object2', 'source_object_id': 'object1', 'target_object_id': 'object2', 'relation': 'has', 'source_object_name': 'rabbit', 'target_object_name': 'tears', 'session_id': '5a569202-eeea-41bb-9e3a-68dda74fa20c', 'user_id': 'P2'}"
01:50:41,object_node.connection_drag.started,"{'object_id': 'object3', 'object_name': 'eyes', 'parent_instance_id': 'instance-2b75c4bb-d457-4a02-8099-68d3c8a16ea7', 'is_class_mode': False, 'session_id': '5a569202-eeea-41bb-9e3a-68dda74fa20c', 'user_id': 'P2'}"
01:50:41,object_node.connection_drag.completed,"{'source_object_id': 'object3', 'target_object_id': 'object2', 'source_parent_id': 'instance-2b75c4bb-d457-4a02-8099-68d3c8a16ea7', 'target_parent_id': 'instance-2b75c4bb-d457-4a02-8099-68d3c8a16ea7', 'session_id': '5a569202-eeea-41bb-9e3a-68dda74fa20c', 'user_id': 'P2'}"
01:50:45,relationship_node.edited,"{'relationship_id': 'object3-object2', 'source_object_id': 'object3', 'target_object_id': 'object2', 'old_relation': 'connected to', 'new_relation': 'has', 'source_object_name': 'eyes', 'target_object_name': 'tears', 'session_id': '5a569202-eeea-41bb-9e3a-68dda74fa20c', 'user_id': 'P2'}"
01:50:46,api.generate_scene_graph_to_text.started,"{'has_previous': 'A small rabbit, sad and with tears in its eyes. It is wearing a blue jacket.', 'objects_count': 4, 'relationships_count': 3, 'session_id': '5a569202-eeea-41bb-9e3a-68dda74fa20c', 'user_id': 'P2'}"
01:50:46,api.generate_scene_graph_to_text.succeeded,"{'text_length': 106, 'generated_text': ""A small rabbit, sad and with tears in its eyes. It is wearing a blue jacket. The rabbit's eyes have "", 'session_id': '5a569202-eeea-41bb-9e3a-68dda74fa20c', 'user_id': 'P2'}"
01:50:46,instance.updated,"{'instance_id': 'instance-2b75c4bb-d457-4a02-8099-68d3c8a16ea7', 'instance_label': 'rabbit', 'text_changed': False, 'graph_changed': True, 'session_id': '5a569202-eeea-41bb-9e3a-68dda74fa20c', 'user_id': 'P2'}"
01:50:46,instance_selected,"{'instance_id': 'instance-2b75c4bb-d457-4a02-8099-68d3c8a16ea7', 'instance_label': 'rabbit', 'is_from_class': False, 'class_id': None, 'session_id': '5a569202-eeea-41bb-9e3a-68dda74fa20c', 'user_id': 'P2'}"
01:50:49,api.generate_image.started,"{'sentence_count': 3, 'box_count': 3, 'has_global_caption': True, 'has_required_keywords': False, 'session_id': '5a569202-eeea-41bb-9e3a-68dda74fa20c', 'user_id': 'P2'}"
01:50:55,relationship_node.deleted,"{'relationship_id': 'instance-2b75c4bb-d457-4a02-8099-68d3c8a16ea7-instance-ba7e8248-b947-4fe4-ae79-3c8be9fcdb04', 'source_object_id': 'instance-2b75c4bb-d457-4a02-8099-68d3c8a16ea7', 'target_object_id': 'instance-ba7e8248-b947-4fe4-ae79-3c8be9fcdb04', 'relation': 'hugs', 'source_object_name': 'rabbit', 'target_object_name': 'balloon', 'session_id': '5a569202-eeea-41bb-9e3a-68dda74fa20c', 'user_id': 'P2'}"
01:51:12,prompt_saved,{'path': 'output/P2/2025-08-23_01-51-12/prompt.json'}
01:51:12,object_detection_integrated,{'objects_count': 2}
01:51:13,api.generate_image.succeeded,"{'global_caption': 'a scene featuring a small village in the forest, a small rabbit, sad and with tears in its eyes, wearing a blue jacket and hugging a red balloon.', 'region_count': 3, 'has_image': True, 'detected_objects_count': 2, 'image_path': 'output/P2/2025-08-23_01-51-12/image.png', 'image_with_layout_path': 'output/P2/2025-08-23_01-51-12/image_with_layout.png', 'timestamp_dir': 'output/P2/2025-08-23_01-51-12', 'session_id': '5a569202-eeea-41bb-9e3a-68dda74fa20c', 'user_id': 'P2'}"
01:51:13,object_detection_integrated,"{'objectsCount': 2, 'objects': [{'label': 'person', 'confidence': 0.857286810874939}, {'label': 'stop sign', 'confidence': 0.48644015192985535}], 'session_id': '5a569202-eeea-41bb-9e3a-68dda74fa20c', 'user_id': 'P2'}"
01:51:44,instance.edit.started,"{'instance_id': 'instance-2b75c4bb-d457-4a02-8099-68d3c8a16ea7', 'instance_label': 'rabbit', 'edit_type': 'graph', 'session_id': '5a569202-eeea-41bb-9e3a-68dda74fa20c', 'user_id': 'P2'}"
01:51:46,object_node.edit.started,"{'object_id': 'object3', 'object_name': 'eyes', 'edit_mode': 'adding', 'is_class_mode': False, 'parent_instance_id': 'instance-2b75c4bb-d457-4a02-8099-68d3c8a16ea7', 'session_id': '5a569202-eeea-41bb-9e3a-68dda74fa20c', 'user_id': 'P2'}"
01:51:49,object_node.edit.saved,"{'object_id': 'object3', 'object_name': 'eyes', 'edit_mode': 'adding', 'new_value': 'tears', 'is_class_mode': False, 'parent_instance_id': 'instance-2b75c4bb-d457-4a02-8099-68d3c8a16ea7', 'session_id': '5a569202-eeea-41bb-9e3a-68dda74fa20c', 'user_id': 'P2'}"
01:51:49,object_node.edit.cancelled,"{'object_id': 'object3', 'object_name': 'eyes', 'edit_mode': 'adding', 'is_class_mode': False, 'session_id': '5a569202-eeea-41bb-9e3a-68dda74fa20c', 'user_id': 'P2'}"
01:51:59,api.generate_scene_graph_to_text.started,"{'has_previous': ""A small rabbit, sad and with tears in its eyes. It is wearing a blue jacket. The rabbit's eyes have tears."", 'objects_count': 3, 'relationships_count': 2, 'session_id': '5a569202-eeea-41bb-9e3a-68dda74fa20c', 'user_id': 'P2'}"
01:52:02,api.generate_scene_graph_to_text.succeeded,"{'text_length': 79, 'generated_text': ""A small rabbit, sad. It is wearing a blue jacket. The rabbit's eyes have tears."", 'session_id': '5a569202-eeea-41bb-9e3a-68dda74fa20c', 'user_id': 'P2'}"
01:52:02,instance.updated,"{'instance_id': 'instance-2b75c4bb-d457-4a02-8099-68d3c8a16ea7', 'instance_label': 'rabbit', 'text_changed': False, 'graph_changed': True, 'session_id': '5a569202-eeea-41bb-9e3a-68dda74fa20c', 'user_id': 'P2'}"
01:52:02,instance_selected,"{'instance_id': 'instance-2b75c4bb-d457-4a02-8099-68d3c8a16ea7', 'instance_label': 'rabbit', 'is_from_class': False, 'class_id': None, 'session_id': '5a569202-eeea-41bb-9e3a-68dda74fa20c', 'user_id': 'P2'}"
01:52:04,api.generate_image.started,"{'sentence_count': 3, 'box_count': 3, 'has_global_caption': True, 'has_required_keywords': False, 'session_id': '5a569202-eeea-41bb-9e3a-68dda74fa20c', 'user_id': 'P2'}"
01:52:08,relationship_node.deleted,"{'relationship_id': 'instance-2b75c4bb-d457-4a02-8099-68d3c8a16ea7-instance-ba7e8248-b947-4fe4-ae79-3c8be9fcdb04', 'source_object_id': 'instance-2b75c4bb-d457-4a02-8099-68d3c8a16ea7', 'target_object_id': 'instance-ba7e8248-b947-4fe4-ae79-3c8be9fcdb04', 'relation': 'hugs', 'source_object_name': 'rabbit', 'target_object_name': 'balloon', 'session_id': '5a569202-eeea-41bb-9e3a-68dda74fa20c', 'user_id': 'P2'}"
01:52:29,prompt_saved,{'path': 'output/P2/2025-08-23_01-52-29/prompt.json'}
01:52:29,object_detection_integrated,{'objects_count': 3}
01:52:30,object_detection_integrated,"{'objectsCount': 3, 'objects': [{'label': 'person', 'confidence': 0.7745277285575867}, {'label': 'stop sign', 'confidence': 0.47832557559013367}, {'label': 'traffic light', 'confidence': 0.286816269159317}], 'session_id': '5a569202-eeea-41bb-9e3a-68dda74fa20c', 'user_id': 'P2'}"
01:52:30,api.generate_image.succeeded,"{'global_caption': 'a scene featuring a small village in the forest, a small rabbit, sad with tears in its eyes, wearing a blue jacket and hugging a red balloon.', 'region_count': 3, 'has_image': True, 'detected_objects_count': 3, 'image_path': 'output/P2/2025-08-23_01-52-29/image.png', 'image_with_layout_path': 'output/P2/2025-08-23_01-52-29/image_with_layout.png', 'timestamp_dir': 'output/P2/2025-08-23_01-52-29', 'session_id': '5a569202-eeea-41bb-9e3a-68dda74fa20c', 'user_id': 'P2'}"
01:52:54,layout.node.moved,"{'nodeId': 'instance-2b75c4bb-d457-4a02-8099-68d3c8a16ea7-resizable', 'newPos': {'x': 274.9453125, 'y': 267}, 'session_id': '5a569202-eeea-41bb-9e3a-68dda74fa20c', 'user_id': 'P2'}"
01:53:13,scene_saved,"{'slotNumber': 2, 'instanceCount': 3, 'nodeCount': 6, 'edgeCount': 0, 'session_id': '5a569202-eeea-41bb-9e3a-68dda74fa20c', 'user_id': 'P2'}"
01:53:23,instance_selected,"{'instance_id': 'instance-2b75c4bb-d457-4a02-8099-68d3c8a16ea7', 'instance_label': 'rabbit', 'is_from_class': False, 'class_id': None, 'session_id': '5a569202-eeea-41bb-9e3a-68dda74fa20c', 'user_id': 'P2'}"
01:53:23,instance.deleted,"{'instance_id': 'instance-ba7e8248-b947-4fe4-ae79-3c8be9fcdb04', 'instance_label': 'balloon', 'is_from_class': False, 'class_id': None, 'session_id': '5a569202-eeea-41bb-9e3a-68dda74fa20c', 'user_id': 'P2'}"
01:53:24,class_library_toggle,"{'expanded': True, 'class_count': 0, 'session_id': '5a569202-eeea-41bb-9e3a-68dda74fa20c', 'user_id': 'P2'}"
01:53:26,class_library_toggle,"{'expanded': False, 'class_count': 0, 'session_id': '5a569202-eeea-41bb-9e3a-68dda74fa20c', 'user_id': 'P2'}"
01:53:28,api.generate_placeholders.started,"{'has_objects': True, 'has_relationships': True, 'object_count': 3, 'relationship_count': 2, 'session_id': '5a569202-eeea-41bb-9e3a-68dda74fa20c', 'user_id': 'P2'}"
01:53:28,class.create.started,"{'instance_id': 'instance-2b75c4bb-d457-4a02-8099-68d3c8a16ea7', 'instance_label': 'rabbit', 'has_scene_graph': True, 'object_count': 3, 'session_id': '5a569202-eeea-41bb-9e3a-68dda74fa20c', 'user_id': 'P2'}"
01:53:30,api.generate_placeholders.succeeded,"{'object_count': 3, 'unique_value_count': 7, 'session_id': '5a569202-eeea-41bb-9e3a-68dda74fa20c', 'user_id': 'P2'}"
01:53:30,class.created,"{'class_id': 'class-6e251dd6-7b8d-4ae1-a103-8c1b41f9de91', 'class_name': 'rabbit Class', 'placeholder_count': 3, 'created_from': 'rabbit', 'session_id': '5a569202-eeea-41bb-9e3a-68dda74fa20c', 'user_id': 'P2'}"
01:53:30,instance_selected,"{'instance_id': 'instance-2b75c4bb-d457-4a02-8099-68d3c8a16ea7', 'instance_label': 'rabbit', 'is_from_class': True, 'class_id': 'class-6e251dd6-7b8d-4ae1-a103-8c1b41f9de91', 'session_id': '5a569202-eeea-41bb-9e3a-68dda74fa20c', 'user_id': 'P2'}"
01:53:31,class_library_toggle,"{'expanded': True, 'class_count': 1, 'session_id': '5a569202-eeea-41bb-9e3a-68dda74fa20c', 'user_id': 'P2'}"
01:53:34,class_detail_opened,"{'class_id': 'class-6e251dd6-7b8d-4ae1-a103-8c1b41f9de91', 'class_name': 'rabbit Class', 'instance_count': 1, 'session_id': '5a569202-eeea-41bb-9e3a-68dda74fa20c', 'user_id': 'P2'}"
01:54:07,api.generate_scene_graph_to_text.started,"{'has_previous': None, 'objects_count': 3, 'relationships_count': 2, 'session_id': '5a569202-eeea-41bb-9e3a-68dda74fa20c', 'user_id': 'P2'}"
01:54:07,instance.create_from_class.started,"{'class_id': 'class-6e251dd6-7b8d-4ae1-a103-8c1b41f9de91', 'class_name': 'rabbit Class', 'value_count': 2, 'session_id': '5a569202-eeea-41bb-9e3a-68dda74fa20c', 'user_id': 'P2'}"
01:54:08,api.generate_scene_graph_to_text.succeeded,"{'text_length': 64, 'generated_text': 'Happy small rabbit wearing a green shirt with tears in its eyes.', 'session_id': '5a569202-eeea-41bb-9e3a-68dda74fa20c', 'user_id': 'P2'}"
01:54:08,api.generate_instance_label_from_description.started,"{'text_length': 64, 'session_id': '5a569202-eeea-41bb-9e3a-68dda74fa20c', 'user_id': 'P2'}"
01:54:08,api.generate_instance_label_from_description.succeeded,"{'generated_label': 'Rabbit', 'original_text': 'Happy small rabbit wearing a green shirt with tear', 'session_id': '5a569202-eeea-41bb-9e3a-68dda74fa20c', 'user_id': 'P2'}"
01:54:08,instance.created_from_class,"{'instance_id': 'instance-6502b88c-cca3-4c9d-8b28-8c543c3816b7', 'class_id': 'class-6e251dd6-7b8d-4ae1-a103-8c1b41f9de91', 'instance_label': 'Rabbit', 'has_text_description': True, 'session_id': '5a569202-eeea-41bb-9e3a-68dda74fa20c', 'user_id': 'P2'}"
01:54:08,instance_selected,"{'instance_id': 'instance-2b75c4bb-d457-4a02-8099-68d3c8a16ea7', 'instance_label': 'rabbit', 'is_from_class': True, 'class_id': 'class-6e251dd6-7b8d-4ae1-a103-8c1b41f9de91', 'session_id': '5a569202-eeea-41bb-9e3a-68dda74fa20c', 'user_id': 'P2'}"
01:54:20,instance.create_from_class.started,"{'class_id': 'class-6e251dd6-7b8d-4ae1-a103-8c1b41f9de91', 'class_name': 'rabbit Class', 'value_count': 2, 'session_id': '5a569202-eeea-41bb-9e3a-68dda74fa20c', 'user_id': 'P2'}"
01:54:20,api.generate_scene_graph_to_text.started,"{'has_previous': None, 'objects_count': 3, 'relationships_count': 2, 'session_id': '5a569202-eeea-41bb-9e3a-68dda74fa20c', 'user_id': 'P2'}"
01:54:20,api.generate_scene_graph_to_text.succeeded,"{'text_length': 65, 'generated_text': 'A small, happy rabbit wearing a pink shirt has tears in its eyes.', 'session_id': '5a569202-eeea-41bb-9e3a-68dda74fa20c', 'user_id': 'P2'}"
01:54:20,api.generate_instance_label_from_description.started,"{'text_length': 65, 'session_id': '5a569202-eeea-41bb-9e3a-68dda74fa20c', 'user_id': 'P2'}"
01:54:21,instance.created_from_class,"{'instance_id': 'instance-16c56a32-06f2-4fa5-9e2b-bd7da5842240', 'class_id': 'class-6e251dd6-7b8d-4ae1-a103-8c1b41f9de91', 'instance_label': 'Rabbit', 'has_text_description': True, 'session_id': '5a569202-eeea-41bb-9e3a-68dda74fa20c', 'user_id': 'P2'}"
01:54:21,api.generate_instance_label_from_description.succeeded,"{'generated_label': 'Rabbit', 'original_text': 'A small, happy rabbit wearing a pink shirt has tea', 'session_id': '5a569202-eeea-41bb-9e3a-68dda74fa20c', 'user_id': 'P2'}"
01:54:21,instance_selected,"{'instance_id': 'instance-2b75c4bb-d457-4a02-8099-68d3c8a16ea7', 'instance_label': 'rabbit', 'is_from_class': True, 'class_id': 'class-6e251dd6-7b8d-4ae1-a103-8c1b41f9de91', 'session_id': '5a569202-eeea-41bb-9e3a-68dda74fa20c', 'user_id': 'P2'}"
01:54:36,layout.node.moved,"{'nodeId': 'instance-16c56a32-06f2-4fa5-9e2b-bd7da5842240', 'newPos': {'x': 168, 'y': 210}, 'session_id': '5a569202-eeea-41bb-9e3a-68dda74fa20c', 'user_id': 'P2'}"
01:54:41,layout.node.moved,"{'nodeId': 'instance-16c56a32-06f2-4fa5-9e2b-bd7da5842240-resizable', 'newPos': {'x': 131, 'y': 236}, 'session_id': '5a569202-eeea-41bb-9e3a-68dda74fa20c', 'user_id': 'P2'}"
01:54:42,layout.node.moved,"{'nodeId': 'instance-2b75c4bb-d457-4a02-8099-68d3c8a16ea7-resizable', 'newPos': {'x': 319.9453125, 'y': 235}, 'session_id': '5a569202-eeea-41bb-9e3a-68dda74fa20c', 'user_id': 'P2'}"
01:54:43,layout.node.moved,"{'nodeId': 'instance-16c56a32-06f2-4fa5-9e2b-bd7da5842240-resizable', 'newPos': {'x': 173, 'y': 236}, 'session_id': '5a569202-eeea-41bb-9e3a-68dda74fa20c', 'user_id': 'P2'}"
01:54:47,layout.node.moved,"{'nodeId': 'instance-6502b88c-cca3-4c9d-8b28-8c543c3816b7-resizable', 'newPos': {'x': 12, 'y': 240}, 'session_id': '5a569202-eeea-41bb-9e3a-68dda74fa20c', 'user_id': 'P2'}"
01:54:49,layout.node.moved,"{'nodeId': 'instance-16c56a32-06f2-4fa5-9e2b-bd7da5842240-resizable', 'newPos': {'x': 367, 'y': 29}, 'session_id': '5a569202-eeea-41bb-9e3a-68dda74fa20c', 'user_id': 'P2'}"
01:54:50,layout.node.moved,"{'nodeId': 'instance-2b75c4bb-d457-4a02-8099-68d3c8a16ea7-resizable', 'newPos': {'x': 182.9453125, 'y': 238}, 'session_id': '5a569202-eeea-41bb-9e3a-68dda74fa20c', 'user_id': 'P2'}"
01:54:54,layout.node.moved,"{'nodeId': 'instance-16c56a32-06f2-4fa5-9e2b-bd7da5842240-resizable', 'newPos': {'x': 362, 'y': 229}, 'session_id': '5a569202-eeea-41bb-9e3a-68dda74fa20c', 'user_id': 'P2'}"
01:54:56,layout.node.moved,"{'nodeId': 'instance-16c56a32-06f2-4fa5-9e2b-bd7da5842240', 'newPos': {'x': 358, 'y': 232}, 'session_id': '5a569202-eeea-41bb-9e3a-68dda74fa20c', 'user_id': 'P2'}"
01:54:59,layout.node.moved,"{'nodeId': 'instance-16c56a32-06f2-4fa5-9e2b-bd7da5842240-resizable', 'newPos': {'x': 348, 'y': 233}, 'session_id': '5a569202-eeea-41bb-9e3a-68dda74fa20c', 'user_id': 'P2'}"
01:55:06,layout.node.moved,"{'nodeId': 'instance-2b75c4bb-d457-4a02-8099-68d3c8a16ea7-resizable', 'newPos': {'x': 177.9453125, 'y': 238}, 'session_id': '5a569202-eeea-41bb-9e3a-68dda74fa20c', 'user_id': 'P2'}"
01:55:07,api.generate_image.started,"{'sentence_count': 4, 'box_count': 4, 'has_global_caption': False, 'has_required_keywords': False, 'session_id': '5a569202-eeea-41bb-9e3a-68dda74fa20c', 'user_id': 'P2'}"
01:55:33,prompt_saved,{'path': 'output/P2/2025-08-23_01-55-33/prompt.json'}
01:55:34,object_detection_integrated,{'objects_count': 2}
01:55:34,object_detection_integrated,"{'objectsCount': 2, 'objects': [{'label': 'teddy bear', 'confidence': 0.7220905423164368}, {'label': 'person', 'confidence': 0.3297695219516754}], 'session_id': '5a569202-eeea-41bb-9e3a-68dda74fa20c', 'user_id': 'P2'}"
01:55:34,api.generate_image.succeeded,"{'global_caption': 'a scene featuring a small village in the forest, a small rabbit, sad and wearing a blue jacket with tears in its eyes, a happy small rabbit wearing a green shirt with tears in its eyes, and a small happy rabbit wearing a pink shirt with tears in its eyes.', 'region_count': 4, 'has_image': True, 'detected_objects_count': 2, 'image_path': 'output/P2/2025-08-23_01-55-33/image.png', 'image_with_layout_path': 'output/P2/2025-08-23_01-55-33/image_with_layout.png', 'timestamp_dir': 'output/P2/2025-08-23_01-55-33', 'session_id': '5a569202-eeea-41bb-9e3a-68dda74fa20c', 'user_id': 'P2'}"
01:56:16,instance_selected,"{'instance_id': 'instance-2b75c4bb-d457-4a02-8099-68d3c8a16ea7', 'instance_label': 'rabbit', 'is_from_class': True, 'class_id': 'class-6e251dd6-7b8d-4ae1-a103-8c1b41f9de91', 'session_id': '5a569202-eeea-41bb-9e3a-68dda74fa20c', 'user_id': 'P2'}"
01:56:19,object_node.expand_collapse,"{'object_id': 'object1', 'object_name': 'rabbit', 'action': 'collapse', 'parent_instance_id': 'instance-2b75c4bb-d457-4a02-8099-68d3c8a16ea7', 'is_class_mode': False, 'session_id': '5a569202-eeea-41bb-9e3a-68dda74fa20c', 'user_id': 'P2'}"
01:56:20,object_node.expand_collapse,"{'object_id': 'object1', 'object_name': 'rabbit', 'action': 'expand', 'parent_instance_id': 'instance-2b75c4bb-d457-4a02-8099-68d3c8a16ea7', 'is_class_mode': False, 'session_id': '5a569202-eeea-41bb-9e3a-68dda74fa20c', 'user_id': 'P2'}"
01:56:21,instance.edit.started,"{'instance_id': 'instance-2b75c4bb-d457-4a02-8099-68d3c8a16ea7', 'instance_label': 'rabbit', 'edit_type': 'graph', 'session_id': '5a569202-eeea-41bb-9e3a-68dda74fa20c', 'user_id': 'P2'}"
01:56:22,class_library_toggle,"{'expanded': False, 'class_count': 1, 'session_id': '5a569202-eeea-41bb-9e3a-68dda74fa20c', 'user_id': 'P2'}"
01:56:23,object_node.edit.started,"{'object_id': 'object1', 'object_name': 'rabbit', 'edit_mode': 'adding', 'is_class_mode': False, 'parent_instance_id': 'instance-2b75c4bb-d457-4a02-8099-68d3c8a16ea7', 'session_id': '5a569202-eeea-41bb-9e3a-68dda74fa20c', 'user_id': 'P2'}"
01:56:24,object_node.edit.saved,"{'object_id': 'object1', 'object_name': 'rabbit', 'edit_mode': 'adding', 'new_value': 'confident', 'is_class_mode': False, 'parent_instance_id': 'instance-2b75c4bb-d457-4a02-8099-68d3c8a16ea7', 'session_id': '5a569202-eeea-41bb-9e3a-68dda74fa20c', 'user_id': 'P2'}"
01:56:24,object_node.edit.cancelled,"{'object_id': 'object1', 'object_name': 'rabbit', 'edit_mode': 'adding', 'is_class_mode': False, 'session_id': '5a569202-eeea-41bb-9e3a-68dda74fa20c', 'user_id': 'P2'}"
01:56:25,api.generate_scene_graph_to_text.started,"{'has_previous': ""A small rabbit, sad. It is wearing a blue jacket. The rabbit's eyes have tears."", 'objects_count': 3, 'relationships_count': 2, 'session_id': '5a569202-eeea-41bb-9e3a-68dda74fa20c', 'user_id': 'P2'}"
01:56:26,api.generate_scene_graph_to_text.succeeded,"{'text_length': 93, 'generated_text': ""A small rabbit, sad and confident. It is wearing a blue jacket. The rabbit's eyes have tears."", 'session_id': '5a569202-eeea-41bb-9e3a-68dda74fa20c', 'user_id': 'P2'}"
01:56:26,instance.updated,"{'instance_id': 'instance-2b75c4bb-d457-4a02-8099-68d3c8a16ea7', 'instance_label': 'rabbit', 'text_changed': False, 'graph_changed': True, 'session_id': '5a569202-eeea-41bb-9e3a-68dda74fa20c', 'user_id': 'P2'}"
01:56:26,instance_selected,"{'instance_id': 'instance-2b75c4bb-d457-4a02-8099-68d3c8a16ea7', 'instance_label': 'rabbit', 'is_from_class': True, 'class_id': 'class-6e251dd6-7b8d-4ae1-a103-8c1b41f9de91', 'session_id': '5a569202-eeea-41bb-9e3a-68dda74fa20c', 'user_id': 'P2'}"
01:56:27,instance_selected,"{'instance_id': 'instance-16c56a32-06f2-4fa5-9e2b-bd7da5842240', 'instance_label': 'Rabbit', 'is_from_class': True, 'class_id': 'class-6e251dd6-7b8d-4ae1-a103-8c1b41f9de91', 'session_id': '5a569202-eeea-41bb-9e3a-68dda74fa20c', 'user_id': 'P2'}"
01:56:28,instance.edit.started,"{'instance_id': 'instance-16c56a32-06f2-4fa5-9e2b-bd7da5842240', 'instance_label': 'Rabbit', 'edit_type': 'graph', 'session_id': '5a569202-eeea-41bb-9e3a-68dda74fa20c', 'user_id': 'P2'}"
01:56:30,object_node.edit.started,"{'object_id': 'object1', 'object_name': 'rabbit', 'edit_mode': 'adding', 'is_class_mode': False, 'parent_instance_id': 'instance-16c56a32-06f2-4fa5-9e2b-bd7da5842240', 'session_id': '5a569202-eeea-41bb-9e3a-68dda74fa20c', 'user_id': 'P2'}"
01:56:31,object_node.edit.cancelled,"{'object_id': 'object1', 'object_name': 'rabbit', 'edit_mode': 'adding', 'is_class_mode': False, 'session_id': '5a569202-eeea-41bb-9e3a-68dda74fa20c', 'user_id': 'P2'}"
01:56:31,object_node.edit.saved,"{'object_id': 'object1', 'object_name': 'rabbit', 'edit_mode': 'adding', 'new_value': 'confident', 'is_class_mode': False, 'parent_instance_id': 'instance-16c56a32-06f2-4fa5-9e2b-bd7da5842240', 'session_id': '5a569202-eeea-41bb-9e3a-68dda74fa20c', 'user_id': 'P2'}"
01:56:32,api.generate_scene_graph_to_text.started,"{'has_previous': 'A small, happy rabbit wearing a pink shirt has tears in its eyes.', 'objects_count': 3, 'relationships_count': 2, 'session_id': '5a569202-eeea-41bb-9e3a-68dda74fa20c', 'user_id': 'P2'}"
01:56:32,api.generate_scene_graph_to_text.succeeded,"{'text_length': 76, 'generated_text': 'A small, happy, confident rabbit wearing a pink shirt has tears in its eyes.', 'session_id': '5a569202-eeea-41bb-9e3a-68dda74fa20c', 'user_id': 'P2'}"
01:56:32,instance.updated,"{'instance_id': 'instance-16c56a32-06f2-4fa5-9e2b-bd7da5842240', 'instance_label': 'Rabbit', 'text_changed': False, 'graph_changed': True, 'session_id': '5a569202-eeea-41bb-9e3a-68dda74fa20c', 'user_id': 'P2'}"
01:56:32,instance_selected,"{'instance_id': 'instance-16c56a32-06f2-4fa5-9e2b-bd7da5842240', 'instance_label': 'Rabbit', 'is_from_class': True, 'class_id': 'class-6e251dd6-7b8d-4ae1-a103-8c1b41f9de91', 'session_id': '5a569202-eeea-41bb-9e3a-68dda74fa20c', 'user_id': 'P2'}"
01:56:33,instance.edit.started,"{'instance_id': 'instance-6502b88c-cca3-4c9d-8b28-8c543c3816b7', 'instance_label': 'Rabbit', 'edit_type': 'graph', 'session_id': '5a569202-eeea-41bb-9e3a-68dda74fa20c', 'user_id': 'P2'}"
01:56:35,object_node.edit.started,"{'object_id': 'object1', 'object_name': 'rabbit', 'edit_mode': 'adding', 'is_class_mode': False, 'parent_instance_id': 'instance-6502b88c-cca3-4c9d-8b28-8c543c3816b7', 'session_id': '5a569202-eeea-41bb-9e3a-68dda74fa20c', 'user_id': 'P2'}"
01:56:36,object_node.edit.cancelled,"{'object_id': 'object1', 'object_name': 'rabbit', 'edit_mode': 'adding', 'is_class_mode': False, 'session_id': '5a569202-eeea-41bb-9e3a-68dda74fa20c', 'user_id': 'P2'}"
01:56:36,object_node.edit.saved,"{'object_id': 'object1', 'object_name': 'rabbit', 'edit_mode': 'adding', 'new_value': 'confident', 'is_class_mode': False, 'parent_instance_id': 'instance-6502b88c-cca3-4c9d-8b28-8c543c3816b7', 'session_id': '5a569202-eeea-41bb-9e3a-68dda74fa20c', 'user_id': 'P2'}"
01:56:36,api.generate_scene_graph_to_text.started,"{'has_previous': 'Happy small rabbit wearing a green shirt with tears in its eyes.', 'objects_count': 3, 'relationships_count': 2, 'session_id': '5a569202-eeea-41bb-9e3a-68dda74fa20c', 'user_id': 'P2'}"
01:56:37,api.generate_scene_graph_to_text.succeeded,"{'text_length': 74, 'generated_text': 'Happy small confident rabbit wearing a green shirt with tears in its eyes.', 'session_id': '5a569202-eeea-41bb-9e3a-68dda74fa20c', 'user_id': 'P2'}"
01:56:37,instance.updated,"{'instance_id': 'instance-6502b88c-cca3-4c9d-8b28-8c543c3816b7', 'instance_label': 'Rabbit', 'text_changed': False, 'graph_changed': True, 'session_id': '5a569202-eeea-41bb-9e3a-68dda74fa20c', 'user_id': 'P2'}"
01:56:37,instance_selected,"{'instance_id': 'instance-16c56a32-06f2-4fa5-9e2b-bd7da5842240', 'instance_label': 'Rabbit', 'is_from_class': True, 'class_id': 'class-6e251dd6-7b8d-4ae1-a103-8c1b41f9de91', 'session_id': '5a569202-eeea-41bb-9e3a-68dda74fa20c', 'user_id': 'P2'}"
01:56:38,api.generate_image.started,"{'sentence_count': 4, 'box_count': 4, 'has_global_caption': True, 'has_required_keywords': False, 'session_id': '5a569202-eeea-41bb-9e3a-68dda74fa20c', 'user_id': 'P2'}"
01:57:02,prompt_saved,{'path': 'output/P2/2025-08-23_01-57-02/prompt.json'}
01:57:02,object_detection_integrated,{'objects_count': 4}
01:57:03,api.generate_image.succeeded,"{'global_caption': 'a scene featuring a small village in the forest, a small rabbit, sad and confident, wearing a blue jacket with tears in its eyes, a happy small confident rabbit wearing a green shirt with tears in its eyes, and a small happy confident rabbit wearing a pink shirt with tears in its eyes.', 'region_count': 4, 'has_image': True, 'detected_objects_count': 4, 'image_path': 'output/P2/2025-08-23_01-57-02/image.png', 'image_with_layout_path': 'output/P2/2025-08-23_01-57-02/image_with_layout.png', 'timestamp_dir': 'output/P2/2025-08-23_01-57-02', 'session_id': '5a569202-eeea-41bb-9e3a-68dda74fa20c', 'user_id': 'P2'}"
01:57:03,object_detection_integrated,"{'objectsCount': 4, 'objects': [{'label': 'teddy bear', 'confidence': 0.7711713910102844}, {'label': 'teddy bear', 'confidence': 0.3700815737247467}, {'label': 'teddy bear', 'confidence': 0.29300475120544434}, {'label': 'person', 'confidence': 0.2617719769477844}], 'session_id': '5a569202-eeea-41bb-9e3a-68dda74fa20c', 'user_id': 'P2'}"
01:57:09,scene_saved,"{'slotNumber': 3, 'instanceCount': 4, 'nodeCount': 8, 'edgeCount': 0, 'session_id': '5a569202-eeea-41bb-9e3a-68dda74fa20c', 'user_id': 'P2'}"
01:57:33,class_library_toggle,"{'expanded': True, 'class_count': 1, 'session_id': '5a569202-eeea-41bb-9e3a-68dda74fa20c', 'user_id': 'P2'}"
01:57:34,class_detail_opened,"{'class_id': 'class-6e251dd6-7b8d-4ae1-a103-8c1b41f9de91', 'class_name': 'rabbit Class', 'instance_count': 3, 'session_id': '5a569202-eeea-41bb-9e3a-68dda74fa20c', 'user_id': 'P2'}"
01:57:37,class.edit.started,"{'class_id': 'class-6e251dd6-7b8d-4ae1-a103-8c1b41f9de91', 'class_name': 'rabbit Class', 'placeholder_count': 3, 'object_count': 3, 'session_id': '5a569202-eeea-41bb-9e3a-68dda74fa20c', 'user_id': 'P2'}"
01:57:38,object_node.edit.started,"{'object_id': 'object1', 'object_name': 'rabbit', 'edit_mode': 'adding', 'is_class_mode': True, 'session_id': '5a569202-eeea-41bb-9e3a-68dda74fa20c', 'user_id': 'P2'}"
01:57:49,object_node.edit.cancelled,"{'object_id': 'object1', 'object_name': 'rabbit', 'edit_mode': 'adding', 'is_class_mode': True, 'session_id': '5a569202-eeea-41bb-9e3a-68dda74fa20c', 'user_id': 'P2'}"
01:57:49,object_node.edit.saved,"{'object_id': 'object1', 'object_name': 'rabbit', 'edit_mode': 'adding', 'new_value': 'emotion confident', 'is_class_mode': True, 'session_id': '5a569202-eeea-41bb-9e3a-68dda74fa20c', 'user_id': 'P2'}"
01:58:10,object_node.edit.started,"{'object_id': 'object4', 'object_name': 'jacket', 'edit_mode': 'adding', 'is_class_mode': True, 'session_id': '5a569202-eeea-41bb-9e3a-68dda74fa20c', 'user_id': 'P2'}"
01:58:17,object_node.edit.cancelled,"{'object_id': 'object4', 'object_name': 'jacket', 'edit_mode': 'adding', 'is_class_mode': True, 'session_id': '5a569202-eeea-41bb-9e3a-68dda74fa20c', 'user_id': 'P2'}"
01:58:17,object_node.edit.saved,"{'object_id': 'object4', 'object_name': 'jacket', 'edit_mode': 'adding', 'new_value': 'status dirty', 'is_class_mode': True, 'session_id': '5a569202-eeea-41bb-9e3a-68dda74fa20c', 'user_id': 'P2'}"
01:58:43,class.edit.started,"{'class_id': 'class-6e251dd6-7b8d-4ae1-a103-8c1b41f9de91', 'class_name': 'rabbit Class', 'placeholder_count': 3, 'object_count': 3, 'session_id': '5a569202-eeea-41bb-9e3a-68dda74fa20c', 'user_id': 'P2'}"
01:58:44,object_node.edit.started,"{'object_id': 'object1', 'object_name': 'rabbit', 'edit_mode': 'adding', 'is_class_mode': True, 'session_id': '5a569202-eeea-41bb-9e3a-68dda74fa20c', 'user_id': 'P2'}"
01:58:52,object_node.edit.saved,"{'object_id': 'object1', 'object_name': 'rabbit', 'edit_mode': 'adding', 'new_value': 'emotion confident', 'is_class_mode': True, 'session_id': '5a569202-eeea-41bb-9e3a-68dda74fa20c', 'user_id': 'P2'}"
01:58:52,object_node.edit.cancelled,"{'object_id': 'object1', 'object_name': 'rabbit', 'edit_mode': 'adding', 'is_class_mode': True, 'session_id': '5a569202-eeea-41bb-9e3a-68dda74fa20c', 'user_id': 'P2'}"
01:58:52,class.updated,"{'class_id': 'class-6e251dd6-7b8d-4ae1-a103-8c1b41f9de91', 'class_name': 'rabbit Class', 'placeholder_count': 3, 'object_count': 3, 'session_id': '5a569202-eeea-41bb-9e3a-68dda74fa20c', 'user_id': 'P2'}"
01:58:52,instance_selected,"{'instance_id': 'instance-16c56a32-06f2-4fa5-9e2b-bd7da5842240', 'instance_label': 'Rabbit', 'is_from_class': True, 'class_id': 'class-6e251dd6-7b8d-4ae1-a103-8c1b41f9de91', 'session_id': '5a569202-eeea-41bb-9e3a-68dda74fa20c', 'user_id': 'P2'}"
01:58:54,class.edit.started,"{'class_id': 'class-6e251dd6-7b8d-4ae1-a103-8c1b41f9de91', 'class_name': 'rabbit Class', 'placeholder_count': 3, 'object_count': 3, 'session_id': '5a569202-eeea-41bb-9e3a-68dda74fa20c', 'user_id': 'P2'}"
01:58:58,object_node.edit.started,"{'object_id': 'object4', 'object_name': 'jacket', 'edit_mode': 'adding', 'is_class_mode': True, 'session_id': '5a569202-eeea-41bb-9e3a-68dda74fa20c', 'user_id': 'P2'}"
01:59:06,object_node.edit.saved,"{'object_id': 'object4', 'object_name': 'jacket', 'edit_mode': 'adding', 'new_value': 'status dirty', 'is_class_mode': True, 'session_id': '5a569202-eeea-41bb-9e3a-68dda74fa20c', 'user_id': 'P2'}"
01:59:06,object_node.edit.cancelled,"{'object_id': 'object4', 'object_name': 'jacket', 'edit_mode': 'adding', 'is_class_mode': True, 'session_id': '5a569202-eeea-41bb-9e3a-68dda74fa20c', 'user_id': 'P2'}"
01:59:08,class.updated,"{'class_id': 'class-6e251dd6-7b8d-4ae1-a103-8c1b41f9de91', 'class_name': 'rabbit Class', 'placeholder_count': 3, 'object_count': 3, 'session_id': '5a569202-eeea-41bb-9e3a-68dda74fa20c', 'user_id': 'P2'}"
01:59:08,instance_selected,"{'instance_id': 'instance-16c56a32-06f2-4fa5-9e2b-bd7da5842240', 'instance_label': 'Rabbit', 'is_from_class': True, 'class_id': 'class-6e251dd6-7b8d-4ae1-a103-8c1b41f9de91', 'session_id': '5a569202-eeea-41bb-9e3a-68dda74fa20c', 'user_id': 'P2'}"
01:59:10,class.edit.started,"{'class_id': 'class-6e251dd6-7b8d-4ae1-a103-8c1b41f9de91', 'class_name': 'rabbit Class', 'placeholder_count': 3, 'object_count': 3, 'session_id': '5a569202-eeea-41bb-9e3a-68dda74fa20c', 'user_id': 'P2'}"
01:59:37,instance_selected,"{'instance_id': 'instance-2b75c4bb-d457-4a02-8099-68d3c8a16ea7', 'instance_label': 'rabbit', 'is_from_class': True, 'class_id': 'class-6e251dd6-7b8d-4ae1-a103-8c1b41f9de91', 'session_id': '5a569202-eeea-41bb-9e3a-68dda74fa20c', 'user_id': 'P2'}"
01:59:45,class_library_toggle,"{'expanded': False, 'class_count': 1, 'session_id': '5a569202-eeea-41bb-9e3a-68dda74fa20c', 'user_id': 'P2'}"
01:59:47,instance.edit.started,"{'instance_id': 'instance-2b75c4bb-d457-4a02-8099-68d3c8a16ea7', 'instance_label': 'rabbit', 'edit_type': 'graph', 'session_id': '5a569202-eeea-41bb-9e3a-68dda74fa20c', 'user_id': 'P2'}"
01:59:51,object_node.connection_drag.started,"{'object_id': 'object4', 'object_name': 'jacket', 'parent_instance_id': 'instance-2b75c4bb-d457-4a02-8099-68d3c8a16ea7', 'is_class_mode': False, 'session_id': '5a569202-eeea-41bb-9e3a-68dda74fa20c', 'user_id': 'P2'}"
01:59:52,object_node.connection_drag.completed,"{'source_object_id': 'object4', 'target_object_id': 'object5', 'source_parent_id': 'instance-2b75c4bb-d457-4a02-8099-68d3c8a16ea7', 'target_parent_id': 'instance-2b75c4bb-d457-4a02-8099-68d3c8a16ea7', 'session_id': '5a569202-eeea-41bb-9e3a-68dda74fa20c', 'user_id': 'P2'}"
01:59:53,object_node.edit.started,"{'object_id': 'object5', 'object_name': 'new object', 'edit_mode': 'name', 'is_class_mode': False, 'parent_instance_id': 'instance-2b75c4bb-d457-4a02-8099-68d3c8a16ea7', 'session_id': '5a569202-eeea-41bb-9e3a-68dda74fa20c', 'user_id': 'P2'}"
01:59:55,object_node.edit.cancelled,"{'object_id': 'object5', 'object_name': 'new object', 'edit_mode': 'name', 'is_class_mode': False, 'session_id': '5a569202-eeea-41bb-9e3a-68dda74fa20c', 'user_id': 'P2'}"
01:59:55,object_node.edit.saved,"{'object_id': 'object5', 'object_name': 'new object', 'edit_mode': 'name', 'new_value': 'dirt', 'is_class_mode': False, 'parent_instance_id': 'instance-2b75c4bb-d457-4a02-8099-68d3c8a16ea7', 'session_id': '5a569202-eeea-41bb-9e3a-68dda74fa20c', 'user_id': 'P2'}"
01:59:57,object_node.edit.started,"{'object_id': 'object5', 'object_name': 'dirt', 'edit_mode': 'name', 'is_class_mode': False, 'parent_instance_id': 'instance-2b75c4bb-d457-4a02-8099-68d3c8a16ea7', 'session_id': '5a569202-eeea-41bb-9e3a-68dda74fa20c', 'user_id': 'P2'}"
01:59:59,object_node.edit.cancelled,"{'object_id': 'object5', 'object_name': 'dirt', 'edit_mode': 'name', 'is_class_mode': False, 'session_id': '5a569202-eeea-41bb-9e3a-68dda74fa20c', 'user_id': 'P2'}"
01:59:59,object_node.edit.saved,"{'object_id': 'object5', 'object_name': 'dirt', 'edit_mode': 'name', 'new_value': 'mud', 'is_class_mode': False, 'parent_instance_id': 'instance-2b75c4bb-d457-4a02-8099-68d3c8a16ea7', 'session_id': '5a569202-eeea-41bb-9e3a-68dda74fa20c', 'user_id': 'P2'}"
02:00:11,api.generate_scene_graph_to_text.started,"{'has_previous': ""A small rabbit, sad and confident. It is wearing a blue jacket. The rabbit's eyes have tears."", 'objects_count': 5, 'relationships_count': 3, 'session_id': '5a569202-eeea-41bb-9e3a-68dda74fa20c', 'user_id': 'P2'}"
02:00:14,instance.updated,"{'instance_id': 'instance-2b75c4bb-d457-4a02-8099-68d3c8a16ea7', 'instance_label': 'rabbit', 'text_changed': False, 'graph_changed': True, 'session_id': '5a569202-eeea-41bb-9e3a-68dda74fa20c', 'user_id': 'P2'}"
02:00:14,instance_selected,"{'instance_id': 'instance-2b75c4bb-d457-4a02-8099-68d3c8a16ea7', 'instance_label': 'rabbit', 'is_from_class': True, 'class_id': 'class-6e251dd6-7b8d-4ae1-a103-8c1b41f9de91', 'session_id': '5a569202-eeea-41bb-9e3a-68dda74fa20c', 'user_id': 'P2'}"
02:00:14,api.generate_scene_graph_to_text.succeeded,"{'text_length': 137, 'generated_text': ""A small rabbit, sad and confident. It is wearing a blue, dirty jacket. The rabbit's eyes have tears."", 'session_id': '5a569202-eeea-41bb-9e3a-68dda74fa20c', 'user_id': 'P2'}"
02:00:16,class_library_toggle,"{'expanded': True, 'class_count': 1, 'session_id': '5a569202-eeea-41bb-9e3a-68dda74fa20c', 'user_id': 'P2'}"
02:00:17,class_detail_opened,"{'class_id': 'class-6e251dd6-7b8d-4ae1-a103-8c1b41f9de91', 'class_name': 'rabbit Class', 'instance_count': 3, 'session_id': '5a569202-eeea-41bb-9e3a-68dda74fa20c', 'user_id': 'P2'}"
02:00:29,instance.edit.started,"{'instance_id': 'instance-2b75c4bb-d457-4a02-8099-68d3c8a16ea7', 'instance_label': 'rabbit', 'edit_type': 'graph', 'session_id': '5a569202-eeea-41bb-9e3a-68dda74fa20c', 'user_id': 'P2'}"
02:00:31,api.generate_scene_graph_to_text.started,"{'has_previous': ""A small rabbit, sad and confident. It is wearing a blue, dirty jacket. The rabbit's eyes have tears. The jacket is connected to some mud."", 'objects_count': 4, 'relationships_count': 2, 'session_id': '5a569202-eeea-41bb-9e3a-68dda74fa20c', 'user_id': 'P2'}"
02:00:33,class_detail_opened,"{'class_id': 'class-6e251dd6-7b8d-4ae1-a103-8c1b41f9de91', 'class_name': 'rabbit Class', 'instance_count': 3, 'session_id': '5a569202-eeea-41bb-9e3a-68dda74fa20c', 'user_id': 'P2'}"
02:00:35,instance.updated,"{'instance_id': 'instance-2b75c4bb-d457-4a02-8099-68d3c8a16ea7', 'instance_label': 'rabbit', 'text_changed': False, 'graph_changed': True, 'session_id': '5a569202-eeea-41bb-9e3a-68dda74fa20c', 'user_id': 'P2'}"
02:00:35,api.generate_scene_graph_to_text.succeeded,"{'text_length': 100, 'generated_text': ""A small rabbit, sad and confident. It is wearing a blue, dirty jacket. The rabbit's eyes have tears."", 'session_id': '5a569202-eeea-41bb-9e3a-68dda74fa20c', 'user_id': 'P2'}"
02:00:35,instance_selected,"{'instance_id': 'instance-2b75c4bb-d457-4a02-8099-68d3c8a16ea7', 'instance_label': 'rabbit', 'is_from_class': True, 'class_id': 'class-6e251dd6-7b8d-4ae1-a103-8c1b41f9de91', 'session_id': '5a569202-eeea-41bb-9e3a-68dda74fa20c', 'user_id': 'P2'}"
02:00:35,class.edit.started,"{'class_id': 'class-6e251dd6-7b8d-4ae1-a103-8c1b41f9de91', 'class_name': 'rabbit Class', 'placeholder_count': 3, 'object_count': 3, 'session_id': '5a569202-eeea-41bb-9e3a-68dda74fa20c', 'user_id': 'P2'}"
02:00:37,object_node.edit.started,"{'object_id': 'object4', 'object_name': 'jacket', 'edit_mode': 'adding', 'is_class_mode': True, 'session_id': '5a569202-eeea-41bb-9e3a-68dda74fa20c', 'user_id': 'P2'}"
02:00:41,object_node.edit.cancelled,"{'object_id': 'object4', 'object_name': 'jacket', 'edit_mode': 'adding', 'is_class_mode': True, 'session_id': '5a569202-eeea-41bb-9e3a-68dda74fa20c', 'user_id': 'P2'}"
02:00:41,object_node.edit.saved,"{'object_id': 'object4', 'object_name': 'jacket', 'edit_mode': 'adding', 'new_value': 'with mud', 'is_class_mode': True, 'session_id': '5a569202-eeea-41bb-9e3a-68dda74fa20c', 'user_id': 'P2'}"
02:00:42,object_node.edit.started,"{'object_id': 'object4', 'object_name': 'jacket', 'edit_mode': 'adding', 'is_class_mode': True, 'session_id': '5a569202-eeea-41bb-9e3a-68dda74fa20c', 'user_id': 'P2'}"
02:00:47,object_node.edit.cancelled,"{'object_id': 'object4', 'object_name': 'jacket', 'edit_mode': 'adding', 'is_class_mode': True, 'session_id': '5a569202-eeea-41bb-9e3a-68dda74fa20c', 'user_id': 'P2'}"
02:00:48,object_node.edit.started,"{'object_id': 'object4', 'object_name': 'jacket', 'edit_mode': 'adding', 'is_class_mode': True, 'session_id': '5a569202-eeea-41bb-9e3a-68dda74fa20c', 'user_id': 'P2'}"
02:00:54,object_node.edit.cancelled,"{'object_id': 'object4', 'object_name': 'jacket', 'edit_mode': 'adding', 'is_class_mode': True, 'session_id': '5a569202-eeea-41bb-9e3a-68dda74fa20c', 'user_id': 'P2'}"
02:00:54,object_node.edit.saved,"{'object_id': 'object4', 'object_name': 'jacket', 'edit_mode': 'adding', 'new_value': 'status scratched', 'is_class_mode': True, 'session_id': '5a569202-eeea-41bb-9e3a-68dda74fa20c', 'user_id': 'P2'}"
02:00:55,instance_selected,"{'instance_id': 'instance-2b75c4bb-d457-4a02-8099-68d3c8a16ea7', 'instance_label': 'rabbit', 'is_from_class': True, 'class_id': 'class-6e251dd6-7b8d-4ae1-a103-8c1b41f9de91', 'session_id': '5a569202-eeea-41bb-9e3a-68dda74fa20c', 'user_id': 'P2'}"
02:00:55,class.updated,"{'class_id': 'class-6e251dd6-7b8d-4ae1-a103-8c1b41f9de91', 'class_name': 'rabbit Class', 'placeholder_count': 3, 'object_count': 3, 'session_id': '5a569202-eeea-41bb-9e3a-68dda74fa20c', 'user_id': 'P2'}"
02:00:59,instance_selected,"{'instance_id': 'instance-16c56a32-06f2-4fa5-9e2b-bd7da5842240', 'instance_label': 'Rabbit', 'is_from_class': True, 'class_id': 'class-6e251dd6-7b8d-4ae1-a103-8c1b41f9de91', 'session_id': '5a569202-eeea-41bb-9e3a-68dda74fa20c', 'user_id': 'P2'}"
02:01:07,class_library_toggle,"{'expanded': False, 'class_count': 1, 'session_id': '5a569202-eeea-41bb-9e3a-68dda74fa20c', 'user_id': 'P2'}"
02:01:09,api.generate_image.started,"{'sentence_count': 4, 'box_count': 4, 'has_global_caption': False, 'has_required_keywords': False, 'session_id': '5a569202-eeea-41bb-9e3a-68dda74fa20c', 'user_id': 'P2'}"
02:01:34,prompt_saved,{'path': 'output/P2/2025-08-23_02-01-34/prompt.json'}
02:01:34,object_detection_integrated,{'objects_count': 8}
02:01:34,api.generate_image.succeeded,"{'global_caption': 'a scene featuring a small village in the forest, a small rabbit, sad and confident, wearing a blue, dirty jacket, with tears in its eyes, a happy small confident rabbit wearing a green shirt, with tears in its eyes, and a small, happy, confident rabbit wearing a pink shirt, with tears in its eyes', 'region_count': 4, 'has_image': True, 'detected_objects_count': 8, 'image_path': 'output/P2/2025-08-23_02-01-34/image.png', 'image_with_layout_path': 'output/P2/2025-08-23_02-01-34/image_with_layout.png', 'timestamp_dir': 'output/P2/2025-08-23_02-01-34', 'session_id': '5a569202-eeea-41bb-9e3a-68dda74fa20c', 'user_id': 'P2'}"
02:01:34,object_detection_integrated,"{'objectsCount': 8, 'objects': [{'label': 'teddy bear', 'confidence': 0.8323101997375488}, {'label': 'teddy bear', 'confidence': 0.37522903084754944}, {'label': 'backpack', 'confidence': 0.37417125701904297}, {'label': 'backpack', 'confidence': 0.33104729652404785}, {'label': 'teddy bear', 'confidence': 0.3226962685585022}, {'label': 'person', 'confidence': 0.27889424562454224}, {'label': 'backpack', 'confidence': 0.2514740526676178}, {'label': 'person', 'confidence': 0.2504141926765442}], 'session_id': '5a569202-eeea-41bb-9e3a-68dda74fa20c', 'user_id': 'P2'}"
02:02:17,instance.edit.started,"{'instance_id': 'instance-16c56a32-06f2-4fa5-9e2b-bd7da5842240', 'instance_label': 'Rabbit', 'edit_type': 'graph', 'session_id': '5a569202-eeea-41bb-9e3a-68dda74fa20c', 'user_id': 'P2'}"
02:02:23,object_node.edit.started,"{'object_id': 'object5', 'object_name': 'new object', 'edit_mode': 'name', 'is_class_mode': False, 'parent_instance_id': 'instance-16c56a32-06f2-4fa5-9e2b-bd7da5842240', 'session_id': '5a569202-eeea-41bb-9e3a-68dda74fa20c', 'user_id': 'P2'}"
02:02:26,object_node.edit.saved,"{'object_id': 'object5', 'object_name': 'new object', 'edit_mode': 'name', 'new_value': 'new object', 'is_class_mode': False, 'parent_instance_id': 'instance-16c56a32-06f2-4fa5-9e2b-bd7da5842240', 'session_id': '5a569202-eeea-41bb-9e3a-68dda74fa20c', 'user_id': 'P2'}"
02:02:26,object_node.edit.cancelled,"{'object_id': 'object5', 'object_name': 'new object', 'edit_mode': 'name', 'is_class_mode': False, 'session_id': '5a569202-eeea-41bb-9e3a-68dda74fa20c', 'user_id': 'P2'}"
02:02:26,api.generate_scene_graph_to_text.started,"{'has_previous': 'A small, happy, confident rabbit wearing a pink shirt has tears in its eyes.', 'objects_count': 5, 'relationships_count': 2, 'session_id': '5a569202-eeea-41bb-9e3a-68dda74fa20c', 'user_id': 'P2'}"
02:02:27,api.generate_scene_graph_to_text.succeeded,"{'text_length': 76, 'generated_text': 'A small, happy, confident rabbit wearing a pink shirt has tears in its eyes.', 'session_id': '5a569202-eeea-41bb-9e3a-68dda74fa20c', 'user_id': 'P2'}"
02:02:27,instance.updated,"{'instance_id': 'instance-16c56a32-06f2-4fa5-9e2b-bd7da5842240', 'instance_label': 'Rabbit', 'text_changed': False, 'graph_changed': True, 'session_id': '5a569202-eeea-41bb-9e3a-68dda74fa20c', 'user_id': 'P2'}"
02:02:27,instance_selected,"{'instance_id': 'instance-16c56a32-06f2-4fa5-9e2b-bd7da5842240', 'instance_label': 'Rabbit', 'is_from_class': True, 'class_id': 'class-6e251dd6-7b8d-4ae1-a103-8c1b41f9de91', 'session_id': '5a569202-eeea-41bb-9e3a-68dda74fa20c', 'user_id': 'P2'}"
02:02:37,instance.edit.started,"{'instance_id': 'instance-2b75c4bb-d457-4a02-8099-68d3c8a16ea7', 'instance_label': 'rabbit', 'edit_type': 'text', 'session_id': '5a569202-eeea-41bb-9e3a-68dda74fa20c', 'user_id': 'P2'}"
02:02:42,instance.edit.started,"{'instance_id': 'instance-16c56a32-06f2-4fa5-9e2b-bd7da5842240', 'instance_label': 'Rabbit', 'edit_type': 'text', 'session_id': '5a569202-eeea-41bb-9e3a-68dda74fa20c', 'user_id': 'P2'}"
02:03:02,instance.edit.started,"{'instance_id': 'instance-2b75c4bb-d457-4a02-8099-68d3c8a16ea7', 'instance_label': 'rabbit', 'edit_type': 'text', 'session_id': '5a569202-eeea-41bb-9e3a-68dda74fa20c', 'user_id': 'P2'}"
02:03:24,instance_selected,"{'instance_id': 'instance-2b75c4bb-d457-4a02-8099-68d3c8a16ea7', 'instance_label': 'rabbit', 'is_from_class': True, 'class_id': 'class-6e251dd6-7b8d-4ae1-a103-8c1b41f9de91', 'session_id': '5a569202-eeea-41bb-9e3a-68dda74fa20c', 'user_id': 'P2'}"
02:04:48,api.generate_text_to_graph.started,"{'has_previous': ""A small rabbit, sad and confident. It is wearing a blue, dirty jacket. The rabbit's eyes have tears."", 'text_length': 140, 'previous_objects_count': 3, 'session_id': '5a569202-eeea-41bb-9e3a-68dda74fa20c', 'user_id': 'P2'}"
02:04:54,api.generate_text_to_graph.succeeded,"{'objects_count': 4, 'relationships_count': 3, 'root_object': 'object1', 'session_id': '5a569202-eeea-41bb-9e3a-68dda74fa20c', 'user_id': 'P2'}"
02:04:54,instance_selected,"{'instance_id': 'instance-2b75c4bb-d457-4a02-8099-68d3c8a16ea7', 'instance_label': 'rabbit', 'is_from_class': True, 'class_id': 'class-6e251dd6-7b8d-4ae1-a103-8c1b41f9de91', 'session_id': '5a569202-eeea-41bb-9e3a-68dda74fa20c', 'user_id': 'P2'}"
02:04:54,instance.updated,"{'instance_id': 'instance-2b75c4bb-d457-4a02-8099-68d3c8a16ea7', 'instance_label': 'rabbit', 'text_changed': True, 'graph_changed': False, 'session_id': '5a569202-eeea-41bb-9e3a-68dda74fa20c', 'user_id': 'P2'}"
02:04:59,instance.edit.started,"{'instance_id': 'instance-16c56a32-06f2-4fa5-9e2b-bd7da5842240', 'instance_label': 'Rabbit', 'edit_type': 'text', 'session_id': '5a569202-eeea-41bb-9e3a-68dda74fa20c', 'user_id': 'P2'}"
02:05:07,api.generate_text_to_graph.started,"{'has_previous': 'A small, happy, confident rabbit wearing a pink shirt has tears in its eyes.', 'text_length': 140, 'previous_objects_count': 5, 'session_id': '5a569202-eeea-41bb-9e3a-68dda74fa20c', 'user_id': 'P2'}"
02:05:13,api.generate_text_to_graph.succeeded,"{'objects_count': 4, 'relationships_count': 3, 'root_object': 'object1', 'session_id': '5a569202-eeea-41bb-9e3a-68dda74fa20c', 'user_id': 'P2'}"
02:05:13,instance.updated,"{'instance_id': 'instance-16c56a32-06f2-4fa5-9e2b-bd7da5842240', 'instance_label': 'rabbit', 'text_changed': True, 'graph_changed': False, 'session_id': '5a569202-eeea-41bb-9e3a-68dda74fa20c', 'user_id': 'P2'}"
02:05:13,instance_selected,"{'instance_id': 'instance-2b75c4bb-d457-4a02-8099-68d3c8a16ea7', 'instance_label': 'rabbit', 'is_from_class': True, 'class_id': 'class-6e251dd6-7b8d-4ae1-a103-8c1b41f9de91', 'session_id': '5a569202-eeea-41bb-9e3a-68dda74fa20c', 'user_id': 'P2'}"
02:05:15,instance.edit.started,"{'instance_id': 'instance-6502b88c-cca3-4c9d-8b28-8c543c3816b7', 'instance_label': 'Rabbit', 'edit_type': 'text', 'session_id': '5a569202-eeea-41bb-9e3a-68dda74fa20c', 'user_id': 'P2'}"
02:05:27,api.generate_text_to_graph.started,"{'has_previous': 'Happy small confident rabbit wearing a green shirt with tears in its eyes.', 'text_length': 140, 'previous_objects_count': 3, 'session_id': '5a569202-eeea-41bb-9e3a-68dda74fa20c', 'user_id': 'P2'}"
02:05:32,instance_selected,"{'instance_id': 'instance-2b75c4bb-d457-4a02-8099-68d3c8a16ea7', 'instance_label': 'rabbit', 'is_from_class': True, 'class_id': 'class-6e251dd6-7b8d-4ae1-a103-8c1b41f9de91', 'session_id': '5a569202-eeea-41bb-9e3a-68dda74fa20c', 'user_id': 'P2'}"
02:05:32,api.generate_text_to_graph.succeeded,"{'objects_count': 4, 'relationships_count': 3, 'root_object': 'object1', 'session_id': '5a569202-eeea-41bb-9e3a-68dda74fa20c', 'user_id': 'P2'}"
02:05:32,instance.updated,"{'instance_id': 'instance-6502b88c-cca3-4c9d-8b28-8c543c3816b7', 'instance_label': 'rabbit', 'text_changed': True, 'graph_changed': False, 'session_id': '5a569202-eeea-41bb-9e3a-68dda74fa20c', 'user_id': 'P2'}"
02:05:34,api.generate_image.started,"{'sentence_count': 4, 'box_count': 4, 'has_global_caption': True, 'has_required_keywords': False, 'session_id': '5a569202-eeea-41bb-9e3a-68dda74fa20c', 'user_id': 'P2'}"
02:05:35,instance_selected,"{'instance_id': 'instance-16c56a32-06f2-4fa5-9e2b-bd7da5842240', 'instance_label': 'rabbit', 'is_from_class': True, 'class_id': 'class-6e251dd6-7b8d-4ae1-a103-8c1b41f9de91', 'session_id': '5a569202-eeea-41bb-9e3a-68dda74fa20c', 'user_id': 'P2'}"
02:05:58,prompt_saved,{'path': 'output/P2/2025-08-23_02-05-58/prompt.json'}
02:05:58,object_detection_integrated,{'objects_count': 6}
02:05:59,api.generate_image.succeeded,"{'global_caption': 'a scene featuring a small village in the forest, a small rabbit, happy and confident, wearing a blue, dirty jacket with mud and scratched by branches, with eyes and running, a small rabbit, happy and confident, wearing a pink, dirty jacket with mud and scratched by branches, with eyes and running, and a small rabbit, happy and confident, wearing a green, dirty shirt with mud and scratched by branches, with eyes and running', 'region_count': 4, 'has_image': True, 'detected_objects_count': 6, 'image_path': 'output/P2/2025-08-23_02-05-58/image.png', 'image_with_layout_path': 'output/P2/2025-08-23_02-05-58/image_with_layout.png', 'timestamp_dir': 'output/P2/2025-08-23_02-05-58', 'session_id': '5a569202-eeea-41bb-9e3a-68dda74fa20c', 'user_id': 'P2'}"
02:05:59,object_detection_integrated,"{'objectsCount': 6, 'objects': [{'label': 'teddy bear', 'confidence': 0.7257291078567505}, {'label': 'teddy bear', 'confidence': 0.5965100526809692}, {'label': 'person', 'confidence': 0.5936729907989502}, {'label': 'teddy bear', 'confidence': 0.5029634833335876}, {'label': 'person', 'confidence': 0.4951319098472595}, {'label': 'person', 'confidence': 0.3621813654899597}], 'session_id': '5a569202-eeea-41bb-9e3a-68dda74fa20c', 'user_id': 'P2'}"
02:06:08,scene_saved,"{'slotNumber': 4, 'instanceCount': 4, 'nodeCount': 8, 'edgeCount': 0, 'session_id': '5a569202-eeea-41bb-9e3a-68dda74fa20c', 'user_id': 'P2'}"
02:06:43,instance_selected,"{'instance_id': 'instance-6502b88c-cca3-4c9d-8b28-8c543c3816b7', 'instance_label': 'rabbit', 'is_from_class': True, 'class_id': 'class-6e251dd6-7b8d-4ae1-a103-8c1b41f9de91', 'session_id': '5a569202-eeea-41bb-9e3a-68dda74fa20c', 'user_id': 'P2'}"
02:06:46,instance.edit.started,"{'instance_id': 'instance-6502b88c-cca3-4c9d-8b28-8c543c3816b7', 'instance_label': 'rabbit', 'edit_type': 'text', 'session_id': '5a569202-eeea-41bb-9e3a-68dda74fa20c', 'user_id': 'P2'}"
02:07:23,api.generate_text_to_graph.started,"{'has_previous': 'A small rabbit, happy and confident. It is wearing a pink, dirty jacket with mud and scratched by branches. The rabbit has eyes and running.', 'text_length': 182, 'previous_objects_count': 4, 'session_id': '5a569202-eeea-41bb-9e3a-68dda74fa20c', 'user_id': 'P2'}"
02:07:29,instance.updated,"{'instance_id': 'instance-6502b88c-cca3-4c9d-8b28-8c543c3816b7', 'instance_label': 'rabbit', 'text_changed': True, 'graph_changed': False, 'session_id': '5a569202-eeea-41bb-9e3a-68dda74fa20c', 'user_id': 'P2'}"
02:07:29,api.generate_text_to_graph.succeeded,"{'objects_count': 6, 'relationships_count': 5, 'root_object': 'object1', 'session_id': '5a569202-eeea-41bb-9e3a-68dda74fa20c', 'user_id': 'P2'}"
02:07:29,instance_selected,"{'instance_id': 'instance-6502b88c-cca3-4c9d-8b28-8c543c3816b7', 'instance_label': 'rabbit', 'is_from_class': True, 'class_id': 'class-6e251dd6-7b8d-4ae1-a103-8c1b41f9de91', 'session_id': '5a569202-eeea-41bb-9e3a-68dda74fa20c', 'user_id': 'P2'}"
02:07:31,instance_selected,"{'instance_id': 'instance-16c56a32-06f2-4fa5-9e2b-bd7da5842240', 'instance_label': 'rabbit', 'is_from_class': True, 'class_id': 'class-6e251dd6-7b8d-4ae1-a103-8c1b41f9de91', 'session_id': '5a569202-eeea-41bb-9e3a-68dda74fa20c', 'user_id': 'P2'}"
02:07:33,instance.edit.started,"{'instance_id': 'instance-16c56a32-06f2-4fa5-9e2b-bd7da5842240', 'instance_label': 'rabbit', 'edit_type': 'text', 'session_id': '5a569202-eeea-41bb-9e3a-68dda74fa20c', 'user_id': 'P2'}"
02:08:14,api.generate_text_to_graph.started,"{'has_previous': 'A small rabbit, happy and confident. It is wearing a green, dirty shirt with mud and scratched by branches. The rabbit has eyes and running.', 'text_length': 213, 'previous_objects_count': 4, 'session_id': '5a569202-eeea-41bb-9e3a-68dda74fa20c', 'user_id': 'P2'}"
02:08:21,instance.updated,"{'instance_id': 'instance-16c56a32-06f2-4fa5-9e2b-bd7da5842240', 'instance_label': 'rabbit', 'text_changed': True, 'graph_changed': False, 'session_id': '5a569202-eeea-41bb-9e3a-68dda74fa20c', 'user_id': 'P2'}"
02:08:21,api.generate_text_to_graph.succeeded,"{'objects_count': 6, 'relationships_count': 6, 'root_object': 'object1', 'session_id': '5a569202-eeea-41bb-9e3a-68dda74fa20c', 'user_id': 'P2'}"
02:08:21,instance_selected,"{'instance_id': 'instance-16c56a32-06f2-4fa5-9e2b-bd7da5842240', 'instance_label': 'rabbit', 'is_from_class': True, 'class_id': 'class-6e251dd6-7b8d-4ae1-a103-8c1b41f9de91', 'session_id': '5a569202-eeea-41bb-9e3a-68dda74fa20c', 'user_id': 'P2'}"
02:08:35,instance.edit.started,"{'instance_id': 'instance-16c56a32-06f2-4fa5-9e2b-bd7da5842240', 'instance_label': 'rabbit', 'edit_type': 'graph', 'session_id': '5a569202-eeea-41bb-9e3a-68dda74fa20c', 'user_id': 'P2'}"
02:08:43,relationship_node.edited,"{'relationship_id': 'object1-object5', 'source_object_id': 'object1', 'target_object_id': 'object5', 'old_relation': 'yells when', 'new_relation': 'yells when', 'source_object_name': 'rabbit', 'target_object_name': 'balloon', 'session_id': '5a569202-eeea-41bb-9e3a-68dda74fa20c', 'user_id': 'P2'}"
02:09:12,api.generate_scene_graph_to_text.started,"{'has_previous': 'A small rabbit, happy and confident. It is wearing a green, dirty shirt with mud and scratched by branches. The rabbit has eyes and running. It yells when it finds a balloon and it points the balloon with its hand', 'objects_count': 6, 'relationships_count': 6, 'session_id': '5a569202-eeea-41bb-9e3a-68dda74fa20c', 'user_id': 'P2'}"
02:09:13,instance.updated,"{'instance_id': 'instance-16c56a32-06f2-4fa5-9e2b-bd7da5842240', 'instance_label': 'rabbit', 'text_changed': False, 'graph_changed': True, 'session_id': '5a569202-eeea-41bb-9e3a-68dda74fa20c', 'user_id': 'P2'}"
02:09:13,instance_selected,"{'instance_id': 'instance-16c56a32-06f2-4fa5-9e2b-bd7da5842240', 'instance_label': 'rabbit', 'is_from_class': True, 'class_id': 'class-6e251dd6-7b8d-4ae1-a103-8c1b41f9de91', 'session_id': '5a569202-eeea-41bb-9e3a-68dda74fa20c', 'user_id': 'P2'}"
02:09:13,api.generate_scene_graph_to_text.succeeded,"{'text_length': 217, 'generated_text': 'A small rabbit, happy and confident. It is wearing a green, dirty shirt with mud and scratched by br', 'session_id': '5a569202-eeea-41bb-9e3a-68dda74fa20c', 'user_id': 'P2'}"
02:09:38,instance.edit.started,"{'instance_id': 'instance-6502b88c-cca3-4c9d-8b28-8c543c3816b7', 'instance_label': 'rabbit', 'edit_type': 'text', 'session_id': '5a569202-eeea-41bb-9e3a-68dda74fa20c', 'user_id': 'P2'}"
02:09:42,instance_selected,"{'instance_id': 'instance-2b75c4bb-d457-4a02-8099-68d3c8a16ea7', 'instance_label': 'rabbit', 'is_from_class': True, 'class_id': 'class-6e251dd6-7b8d-4ae1-a103-8c1b41f9de91', 'session_id': '5a569202-eeea-41bb-9e3a-68dda74fa20c', 'user_id': 'P2'}"
02:09:43,instance.edit.started,"{'instance_id': 'instance-2b75c4bb-d457-4a02-8099-68d3c8a16ea7', 'instance_label': 'rabbit', 'edit_type': 'text', 'session_id': '5a569202-eeea-41bb-9e3a-68dda74fa20c', 'user_id': 'P2'}"
02:10:20,api.generate_text_to_graph.started,"{'has_previous': 'A small rabbit, happy and confident. It is wearing a blue, dirty jacket with mud and scratched by branches. The rabbit has eyes and running.', 'text_length': 132, 'previous_objects_count': 4, 'session_id': '5a569202-eeea-41bb-9e3a-68dda74fa20c', 'user_id': 'P2'}"
02:10:26,instance.updated,"{'instance_id': 'instance-2b75c4bb-d457-4a02-8099-68d3c8a16ea7', 'instance_label': 'rabbit', 'text_changed': True, 'graph_changed': False, 'session_id': '5a569202-eeea-41bb-9e3a-68dda74fa20c', 'user_id': 'P2'}"
02:10:26,instance_selected,"{'instance_id': 'instance-2b75c4bb-d457-4a02-8099-68d3c8a16ea7', 'instance_label': 'rabbit', 'is_from_class': True, 'class_id': 'class-6e251dd6-7b8d-4ae1-a103-8c1b41f9de91', 'session_id': '5a569202-eeea-41bb-9e3a-68dda74fa20c', 'user_id': 'P2'}"
02:10:26,api.generate_text_to_graph.succeeded,"{'objects_count': 5, 'relationships_count': 4, 'root_object': 'object1', 'session_id': '5a569202-eeea-41bb-9e3a-68dda74fa20c', 'user_id': 'P2'}"
02:10:33,layout_board.new_box_initiated,"{'board_type': 'advanced', 'timestamp': '2025-08-23T02:10:33.876Z', 'session_id': '5a569202-eeea-41bb-9e3a-68dda74fa20c', 'user_id': 'P2'}"
02:10:35,layout_board.new_box_positioned,"{'position': {'x': 317.3515625, 'y': 18}, 'screen_position': {'x': 379, 'y': 61}, 'board_type': 'advanced', 'session_id': '5a569202-eeea-41bb-9e3a-68dda74fa20c', 'user_id': 'P2'}"
02:10:57,api.generate_text_to_graph.started,"{'has_previous': None, 'text_length': 57, 'previous_objects_count': 0, 'session_id': '5a569202-eeea-41bb-9e3a-68dda74fa20c', 'user_id': 'P2'}"
02:10:59,api.generate_text_to_graph.succeeded,"{'objects_count': 3, 'relationships_count': 2, 'root_object': 'object1', 'session_id': '5a569202-eeea-41bb-9e3a-68dda74fa20c', 'user_id': 'P2'}"
02:11:01,instance_selected,"{'instance_id': 'instance-16c56a32-06f2-4fa5-9e2b-bd7da5842240', 'instance_label': 'rabbit', 'is_from_class': True, 'class_id': 'class-6e251dd6-7b8d-4ae1-a103-8c1b41f9de91', 'session_id': '5a569202-eeea-41bb-9e3a-68dda74fa20c', 'user_id': 'P2'}"
02:11:06,layout.node.moved,"{'nodeId': 'instance-2b75c4bb-d457-4a02-8099-68d3c8a16ea7', 'newPos': {'x': 178.9453125, 'y': 252}, 'session_id': '5a569202-eeea-41bb-9e3a-68dda74fa20c', 'user_id': 'P2'}"
02:11:09,layout.node.moved,"{'nodeId': 'instance-2b75c4bb-d457-4a02-8099-68d3c8a16ea7-resizable', 'newPos': {'x': 177.9453125, 'y': 330}, 'session_id': '5a569202-eeea-41bb-9e3a-68dda74fa20c', 'user_id': 'P2'}"
02:11:12,layout.node.moved,"{'nodeId': 'instance-2b75c4bb-d457-4a02-8099-68d3c8a16ea7-resizable', 'newPos': {'x': 154.9453125, 'y': 330}, 'session_id': '5a569202-eeea-41bb-9e3a-68dda74fa20c', 'user_id': 'P2'}"
02:11:14,layout.node.moved,"{'nodeId': 'instance-6502b88c-cca3-4c9d-8b28-8c543c3816b7-resizable', 'newPos': {'x': 13, 'y': 229}, 'session_id': '5a569202-eeea-41bb-9e3a-68dda74fa20c', 'user_id': 'P2'}"
02:11:15,layout.node.moved,"{'nodeId': 'instance-16c56a32-06f2-4fa5-9e2b-bd7da5842240-resizable', 'newPos': {'x': 333, 'y': 234}, 'session_id': '5a569202-eeea-41bb-9e3a-68dda74fa20c', 'user_id': 'P2'}"
02:11:21,layout.node.moved,"{'nodeId': 'instance-250f7a13-558d-44f6-8aeb-3e1169ac956f-resizable', 'newPos': {'x': 352.3515625, 'y': 6}, 'session_id': '5a569202-eeea-41bb-9e3a-68dda74fa20c', 'user_id': 'P2'}"
02:11:22,layout.node.moved,"{'nodeId': 'instance-2b75c4bb-d457-4a02-8099-68d3c8a16ea7-resizable', 'newPos': {'x': 154.9453125, 'y': 269}, 'session_id': '5a569202-eeea-41bb-9e3a-68dda74fa20c', 'user_id': 'P2'}"
02:11:24,layout.node.moved,"{'nodeId': 'instance-16c56a32-06f2-4fa5-9e2b-bd7da5842240-resizable', 'newPos': {'x': 27, 'y': 334}, 'session_id': '5a569202-eeea-41bb-9e3a-68dda74fa20c', 'user_id': 'P2'}"
02:11:25,layout.node.moved,"{'nodeId': 'instance-2b75c4bb-d457-4a02-8099-68d3c8a16ea7-resizable', 'newPos': {'x': 176.9453125, 'y': 284}, 'session_id': '5a569202-eeea-41bb-9e3a-68dda74fa20c', 'user_id': 'P2'}"
02:11:26,layout.node.moved,"{'nodeId': 'instance-6502b88c-cca3-4c9d-8b28-8c543c3816b7-resizable', 'newPos': {'x': 27, 'y': 154}, 'session_id': '5a569202-eeea-41bb-9e3a-68dda74fa20c', 'user_id': 'P2'}"
02:11:27,api.generate_image.started,"{'sentence_count': 5, 'box_count': 5, 'has_global_caption': False, 'has_required_keywords': False, 'session_id': '5a569202-eeea-41bb-9e3a-68dda74fa20c', 'user_id': 'P2'}"
02:11:54,prompt_saved,{'path': 'output/P2/2025-08-23_02-11-54/prompt.json'}
02:11:55,object_detection_integrated,{'objects_count': 5}
02:11:55,api.generate_image.succeeded,"{'global_caption': 'a scene featuring a small village in the forest, a small rabbit, happy and confident, wearing a blue, dirty jacket with mud and scratched by branches, hugging a red balloon, another small rabbit, happy and confident, wearing a pink, dirty jacket with mud and scratched by branches, with eyes and running, climbing a tree and shaking a branch, a small rabbit, happy and confident, wearing a green, dirty shirt with mud and scratched by branches, with eyes and running, yelling when it finds a balloon and pointing at the balloon with its hand, and a big tree with a red balloon on one of its branches.', 'region_count': 5, 'has_image': True, 'detected_objects_count': 5, 'image_path': 'output/P2/2025-08-23_02-11-54/image.png', 'image_with_layout_path': 'output/P2/2025-08-23_02-11-54/image_with_layout.png', 'timestamp_dir': 'output/P2/2025-08-23_02-11-54', 'session_id': '5a569202-eeea-41bb-9e3a-68dda74fa20c', 'user_id': 'P2'}"
02:11:55,object_detection_integrated,"{'objectsCount': 5, 'objects': [{'label': 'elephant', 'confidence': 0.6328580379486084}, {'label': 'person', 'confidence': 0.5638247132301331}, {'label': 'person', 'confidence': 0.5539839267730713}, {'label': 'elephant', 'confidence': 0.46083149313926697}, {'label': 'person', 'confidence': 0.45426231622695923}], 'session_id': '5a569202-eeea-41bb-9e3a-68dda74fa20c', 'user_id': 'P2'}"
02:12:43,layout.node.moved,"{'nodeId': 'instance-6502b88c-cca3-4c9d-8b28-8c543c3816b7-resizable', 'newPos': {'x': 353, 'y': 148}, 'session_id': '5a569202-eeea-41bb-9e3a-68dda74fa20c', 'user_id': 'P2'}"
02:12:50,instance.edit.started,"{'instance_id': 'instance-16c56a32-06f2-4fa5-9e2b-bd7da5842240', 'instance_label': 'rabbit', 'edit_type': 'text', 'session_id': '5a569202-eeea-41bb-9e3a-68dda74fa20c', 'user_id': 'P2'}"
02:13:32,layout.node.moved,"{'nodeId': 'instance-6502b88c-cca3-4c9d-8b28-8c543c3816b7-resizable', 'newPos': {'x': 350, 'y': 162}, 'session_id': '5a569202-eeea-41bb-9e3a-68dda74fa20c', 'user_id': 'P2'}"
02:13:36,instance_selected,"{'instance_id': 'instance-2b75c4bb-d457-4a02-8099-68d3c8a16ea7', 'instance_label': 'rabbit', 'is_from_class': True, 'class_id': 'class-6e251dd6-7b8d-4ae1-a103-8c1b41f9de91', 'session_id': '5a569202-eeea-41bb-9e3a-68dda74fa20c', 'user_id': 'P2'}"
02:13:52,instance_selected,"{'instance_id': 'instance-16c56a32-06f2-4fa5-9e2b-bd7da5842240', 'instance_label': 'rabbit', 'is_from_class': True, 'class_id': 'class-6e251dd6-7b8d-4ae1-a103-8c1b41f9de91', 'session_id': '5a569202-eeea-41bb-9e3a-68dda74fa20c', 'user_id': 'P2'}"
02:13:56,instance_selected,"{'instance_id': 'instance-6502b88c-cca3-4c9d-8b28-8c543c3816b7', 'instance_label': 'rabbit', 'is_from_class': True, 'class_id': 'class-6e251dd6-7b8d-4ae1-a103-8c1b41f9de91', 'session_id': '5a569202-eeea-41bb-9e3a-68dda74fa20c', 'user_id': 'P2'}"
02:14:08,instance_selected,"{'instance_id': 'instance-16c56a32-06f2-4fa5-9e2b-bd7da5842240', 'instance_label': 'rabbit', 'is_from_class': True, 'class_id': 'class-6e251dd6-7b8d-4ae1-a103-8c1b41f9de91', 'session_id': '5a569202-eeea-41bb-9e3a-68dda74fa20c', 'user_id': 'P2'}"
02:14:12,instance_selected,"{'instance_id': 'instance-2b75c4bb-d457-4a02-8099-68d3c8a16ea7', 'instance_label': 'rabbit', 'is_from_class': True, 'class_id': 'class-6e251dd6-7b8d-4ae1-a103-8c1b41f9de91', 'session_id': '5a569202-eeea-41bb-9e3a-68dda74fa20c', 'user_id': 'P2'}"
02:14:17,layout.node.moved,"{'nodeId': 'instance-250f7a13-558d-44f6-8aeb-3e1169ac956f-resizable', 'newPos': {'x': 343.3515625, 'y': 3}, 'session_id': '5a569202-eeea-41bb-9e3a-68dda74fa20c', 'user_id': 'P2'}"
02:14:18,layout.node.moved,"{'nodeId': 'instance-250f7a13-558d-44f6-8aeb-3e1169ac956f-resizable', 'newPos': {'x': 363.3515625, 'y': 4}, 'session_id': '5a569202-eeea-41bb-9e3a-68dda74fa20c', 'user_id': 'P2'}"
02:14:20,layout.node.moved,"{'nodeId': 'instance-6502b88c-cca3-4c9d-8b28-8c543c3816b7-resizable', 'newPos': {'x': 109, 'y': 81}, 'session_id': '5a569202-eeea-41bb-9e3a-68dda74fa20c', 'user_id': 'P2'}"
02:14:26,layout.node.moved,"{'nodeId': 'instance-6502b88c-cca3-4c9d-8b28-8c543c3816b7', 'newPos': {'x': 345, 'y': 189}, 'session_id': '5a569202-eeea-41bb-9e3a-68dda74fa20c', 'user_id': 'P2'}"
02:14:27,instance_selected,"{'instance_id': 'instance-6502b88c-cca3-4c9d-8b28-8c543c3816b7', 'instance_label': 'rabbit', 'is_from_class': True, 'class_id': 'class-6e251dd6-7b8d-4ae1-a103-8c1b41f9de91', 'session_id': '5a569202-eeea-41bb-9e3a-68dda74fa20c', 'user_id': 'P2'}"
02:14:34,instance.edit.started,"{'instance_id': 'instance-6502b88c-cca3-4c9d-8b28-8c543c3816b7', 'instance_label': 'rabbit', 'edit_type': 'text', 'session_id': '5a569202-eeea-41bb-9e3a-68dda74fa20c', 'user_id': 'P2'}"
02:14:44,layout.node.moved,"{'nodeId': 'instance-6502b88c-cca3-4c9d-8b28-8c543c3816b7-resizable', 'newPos': {'x': 346, 'y': 65}, 'session_id': '5a569202-eeea-41bb-9e3a-68dda74fa20c', 'user_id': 'P2'}"
02:14:55,instance_selected,"{'instance_id': 'instance-250f7a13-558d-44f6-8aeb-3e1169ac956f', 'instance_label': 'tree', 'is_from_class': False, 'class_id': None, 'session_id': '5a569202-eeea-41bb-9e3a-68dda74fa20c', 'user_id': 'P2'}"
02:14:57,instance.edit.started,"{'instance_id': 'instance-250f7a13-558d-44f6-8aeb-3e1169ac956f', 'instance_label': 'tree', 'edit_type': 'text', 'session_id': '5a569202-eeea-41bb-9e3a-68dda74fa20c', 'user_id': 'P2'}"
02:15:11,api.generate_text_to_graph.started,"{'has_previous': 'A big tree which has a red balloon on its one of branches', 'text_length': 10, 'previous_objects_count': 3, 'session_id': '5a569202-eeea-41bb-9e3a-68dda74fa20c', 'user_id': 'P2'}"
02:15:12,instance.updated,"{'instance_id': 'instance-250f7a13-558d-44f6-8aeb-3e1169ac956f', 'instance_label': 'tree', 'text_changed': True, 'graph_changed': False, 'session_id': '5a569202-eeea-41bb-9e3a-68dda74fa20c', 'user_id': 'P2'}"
02:15:12,api.generate_text_to_graph.succeeded,"{'objects_count': 1, 'relationships_count': 0, 'root_object': 'object1', 'session_id': '5a569202-eeea-41bb-9e3a-68dda74fa20c', 'user_id': 'P2'}"
02:15:12,instance_selected,"{'instance_id': 'instance-250f7a13-558d-44f6-8aeb-3e1169ac956f', 'instance_label': 'tree', 'is_from_class': False, 'class_id': None, 'session_id': '5a569202-eeea-41bb-9e3a-68dda74fa20c', 'user_id': 'P2'}"
02:15:18,api.generate_text_to_graph.started,"{'has_previous': 'A small rabbit, happy and confident. It is wearing a pink, dirty jacket with mud and scratched by branches. The rabbit has eyes and running. It climbs the tree and shakes the branch.', 'text_length': 170, 'previous_objects_count': 6, 'session_id': '5a569202-eeea-41bb-9e3a-68dda74fa20c', 'user_id': 'P2'}"
02:15:25,api.generate_text_to_graph.succeeded,"{'objects_count': 6, 'relationships_count': 5, 'root_object': 'object1', 'session_id': '5a569202-eeea-41bb-9e3a-68dda74fa20c', 'user_id': 'P2'}"
02:15:25,instance_selected,"{'instance_id': 'instance-250f7a13-558d-44f6-8aeb-3e1169ac956f', 'instance_label': 'tree', 'is_from_class': False, 'class_id': None, 'session_id': '5a569202-eeea-41bb-9e3a-68dda74fa20c', 'user_id': 'P2'}"
02:15:25,instance.updated,"{'instance_id': 'instance-6502b88c-cca3-4c9d-8b28-8c543c3816b7', 'instance_label': 'rabbit', 'text_changed': True, 'graph_changed': False, 'session_id': '5a569202-eeea-41bb-9e3a-68dda74fa20c', 'user_id': 'P2'}"
02:15:36,instance.edit.started,"{'instance_id': 'instance-2b75c4bb-d457-4a02-8099-68d3c8a16ea7', 'instance_label': 'rabbit', 'edit_type': 'text', 'session_id': '5a569202-eeea-41bb-9e3a-68dda74fa20c', 'user_id': 'P2'}"
02:15:45,api.generate_text_to_graph.started,"{'has_previous': 'A small rabbit, happy and confident. It is wearing a blue, dirty jacket with mud and scratched by branches. It hugges a red balloon.', 'text_length': 136, 'previous_objects_count': 5, 'session_id': '5a569202-eeea-41bb-9e3a-68dda74fa20c', 'user_id': 'P2'}"
02:15:51,api.generate_text_to_graph.succeeded,"{'objects_count': 5, 'relationships_count': 4, 'root_object': 'object1', 'session_id': '5a569202-eeea-41bb-9e3a-68dda74fa20c', 'user_id': 'P2'}"
02:15:51,instance_selected,"{'instance_id': 'instance-250f7a13-558d-44f6-8aeb-3e1169ac956f', 'instance_label': 'tree', 'is_from_class': False, 'class_id': None, 'session_id': '5a569202-eeea-41bb-9e3a-68dda74fa20c', 'user_id': 'P2'}"
02:15:51,instance.updated,"{'instance_id': 'instance-2b75c4bb-d457-4a02-8099-68d3c8a16ea7', 'instance_label': 'rabbit', 'text_changed': True, 'graph_changed': False, 'session_id': '5a569202-eeea-41bb-9e3a-68dda74fa20c', 'user_id': 'P2'}"
02:15:54,instance.edit.started,"{'instance_id': 'instance-2b75c4bb-d457-4a02-8099-68d3c8a16ea7', 'instance_label': 'rabbit', 'edit_type': 'text', 'session_id': '5a569202-eeea-41bb-9e3a-68dda74fa20c', 'user_id': 'P2'}"
02:16:07,api.generate_text_to_graph.started,"{'has_previous': 'A small rabbit, happy and confident. It is wearing a blue, dirty jacket with mud and scratched by branches. It is hugging a red balloon.', 'text_length': 151, 'previous_objects_count': 5, 'session_id': '5a569202-eeea-41bb-9e3a-68dda74fa20c', 'user_id': 'P2'}"
02:16:14,api.generate_text_to_graph.succeeded,"{'objects_count': 6, 'relationships_count': 5, 'root_object': 'object1', 'session_id': '5a569202-eeea-41bb-9e3a-68dda74fa20c', 'user_id': 'P2'}"
02:16:14,instance.updated,"{'instance_id': 'instance-2b75c4bb-d457-4a02-8099-68d3c8a16ea7', 'instance_label': 'rabbit', 'text_changed': True, 'graph_changed': False, 'session_id': '5a569202-eeea-41bb-9e3a-68dda74fa20c', 'user_id': 'P2'}"
02:16:14,instance_selected,"{'instance_id': 'instance-250f7a13-558d-44f6-8aeb-3e1169ac956f', 'instance_label': 'tree', 'is_from_class': False, 'class_id': None, 'session_id': '5a569202-eeea-41bb-9e3a-68dda74fa20c', 'user_id': 'P2'}"
02:16:17,api.generate_image.started,"{'sentence_count': 5, 'box_count': 5, 'has_global_caption': True, 'has_required_keywords': False, 'session_id': '5a569202-eeea-41bb-9e3a-68dda74fa20c', 'user_id': 'P2'}"
02:16:43,prompt_saved,{'path': 'output/P2/2025-08-23_02-16-43/prompt.json'}
02:16:43,object_detection_integrated,{'objects_count': 6}
02:16:44,api.generate_image.succeeded,"{'global_caption': 'a scene featuring a small village in the forest, a small rabbit, happy and confident, wearing a blue, dirty jacket with mud and scratched by branches, hugging a red balloon close to its body, another small rabbit, happy and confident, wearing a pink, dirty jacket with mud and scratched by branches, with eyes, climbing a tree and shaking a branch, a small rabbit, happy and confident, wearing a green, dirty shirt with mud and scratched by branches, with eyes, running, yelling when it finds a balloon and pointing at the balloon with its hand, and a big tree.', 'region_count': 5, 'has_image': True, 'detected_objects_count': 6, 'image_path': 'output/P2/2025-08-23_02-16-43/image.png', 'image_with_layout_path': 'output/P2/2025-08-23_02-16-43/image_with_layout.png', 'timestamp_dir': 'output/P2/2025-08-23_02-16-43', 'session_id': '5a569202-eeea-41bb-9e3a-68dda74fa20c', 'user_id': 'P2'}"
02:16:44,object_detection_integrated,"{'objectsCount': 6, 'objects': [{'label': 'sports ball', 'confidence': 0.6938447952270508}, {'label': 'elephant', 'confidence': 0.671408474445343}, {'label': 'person', 'confidence': 0.6332024931907654}, {'label': 'person', 'confidence': 0.5614043474197388}, {'label': 'person', 'confidence': 0.3548022508621216}, {'label': 'elephant', 'confidence': 0.3038572669029236}], 'session_id': '5a569202-eeea-41bb-9e3a-68dda74fa20c', 'user_id': 'P2'}"
02:16:55,instance_selected,"{'instance_id': 'instance-2b75c4bb-d457-4a02-8099-68d3c8a16ea7', 'instance_label': 'rabbit', 'is_from_class': True, 'class_id': 'class-6e251dd6-7b8d-4ae1-a103-8c1b41f9de91', 'session_id': '5a569202-eeea-41bb-9e3a-68dda74fa20c', 'user_id': 'P2'}"
02:17:02,instance.edit.started,"{'instance_id': 'instance-16c56a32-06f2-4fa5-9e2b-bd7da5842240', 'instance_label': 'rabbit', 'edit_type': 'text', 'session_id': '5a569202-eeea-41bb-9e3a-68dda74fa20c', 'user_id': 'P2'}"
02:17:35,api.generate_text_to_graph.started,"{'has_previous': 'A small rabbit, happy and confident. It is wearing a green, dirty shirt with mud and scratched by branches. The rabbit has eyes and is running. It yells when it finds a balloon and points at the balloon with its hand.', 'text_length': 188, 'previous_objects_count': 6, 'session_id': '5a569202-eeea-41bb-9e3a-68dda74fa20c', 'user_id': 'P2'}"
02:17:42,instance.updated,"{'instance_id': 'instance-16c56a32-06f2-4fa5-9e2b-bd7da5842240', 'instance_label': 'rabbit', 'text_changed': True, 'graph_changed': False, 'session_id': '5a569202-eeea-41bb-9e3a-68dda74fa20c', 'user_id': 'P2'}"
02:17:42,api.generate_text_to_graph.succeeded,"{'objects_count': 6, 'relationships_count': 5, 'root_object': 'object1', 'session_id': '5a569202-eeea-41bb-9e3a-68dda74fa20c', 'user_id': 'P2'}"
02:17:42,instance_selected,"{'instance_id': 'instance-2b75c4bb-d457-4a02-8099-68d3c8a16ea7', 'instance_label': 'rabbit', 'is_from_class': True, 'class_id': 'class-6e251dd6-7b8d-4ae1-a103-8c1b41f9de91', 'session_id': '5a569202-eeea-41bb-9e3a-68dda74fa20c', 'user_id': 'P2'}"
02:17:45,instance_selected,"{'instance_id': 'instance-16c56a32-06f2-4fa5-9e2b-bd7da5842240', 'instance_label': 'rabbit', 'is_from_class': True, 'class_id': 'class-6e251dd6-7b8d-4ae1-a103-8c1b41f9de91', 'session_id': '5a569202-eeea-41bb-9e3a-68dda74fa20c', 'user_id': 'P2'}"
02:17:53,api.generate_image.started,"{'sentence_count': 5, 'box_count': 5, 'has_global_caption': True, 'has_required_keywords': False, 'session_id': '5a569202-eeea-41bb-9e3a-68dda74fa20c', 'user_id': 'P2'}"
02:18:21,prompt_saved,{'path': 'output/P2/2025-08-23_02-18-21/prompt.json'}
02:18:21,object_detection_integrated,{'objects_count': 4}
02:18:21,object_detection_integrated,"{'objectsCount': 4, 'objects': [{'label': 'person', 'confidence': 0.838768720626831}, {'label': 'sports ball', 'confidence': 0.7968349456787109}, {'label': 'person', 'confidence': 0.7704827785491943}, {'label': 'elephant', 'confidence': 0.7082403898239136}], 'session_id': '5a569202-eeea-41bb-9e3a-68dda74fa20c', 'user_id': 'P2'}"
02:18:21,api.generate_image.succeeded,"{'global_caption': 'a scene featuring a small village in the forest, a small rabbit, happy and confident, wearing a blue, dirty jacket with mud and scratched by branches, hugging a red balloon close to its body, another small rabbit, happy and confident, wearing a pink, dirty jacket with mud and scratched by branches, with eyes, climbing a tree and shaking a branch, a third small rabbit, happy and confident, wearing a green, dirty shirt with mud and scratched by branches, with eyes, running, yelling and pointing at a balloon with its hand, and a big tree.', 'region_count': 5, 'has_image': True, 'detected_objects_count': 4, 'image_path': 'output/P2/2025-08-23_02-18-21/image.png', 'image_with_layout_path': 'output/P2/2025-08-23_02-18-21/image_with_layout.png', 'timestamp_dir': 'output/P2/2025-08-23_02-18-21', 'session_id': '5a569202-eeea-41bb-9e3a-68dda74fa20c', 'user_id': 'P2'}"
02:18:40,instance_selected,"{'instance_id': 'instance-2b75c4bb-d457-4a02-8099-68d3c8a16ea7', 'instance_label': 'rabbit', 'is_from_class': True, 'class_id': 'class-6e251dd6-7b8d-4ae1-a103-8c1b41f9de91', 'session_id': '5a569202-eeea-41bb-9e3a-68dda74fa20c', 'user_id': 'P2'}"
02:18:44,layout.node.moved,"{'nodeId': 'instance-2b75c4bb-d457-4a02-8099-68d3c8a16ea7-resizable', 'newPos': {'x': 185.9453125, 'y': 286}, 'session_id': '5a569202-eeea-41bb-9e3a-68dda74fa20c', 'user_id': 'P2'}"
02:18:45,instance_selected,"{'instance_id': 'instance-16c56a32-06f2-4fa5-9e2b-bd7da5842240', 'instance_label': 'rabbit', 'is_from_class': True, 'class_id': 'class-6e251dd6-7b8d-4ae1-a103-8c1b41f9de91', 'session_id': '5a569202-eeea-41bb-9e3a-68dda74fa20c', 'user_id': 'P2'}"
02:18:47,instance_selected,"{'instance_id': 'instance-2b75c4bb-d457-4a02-8099-68d3c8a16ea7', 'instance_label': 'rabbit', 'is_from_class': True, 'class_id': 'class-6e251dd6-7b8d-4ae1-a103-8c1b41f9de91', 'session_id': '5a569202-eeea-41bb-9e3a-68dda74fa20c', 'user_id': 'P2'}"
02:18:51,layout.node.moved,"{'nodeId': 'instance-2b75c4bb-d457-4a02-8099-68d3c8a16ea7-resizable', 'newPos': {'x': 181.9453125, 'y': 278}, 'session_id': '5a569202-eeea-41bb-9e3a-68dda74fa20c', 'user_id': 'P2'}"
02:18:53,layout.node.moved,"{'nodeId': 'instance-16c56a32-06f2-4fa5-9e2b-bd7da5842240-resizable', 'newPos': {'x': 1, 'y': 343}, 'session_id': '5a569202-eeea-41bb-9e3a-68dda74fa20c', 'user_id': 'P2'}"
02:18:55,layout.node.moved,"{'nodeId': 'instance-2b75c4bb-d457-4a02-8099-68d3c8a16ea7-resizable', 'newPos': {'x': 187.9453125, 'y': 271}, 'session_id': '5a569202-eeea-41bb-9e3a-68dda74fa20c', 'user_id': 'P2'}"
02:18:56,api.generate_image.started,"{'sentence_count': 5, 'box_count': 5, 'has_global_caption': True, 'has_required_keywords': False, 'session_id': '5a569202-eeea-41bb-9e3a-68dda74fa20c', 'user_id': 'P2'}"
02:19:24,prompt_saved,{'path': 'output/P2/2025-08-23_02-19-24/prompt.json'}
02:19:25,object_detection_integrated,{'objects_count': 6}
02:19:25,object_detection_integrated,"{'objectsCount': 6, 'objects': [{'label': 'sports ball', 'confidence': 0.7915236353874207}, {'label': 'person', 'confidence': 0.4404279887676239}, {'label': 'person', 'confidence': 0.43542757630348206}, {'label': 'elephant', 'confidence': 0.4174319803714752}, {'label': 'person', 'confidence': 0.3730616569519043}, {'label': 'person', 'confidence': 0.2997441589832306}], 'session_id': '5a569202-eeea-41bb-9e3a-68dda74fa20c', 'user_id': 'P2'}"
02:19:25,api.generate_image.succeeded,"{'global_caption': 'a scene featuring a small village in the forest, a small rabbit, happy and confident, wearing a blue, dirty jacket with mud and scratched by branches, hugging a red balloon close to its body, another small rabbit, happy and confident, wearing a pink, dirty jacket with mud and scratched by branches, with eyes, climbing a tree and shaking a branch, a third small rabbit, happy and confident, wearing a green, dirty shirt with mud and scratched by branches, with eyes, running, yelling and pointing something with its hand, and a big tree.', 'region_count': 5, 'has_image': True, 'detected_objects_count': 6, 'image_path': 'output/P2/2025-08-23_02-19-24/image.png', 'image_with_layout_path': 'output/P2/2025-08-23_02-19-24/image_with_layout.png', 'timestamp_dir': 'output/P2/2025-08-23_02-19-24', 'session_id': '5a569202-eeea-41bb-9e3a-68dda74fa20c', 'user_id': 'P2'}"
02:19:42,scene_saved,"{'slotNumber': 5, 'instanceCount': 5, 'nodeCount': 10, 'edgeCount': 0, 'session_id': '5a569202-eeea-41bb-9e3a-68dda74fa20c', 'user_id': 'P2'}"
02:19:49,system_completed,"{'system': 'system2', 'completion_time': '2025-08-23T02:19:49.571Z', 'session_id': '5a569202-eeea-41bb-9e3a-68dda74fa20c', 'user_id': 'P2'}"
02:21:42,system_survey_completed,"{'system_type': 'system2', 'language': 'ko', 'responses': {'mental_demand': 1, 'temporal_demand': 1, 'performance': 6, 'effort': 3, 'frustration': 2, 'exploration': 5, 'engagement': 7, 'effort_reward': 7, 'expressiveness': 7, 'transparency': 6, 'dg1_clarity': 7, 'dg2_prompt_to_image': 7, 'dg2_image_to_prompt': 7, 'dg3_reusability': 7, 'dg3_selective_edit': 7}, 'additional_feedback': '버그 수정해주세요!!!!!', 'completion_time': '2025-08-23T02:21:41.994Z', 'system_usage_duration': 2883902, 'session_id': '5a569202-eeea-41bb-9e3a-68dda74fa20c', 'user_id': 'P2'}"
