timestamp,event,details
01:51:32,experiment_started,"{'language': 'ko', 'demographic_data': {'age': '28', 'gender': 'female', 'occupation': '학생', 'ai_tool_types': ['text', 'image', 'video'], 'ai_frequency': 'daily', 'ai_purposes': ['work', 'study'], 'ai_proficiency': '4', 'english_level': 'fluent', 'programming_duration': '<1', 'programming_languages': ['python'], 'programming_contexts': ['data', 'research'], 'programming_proficiency': '2', 'system_order': 'system2_first'}, 'session_id': '56ad08db-2913-4791-82ee-e1f328d5feca', 'user_id': 'P6'}"
01:53:00,layout_board.new_box_initiated,"{'board_type': 'advanced', 'timestamp': '2025-08-30T01:53:00.282Z', 'session_id': '56ad08db-2913-4791-82ee-e1f328d5feca', 'user_id': 'P6'}"
01:53:08,layout_board.new_box_positioned,"{'position': {'x': 157.078125, 'y': 250}, 'screen_position': {'x': 215, 'y': 278}, 'board_type': 'advanced', 'session_id': '56ad08db-2913-4791-82ee-e1f328d5feca', 'user_id': 'P6'}"
01:53:35,api.generate_text_to_graph.started,"{'has_previous': None, 'text_length': 6, 'previous_objects_count': 0, 'session_id': '56ad08db-2913-4791-82ee-e1f328d5feca', 'user_id': 'P6'}"
01:53:37,api.generate_text_to_graph.succeeded,"{'objects_count': 1, 'relationships_count': 0, 'root_object': 'object1', 'session_id': '56ad08db-2913-4791-82ee-e1f328d5feca', 'user_id': 'P6'}"
01:53:40,class_library_toggle,"{'expanded': True, 'class_count': 0, 'session_id': '56ad08db-2913-4791-82ee-e1f328d5feca', 'user_id': 'P6'}"
01:53:42,instance_selected,"{'instance_id': 'instance-423df8d8-b63f-4339-a5b9-2707ec0bbe01', 'instance_label': 'rabbit', 'is_from_class': False, 'class_id': None, 'session_id': '56ad08db-2913-4791-82ee-e1f328d5feca', 'user_id': 'P6'}"
01:53:44,class_library_toggle,"{'expanded': False, 'class_count': 0, 'session_id': '56ad08db-2913-4791-82ee-e1f328d5feca', 'user_id': 'P6'}"
01:53:45,object_node.expand_collapse,"{'object_id': 'object1', 'object_name': 'rabbit', 'action': 'collapse', 'parent_instance_id': 'instance-423df8d8-b63f-4339-a5b9-2707ec0bbe01', 'is_class_mode': False, 'session_id': '56ad08db-2913-4791-82ee-e1f328d5feca', 'user_id': 'P6'}"
01:53:46,instance.edit.started,"{'instance_id': 'instance-423df8d8-b63f-4339-a5b9-2707ec0bbe01', 'instance_label': 'rabbit', 'edit_type': 'text', 'session_id': '56ad08db-2913-4791-82ee-e1f328d5feca', 'user_id': 'P6'}"
01:53:51,instance.save,"{'instance_id': 'instance-423df8d8-b63f-4339-a5b9-2707ec0bbe01', 'session_id': '56ad08db-2913-4791-82ee-e1f328d5feca', 'user_id': 'P6'}"
01:53:51,api.generate_text_to_graph.started,"{'has_previous': 'rabbit', 'text_length': 11, 'previous_objects_count': 1, 'session_id': '56ad08db-2913-4791-82ee-e1f328d5feca', 'user_id': 'P6'}"
01:53:53,api.generate_text_to_graph.succeeded,"{'objects_count': 1, 'relationships_count': 0, 'root_object': 'object1', 'session_id': '56ad08db-2913-4791-82ee-e1f328d5feca', 'user_id': 'P6'}"
01:53:53,instance.updated,"{'instance_id': 'instance-423df8d8-b63f-4339-a5b9-2707ec0bbe01', 'instance_label': 'rabbit', 'text_changed': True, 'graph_changed': False, 'session_id': '56ad08db-2913-4791-82ee-e1f328d5feca', 'user_id': 'P6'}"
01:53:53,instance_selected,"{'instance_id': 'instance-423df8d8-b63f-4339-a5b9-2707ec0bbe01', 'instance_label': 'rabbit', 'is_from_class': False, 'class_id': None, 'session_id': '56ad08db-2913-4791-82ee-e1f328d5feca', 'user_id': 'P6'}"
01:53:55,class.create.started,"{'instance_id': 'instance-423df8d8-b63f-4339-a5b9-2707ec0bbe01', 'instance_label': 'rabbit', 'has_scene_graph': True, 'object_count': 1, 'session_id': '56ad08db-2913-4791-82ee-e1f328d5feca', 'user_id': 'P6'}"
01:53:55,api.generate_placeholders.started,"{'has_objects': True, 'has_relationships': False, 'object_count': 1, 'relationship_count': 0, 'session_id': '56ad08db-2913-4791-82ee-e1f328d5feca', 'user_id': 'P6'}"
01:53:56,class.created,"{'class_id': 'class-d1edcf0e-1216-41bc-9a78-7ee27c4720df', 'class_name': 'rabbit Class', 'placeholder_count': 1, 'created_from': 'rabbit', 'session_id': '56ad08db-2913-4791-82ee-e1f328d5feca', 'user_id': 'P6'}"
01:53:56,api.generate_placeholders.succeeded,"{'object_count': 1, 'unique_value_count': 2, 'session_id': '56ad08db-2913-4791-82ee-e1f328d5feca', 'user_id': 'P6'}"
01:53:56,instance_selected,"{'instance_id': 'instance-423df8d8-b63f-4339-a5b9-2707ec0bbe01', 'instance_label': 'rabbit', 'is_from_class': True, 'class_id': 'class-d1edcf0e-1216-41bc-9a78-7ee27c4720df', 'session_id': '56ad08db-2913-4791-82ee-e1f328d5feca', 'user_id': 'P6'}"
01:53:57,class_library_toggle,"{'expanded': True, 'class_count': 1, 'session_id': '56ad08db-2913-4791-82ee-e1f328d5feca', 'user_id': 'P6'}"
01:54:00,layout.node.moved,"{'nodeId': 'instance-423df8d8-b63f-4339-a5b9-2707ec0bbe01', 'newPos': {'x': 180.078125, 'y': 264}, 'session_id': '56ad08db-2913-4791-82ee-e1f328d5feca', 'user_id': 'P6'}"
01:54:04,layout.node.moved,"{'nodeId': 'instance-423df8d8-b63f-4339-a5b9-2707ec0bbe01', 'newPos': {'x': 69.078125, 'y': 262}, 'session_id': '56ad08db-2913-4791-82ee-e1f328d5feca', 'user_id': 'P6'}"
01:54:12,layout_board.new_box_initiated,"{'board_type': 'advanced', 'timestamp': '2025-08-30T01:54:12.067Z', 'session_id': '56ad08db-2913-4791-82ee-e1f328d5feca', 'user_id': 'P6'}"
01:54:13,layout_board.new_box_positioned,"{'position': {'x': 264.078125, 'y': 316}, 'screen_position': {'x': 322, 'y': 308}, 'board_type': 'advanced', 'session_id': '56ad08db-2913-4791-82ee-e1f328d5feca', 'user_id': 'P6'}"
01:54:18,instance_selected,"{'instance_id': 'instance-423df8d8-b63f-4339-a5b9-2707ec0bbe01', 'instance_label': 'rabbit', 'is_from_class': True, 'class_id': 'class-d1edcf0e-1216-41bc-9a78-7ee27c4720df', 'session_id': '56ad08db-2913-4791-82ee-e1f328d5feca', 'user_id': 'P6'}"
01:54:22,instance_selected,"{'instance_id': 'instance-423df8d8-b63f-4339-a5b9-2707ec0bbe01', 'instance_label': 'rabbit', 'is_from_class': True, 'class_id': 'class-d1edcf0e-1216-41bc-9a78-7ee27c4720df', 'session_id': '56ad08db-2913-4791-82ee-e1f328d5feca', 'user_id': 'P6'}"
01:54:22,api.generate_text_to_graph.started,"{'has_previous': None, 'text_length': 6, 'previous_objects_count': 0, 'session_id': '56ad08db-2913-4791-82ee-e1f328d5feca', 'user_id': 'P6'}"
01:54:23,api.generate_text_to_graph.succeeded,"{'objects_count': 1, 'relationships_count': 0, 'root_object': 'object1', 'session_id': '56ad08db-2913-4791-82ee-e1f328d5feca', 'user_id': 'P6'}"
01:54:24,instance_selected,"{'instance_id': 'instance-423df8d8-b63f-4339-a5b9-2707ec0bbe01', 'instance_label': 'rabbit', 'is_from_class': True, 'class_id': 'class-d1edcf0e-1216-41bc-9a78-7ee27c4720df', 'session_id': '56ad08db-2913-4791-82ee-e1f328d5feca', 'user_id': 'P6'}"
01:54:29,instance.edit.started,"{'instance_id': 'instance-423df8d8-b63f-4339-a5b9-2707ec0bbe01', 'instance_label': 'rabbit', 'edit_type': 'text', 'session_id': '56ad08db-2913-4791-82ee-e1f328d5feca', 'user_id': 'P6'}"
01:54:33,instance_selected,"{'instance_id': 'instance-242e9921-37f1-4467-81f7-21a38db468d9', 'instance_label': 'rabbit', 'is_from_class': False, 'class_id': None, 'session_id': '56ad08db-2913-4791-82ee-e1f328d5feca', 'user_id': 'P6'}"
01:54:39,class_library_toggle,"{'expanded': False, 'class_count': 1, 'session_id': '56ad08db-2913-4791-82ee-e1f328d5feca', 'user_id': 'P6'}"
01:54:44,class_library_toggle,"{'expanded': True, 'class_count': 1, 'session_id': '56ad08db-2913-4791-82ee-e1f328d5feca', 'user_id': 'P6'}"
01:54:45,class_detail_opened,"{'class_id': 'class-d1edcf0e-1216-41bc-9a78-7ee27c4720df', 'class_name': 'rabbit Class', 'instance_count': 1, 'session_id': '56ad08db-2913-4791-82ee-e1f328d5feca', 'user_id': 'P6'}"
01:54:48,class_detail_opened,"{'class_id': 'class-d1edcf0e-1216-41bc-9a78-7ee27c4720df', 'class_name': 'rabbit Class', 'instance_count': 1, 'session_id': '56ad08db-2913-4791-82ee-e1f328d5feca', 'user_id': 'P6'}"
01:54:53,class_library_toggle,"{'expanded': False, 'class_count': 1, 'session_id': '56ad08db-2913-4791-82ee-e1f328d5feca', 'user_id': 'P6'}"
01:54:55,class_library_toggle,"{'expanded': True, 'class_count': 1, 'session_id': '56ad08db-2913-4791-82ee-e1f328d5feca', 'user_id': 'P6'}"
01:54:56,class_detail_opened,"{'class_id': 'class-d1edcf0e-1216-41bc-9a78-7ee27c4720df', 'class_name': 'rabbit Class', 'instance_count': 1, 'session_id': '56ad08db-2913-4791-82ee-e1f328d5feca', 'user_id': 'P6'}"
01:54:59,class.instance_creation.started,"{'class_id': 'class-d1edcf0e-1216-41bc-9a78-7ee27c4720df', 'class_name': 'rabbit Class', 'session_id': '56ad08db-2913-4791-82ee-e1f328d5feca', 'user_id': 'P6'}"
01:55:03,instance.create_from_class.started,"{'class_id': 'class-d1edcf0e-1216-41bc-9a78-7ee27c4720df', 'class_name': 'rabbit Class', 'value_count': 2, 'session_id': '56ad08db-2913-4791-82ee-e1f328d5feca', 'user_id': 'P6'}"
01:55:04,api.generate_scene_graph_to_text.started,"{'has_previous': None, 'objects_count': 1, 'relationships_count': 0, 'session_id': '56ad08db-2913-4791-82ee-e1f328d5feca', 'user_id': 'P6'}"
01:55:04,api.generate_instance_label_from_description.started,"{'text_length': 12, 'session_id': '56ad08db-2913-4791-82ee-e1f328d5feca', 'user_id': 'P6'}"
01:55:04,api.generate_scene_graph_to_text.succeeded,"{'text_length': 12, 'generated_text': 'Cute rabbit.', 'session_id': '56ad08db-2913-4791-82ee-e1f328d5feca', 'user_id': 'P6'}"
01:55:05,api.generate_instance_label_from_description.succeeded,"{'generated_label': 'Rabbit', 'original_text': 'Cute rabbit.', 'session_id': '56ad08db-2913-4791-82ee-e1f328d5feca', 'user_id': 'P6'}"
01:55:05,instance.created_from_class,"{'instance_id': 'instance-84ffde39-3409-41b3-a780-996e5bc941d5', 'class_id': 'class-d1edcf0e-1216-41bc-9a78-7ee27c4720df', 'instance_label': 'Rabbit', 'has_text_description': True, 'session_id': '56ad08db-2913-4791-82ee-e1f328d5feca', 'user_id': 'P6'}"
01:55:05,instance_selected,"{'instance_id': 'instance-242e9921-37f1-4467-81f7-21a38db468d9', 'instance_label': 'rabbit', 'is_from_class': False, 'class_id': None, 'session_id': '56ad08db-2913-4791-82ee-e1f328d5feca', 'user_id': 'P6'}"
01:55:07,class.instance_creation.started,"{'class_id': 'class-d1edcf0e-1216-41bc-9a78-7ee27c4720df', 'class_name': 'rabbit Class', 'session_id': '56ad08db-2913-4791-82ee-e1f328d5feca', 'user_id': 'P6'}"
01:55:09,instance.create_from_class.started,"{'class_id': 'class-d1edcf0e-1216-41bc-9a78-7ee27c4720df', 'class_name': 'rabbit Class', 'value_count': 2, 'session_id': '56ad08db-2913-4791-82ee-e1f328d5feca', 'user_id': 'P6'}"
01:55:09,api.generate_scene_graph_to_text.started,"{'has_previous': None, 'objects_count': 1, 'relationships_count': 0, 'session_id': '56ad08db-2913-4791-82ee-e1f328d5feca', 'user_id': 'P6'}"
01:55:09,api.generate_instance_label_from_description.started,"{'text_length': 12, 'session_id': '56ad08db-2913-4791-82ee-e1f328d5feca', 'user_id': 'P6'}"
01:55:09,api.generate_scene_graph_to_text.succeeded,"{'text_length': 12, 'generated_text': 'Cute rabbit.', 'session_id': '56ad08db-2913-4791-82ee-e1f328d5feca', 'user_id': 'P6'}"
01:55:10,instance.created_from_class,"{'instance_id': 'instance-8fe57385-eae0-4ae3-a026-9cc2a08d90aa', 'class_id': 'class-d1edcf0e-1216-41bc-9a78-7ee27c4720df', 'instance_label': 'Rabbit', 'has_text_description': True, 'session_id': '56ad08db-2913-4791-82ee-e1f328d5feca', 'user_id': 'P6'}"
01:55:10,api.generate_instance_label_from_description.succeeded,"{'generated_label': 'Rabbit', 'original_text': 'Cute rabbit.', 'session_id': '56ad08db-2913-4791-82ee-e1f328d5feca', 'user_id': 'P6'}"
01:55:10,instance_selected,"{'instance_id': 'instance-242e9921-37f1-4467-81f7-21a38db468d9', 'instance_label': 'rabbit', 'is_from_class': False, 'class_id': None, 'session_id': '56ad08db-2913-4791-82ee-e1f328d5feca', 'user_id': 'P6'}"
01:55:11,class.instance_creation.started,"{'class_id': 'class-d1edcf0e-1216-41bc-9a78-7ee27c4720df', 'class_name': 'rabbit Class', 'session_id': '56ad08db-2913-4791-82ee-e1f328d5feca', 'user_id': 'P6'}"
01:55:12,instance.create_from_class.started,"{'class_id': 'class-d1edcf0e-1216-41bc-9a78-7ee27c4720df', 'class_name': 'rabbit Class', 'value_count': 2, 'session_id': '56ad08db-2913-4791-82ee-e1f328d5feca', 'user_id': 'P6'}"
01:55:12,api.generate_scene_graph_to_text.started,"{'has_previous': None, 'objects_count': 1, 'relationships_count': 0, 'session_id': '56ad08db-2913-4791-82ee-e1f328d5feca', 'user_id': 'P6'}"
01:55:13,api.generate_instance_label_from_description.started,"{'text_length': 12, 'session_id': '56ad08db-2913-4791-82ee-e1f328d5feca', 'user_id': 'P6'}"
01:55:13,api.generate_scene_graph_to_text.succeeded,"{'text_length': 12, 'generated_text': 'Cute rabbit.', 'session_id': '56ad08db-2913-4791-82ee-e1f328d5feca', 'user_id': 'P6'}"
01:55:13,api.generate_instance_label_from_description.succeeded,"{'generated_label': 'Rabbit', 'original_text': 'Cute rabbit.', 'session_id': '56ad08db-2913-4791-82ee-e1f328d5feca', 'user_id': 'P6'}"
01:55:13,instance.created_from_class,"{'instance_id': 'instance-f835dbc1-a679-4b93-9f66-edeb7e2fd523', 'class_id': 'class-d1edcf0e-1216-41bc-9a78-7ee27c4720df', 'instance_label': 'Rabbit', 'has_text_description': True, 'session_id': '56ad08db-2913-4791-82ee-e1f328d5feca', 'user_id': 'P6'}"
01:55:14,instance_selected,"{'instance_id': 'instance-242e9921-37f1-4467-81f7-21a38db468d9', 'instance_label': 'rabbit', 'is_from_class': False, 'class_id': None, 'session_id': '56ad08db-2913-4791-82ee-e1f328d5feca', 'user_id': 'P6'}"
01:55:17,layout.node.moved,"{'nodeId': 'instance-f835dbc1-a679-4b93-9f66-edeb7e2fd523', 'newPos': {'x': 119, 'y': 379}, 'session_id': '56ad08db-2913-4791-82ee-e1f328d5feca', 'user_id': 'P6'}"
01:55:19,layout.node.moved,"{'nodeId': 'instance-8fe57385-eae0-4ae3-a026-9cc2a08d90aa', 'newPos': {'x': 350, 'y': 284}, 'session_id': '56ad08db-2913-4791-82ee-e1f328d5feca', 'user_id': 'P6'}"
01:55:19,instance_selected,"{'instance_id': 'instance-8fe57385-eae0-4ae3-a026-9cc2a08d90aa', 'instance_label': 'Rabbit', 'is_from_class': True, 'class_id': 'class-d1edcf0e-1216-41bc-9a78-7ee27c4720df', 'session_id': '56ad08db-2913-4791-82ee-e1f328d5feca', 'user_id': 'P6'}"
01:55:20,instance_selected,"{'instance_id': 'instance-84ffde39-3409-41b3-a780-996e5bc941d5', 'instance_label': 'Rabbit', 'is_from_class': True, 'class_id': 'class-d1edcf0e-1216-41bc-9a78-7ee27c4720df', 'session_id': '56ad08db-2913-4791-82ee-e1f328d5feca', 'user_id': 'P6'}"
01:55:21,layout.node.moved,"{'nodeId': 'instance-84ffde39-3409-41b3-a780-996e5bc941d5', 'newPos': {'x': 282, 'y': 301}, 'session_id': '56ad08db-2913-4791-82ee-e1f328d5feca', 'user_id': 'P6'}"
01:55:23,layout.node.moved,"{'nodeId': 'instance-84ffde39-3409-41b3-a780-996e5bc941d5', 'newPos': {'x': 324, 'y': 382}, 'session_id': '56ad08db-2913-4791-82ee-e1f328d5feca', 'user_id': 'P6'}"
01:55:33,layout_board.new_box_initiated,"{'board_type': 'advanced', 'timestamp': '2025-08-30T01:55:33.514Z', 'session_id': '56ad08db-2913-4791-82ee-e1f328d5feca', 'user_id': 'P6'}"
01:55:35,layout_board.new_box_positioned,"{'position': {'x': 163.078125, 'y': 121}, 'screen_position': {'x': 221, 'y': 164}, 'board_type': 'advanced', 'session_id': '56ad08db-2913-4791-82ee-e1f328d5feca', 'user_id': 'P6'}"
01:55:43,api.generate_text_to_graph.started,"{'has_previous': None, 'text_length': 16, 'previous_objects_count': 0, 'session_id': '56ad08db-2913-4791-82ee-e1f328d5feca', 'user_id': 'P6'}"
01:55:44,api.generate_text_to_graph.succeeded,"{'objects_count': 1, 'relationships_count': 0, 'root_object': 'object1', 'session_id': '56ad08db-2913-4791-82ee-e1f328d5feca', 'user_id': 'P6'}"
01:55:47,class_library_toggle,"{'expanded': False, 'class_count': 1, 'session_id': '56ad08db-2913-4791-82ee-e1f328d5feca', 'user_id': 'P6'}"
01:55:50,instance_selected,"{'instance_id': 'instance-40ac54ca-826f-4295-aa30-d4904188627c', 'instance_label': 'forest', 'is_from_class': False, 'class_id': None, 'session_id': '56ad08db-2913-4791-82ee-e1f328d5feca', 'user_id': 'P6'}"
01:55:53,api.generate_image.started,"{'sentence_count': 6, 'box_count': 6, 'has_global_caption': False, 'has_required_keywords': False, 'session_id': '56ad08db-2913-4791-82ee-e1f328d5feca', 'user_id': 'P6'}"
01:56:17,prompt_saved,{'path': 'output/P6/2025-08-30_01-56-17/prompt.json'}
01:56:17,object_detection_integrated,"{'objectsCount': 0, 'objects': [], 'session_id': '56ad08db-2913-4791-82ee-e1f328d5feca', 'user_id': 'P6'}"
01:56:17,api.generate_image.succeeded,"{'global_caption': 'a scene featuring a cute rabbit, a rabbit, a cute rabbit, a cute rabbit, a cute rabbit, and a forest background', 'region_count': 6, 'has_image': True, 'detected_objects_count': 0, 'image_path': 'output/P6/2025-08-30_01-56-17/image.png', 'image_with_layout_path': 'output/P6/2025-08-30_01-56-17/image_with_layout.png', 'timestamp_dir': 'output/P6/2025-08-30_01-56-17', 'session_id': '56ad08db-2913-4791-82ee-e1f328d5feca', 'user_id': 'P6'}"
01:56:29,instance_selected,"{'instance_id': 'instance-423df8d8-b63f-4339-a5b9-2707ec0bbe01', 'instance_label': 'rabbit', 'is_from_class': True, 'class_id': 'class-d1edcf0e-1216-41bc-9a78-7ee27c4720df', 'session_id': '56ad08db-2913-4791-82ee-e1f328d5feca', 'user_id': 'P6'}"
01:56:38,object_node.expand_collapse,"{'object_id': 'object1', 'object_name': 'rabbit', 'action': 'collapse', 'parent_instance_id': 'instance-423df8d8-b63f-4339-a5b9-2707ec0bbe01', 'is_class_mode': False, 'session_id': '56ad08db-2913-4791-82ee-e1f328d5feca', 'user_id': 'P6'}"
01:56:40,instance.edit.started,"{'instance_id': 'instance-423df8d8-b63f-4339-a5b9-2707ec0bbe01', 'instance_label': 'rabbit', 'edit_type': 'text', 'session_id': '56ad08db-2913-4791-82ee-e1f328d5feca', 'user_id': 'P6'}"
01:56:58,api.generate_text_to_graph.started,"{'has_previous': 'cute rabbit', 'text_length': 45, 'previous_objects_count': 1, 'session_id': '56ad08db-2913-4791-82ee-e1f328d5feca', 'user_id': 'P6'}"
01:56:58,instance.save,"{'instance_id': 'instance-423df8d8-b63f-4339-a5b9-2707ec0bbe01', 'session_id': '56ad08db-2913-4791-82ee-e1f328d5feca', 'user_id': 'P6'}"
01:57:03,instance.updated,"{'instance_id': 'instance-423df8d8-b63f-4339-a5b9-2707ec0bbe01', 'instance_label': 'rabbit', 'text_changed': True, 'graph_changed': False, 'session_id': '56ad08db-2913-4791-82ee-e1f328d5feca', 'user_id': 'P6'}"
01:57:03,api.generate_text_to_graph.succeeded,"{'objects_count': 2, 'relationships_count': 2, 'root_object': 'object1', 'session_id': '56ad08db-2913-4791-82ee-e1f328d5feca', 'user_id': 'P6'}"
01:57:03,instance_selected,"{'instance_id': 'instance-423df8d8-b63f-4339-a5b9-2707ec0bbe01', 'instance_label': 'rabbit', 'is_from_class': True, 'class_id': 'class-d1edcf0e-1216-41bc-9a78-7ee27c4720df', 'session_id': '56ad08db-2913-4791-82ee-e1f328d5feca', 'user_id': 'P6'}"
01:57:16,object_node.extract.initiated,"{'object_id': 'object2', 'object_name': 'jacket', 'parent_instance_id': 'instance-423df8d8-b63f-4339-a5b9-2707ec0bbe01', 'session_id': '56ad08db-2913-4791-82ee-e1f328d5feca', 'user_id': 'P6'}"
01:57:19,object_node.extract.cancelled,"{'object_id': 'object2', 'object_name': 'jacket', 'parent_instance_id': 'instance-423df8d8-b63f-4339-a5b9-2707ec0bbe01', 'session_id': '56ad08db-2913-4791-82ee-e1f328d5feca', 'user_id': 'P6'}"
01:57:22,object_node.expand_collapse,"{'object_id': 'object2', 'object_name': 'jacket', 'action': 'collapse', 'parent_instance_id': 'instance-423df8d8-b63f-4339-a5b9-2707ec0bbe01', 'is_class_mode': False, 'session_id': '56ad08db-2913-4791-82ee-e1f328d5feca', 'user_id': 'P6'}"
01:57:23,object_node.expand_collapse,"{'object_id': 'object2', 'object_name': 'jacket', 'action': 'expand', 'parent_instance_id': 'instance-423df8d8-b63f-4339-a5b9-2707ec0bbe01', 'is_class_mode': False, 'session_id': '56ad08db-2913-4791-82ee-e1f328d5feca', 'user_id': 'P6'}"
01:57:24,object_node.expand_collapse,"{'object_id': 'object1', 'object_name': 'rabbit', 'action': 'expand', 'parent_instance_id': 'instance-423df8d8-b63f-4339-a5b9-2707ec0bbe01', 'is_class_mode': False, 'session_id': '56ad08db-2913-4791-82ee-e1f328d5feca', 'user_id': 'P6'}"
01:57:28,instance_selected,"{'instance_id': 'instance-f835dbc1-a679-4b93-9f66-edeb7e2fd523', 'instance_label': 'Rabbit', 'is_from_class': True, 'class_id': 'class-d1edcf0e-1216-41bc-9a78-7ee27c4720df', 'session_id': '56ad08db-2913-4791-82ee-e1f328d5feca', 'user_id': 'P6'}"
01:57:30,instance.edit.started,"{'instance_id': 'instance-f835dbc1-a679-4b93-9f66-edeb7e2fd523', 'instance_label': 'Rabbit', 'edit_type': 'text', 'session_id': '56ad08db-2913-4791-82ee-e1f328d5feca', 'user_id': 'P6'}"
01:57:48,api.generate_text_to_graph.started,"{'has_previous': 'Cute rabbit.', 'text_length': 40, 'previous_objects_count': 1, 'session_id': '56ad08db-2913-4791-82ee-e1f328d5feca', 'user_id': 'P6'}"
01:57:48,instance.save,"{'instance_id': 'instance-f835dbc1-a679-4b93-9f66-edeb7e2fd523', 'session_id': '56ad08db-2913-4791-82ee-e1f328d5feca', 'user_id': 'P6'}"
01:57:51,api.generate_text_to_graph.succeeded,"{'objects_count': 2, 'relationships_count': 2, 'root_object': 'object1', 'session_id': '56ad08db-2913-4791-82ee-e1f328d5feca', 'user_id': 'P6'}"
01:57:51,instance.updated,"{'instance_id': 'instance-f835dbc1-a679-4b93-9f66-edeb7e2fd523', 'instance_label': 'rabbit', 'text_changed': True, 'graph_changed': False, 'session_id': '56ad08db-2913-4791-82ee-e1f328d5feca', 'user_id': 'P6'}"
01:57:51,instance_selected,"{'instance_id': 'instance-f835dbc1-a679-4b93-9f66-edeb7e2fd523', 'instance_label': 'rabbit', 'is_from_class': True, 'class_id': 'class-d1edcf0e-1216-41bc-9a78-7ee27c4720df', 'session_id': '56ad08db-2913-4791-82ee-e1f328d5feca', 'user_id': 'P6'}"
01:57:53,instance.edit.started,"{'instance_id': 'instance-8fe57385-eae0-4ae3-a026-9cc2a08d90aa', 'instance_label': 'Rabbit', 'edit_type': 'text', 'session_id': '56ad08db-2913-4791-82ee-e1f328d5feca', 'user_id': 'P6'}"
01:57:59,api.generate_text_to_graph.started,"{'has_previous': 'Cute rabbit.', 'text_length': 28, 'previous_objects_count': 1, 'session_id': '56ad08db-2913-4791-82ee-e1f328d5feca', 'user_id': 'P6'}"
01:57:59,instance.save,"{'instance_id': 'instance-8fe57385-eae0-4ae3-a026-9cc2a08d90aa', 'session_id': '56ad08db-2913-4791-82ee-e1f328d5feca', 'user_id': 'P6'}"
01:58:02,api.generate_text_to_graph.succeeded,"{'objects_count': 2, 'relationships_count': 1, 'root_object': 'object1', 'session_id': '56ad08db-2913-4791-82ee-e1f328d5feca', 'user_id': 'P6'}"
01:58:02,instance.updated,"{'instance_id': 'instance-8fe57385-eae0-4ae3-a026-9cc2a08d90aa', 'instance_label': 'rabbit', 'text_changed': True, 'graph_changed': False, 'session_id': '56ad08db-2913-4791-82ee-e1f328d5feca', 'user_id': 'P6'}"
01:58:02,instance_selected,"{'instance_id': 'instance-f835dbc1-a679-4b93-9f66-edeb7e2fd523', 'instance_label': 'rabbit', 'is_from_class': True, 'class_id': 'class-d1edcf0e-1216-41bc-9a78-7ee27c4720df', 'session_id': '56ad08db-2913-4791-82ee-e1f328d5feca', 'user_id': 'P6'}"
01:58:11,instance.edit.started,"{'instance_id': 'instance-84ffde39-3409-41b3-a780-996e5bc941d5', 'instance_label': 'Rabbit', 'edit_type': 'text', 'session_id': '56ad08db-2913-4791-82ee-e1f328d5feca', 'user_id': 'P6'}"
01:58:12,instance_selected,"{'instance_id': 'instance-84ffde39-3409-41b3-a780-996e5bc941d5', 'instance_label': 'Rabbit', 'is_from_class': True, 'class_id': 'class-d1edcf0e-1216-41bc-9a78-7ee27c4720df', 'session_id': '56ad08db-2913-4791-82ee-e1f328d5feca', 'user_id': 'P6'}"
01:58:18,api.generate_text_to_graph.started,"{'has_previous': 'Cute rabbit.', 'text_length': 26, 'previous_objects_count': 1, 'session_id': '56ad08db-2913-4791-82ee-e1f328d5feca', 'user_id': 'P6'}"
01:58:18,instance.save,"{'instance_id': 'instance-84ffde39-3409-41b3-a780-996e5bc941d5', 'session_id': '56ad08db-2913-4791-82ee-e1f328d5feca', 'user_id': 'P6'}"
01:58:20,instance.updated,"{'instance_id': 'instance-84ffde39-3409-41b3-a780-996e5bc941d5', 'instance_label': 'rabbit', 'text_changed': True, 'graph_changed': False, 'session_id': '56ad08db-2913-4791-82ee-e1f328d5feca', 'user_id': 'P6'}"
01:58:20,api.generate_text_to_graph.succeeded,"{'objects_count': 2, 'relationships_count': 1, 'root_object': 'object1', 'session_id': '56ad08db-2913-4791-82ee-e1f328d5feca', 'user_id': 'P6'}"
01:58:20,instance_selected,"{'instance_id': 'instance-84ffde39-3409-41b3-a780-996e5bc941d5', 'instance_label': 'rabbit', 'is_from_class': True, 'class_id': 'class-d1edcf0e-1216-41bc-9a78-7ee27c4720df', 'session_id': '56ad08db-2913-4791-82ee-e1f328d5feca', 'user_id': 'P6'}"
01:58:22,instance.edit.started,"{'instance_id': 'instance-242e9921-37f1-4467-81f7-21a38db468d9', 'instance_label': 'rabbit', 'edit_type': 'text', 'session_id': '56ad08db-2913-4791-82ee-e1f328d5feca', 'user_id': 'P6'}"
01:58:33,instance.save,"{'instance_id': 'instance-242e9921-37f1-4467-81f7-21a38db468d9', 'session_id': '56ad08db-2913-4791-82ee-e1f328d5feca', 'user_id': 'P6'}"
01:58:34,api.generate_text_to_graph.started,"{'has_previous': 'rabbit', 'text_length': 34, 'previous_objects_count': 1, 'session_id': '56ad08db-2913-4791-82ee-e1f328d5feca', 'user_id': 'P6'}"
01:58:36,instance.updated,"{'instance_id': 'instance-242e9921-37f1-4467-81f7-21a38db468d9', 'instance_label': 'rabbit', 'text_changed': True, 'graph_changed': False, 'session_id': '56ad08db-2913-4791-82ee-e1f328d5feca', 'user_id': 'P6'}"
01:58:36,api.generate_text_to_graph.succeeded,"{'objects_count': 3, 'relationships_count': 2, 'root_object': 'object1', 'session_id': '56ad08db-2913-4791-82ee-e1f328d5feca', 'user_id': 'P6'}"
01:58:36,instance_selected,"{'instance_id': 'instance-84ffde39-3409-41b3-a780-996e5bc941d5', 'instance_label': 'rabbit', 'is_from_class': True, 'class_id': 'class-d1edcf0e-1216-41bc-9a78-7ee27c4720df', 'session_id': '56ad08db-2913-4791-82ee-e1f328d5feca', 'user_id': 'P6'}"
01:58:41,api.generate_image.started,"{'sentence_count': 6, 'box_count': 6, 'has_global_caption': True, 'has_required_keywords': False, 'session_id': '56ad08db-2913-4791-82ee-e1f328d5feca', 'user_id': 'P6'}"
01:59:05,prompt_saved,{'path': 'output/P6/2025-08-30_01-59-05/prompt.json'}
01:59:05,object_detection_integrated,"{'objectsCount': 0, 'objects': [], 'session_id': '56ad08db-2913-4791-82ee-e1f328d5feca', 'user_id': 'P6'}"
01:59:05,api.generate_image.succeeded,"{'global_caption': 'a scene featuring a cute rabbit standing and wearing a blue jacket, a rabbit wearing glasses and a suit, a cute rabbit wearing a hat, a cute rabbit wearing a t-shirt, a cute rabbit waving and wearing clothes, and a forest background', 'region_count': 6, 'has_image': True, 'detected_objects_count': 0, 'image_path': 'output/P6/2025-08-30_01-59-05/image.png', 'image_with_layout_path': 'output/P6/2025-08-30_01-59-05/image_with_layout.png', 'timestamp_dir': 'output/P6/2025-08-30_01-59-05', 'session_id': '56ad08db-2913-4791-82ee-e1f328d5feca', 'user_id': 'P6'}"
01:59:16,layout.node.moved,"{'nodeId': 'instance-f835dbc1-a679-4b93-9f66-edeb7e2fd523', 'newPos': {'x': 130, 'y': 380}, 'session_id': '56ad08db-2913-4791-82ee-e1f328d5feca', 'user_id': 'P6'}"
01:59:30,layout.node.moved,"{'nodeId': 'instance-423df8d8-b63f-4339-a5b9-2707ec0bbe01', 'newPos': {'x': 162.078125, 'y': 361}, 'session_id': '56ad08db-2913-4791-82ee-e1f328d5feca', 'user_id': 'P6'}"
01:59:32,layout.node.moved,"{'nodeId': 'instance-f835dbc1-a679-4b93-9f66-edeb7e2fd523', 'newPos': {'x': 7, 'y': 250}, 'session_id': '56ad08db-2913-4791-82ee-e1f328d5feca', 'user_id': 'P6'}"
01:59:34,layout.node.moved,"{'nodeId': 'instance-423df8d8-b63f-4339-a5b9-2707ec0bbe01', 'newPos': {'x': 126.078125, 'y': 356}, 'session_id': '56ad08db-2913-4791-82ee-e1f328d5feca', 'user_id': 'P6'}"
01:59:40,layout.node.moved,"{'nodeId': 'instance-242e9921-37f1-4467-81f7-21a38db468d9-resizable', 'newPos': {'x': 237.078125, 'y': 250}, 'session_id': '56ad08db-2913-4791-82ee-e1f328d5feca', 'user_id': 'P6'}"
01:59:42,layout.node.moved,"{'nodeId': 'instance-8fe57385-eae0-4ae3-a026-9cc2a08d90aa', 'newPos': {'x': 392, 'y': 315}, 'session_id': '56ad08db-2913-4791-82ee-e1f328d5feca', 'user_id': 'P6'}"
01:59:44,layout.node.moved,"{'nodeId': 'instance-8fe57385-eae0-4ae3-a026-9cc2a08d90aa', 'newPos': {'x': 392, 'y': 251}, 'session_id': '56ad08db-2913-4791-82ee-e1f328d5feca', 'user_id': 'P6'}"
01:59:48,layout.node.moved,"{'nodeId': 'instance-8fe57385-eae0-4ae3-a026-9cc2a08d90aa-resizable', 'newPos': {'x': 424, 'y': 284}, 'session_id': '56ad08db-2913-4791-82ee-e1f328d5feca', 'user_id': 'P6'}"
01:59:50,layout.node.moved,"{'nodeId': 'instance-84ffde39-3409-41b3-a780-996e5bc941d5-resizable', 'newPos': {'x': 315, 'y': 378}, 'session_id': '56ad08db-2913-4791-82ee-e1f328d5feca', 'user_id': 'P6'}"
01:59:51,api.generate_image.started,"{'sentence_count': 6, 'box_count': 6, 'has_global_caption': True, 'has_required_keywords': False, 'session_id': '56ad08db-2913-4791-82ee-e1f328d5feca', 'user_id': 'P6'}"
02:00:14,prompt_saved,{'path': 'output/P6/2025-08-30_02-00-14/prompt.json'}
02:00:15,api.generate_image.succeeded,"{'global_caption': 'a scene featuring a cute rabbit standing and wearing a blue jacket, a rabbit wearing glasses and a suit, a cute rabbit wearing a hat, a cute rabbit wearing a t-shirt, a cute rabbit waving and wearing clothes, and a forest background', 'region_count': 6, 'has_image': True, 'detected_objects_count': 0, 'image_path': 'output/P6/2025-08-30_02-00-14/image.png', 'image_with_layout_path': 'output/P6/2025-08-30_02-00-14/image_with_layout.png', 'timestamp_dir': 'output/P6/2025-08-30_02-00-14', 'session_id': '56ad08db-2913-4791-82ee-e1f328d5feca', 'user_id': 'P6'}"
02:00:15,object_detection_integrated,"{'objectsCount': 0, 'objects': [], 'session_id': '56ad08db-2913-4791-82ee-e1f328d5feca', 'user_id': 'P6'}"
02:00:42,scene_saved,"{'slotNumber': 1, 'instanceCount': 6, 'nodeCount': 12, 'edgeCount': 0, 'session_id': '56ad08db-2913-4791-82ee-e1f328d5feca', 'user_id': 'P6'}"
02:01:17,instance.deleted,"{'instance_id': 'instance-f835dbc1-a679-4b93-9f66-edeb7e2fd523', 'instance_label': 'rabbit', 'is_from_class': True, 'class_id': 'class-d1edcf0e-1216-41bc-9a78-7ee27c4720df', 'session_id': '56ad08db-2913-4791-82ee-e1f328d5feca', 'user_id': 'P6'}"
02:01:19,instance.deleted,"{'instance_id': 'instance-8fe57385-eae0-4ae3-a026-9cc2a08d90aa', 'instance_label': 'rabbit', 'is_from_class': True, 'class_id': 'class-d1edcf0e-1216-41bc-9a78-7ee27c4720df', 'session_id': '56ad08db-2913-4791-82ee-e1f328d5feca', 'user_id': 'P6'}"
02:01:22,instance.deleted,"{'instance_id': 'instance-84ffde39-3409-41b3-a780-996e5bc941d5', 'instance_label': 'rabbit', 'is_from_class': True, 'class_id': 'class-d1edcf0e-1216-41bc-9a78-7ee27c4720df', 'session_id': '56ad08db-2913-4791-82ee-e1f328d5feca', 'user_id': 'P6'}"
02:01:24,instance.deleted,"{'instance_id': 'instance-242e9921-37f1-4467-81f7-21a38db468d9', 'instance_label': 'rabbit', 'is_from_class': False, 'class_id': None, 'session_id': '56ad08db-2913-4791-82ee-e1f328d5feca', 'user_id': 'P6'}"
02:01:27,instance_selected,"{'instance_id': 'instance-423df8d8-b63f-4339-a5b9-2707ec0bbe01', 'instance_label': 'rabbit', 'is_from_class': True, 'class_id': 'class-d1edcf0e-1216-41bc-9a78-7ee27c4720df', 'session_id': '56ad08db-2913-4791-82ee-e1f328d5feca', 'user_id': 'P6'}"
02:01:28,instance.edit.started,"{'instance_id': 'instance-423df8d8-b63f-4339-a5b9-2707ec0bbe01', 'instance_label': 'rabbit', 'edit_type': 'text', 'session_id': '56ad08db-2913-4791-82ee-e1f328d5feca', 'user_id': 'P6'}"
02:02:04,api.generate_text_to_graph.started,"{'has_previous': 'cute rabbit, standing and wearing blue jacket', 'text_length': 86, 'previous_objects_count': 2, 'session_id': '56ad08db-2913-4791-82ee-e1f328d5feca', 'user_id': 'P6'}"
02:02:04,instance.save,"{'instance_id': 'instance-423df8d8-b63f-4339-a5b9-2707ec0bbe01', 'session_id': '56ad08db-2913-4791-82ee-e1f328d5feca', 'user_id': 'P6'}"
02:02:05,layout.node.moved,"{'nodeId': 'instance-423df8d8-b63f-4339-a5b9-2707ec0bbe01-resizable', 'newPos': {'x': 109.078125, 'y': 289}, 'session_id': '56ad08db-2913-4791-82ee-e1f328d5feca', 'user_id': 'P6'}"
02:02:08,instance.updated,"{'instance_id': 'instance-423df8d8-b63f-4339-a5b9-2707ec0bbe01', 'instance_label': 'rabbit', 'text_changed': True, 'graph_changed': False, 'session_id': '56ad08db-2913-4791-82ee-e1f328d5feca', 'user_id': 'P6'}"
02:02:08,api.generate_text_to_graph.succeeded,"{'objects_count': 3, 'relationships_count': 4, 'root_object': 'object1', 'session_id': '56ad08db-2913-4791-82ee-e1f328d5feca', 'user_id': 'P6'}"
02:02:08,instance_selected,"{'instance_id': 'instance-423df8d8-b63f-4339-a5b9-2707ec0bbe01', 'instance_label': 'rabbit', 'is_from_class': True, 'class_id': 'class-d1edcf0e-1216-41bc-9a78-7ee27c4720df', 'session_id': '56ad08db-2913-4791-82ee-e1f328d5feca', 'user_id': 'P6'}"
02:02:16,api.generate_image.started,"{'sentence_count': 2, 'box_count': 2, 'has_global_caption': False, 'has_required_keywords': False, 'session_id': '56ad08db-2913-4791-82ee-e1f328d5feca', 'user_id': 'P6'}"
02:02:38,prompt_saved,{'path': 'output/P6/2025-08-30_02-02-38/prompt.json'}
02:02:39,api.generate_image.succeeded,"{'global_caption': 'a scene featuring a cute rabbit standing and wearing a blue jacket, holding a red balloon and smiling, against a forest background', 'region_count': 2, 'has_image': True, 'detected_objects_count': 0, 'image_path': 'output/P6/2025-08-30_02-02-38/image.png', 'image_with_layout_path': 'output/P6/2025-08-30_02-02-38/image_with_layout.png', 'timestamp_dir': 'output/P6/2025-08-30_02-02-38', 'session_id': '56ad08db-2913-4791-82ee-e1f328d5feca', 'user_id': 'P6'}"
02:02:39,object_detection_integrated,"{'objectsCount': 0, 'objects': [], 'session_id': '56ad08db-2913-4791-82ee-e1f328d5feca', 'user_id': 'P6'}"
02:02:48,object_node.expand_collapse,"{'object_id': 'object3', 'object_name': 'balloon', 'action': 'collapse', 'parent_instance_id': 'instance-423df8d8-b63f-4339-a5b9-2707ec0bbe01', 'is_class_mode': False, 'session_id': '56ad08db-2913-4791-82ee-e1f328d5feca', 'user_id': 'P6'}"
02:02:49,object_node.expand_collapse,"{'object_id': 'object3', 'object_name': 'balloon', 'action': 'expand', 'parent_instance_id': 'instance-423df8d8-b63f-4339-a5b9-2707ec0bbe01', 'is_class_mode': False, 'session_id': '56ad08db-2913-4791-82ee-e1f328d5feca', 'user_id': 'P6'}"
02:02:50,object_node.extract.initiated,"{'object_id': 'object3', 'object_name': 'balloon', 'parent_instance_id': 'instance-423df8d8-b63f-4339-a5b9-2707ec0bbe01', 'session_id': '56ad08db-2913-4791-82ee-e1f328d5feca', 'user_id': 'P6'}"
02:02:52,object_node.extract.confirmed,"{'object_id': 'object3', 'object_name': 'balloon', 'parent_instance_id': 'instance-423df8d8-b63f-4339-a5b9-2707ec0bbe01', 'session_id': '56ad08db-2913-4791-82ee-e1f328d5feca', 'user_id': 'P6'}"
02:02:52,api.generate_scene_graph_to_text.started,"{'has_previous': None, 'objects_count': 1, 'relationships_count': 0, 'session_id': '56ad08db-2913-4791-82ee-e1f328d5feca', 'user_id': 'P6'}"
02:02:53,api.generate_scene_graph_to_text.started,"{'has_previous': None, 'objects_count': 2, 'relationships_count': 3, 'session_id': '56ad08db-2913-4791-82ee-e1f328d5feca', 'user_id': 'P6'}"
02:02:53,api.generate_scene_graph_to_text.succeeded,"{'text_length': 12, 'generated_text': 'Red balloon.', 'session_id': '56ad08db-2913-4791-82ee-e1f328d5feca', 'user_id': 'P6'}"
02:02:53,api.generate_scene_graph_to_text.succeeded,"{'text_length': 66, 'generated_text': 'A cute rabbit is standing and smiling while wearing a blue jacket.', 'session_id': '56ad08db-2913-4791-82ee-e1f328d5feca', 'user_id': 'P6'}"
02:02:53,instance_selected,"{'instance_id': 'instance-423df8d8-b63f-4339-a5b9-2707ec0bbe01', 'instance_label': 'rabbit', 'is_from_class': True, 'class_id': 'class-d1edcf0e-1216-41bc-9a78-7ee27c4720df', 'session_id': '56ad08db-2913-4791-82ee-e1f328d5feca', 'user_id': 'P6'}"
02:02:59,instance_selected,"{'instance_id': 'instance-c8069a7d-12ce-4e91-bf2f-c0ec58e2ce4e', 'instance_label': 'balloon', 'is_from_class': False, 'class_id': None, 'session_id': '56ad08db-2913-4791-82ee-e1f328d5feca', 'user_id': 'P6'}"
02:03:02,layout.node.moved,"{'nodeId': 'instance-c8069a7d-12ce-4e91-bf2f-c0ec58e2ce4e', 'newPos': {'x': 371, 'y': 242}, 'session_id': '56ad08db-2913-4791-82ee-e1f328d5feca', 'user_id': 'P6'}"
02:03:06,layout.node.moved,"{'nodeId': 'instance-c8069a7d-12ce-4e91-bf2f-c0ec58e2ce4e', 'newPos': {'x': 301, 'y': 159}, 'session_id': '56ad08db-2913-4791-82ee-e1f328d5feca', 'user_id': 'P6'}"
02:03:15,api.generate_image.started,"{'sentence_count': 3, 'box_count': 3, 'has_global_caption': True, 'has_required_keywords': False, 'session_id': '56ad08db-2913-4791-82ee-e1f328d5feca', 'user_id': 'P6'}"
02:03:38,prompt_saved,{'path': 'output/P6/2025-08-30_02-03-38/prompt.json'}
02:03:39,object_detection_integrated,"{'objectsCount': 0, 'objects': [], 'session_id': '56ad08db-2913-4791-82ee-e1f328d5feca', 'user_id': 'P6'}"
02:03:39,api.generate_image.succeeded,"{'global_caption': 'a scene featuring a cute rabbit standing and smiling while wearing a blue jacket and holding a red balloon, against a forest background', 'region_count': 3, 'has_image': True, 'detected_objects_count': 0, 'image_path': 'output/P6/2025-08-30_02-03-38/image.png', 'image_with_layout_path': 'output/P6/2025-08-30_02-03-38/image_with_layout.png', 'timestamp_dir': 'output/P6/2025-08-30_02-03-38', 'session_id': '56ad08db-2913-4791-82ee-e1f328d5feca', 'user_id': 'P6'}"
02:03:53,scene_saved,"{'slotNumber': 2, 'instanceCount': 3, 'nodeCount': 6, 'edgeCount': 1, 'session_id': '56ad08db-2913-4791-82ee-e1f328d5feca', 'user_id': 'P6'}"
02:04:09,relationship_node.deleted,"{'relationship_id': 'instance-423df8d8-b63f-4339-a5b9-2707ec0bbe01-instance-c8069a7d-12ce-4e91-bf2f-c0ec58e2ce4e', 'source_object_id': 'instance-423df8d8-b63f-4339-a5b9-2707ec0bbe01', 'target_object_id': 'instance-c8069a7d-12ce-4e91-bf2f-c0ec58e2ce4e', 'relation': 'holding', 'source_object_name': 'rabbit', 'target_object_name': 'balloon', 'session_id': '56ad08db-2913-4791-82ee-e1f328d5feca', 'user_id': 'P6'}"
02:04:10,layout.node.moved,"{'nodeId': 'instance-c8069a7d-12ce-4e91-bf2f-c0ec58e2ce4e-resizable', 'newPos': {'x': 44, 'y': 88}, 'session_id': '56ad08db-2913-4791-82ee-e1f328d5feca', 'user_id': 'P6'}"
02:04:11,layout.node.moved,"{'nodeId': 'instance-c8069a7d-12ce-4e91-bf2f-c0ec58e2ce4e-resizable', 'newPos': {'x': 40, 'y': 32}, 'session_id': '56ad08db-2913-4791-82ee-e1f328d5feca', 'user_id': 'P6'}"
02:04:16,instance_selected,"{'instance_id': 'instance-423df8d8-b63f-4339-a5b9-2707ec0bbe01', 'instance_label': 'rabbit', 'is_from_class': True, 'class_id': 'class-d1edcf0e-1216-41bc-9a78-7ee27c4720df', 'session_id': '56ad08db-2913-4791-82ee-e1f328d5feca', 'user_id': 'P6'}"
02:04:17,instance.edit.started,"{'instance_id': 'instance-423df8d8-b63f-4339-a5b9-2707ec0bbe01', 'instance_label': 'rabbit', 'edit_type': 'text', 'session_id': '56ad08db-2913-4791-82ee-e1f328d5feca', 'user_id': 'P6'}"
02:04:37,instance.save,"{'instance_id': 'instance-423df8d8-b63f-4339-a5b9-2707ec0bbe01', 'session_id': '56ad08db-2913-4791-82ee-e1f328d5feca', 'user_id': 'P6'}"
02:04:37,api.generate_text_to_graph.started,"{'has_previous': 'A cute rabbit is standing and smiling while wearing a blue jacket.', 'text_length': 64, 'previous_objects_count': 2, 'session_id': '56ad08db-2913-4791-82ee-e1f328d5feca', 'user_id': 'P6'}"
02:04:40,instance.updated,"{'instance_id': 'instance-423df8d8-b63f-4339-a5b9-2707ec0bbe01', 'instance_label': 'rabbit', 'text_changed': True, 'graph_changed': False, 'session_id': '56ad08db-2913-4791-82ee-e1f328d5feca', 'user_id': 'P6'}"
02:04:40,api.generate_text_to_graph.succeeded,"{'objects_count': 2, 'relationships_count': 3, 'root_object': 'object1', 'session_id': '56ad08db-2913-4791-82ee-e1f328d5feca', 'user_id': 'P6'}"
02:04:52,relationship_node.deleted,"{'relationship_id': 'instance-423df8d8-b63f-4339-a5b9-2707ec0bbe01-instance-c8069a7d-12ce-4e91-bf2f-c0ec58e2ce4e', 'source_object_id': 'instance-423df8d8-b63f-4339-a5b9-2707ec0bbe01', 'target_object_id': 'instance-c8069a7d-12ce-4e91-bf2f-c0ec58e2ce4e', 'relation': 'holding', 'source_object_name': 'rabbit', 'target_object_name': 'balloon', 'session_id': '56ad08db-2913-4791-82ee-e1f328d5feca', 'user_id': 'P6'}"
02:05:19,layout.node.moved,"{'nodeId': 'instance-c8069a7d-12ce-4e91-bf2f-c0ec58e2ce4e', 'newPos': {'x': 398, 'y': 19}, 'session_id': '56ad08db-2913-4791-82ee-e1f328d5feca', 'user_id': 'P6'}"
02:05:25,api.generate_image.started,"{'sentence_count': 3, 'box_count': 3, 'has_global_caption': False, 'has_required_keywords': False, 'session_id': '56ad08db-2913-4791-82ee-e1f328d5feca', 'user_id': 'P6'}"
02:05:48,prompt_saved,{'path': 'output/P6/2025-08-30_02-05-48/prompt.json'}
02:05:49,object_detection_integrated,"{'objectsCount': 0, 'objects': [], 'session_id': '56ad08db-2913-4791-82ee-e1f328d5feca', 'user_id': 'P6'}"
02:05:49,api.generate_image.succeeded,"{'global_caption': 'a scene featuring a cute rabbit standing and crying while wearing a blue jacket and holding a rabbit-looking balloon in a forest background with a red balloon.', 'region_count': 3, 'has_image': True, 'detected_objects_count': 0, 'image_path': 'output/P6/2025-08-30_02-05-48/image.png', 'image_with_layout_path': 'output/P6/2025-08-30_02-05-48/image_with_layout.png', 'timestamp_dir': 'output/P6/2025-08-30_02-05-48', 'session_id': '56ad08db-2913-4791-82ee-e1f328d5feca', 'user_id': 'P6'}"
02:06:20,layout.node.moved,"{'nodeId': 'instance-423df8d8-b63f-4339-a5b9-2707ec0bbe01-resizable', 'newPos': {'x': 49.078125, 'y': 293}, 'session_id': '56ad08db-2913-4791-82ee-e1f328d5feca', 'user_id': 'P6'}"
02:06:25,instance_selected,"{'instance_id': 'instance-423df8d8-b63f-4339-a5b9-2707ec0bbe01', 'instance_label': 'rabbit', 'is_from_class': True, 'class_id': 'class-d1edcf0e-1216-41bc-9a78-7ee27c4720df', 'session_id': '56ad08db-2913-4791-82ee-e1f328d5feca', 'user_id': 'P6'}"
02:06:34,relationship_node.edited,"{'relationship_id': 'instance-423df8d8-b63f-4339-a5b9-2707ec0bbe01-instance-c8069a7d-12ce-4e91-bf2f-c0ec58e2ce4e', 'source_object_id': 'instance-423df8d8-b63f-4339-a5b9-2707ec0bbe01', 'target_object_id': 'instance-c8069a7d-12ce-4e91-bf2f-c0ec58e2ce4e', 'old_relation': 'looking', 'new_relation': 'looking', 'source_object_name': 'rabbit', 'target_object_name': 'balloon', 'session_id': '56ad08db-2913-4791-82ee-e1f328d5feca', 'user_id': 'P6'}"
02:06:35,relationship_node.deleted,"{'relationship_id': 'instance-423df8d8-b63f-4339-a5b9-2707ec0bbe01-instance-c8069a7d-12ce-4e91-bf2f-c0ec58e2ce4e', 'source_object_id': 'instance-423df8d8-b63f-4339-a5b9-2707ec0bbe01', 'target_object_id': 'instance-c8069a7d-12ce-4e91-bf2f-c0ec58e2ce4e', 'relation': 'looking', 'source_object_name': 'rabbit', 'target_object_name': 'balloon', 'session_id': '56ad08db-2913-4791-82ee-e1f328d5feca', 'user_id': 'P6'}"
02:06:41,instance.edit.started,"{'instance_id': 'instance-423df8d8-b63f-4339-a5b9-2707ec0bbe01', 'instance_label': 'rabbit', 'edit_type': 'text', 'session_id': '56ad08db-2913-4791-82ee-e1f328d5feca', 'user_id': 'P6'}"
02:07:23,instance.save,"{'instance_id': 'instance-423df8d8-b63f-4339-a5b9-2707ec0bbe01', 'session_id': '56ad08db-2913-4791-82ee-e1f328d5feca', 'user_id': 'P6'}"
02:07:23,api.generate_text_to_graph.started,"{'has_previous': 'A cute rabbit is standing and crying while wearing a blue jacket', 'text_length': 110, 'previous_objects_count': 2, 'session_id': '56ad08db-2913-4791-82ee-e1f328d5feca', 'user_id': 'P6'}"
02:07:28,api.generate_text_to_graph.succeeded,"{'objects_count': 3, 'relationships_count': 5, 'root_object': 'object1', 'session_id': '56ad08db-2913-4791-82ee-e1f328d5feca', 'user_id': 'P6'}"
02:07:28,instance.updated,"{'instance_id': 'instance-423df8d8-b63f-4339-a5b9-2707ec0bbe01', 'instance_label': 'rabbit', 'text_changed': True, 'graph_changed': False, 'session_id': '56ad08db-2913-4791-82ee-e1f328d5feca', 'user_id': 'P6'}"
02:07:28,instance_selected,"{'instance_id': 'instance-423df8d8-b63f-4339-a5b9-2707ec0bbe01', 'instance_label': 'rabbit', 'is_from_class': True, 'class_id': 'class-d1edcf0e-1216-41bc-9a78-7ee27c4720df', 'session_id': '56ad08db-2913-4791-82ee-e1f328d5feca', 'user_id': 'P6'}"
02:07:33,object_node.extract.initiated,"{'object_id': 'object2', 'object_name': 'jacket', 'parent_instance_id': 'instance-423df8d8-b63f-4339-a5b9-2707ec0bbe01', 'session_id': '56ad08db-2913-4791-82ee-e1f328d5feca', 'user_id': 'P6'}"
02:07:34,object_node.extract.cancelled,"{'object_id': 'object2', 'object_name': 'jacket', 'parent_instance_id': 'instance-423df8d8-b63f-4339-a5b9-2707ec0bbe01', 'session_id': '56ad08db-2913-4791-82ee-e1f328d5feca', 'user_id': 'P6'}"
02:07:37,object_node.expand_collapse,"{'object_id': 'object1', 'object_name': 'rabbit', 'action': 'collapse', 'parent_instance_id': 'instance-423df8d8-b63f-4339-a5b9-2707ec0bbe01', 'is_class_mode': False, 'session_id': '56ad08db-2913-4791-82ee-e1f328d5feca', 'user_id': 'P6'}"
02:07:41,object_node.expand_collapse,"{'object_id': 'object2', 'object_name': 'jacket', 'action': 'collapse', 'parent_instance_id': 'instance-423df8d8-b63f-4339-a5b9-2707ec0bbe01', 'is_class_mode': False, 'session_id': '56ad08db-2913-4791-82ee-e1f328d5feca', 'user_id': 'P6'}"
02:07:42,object_node.expand_collapse,"{'object_id': 'object3', 'object_name': 'balloon', 'action': 'collapse', 'parent_instance_id': 'instance-423df8d8-b63f-4339-a5b9-2707ec0bbe01', 'is_class_mode': False, 'session_id': '56ad08db-2913-4791-82ee-e1f328d5feca', 'user_id': 'P6'}"
02:08:04,instance.deleted,"{'instance_id': 'instance-c8069a7d-12ce-4e91-bf2f-c0ec58e2ce4e', 'instance_label': 'balloon', 'is_from_class': False, 'class_id': None, 'session_id': '56ad08db-2913-4791-82ee-e1f328d5feca', 'user_id': 'P6'}"
02:08:04,instance_selected,"{'instance_id': 'instance-423df8d8-b63f-4339-a5b9-2707ec0bbe01', 'instance_label': 'rabbit', 'is_from_class': True, 'class_id': 'class-d1edcf0e-1216-41bc-9a78-7ee27c4720df', 'session_id': '56ad08db-2913-4791-82ee-e1f328d5feca', 'user_id': 'P6'}"
02:08:07,scene_saved,"{'slotNumber': 6, 'instanceCount': 2, 'nodeCount': 4, 'edgeCount': 0, 'session_id': '56ad08db-2913-4791-82ee-e1f328d5feca', 'user_id': 'P6'}"
02:08:13,api.generate_image.started,"{'sentence_count': 2, 'box_count': 2, 'has_global_caption': False, 'has_required_keywords': False, 'session_id': '56ad08db-2913-4791-82ee-e1f328d5feca', 'user_id': 'P6'}"
02:08:36,prompt_saved,{'path': 'output/P6/2025-08-30_02-08-36/prompt.json'}
02:08:37,object_detection_integrated,"{'objectsCount': 0, 'objects': [], 'session_id': '56ad08db-2913-4791-82ee-e1f328d5feca', 'user_id': 'P6'}"
02:08:37,api.generate_image.succeeded,"{'global_caption': 'a scene featuring a cute rabbit wearing a blue jacket standing and crying while looking at a red balloon above that it lost, with a forest background.', 'region_count': 2, 'has_image': True, 'detected_objects_count': 0, 'image_path': 'output/P6/2025-08-30_02-08-36/image.png', 'image_with_layout_path': 'output/P6/2025-08-30_02-08-36/image_with_layout.png', 'timestamp_dir': 'output/P6/2025-08-30_02-08-36', 'session_id': '56ad08db-2913-4791-82ee-e1f328d5feca', 'user_id': 'P6'}"
02:08:49,instance.edit.started,"{'instance_id': 'instance-423df8d8-b63f-4339-a5b9-2707ec0bbe01', 'instance_label': 'rabbit', 'edit_type': 'text', 'session_id': '56ad08db-2913-4791-82ee-e1f328d5feca', 'user_id': 'P6'}"
02:09:15,instance.save,"{'instance_id': 'instance-423df8d8-b63f-4339-a5b9-2707ec0bbe01', 'session_id': '56ad08db-2913-4791-82ee-e1f328d5feca', 'user_id': 'P6'}"
02:09:15,api.generate_text_to_graph.started,"{'has_previous': 'A cute rabbit wearing a blue jacket is standing and crying while looking at the red balloon above that he lost', 'text_length': 134, 'previous_objects_count': 3, 'session_id': '56ad08db-2913-4791-82ee-e1f328d5feca', 'user_id': 'P6'}"
02:09:23,api.generate_text_to_graph.succeeded,"{'objects_count': 3, 'relationships_count': 5, 'root_object': 'object1', 'session_id': '56ad08db-2913-4791-82ee-e1f328d5feca', 'user_id': 'P6'}"
02:09:23,instance_selected,"{'instance_id': 'instance-423df8d8-b63f-4339-a5b9-2707ec0bbe01', 'instance_label': 'rabbit', 'is_from_class': True, 'class_id': 'class-d1edcf0e-1216-41bc-9a78-7ee27c4720df', 'session_id': '56ad08db-2913-4791-82ee-e1f328d5feca', 'user_id': 'P6'}"
02:09:23,instance.updated,"{'instance_id': 'instance-423df8d8-b63f-4339-a5b9-2707ec0bbe01', 'instance_label': 'rabbit', 'text_changed': True, 'graph_changed': False, 'session_id': '56ad08db-2913-4791-82ee-e1f328d5feca', 'user_id': 'P6'}"
02:09:25,api.generate_image.started,"{'sentence_count': 2, 'box_count': 2, 'has_global_caption': True, 'has_required_keywords': False, 'session_id': '56ad08db-2913-4791-82ee-e1f328d5feca', 'user_id': 'P6'}"
02:09:47,prompt_saved,{'path': 'output/P6/2025-08-30_02-09-47/prompt.json'}
02:09:48,api.generate_image.succeeded,"{'global_caption': 'a scene featuring a cute rabbit wearing a blue jacket standing and crying while looking at a red balloon with no strings far above him that he lost, with a forest background.', 'region_count': 2, 'has_image': True, 'detected_objects_count': 0, 'image_path': 'output/P6/2025-08-30_02-09-47/image.png', 'image_with_layout_path': 'output/P6/2025-08-30_02-09-47/image_with_layout.png', 'timestamp_dir': 'output/P6/2025-08-30_02-09-47', 'session_id': '56ad08db-2913-4791-82ee-e1f328d5feca', 'user_id': 'P6'}"
02:09:48,object_detection_integrated,"{'objectsCount': 0, 'objects': [], 'session_id': '56ad08db-2913-4791-82ee-e1f328d5feca', 'user_id': 'P6'}"
02:09:55,scene_saved,"{'slotNumber': 3, 'instanceCount': 2, 'nodeCount': 4, 'edgeCount': 0, 'session_id': '56ad08db-2913-4791-82ee-e1f328d5feca', 'user_id': 'P6'}"
02:10:14,instance.edit.started,"{'instance_id': 'instance-423df8d8-b63f-4339-a5b9-2707ec0bbe01', 'instance_label': 'rabbit', 'edit_type': 'text', 'session_id': '56ad08db-2913-4791-82ee-e1f328d5feca', 'user_id': 'P6'}"
02:10:31,api.generate_text_to_graph.started,"{'has_previous': 'A cute rabbit wearing a blue jacket is standing and crying while looking at the red balloon with no strings far above him that he lost', 'text_length': 58, 'previous_objects_count': 3, 'session_id': '56ad08db-2913-4791-82ee-e1f328d5feca', 'user_id': 'P6'}"
02:10:31,instance.save,"{'instance_id': 'instance-423df8d8-b63f-4339-a5b9-2707ec0bbe01', 'session_id': '56ad08db-2913-4791-82ee-e1f328d5feca', 'user_id': 'P6'}"
02:10:35,instance.updated,"{'instance_id': 'instance-423df8d8-b63f-4339-a5b9-2707ec0bbe01', 'instance_label': 'rabbit', 'text_changed': True, 'graph_changed': False, 'session_id': '56ad08db-2913-4791-82ee-e1f328d5feca', 'user_id': 'P6'}"
02:10:35,instance_selected,"{'instance_id': 'instance-423df8d8-b63f-4339-a5b9-2707ec0bbe01', 'instance_label': 'rabbit', 'is_from_class': True, 'class_id': 'class-d1edcf0e-1216-41bc-9a78-7ee27c4720df', 'session_id': '56ad08db-2913-4791-82ee-e1f328d5feca', 'user_id': 'P6'}"
02:10:35,api.generate_text_to_graph.succeeded,"{'objects_count': 2, 'relationships_count': 2, 'root_object': 'object1', 'session_id': '56ad08db-2913-4791-82ee-e1f328d5feca', 'user_id': 'P6'}"
02:10:38,class_library_toggle,"{'expanded': True, 'class_count': 1, 'session_id': '56ad08db-2913-4791-82ee-e1f328d5feca', 'user_id': 'P6'}"
02:10:41,class.create.started,"{'instance_id': 'instance-423df8d8-b63f-4339-a5b9-2707ec0bbe01', 'instance_label': 'rabbit', 'has_scene_graph': True, 'object_count': 2, 'session_id': '56ad08db-2913-4791-82ee-e1f328d5feca', 'user_id': 'P6'}"
02:10:41,api.generate_placeholders.started,"{'has_objects': True, 'has_relationships': True, 'object_count': 2, 'relationship_count': 2, 'session_id': '56ad08db-2913-4791-82ee-e1f328d5feca', 'user_id': 'P6'}"
02:10:43,api.generate_placeholders.succeeded,"{'object_count': 2, 'unique_value_count': 5, 'session_id': '56ad08db-2913-4791-82ee-e1f328d5feca', 'user_id': 'P6'}"
02:10:43,instance_selected,"{'instance_id': 'instance-423df8d8-b63f-4339-a5b9-2707ec0bbe01', 'instance_label': 'rabbit', 'is_from_class': True, 'class_id': 'class-3e083cf5-7d2e-4c69-8d33-a2d77dc1551d', 'session_id': '56ad08db-2913-4791-82ee-e1f328d5feca', 'user_id': 'P6'}"
02:10:43,class.created,"{'class_id': 'class-3e083cf5-7d2e-4c69-8d33-a2d77dc1551d', 'class_name': 'rabbit Class', 'placeholder_count': 2, 'created_from': 'rabbit', 'session_id': '56ad08db-2913-4791-82ee-e1f328d5feca', 'user_id': 'P6'}"
02:10:45,class_detail_opened,"{'class_id': 'class-3e083cf5-7d2e-4c69-8d33-a2d77dc1551d', 'class_name': 'rabbit Class', 'instance_count': 1, 'session_id': '56ad08db-2913-4791-82ee-e1f328d5feca', 'user_id': 'P6'}"
02:10:51,class.instance_creation.started,"{'class_id': 'class-3e083cf5-7d2e-4c69-8d33-a2d77dc1551d', 'class_name': 'rabbit Class', 'session_id': '56ad08db-2913-4791-82ee-e1f328d5feca', 'user_id': 'P6'}"
02:11:04,instance.create_from_class.started,"{'class_id': 'class-3e083cf5-7d2e-4c69-8d33-a2d77dc1551d', 'class_name': 'rabbit Class', 'value_count': 2, 'session_id': '56ad08db-2913-4791-82ee-e1f328d5feca', 'user_id': 'P6'}"
02:11:04,api.generate_scene_graph_to_text.started,"{'has_previous': None, 'objects_count': 2, 'relationships_count': 2, 'session_id': '56ad08db-2913-4791-82ee-e1f328d5feca', 'user_id': 'P6'}"
02:11:05,api.generate_instance_label_from_description.started,"{'text_length': 61, 'session_id': '56ad08db-2913-4791-82ee-e1f328d5feca', 'user_id': 'P6'}"
02:11:05,api.generate_scene_graph_to_text.succeeded,"{'text_length': 61, 'generated_text': 'A cute rabbit wearing a torn green shirt is searching around.', 'session_id': '56ad08db-2913-4791-82ee-e1f328d5feca', 'user_id': 'P6'}"
02:11:05,api.generate_instance_label_from_description.succeeded,"{'generated_label': 'Rabbit', 'original_text': 'A cute rabbit wearing a torn green shirt is search', 'session_id': '56ad08db-2913-4791-82ee-e1f328d5feca', 'user_id': 'P6'}"
02:11:05,instance.created_from_class,"{'instance_id': 'instance-9b1b4658-6ed4-4e50-ba0c-9e5afbb15533', 'class_id': 'class-3e083cf5-7d2e-4c69-8d33-a2d77dc1551d', 'instance_label': 'Rabbit', 'has_text_description': True, 'session_id': '56ad08db-2913-4791-82ee-e1f328d5feca', 'user_id': 'P6'}"
02:11:05,instance_selected,"{'instance_id': 'instance-423df8d8-b63f-4339-a5b9-2707ec0bbe01', 'instance_label': 'rabbit', 'is_from_class': True, 'class_id': 'class-3e083cf5-7d2e-4c69-8d33-a2d77dc1551d', 'session_id': '56ad08db-2913-4791-82ee-e1f328d5feca', 'user_id': 'P6'}"
02:11:14,layout.node.moved,"{'nodeId': 'instance-9b1b4658-6ed4-4e50-ba0c-9e5afbb15533', 'newPos': {'x': 261, 'y': 315}, 'session_id': '56ad08db-2913-4791-82ee-e1f328d5feca', 'user_id': 'P6'}"
02:11:19,layout.node.moved,"{'nodeId': 'instance-423df8d8-b63f-4339-a5b9-2707ec0bbe01', 'newPos': {'x': 192.078125, 'y': 287}, 'session_id': '56ad08db-2913-4791-82ee-e1f328d5feca', 'user_id': 'P6'}"
02:11:19,instance_selected,"{'instance_id': 'instance-9b1b4658-6ed4-4e50-ba0c-9e5afbb15533', 'instance_label': 'Rabbit', 'is_from_class': True, 'class_id': 'class-3e083cf5-7d2e-4c69-8d33-a2d77dc1551d', 'session_id': '56ad08db-2913-4791-82ee-e1f328d5feca', 'user_id': 'P6'}"
02:11:21,layout.node.moved,"{'nodeId': 'instance-9b1b4658-6ed4-4e50-ba0c-9e5afbb15533', 'newPos': {'x': 343, 'y': 263}, 'session_id': '56ad08db-2913-4791-82ee-e1f328d5feca', 'user_id': 'P6'}"
02:11:26,layout.node.moved,"{'nodeId': 'instance-9b1b4658-6ed4-4e50-ba0c-9e5afbb15533', 'newPos': {'x': 392, 'y': 404}, 'session_id': '56ad08db-2913-4791-82ee-e1f328d5feca', 'user_id': 'P6'}"
02:11:28,layout.node.moved,"{'nodeId': 'instance-9b1b4658-6ed4-4e50-ba0c-9e5afbb15533', 'newPos': {'x': 392, 'y': 346}, 'session_id': '56ad08db-2913-4791-82ee-e1f328d5feca', 'user_id': 'P6'}"
02:11:39,class_detail_opened,"{'class_id': 'class-3e083cf5-7d2e-4c69-8d33-a2d77dc1551d', 'class_name': 'rabbit Class', 'instance_count': 2, 'session_id': '56ad08db-2913-4791-82ee-e1f328d5feca', 'user_id': 'P6'}"
02:11:43,class.instance_creation.started,"{'class_id': 'class-3e083cf5-7d2e-4c69-8d33-a2d77dc1551d', 'class_name': 'rabbit Class', 'session_id': '56ad08db-2913-4791-82ee-e1f328d5feca', 'user_id': 'P6'}"
02:12:01,instance.create_from_class.started,"{'class_id': 'class-3e083cf5-7d2e-4c69-8d33-a2d77dc1551d', 'class_name': 'rabbit Class', 'value_count': 2, 'session_id': '56ad08db-2913-4791-82ee-e1f328d5feca', 'user_id': 'P6'}"
02:12:01,api.generate_scene_graph_to_text.started,"{'has_previous': None, 'objects_count': 2, 'relationships_count': 2, 'session_id': '56ad08db-2913-4791-82ee-e1f328d5feca', 'user_id': 'P6'}"
02:12:02,api.generate_instance_label_from_description.started,"{'text_length': 63, 'session_id': '56ad08db-2913-4791-82ee-e1f328d5feca', 'user_id': 'P6'}"
02:12:02,api.generate_scene_graph_to_text.succeeded,"{'text_length': 63, 'generated_text': 'A cute rabbit wearing a torn yellow jacket is searching around.', 'session_id': '56ad08db-2913-4791-82ee-e1f328d5feca', 'user_id': 'P6'}"
02:12:03,instance.created_from_class,"{'instance_id': 'instance-c6522122-7b9a-4ae1-b126-8c995bcc088a', 'class_id': 'class-3e083cf5-7d2e-4c69-8d33-a2d77dc1551d', 'instance_label': 'Rabbit', 'has_text_description': True, 'session_id': '56ad08db-2913-4791-82ee-e1f328d5feca', 'user_id': 'P6'}"
02:12:03,api.generate_instance_label_from_description.succeeded,"{'generated_label': 'Rabbit', 'original_text': 'A cute rabbit wearing a torn yellow jacket is sear', 'session_id': '56ad08db-2913-4791-82ee-e1f328d5feca', 'user_id': 'P6'}"
02:12:07,instance_selected,"{'instance_id': 'instance-c6522122-7b9a-4ae1-b126-8c995bcc088a', 'instance_label': 'Rabbit', 'is_from_class': True, 'class_id': 'class-3e083cf5-7d2e-4c69-8d33-a2d77dc1551d', 'session_id': '56ad08db-2913-4791-82ee-e1f328d5feca', 'user_id': 'P6'}"
02:12:11,layout.node.moved,"{'nodeId': 'instance-c6522122-7b9a-4ae1-b126-8c995bcc088a', 'newPos': {'x': 42, 'y': 229}, 'session_id': '56ad08db-2913-4791-82ee-e1f328d5feca', 'user_id': 'P6'}"
02:12:17,layout.node.moved,"{'nodeId': 'instance-c6522122-7b9a-4ae1-b126-8c995bcc088a', 'newPos': {'x': 34, 'y': 219}, 'session_id': '56ad08db-2913-4791-82ee-e1f328d5feca', 'user_id': 'P6'}"
02:12:18,api.generate_image.started,"{'sentence_count': 4, 'box_count': 4, 'has_global_caption': False, 'has_required_keywords': False, 'session_id': '56ad08db-2913-4791-82ee-e1f328d5feca', 'user_id': 'P6'}"
02:12:41,prompt_saved,{'path': 'output/P6/2025-08-30_02-12-41/prompt.json'}
02:12:42,api.generate_image.succeeded,"{'global_caption': 'a scene featuring a cute rabbit wearing a torn blue jacket searching around, a forest background, a cute rabbit wearing a torn green shirt searching around, and a cute rabbit wearing a torn yellow jacket searching around.', 'region_count': 4, 'has_image': True, 'detected_objects_count': 0, 'image_path': 'output/P6/2025-08-30_02-12-41/image.png', 'image_with_layout_path': 'output/P6/2025-08-30_02-12-41/image_with_layout.png', 'timestamp_dir': 'output/P6/2025-08-30_02-12-41', 'session_id': '56ad08db-2913-4791-82ee-e1f328d5feca', 'user_id': 'P6'}"
02:12:42,object_detection_integrated,"{'objectsCount': 0, 'objects': [], 'session_id': '56ad08db-2913-4791-82ee-e1f328d5feca', 'user_id': 'P6'}"
02:12:51,scene_saved,"{'slotNumber': 4, 'instanceCount': 4, 'nodeCount': 8, 'edgeCount': 0, 'session_id': '56ad08db-2913-4791-82ee-e1f328d5feca', 'user_id': 'P6'}"
02:13:08,layout.node.moved,"{'nodeId': 'instance-c6522122-7b9a-4ae1-b126-8c995bcc088a-resizable', 'newPos': {'x': 45, 'y': 278}, 'session_id': '56ad08db-2913-4791-82ee-e1f328d5feca', 'user_id': 'P6'}"
02:13:09,layout.node.moved,"{'nodeId': 'instance-423df8d8-b63f-4339-a5b9-2707ec0bbe01-resizable', 'newPos': {'x': 144.078125, 'y': 326}, 'session_id': '56ad08db-2913-4791-82ee-e1f328d5feca', 'user_id': 'P6'}"
02:13:11,layout.node.moved,"{'nodeId': 'instance-9b1b4658-6ed4-4e50-ba0c-9e5afbb15533-resizable', 'newPos': {'x': 213, 'y': 247}, 'session_id': '56ad08db-2913-4791-82ee-e1f328d5feca', 'user_id': 'P6'}"
02:13:15,class_library_toggle,"{'expanded': False, 'class_count': 2, 'session_id': '56ad08db-2913-4791-82ee-e1f328d5feca', 'user_id': 'P6'}"
02:13:23,layout_board.new_box_initiated,"{'board_type': 'advanced', 'timestamp': '2025-08-30T02:13:22.977Z', 'session_id': '56ad08db-2913-4791-82ee-e1f328d5feca', 'user_id': 'P6'}"
02:13:24,layout_board.new_box_positioned,"{'position': {'x': 426.078125, 'y': 152}, 'screen_position': {'x': 484, 'y': 195}, 'board_type': 'advanced', 'session_id': '56ad08db-2913-4791-82ee-e1f328d5feca', 'user_id': 'P6'}"
02:13:40,api.generate_text_to_graph.started,"{'has_previous': None, 'text_length': 33, 'previous_objects_count': 0, 'session_id': '56ad08db-2913-4791-82ee-e1f328d5feca', 'user_id': 'P6'}"
02:13:43,api.generate_text_to_graph.succeeded,"{'objects_count': 3, 'relationships_count': 2, 'root_object': 'object1', 'session_id': '56ad08db-2913-4791-82ee-e1f328d5feca', 'user_id': 'P6'}"
02:13:43,layout.node.moved,"{'nodeId': 'instance-fe815f5c-6a1c-483b-8c53-35377a9fd759-resizable', 'newPos': {'x': 404.078125, 'y': 71}, 'session_id': '56ad08db-2913-4791-82ee-e1f328d5feca', 'user_id': 'P6'}"
02:13:56,instance_selected,"{'instance_id': 'instance-c6522122-7b9a-4ae1-b126-8c995bcc088a', 'instance_label': 'Rabbit', 'is_from_class': True, 'class_id': 'class-3e083cf5-7d2e-4c69-8d33-a2d77dc1551d', 'session_id': '56ad08db-2913-4791-82ee-e1f328d5feca', 'user_id': 'P6'}"
02:13:57,instance_selected,"{'instance_id': 'instance-fe815f5c-6a1c-483b-8c53-35377a9fd759', 'instance_label': 'balloon', 'is_from_class': False, 'class_id': None, 'session_id': '56ad08db-2913-4791-82ee-e1f328d5feca', 'user_id': 'P6'}"
02:14:25,instance_selected,"{'instance_id': 'instance-9b1b4658-6ed4-4e50-ba0c-9e5afbb15533', 'instance_label': 'Rabbit', 'is_from_class': True, 'class_id': 'class-3e083cf5-7d2e-4c69-8d33-a2d77dc1551d', 'session_id': '56ad08db-2913-4791-82ee-e1f328d5feca', 'user_id': 'P6'}"
02:14:33,instance_selected,"{'instance_id': 'instance-423df8d8-b63f-4339-a5b9-2707ec0bbe01', 'instance_label': 'rabbit', 'is_from_class': True, 'class_id': 'class-3e083cf5-7d2e-4c69-8d33-a2d77dc1551d', 'session_id': '56ad08db-2913-4791-82ee-e1f328d5feca', 'user_id': 'P6'}"
02:14:40,instance_selected,"{'instance_id': 'instance-c6522122-7b9a-4ae1-b126-8c995bcc088a', 'instance_label': 'Rabbit', 'is_from_class': True, 'class_id': 'class-3e083cf5-7d2e-4c69-8d33-a2d77dc1551d', 'session_id': '56ad08db-2913-4791-82ee-e1f328d5feca', 'user_id': 'P6'}"
02:14:48,api.generate_image.started,"{'sentence_count': 5, 'box_count': 5, 'has_global_caption': False, 'has_required_keywords': False, 'session_id': '56ad08db-2913-4791-82ee-e1f328d5feca', 'user_id': 'P6'}"
02:15:12,prompt_saved,{'path': 'output/P6/2025-08-30_02-15-12/prompt.json'}
02:15:13,object_detection_integrated,"{'objectsCount': 0, 'objects': [], 'session_id': '56ad08db-2913-4791-82ee-e1f328d5feca', 'user_id': 'P6'}"
02:15:13,api.generate_image.succeeded,"{'global_caption': 'a scene featuring a cute rabbit wearing a torn blue jacket searching around a rabbit-looking balloon, a forest background, a cute rabbit wearing a torn green shirt searching around a rabbit-looking balloon, a cute rabbit wearing a torn yellow jacket searching around a rabbit-looking balloon, and a red balloon stuck on a tree branch', 'region_count': 5, 'has_image': True, 'detected_objects_count': 0, 'image_path': 'output/P6/2025-08-30_02-15-12/image.png', 'image_with_layout_path': 'output/P6/2025-08-30_02-15-12/image_with_layout.png', 'timestamp_dir': 'output/P6/2025-08-30_02-15-12', 'session_id': '56ad08db-2913-4791-82ee-e1f328d5feca', 'user_id': 'P6'}"
02:15:21,layout.node.moved,"{'nodeId': 'instance-c6522122-7b9a-4ae1-b126-8c995bcc088a-resizable', 'newPos': {'x': 31, 'y': 245}, 'session_id': '56ad08db-2913-4791-82ee-e1f328d5feca', 'user_id': 'P6'}"
02:15:22,layout.node.moved,"{'nodeId': 'instance-9b1b4658-6ed4-4e50-ba0c-9e5afbb15533-resizable', 'newPos': {'x': 384, 'y': 276}, 'session_id': '56ad08db-2913-4791-82ee-e1f328d5feca', 'user_id': 'P6'}"
02:15:24,layout.node.moved,"{'nodeId': 'instance-423df8d8-b63f-4339-a5b9-2707ec0bbe01-resizable', 'newPos': {'x': 212.078125, 'y': 314}, 'session_id': '56ad08db-2913-4791-82ee-e1f328d5feca', 'user_id': 'P6'}"
02:15:26,layout.node.moved,"{'nodeId': 'instance-40ac54ca-826f-4295-aa30-d4904188627c', 'newPos': {'x': 0, 'y': 7}, 'session_id': '56ad08db-2913-4791-82ee-e1f328d5feca', 'user_id': 'P6'}"
02:15:27,layout.node.moved,"{'nodeId': 'instance-40ac54ca-826f-4295-aa30-d4904188627c', 'newPos': {'x': 23, 'y': 170}, 'session_id': '56ad08db-2913-4791-82ee-e1f328d5feca', 'user_id': 'P6'}"
02:15:30,layout.node.moved,"{'nodeId': 'instance-fe815f5c-6a1c-483b-8c53-35377a9fd759', 'newPos': {'x': 226.078125, 'y': 129}, 'session_id': '56ad08db-2913-4791-82ee-e1f328d5feca', 'user_id': 'P6'}"
02:15:33,instance_selected,"{'instance_id': 'instance-fe815f5c-6a1c-483b-8c53-35377a9fd759', 'instance_label': 'balloon', 'is_from_class': False, 'class_id': None, 'session_id': '56ad08db-2913-4791-82ee-e1f328d5feca', 'user_id': 'P6'}"
02:15:35,instance.edit.started,"{'instance_id': 'instance-fe815f5c-6a1c-483b-8c53-35377a9fd759', 'instance_label': 'balloon', 'edit_type': 'text', 'session_id': '56ad08db-2913-4791-82ee-e1f328d5feca', 'user_id': 'P6'}"
02:15:43,api.generate_text_to_graph.started,"{'has_previous': 'red ballon stuck on a tree branch', 'text_length': 49, 'previous_objects_count': 3, 'session_id': '56ad08db-2913-4791-82ee-e1f328d5feca', 'user_id': 'P6'}"
02:15:43,instance.save,"{'instance_id': 'instance-fe815f5c-6a1c-483b-8c53-35377a9fd759', 'session_id': '56ad08db-2913-4791-82ee-e1f328d5feca', 'user_id': 'P6'}"
02:15:45,instance.updated,"{'instance_id': 'instance-fe815f5c-6a1c-483b-8c53-35377a9fd759', 'instance_label': 'balloon', 'text_changed': True, 'graph_changed': False, 'session_id': '56ad08db-2913-4791-82ee-e1f328d5feca', 'user_id': 'P6'}"
02:15:45,api.generate_text_to_graph.succeeded,"{'objects_count': 3, 'relationships_count': 2, 'root_object': 'object1', 'session_id': '56ad08db-2913-4791-82ee-e1f328d5feca', 'user_id': 'P6'}"
02:15:45,instance_selected,"{'instance_id': 'instance-fe815f5c-6a1c-483b-8c53-35377a9fd759', 'instance_label': 'balloon', 'is_from_class': False, 'class_id': None, 'session_id': '56ad08db-2913-4791-82ee-e1f328d5feca', 'user_id': 'P6'}"
02:15:47,api.generate_image.started,"{'sentence_count': 5, 'box_count': 5, 'has_global_caption': True, 'has_required_keywords': False, 'session_id': '56ad08db-2913-4791-82ee-e1f328d5feca', 'user_id': 'P6'}"
02:16:11,prompt_saved,{'path': 'output/P6/2025-08-30_02-16-11/prompt.json'}
02:16:12,api.generate_image.succeeded,"{'global_caption': 'a scene featuring a cute rabbit wearing a torn blue jacket searching around a rabbit-looking balloon, a forest background, a cute rabbit wearing a torn green shirt searching around a rabbit-looking balloon, a cute rabbit wearing a torn yellow jacket searching around a rabbit-looking balloon, and a red balloon with no strings stuck on a tree branch', 'region_count': 5, 'has_image': True, 'detected_objects_count': 0, 'image_path': 'output/P6/2025-08-30_02-16-11/image.png', 'image_with_layout_path': 'output/P6/2025-08-30_02-16-11/image_with_layout.png', 'timestamp_dir': 'output/P6/2025-08-30_02-16-11', 'session_id': '56ad08db-2913-4791-82ee-e1f328d5feca', 'user_id': 'P6'}"
02:16:12,object_detection_integrated,"{'objectsCount': 0, 'objects': [], 'session_id': '56ad08db-2913-4791-82ee-e1f328d5feca', 'user_id': 'P6'}"
02:16:22,instance.edit.started,"{'instance_id': 'instance-fe815f5c-6a1c-483b-8c53-35377a9fd759', 'instance_label': 'balloon', 'edit_type': 'text', 'session_id': '56ad08db-2913-4791-82ee-e1f328d5feca', 'user_id': 'P6'}"
02:16:30,api.generate_text_to_graph.started,"{'has_previous': 'red ballon with no strings stuck on a tree branch', 'text_length': 26, 'previous_objects_count': 3, 'session_id': '56ad08db-2913-4791-82ee-e1f328d5feca', 'user_id': 'P6'}"
02:16:30,instance.save,"{'instance_id': 'instance-fe815f5c-6a1c-483b-8c53-35377a9fd759', 'session_id': '56ad08db-2913-4791-82ee-e1f328d5feca', 'user_id': 'P6'}"
02:16:31,api.generate_text_to_graph.succeeded,"{'objects_count': 1, 'relationships_count': 0, 'root_object': 'object1', 'session_id': '56ad08db-2913-4791-82ee-e1f328d5feca', 'user_id': 'P6'}"
02:16:31,instance.updated,"{'instance_id': 'instance-fe815f5c-6a1c-483b-8c53-35377a9fd759', 'instance_label': 'balloon', 'text_changed': True, 'graph_changed': False, 'session_id': '56ad08db-2913-4791-82ee-e1f328d5feca', 'user_id': 'P6'}"
02:16:31,instance_selected,"{'instance_id': 'instance-fe815f5c-6a1c-483b-8c53-35377a9fd759', 'instance_label': 'balloon', 'is_from_class': False, 'class_id': None, 'session_id': '56ad08db-2913-4791-82ee-e1f328d5feca', 'user_id': 'P6'}"
02:16:32,layout_board.new_box_initiated,"{'board_type': 'advanced', 'timestamp': '2025-08-30T02:16:32.868Z', 'session_id': '56ad08db-2913-4791-82ee-e1f328d5feca', 'user_id': 'P6'}"
02:16:35,layout_board.new_box_positioned,"{'position': {'x': 379.078125, 'y': 88}, 'screen_position': {'x': 437, 'y': 131}, 'board_type': 'advanced', 'session_id': '56ad08db-2913-4791-82ee-e1f328d5feca', 'user_id': 'P6'}"
02:16:43,api.generate_text_to_graph.started,"{'has_previous': None, 'text_length': 23, 'previous_objects_count': 0, 'session_id': '56ad08db-2913-4791-82ee-e1f328d5feca', 'user_id': 'P6'}"
02:16:45,api.generate_text_to_graph.succeeded,"{'objects_count': 1, 'relationships_count': 0, 'root_object': 'object1', 'session_id': '56ad08db-2913-4791-82ee-e1f328d5feca', 'user_id': 'P6'}"
02:16:57,layout.node.moved,"{'nodeId': 'instance-24f60100-c36f-4265-8583-6361caeda322', 'newPos': {'x': 191.078125, 'y': 64}, 'session_id': '56ad08db-2913-4791-82ee-e1f328d5feca', 'user_id': 'P6'}"
02:17:04,instance_selected,"{'instance_id': 'instance-24f60100-c36f-4265-8583-6361caeda322', 'instance_label': 'tree', 'is_from_class': False, 'class_id': None, 'session_id': '56ad08db-2913-4791-82ee-e1f328d5feca', 'user_id': 'P6'}"
02:17:11,api.generate_image.started,"{'sentence_count': 6, 'box_count': 6, 'has_global_caption': True, 'has_required_keywords': False, 'session_id': '56ad08db-2913-4791-82ee-e1f328d5feca', 'user_id': 'P6'}"
02:17:36,prompt_saved,{'path': 'output/P6/2025-08-30_02-17-36/prompt.json'}
02:17:36,object_detection_integrated,"{'objectsCount': 0, 'objects': [], 'session_id': '56ad08db-2913-4791-82ee-e1f328d5feca', 'user_id': 'P6'}"
02:17:36,api.generate_image.succeeded,"{'global_caption': 'a scene featuring a cute rabbit wearing a torn blue jacket searching around a rabbit-looking balloon, a forest background, a cute rabbit wearing a torn green shirt searching around a rabbit-looking balloon, a cute rabbit wearing a torn yellow jacket searching around a rabbit-looking balloon, a red balloon with no strings, and a tree with many branches holding a balloon', 'region_count': 6, 'has_image': True, 'detected_objects_count': 0, 'image_path': 'output/P6/2025-08-30_02-17-36/image.png', 'image_with_layout_path': 'output/P6/2025-08-30_02-17-36/image_with_layout.png', 'timestamp_dir': 'output/P6/2025-08-30_02-17-36', 'session_id': '56ad08db-2913-4791-82ee-e1f328d5feca', 'user_id': 'P6'}"
02:17:49,api.generate_image.started,"{'sentence_count': 6, 'box_count': 6, 'has_global_caption': True, 'has_required_keywords': False, 'session_id': '56ad08db-2913-4791-82ee-e1f328d5feca', 'user_id': 'P6'}"
02:18:13,prompt_saved,{'path': 'output/P6/2025-08-30_02-18-13/prompt.json'}
02:18:14,api.generate_image.succeeded,"{'global_caption': 'a scene featuring a cute rabbit wearing a torn blue jacket searching around a rabbit-looking balloon, a forest background, a cute rabbit wearing a torn green shirt searching around a rabbit-looking balloon, a cute rabbit wearing a torn yellow jacket searching around a rabbit-looking balloon, a red balloon with no strings, and a tree with many branches holding a balloon', 'region_count': 6, 'has_image': True, 'detected_objects_count': 0, 'image_path': 'output/P6/2025-08-30_02-18-13/image.png', 'image_with_layout_path': 'output/P6/2025-08-30_02-18-13/image_with_layout.png', 'timestamp_dir': 'output/P6/2025-08-30_02-18-13', 'session_id': '56ad08db-2913-4791-82ee-e1f328d5feca', 'user_id': 'P6'}"
02:18:14,object_detection_integrated,"{'objectsCount': 0, 'objects': [], 'session_id': '56ad08db-2913-4791-82ee-e1f328d5feca', 'user_id': 'P6'}"
02:18:23,layout.node.moved,"{'nodeId': 'instance-40ac54ca-826f-4295-aa30-d4904188627c', 'newPos': {'x': 392, 'y': 58}, 'session_id': '56ad08db-2913-4791-82ee-e1f328d5feca', 'user_id': 'P6'}"
02:18:36,layout.node.moved,"{'nodeId': 'instance-c6522122-7b9a-4ae1-b126-8c995bcc088a', 'newPos': {'x': 41, 'y': 294}, 'session_id': '56ad08db-2913-4791-82ee-e1f328d5feca', 'user_id': 'P6'}"
02:18:43,api.generate_image.started,"{'sentence_count': 6, 'box_count': 6, 'has_global_caption': True, 'has_required_keywords': False, 'session_id': '56ad08db-2913-4791-82ee-e1f328d5feca', 'user_id': 'P6'}"
02:19:07,prompt_saved,{'path': 'output/P6/2025-08-30_02-19-07/prompt.json'}
02:19:07,object_detection_integrated,"{'objectsCount': 0, 'objects': [], 'session_id': '56ad08db-2913-4791-82ee-e1f328d5feca', 'user_id': 'P6'}"
02:19:07,api.generate_image.succeeded,"{'global_caption': 'a scene featuring a cute rabbit wearing a torn blue jacket searching around a rabbit-looking balloon, a forest background, a cute rabbit wearing a torn green shirt searching around a rabbit-looking balloon, a cute rabbit wearing a torn yellow jacket searching around a rabbit-looking balloon, a red balloon with no strings, and a tree with many branches holding a balloon.', 'region_count': 6, 'has_image': True, 'detected_objects_count': 0, 'image_path': 'output/P6/2025-08-30_02-19-07/image.png', 'image_with_layout_path': 'output/P6/2025-08-30_02-19-07/image_with_layout.png', 'timestamp_dir': 'output/P6/2025-08-30_02-19-07', 'session_id': '56ad08db-2913-4791-82ee-e1f328d5feca', 'user_id': 'P6'}"
02:19:20,scene_saved,"{'slotNumber': 5, 'instanceCount': 6, 'nodeCount': 12, 'edgeCount': 4, 'session_id': '56ad08db-2913-4791-82ee-e1f328d5feca', 'user_id': 'P6'}"
02:19:22,scene_saved,"{'slotNumber': 6, 'instanceCount': 6, 'nodeCount': 12, 'edgeCount': 4, 'session_id': '56ad08db-2913-4791-82ee-e1f328d5feca', 'user_id': 'P6'}"
02:19:26,layout.node.moved,"{'nodeId': 'instance-c6522122-7b9a-4ae1-b126-8c995bcc088a-resizable', 'newPos': {'x': 124, 'y': 12}, 'session_id': '56ad08db-2913-4791-82ee-e1f328d5feca', 'user_id': 'P6'}"
02:19:27,layout.node.moved,"{'nodeId': 'instance-24f60100-c36f-4265-8583-6361caeda322-resizable', 'newPos': {'x': 182.078125, 'y': 103}, 'session_id': '56ad08db-2913-4791-82ee-e1f328d5feca', 'user_id': 'P6'}"
02:19:29,layout.node.moved,"{'nodeId': 'instance-24f60100-c36f-4265-8583-6361caeda322-resizable', 'newPos': {'x': 162.078125, 'y': 84}, 'session_id': '56ad08db-2913-4791-82ee-e1f328d5feca', 'user_id': 'P6'}"
02:19:32,layout.node.moved,"{'nodeId': 'instance-24f60100-c36f-4265-8583-6361caeda322-resizable', 'newPos': {'x': 145.078125, 'y': 103}, 'session_id': '56ad08db-2913-4791-82ee-e1f328d5feca', 'user_id': 'P6'}"
02:19:33,instance_selected,"{'instance_id': 'instance-fe815f5c-6a1c-483b-8c53-35377a9fd759', 'instance_label': 'balloon', 'is_from_class': False, 'class_id': None, 'session_id': '56ad08db-2913-4791-82ee-e1f328d5feca', 'user_id': 'P6'}"
02:19:35,layout.node.moved,"{'nodeId': 'instance-fe815f5c-6a1c-483b-8c53-35377a9fd759', 'newPos': {'x': 173.078125, 'y': 363}, 'session_id': '56ad08db-2913-4791-82ee-e1f328d5feca', 'user_id': 'P6'}"
02:19:43,layout.node.moved,"{'nodeId': 'instance-24f60100-c36f-4265-8583-6361caeda322-resizable', 'newPos': {'x': 161.078125, 'y': 92}, 'session_id': '56ad08db-2913-4791-82ee-e1f328d5feca', 'user_id': 'P6'}"
02:19:44,layout.node.moved,"{'nodeId': 'instance-24f60100-c36f-4265-8583-6361caeda322-resizable', 'newPos': {'x': 178.078125, 'y': 92}, 'session_id': '56ad08db-2913-4791-82ee-e1f328d5feca', 'user_id': 'P6'}"
02:19:51,layout.node.moved,"{'nodeId': 'instance-c6522122-7b9a-4ae1-b126-8c995bcc088a-resizable', 'newPos': {'x': 66, 'y': 3}, 'session_id': '56ad08db-2913-4791-82ee-e1f328d5feca', 'user_id': 'P6'}"
02:19:53,layout.node.moved,"{'nodeId': 'instance-24f60100-c36f-4265-8583-6361caeda322', 'newPos': {'x': 0, 'y': 94}, 'session_id': '56ad08db-2913-4791-82ee-e1f328d5feca', 'user_id': 'P6'}"
02:19:55,layout.node.moved,"{'nodeId': 'instance-24f60100-c36f-4265-8583-6361caeda322-resizable', 'newPos': {'x': 14, 'y': 103}, 'session_id': '56ad08db-2913-4791-82ee-e1f328d5feca', 'user_id': 'P6'}"
02:19:59,relationship_node.deleted,"{'relationship_id': 'instance-24f60100-c36f-4265-8583-6361caeda322-instance-fe815f5c-6a1c-483b-8c53-35377a9fd759', 'source_object_id': 'instance-24f60100-c36f-4265-8583-6361caeda322', 'target_object_id': 'instance-fe815f5c-6a1c-483b-8c53-35377a9fd759', 'relation': 'holding', 'source_object_name': 'tree', 'target_object_name': 'balloon', 'session_id': '56ad08db-2913-4791-82ee-e1f328d5feca', 'user_id': 'P6'}"
02:20:01,instance_selected,"{'instance_id': 'instance-c6522122-7b9a-4ae1-b126-8c995bcc088a', 'instance_label': 'Rabbit', 'is_from_class': True, 'class_id': 'class-3e083cf5-7d2e-4c69-8d33-a2d77dc1551d', 'session_id': '56ad08db-2913-4791-82ee-e1f328d5feca', 'user_id': 'P6'}"
02:20:07,layout.node.moved,"{'nodeId': 'instance-c6522122-7b9a-4ae1-b126-8c995bcc088a-resizable', 'newPos': {'x': 165, 'y': 7}, 'session_id': '56ad08db-2913-4791-82ee-e1f328d5feca', 'user_id': 'P6'}"
02:20:10,instance_selected,"{'instance_id': 'instance-423df8d8-b63f-4339-a5b9-2707ec0bbe01', 'instance_label': 'rabbit', 'is_from_class': True, 'class_id': 'class-3e083cf5-7d2e-4c69-8d33-a2d77dc1551d', 'session_id': '56ad08db-2913-4791-82ee-e1f328d5feca', 'user_id': 'P6'}"
02:20:12,layout.node.moved,"{'nodeId': 'instance-fe815f5c-6a1c-483b-8c53-35377a9fd759', 'newPos': {'x': 148.078125, 'y': 401}, 'session_id': '56ad08db-2913-4791-82ee-e1f328d5feca', 'user_id': 'P6'}"
02:20:24,instance_selected,"{'instance_id': 'instance-423df8d8-b63f-4339-a5b9-2707ec0bbe01', 'instance_label': 'rabbit', 'is_from_class': True, 'class_id': 'class-3e083cf5-7d2e-4c69-8d33-a2d77dc1551d', 'session_id': '56ad08db-2913-4791-82ee-e1f328d5feca', 'user_id': 'P6'}"
02:20:45,instance_selected,"{'instance_id': 'instance-c6522122-7b9a-4ae1-b126-8c995bcc088a', 'instance_label': 'Rabbit', 'is_from_class': True, 'class_id': 'class-3e083cf5-7d2e-4c69-8d33-a2d77dc1551d', 'session_id': '56ad08db-2913-4791-82ee-e1f328d5feca', 'user_id': 'P6'}"
02:20:47,layout.node.moved,"{'nodeId': 'instance-c6522122-7b9a-4ae1-b126-8c995bcc088a', 'newPos': {'x': 55, 'y': 7}, 'session_id': '56ad08db-2913-4791-82ee-e1f328d5feca', 'user_id': 'P6'}"
02:20:51,layout.node.moved,"{'nodeId': 'instance-9b1b4658-6ed4-4e50-ba0c-9e5afbb15533-resizable', 'newPos': {'x': 381, 'y': 317}, 'session_id': '56ad08db-2913-4791-82ee-e1f328d5feca', 'user_id': 'P6'}"
02:21:06,api.generate_image.started,"{'sentence_count': 6, 'box_count': 6, 'has_global_caption': False, 'has_required_keywords': False, 'session_id': '56ad08db-2913-4791-82ee-e1f328d5feca', 'user_id': 'P6'}"
02:21:30,prompt_saved,{'path': 'output/P6/2025-08-30_02-21-30/prompt.json'}
02:21:31,api.generate_image.succeeded,"{'global_caption': 'a scene featuring a cute rabbit wearing a torn blue jacket searching around while holding a balloon, a forest background, a cute rabbit wearing a torn green shirt searching around looking for a balloon, a cute rabbit wearing a torn yellow jacket searching around looking for a balloon with a rabbit on a tree, a red balloon with no strings, and a tree with many branches.', 'region_count': 6, 'has_image': True, 'detected_objects_count': 0, 'image_path': 'output/P6/2025-08-30_02-21-30/image.png', 'image_with_layout_path': 'output/P6/2025-08-30_02-21-30/image_with_layout.png', 'timestamp_dir': 'output/P6/2025-08-30_02-21-30', 'session_id': '56ad08db-2913-4791-82ee-e1f328d5feca', 'user_id': 'P6'}"
02:21:31,object_detection_integrated,"{'objectsCount': 0, 'objects': [], 'session_id': '56ad08db-2913-4791-82ee-e1f328d5feca', 'user_id': 'P6'}"
02:21:45,instance_selected,"{'instance_id': 'instance-fe815f5c-6a1c-483b-8c53-35377a9fd759', 'instance_label': 'balloon', 'is_from_class': False, 'class_id': None, 'session_id': '56ad08db-2913-4791-82ee-e1f328d5feca', 'user_id': 'P6'}"
02:21:51,layout.node.moved,"{'nodeId': 'instance-40ac54ca-826f-4295-aa30-d4904188627c-resizable', 'newPos': {'x': 245, 'y': 0}, 'session_id': '56ad08db-2913-4791-82ee-e1f328d5feca', 'user_id': 'P6'}"
02:22:04,layout.node.moved,"{'nodeId': 'instance-c6522122-7b9a-4ae1-b126-8c995bcc088a', 'newPos': {'x': 49, 'y': 15}, 'session_id': '56ad08db-2913-4791-82ee-e1f328d5feca', 'user_id': 'P6'}"
02:22:06,relationship_node.deleted,"{'relationship_id': 'instance-c6522122-7b9a-4ae1-b126-8c995bcc088a-instance-fe815f5c-6a1c-483b-8c53-35377a9fd759', 'source_object_id': 'instance-c6522122-7b9a-4ae1-b126-8c995bcc088a', 'target_object_id': 'instance-fe815f5c-6a1c-483b-8c53-35377a9fd759', 'relation': 'looking', 'source_object_name': 'Rabbit', 'target_object_name': 'balloon', 'session_id': '56ad08db-2913-4791-82ee-e1f328d5feca', 'user_id': 'P6'}"
02:22:07,relationship_node.deleted,"{'relationship_id': 'instance-9b1b4658-6ed4-4e50-ba0c-9e5afbb15533-instance-fe815f5c-6a1c-483b-8c53-35377a9fd759', 'source_object_id': 'instance-9b1b4658-6ed4-4e50-ba0c-9e5afbb15533', 'target_object_id': 'instance-fe815f5c-6a1c-483b-8c53-35377a9fd759', 'relation': 'looking', 'source_object_name': 'Rabbit', 'target_object_name': 'balloon', 'session_id': '56ad08db-2913-4791-82ee-e1f328d5feca', 'user_id': 'P6'}"
02:22:09,instance_selected,"{'instance_id': 'instance-423df8d8-b63f-4339-a5b9-2707ec0bbe01', 'instance_label': 'rabbit', 'is_from_class': True, 'class_id': 'class-3e083cf5-7d2e-4c69-8d33-a2d77dc1551d', 'session_id': '56ad08db-2913-4791-82ee-e1f328d5feca', 'user_id': 'P6'}"
02:22:12,instance.edit.started,"{'instance_id': 'instance-423df8d8-b63f-4339-a5b9-2707ec0bbe01', 'instance_label': 'rabbit', 'edit_type': 'text', 'session_id': '56ad08db-2913-4791-82ee-e1f328d5feca', 'user_id': 'P6'}"
02:22:18,api.generate_text_to_graph.started,"{'has_previous': 'A cute rabbit wearing a torned blue jacket searcing around', 'text_length': 66, 'previous_objects_count': 2, 'session_id': '56ad08db-2913-4791-82ee-e1f328d5feca', 'user_id': 'P6'}"
02:22:18,instance.save,"{'instance_id': 'instance-423df8d8-b63f-4339-a5b9-2707ec0bbe01', 'session_id': '56ad08db-2913-4791-82ee-e1f328d5feca', 'user_id': 'P6'}"
02:22:20,instance.updated,"{'instance_id': 'instance-423df8d8-b63f-4339-a5b9-2707ec0bbe01', 'instance_label': 'rabbit', 'text_changed': True, 'graph_changed': False, 'session_id': '56ad08db-2913-4791-82ee-e1f328d5feca', 'user_id': 'P6'}"
02:22:20,api.generate_text_to_graph.succeeded,"{'objects_count': 2, 'relationships_count': 2, 'root_object': 'object1', 'session_id': '56ad08db-2913-4791-82ee-e1f328d5feca', 'user_id': 'P6'}"
02:22:20,instance_selected,"{'instance_id': 'instance-423df8d8-b63f-4339-a5b9-2707ec0bbe01', 'instance_label': 'rabbit', 'is_from_class': True, 'class_id': 'class-3e083cf5-7d2e-4c69-8d33-a2d77dc1551d', 'session_id': '56ad08db-2913-4791-82ee-e1f328d5feca', 'user_id': 'P6'}"
02:22:22,api.generate_image.started,"{'sentence_count': 6, 'box_count': 6, 'has_global_caption': True, 'has_required_keywords': False, 'session_id': '56ad08db-2913-4791-82ee-e1f328d5feca', 'user_id': 'P6'}"
02:22:46,prompt_saved,{'path': 'output/P6/2025-08-30_02-22-46/prompt.json'}
02:22:46,api.generate_image.succeeded,"{'global_caption': 'a scene featuring a cute smiling rabbit wearing a torn blue jacket searching around while holding a balloon, a forest background, a cute rabbit wearing a torn green shirt searching around, a cute rabbit wearing a torn yellow jacket searching around with a rabbit on a tree, a red balloon with no strings, and a tree with many branches.', 'region_count': 6, 'has_image': True, 'detected_objects_count': 0, 'image_path': 'output/P6/2025-08-30_02-22-46/image.png', 'image_with_layout_path': 'output/P6/2025-08-30_02-22-46/image_with_layout.png', 'timestamp_dir': 'output/P6/2025-08-30_02-22-46', 'session_id': '56ad08db-2913-4791-82ee-e1f328d5feca', 'user_id': 'P6'}"
02:22:46,object_detection_integrated,"{'objectsCount': 0, 'objects': [], 'session_id': '56ad08db-2913-4791-82ee-e1f328d5feca', 'user_id': 'P6'}"
02:22:55,layout.node.moved,"{'nodeId': 'instance-fe815f5c-6a1c-483b-8c53-35377a9fd759', 'newPos': {'x': 232.078125, 'y': 433}, 'session_id': '56ad08db-2913-4791-82ee-e1f328d5feca', 'user_id': 'P6'}"
02:22:58,layout.node.moved,"{'nodeId': 'instance-9b1b4658-6ed4-4e50-ba0c-9e5afbb15533', 'newPos': {'x': 362, 'y': 334}, 'session_id': '56ad08db-2913-4791-82ee-e1f328d5feca', 'user_id': 'P6'}"
02:23:05,instance_selected,"{'instance_id': 'instance-9b1b4658-6ed4-4e50-ba0c-9e5afbb15533', 'instance_label': 'Rabbit', 'is_from_class': True, 'class_id': 'class-3e083cf5-7d2e-4c69-8d33-a2d77dc1551d', 'session_id': '56ad08db-2913-4791-82ee-e1f328d5feca', 'user_id': 'P6'}"
02:23:06,instance.edit.started,"{'instance_id': 'instance-9b1b4658-6ed4-4e50-ba0c-9e5afbb15533', 'instance_label': 'Rabbit', 'edit_type': 'text', 'session_id': '56ad08db-2913-4791-82ee-e1f328d5feca', 'user_id': 'P6'}"
02:23:14,instance.save,"{'instance_id': 'instance-9b1b4658-6ed4-4e50-ba0c-9e5afbb15533', 'session_id': '56ad08db-2913-4791-82ee-e1f328d5feca', 'user_id': 'P6'}"
02:23:14,api.generate_text_to_graph.started,"{'has_previous': 'A cute rabbit wearing a torn green shirt is searching around.', 'text_length': 40, 'previous_objects_count': 2, 'session_id': '56ad08db-2913-4791-82ee-e1f328d5feca', 'user_id': 'P6'}"
02:23:17,api.generate_text_to_graph.succeeded,"{'objects_count': 2, 'relationships_count': 1, 'root_object': 'object1', 'session_id': '56ad08db-2913-4791-82ee-e1f328d5feca', 'user_id': 'P6'}"
02:23:17,instance.updated,"{'instance_id': 'instance-9b1b4658-6ed4-4e50-ba0c-9e5afbb15533', 'instance_label': 'rabbit', 'text_changed': True, 'graph_changed': False, 'session_id': '56ad08db-2913-4791-82ee-e1f328d5feca', 'user_id': 'P6'}"
02:23:17,instance_selected,"{'instance_id': 'instance-9b1b4658-6ed4-4e50-ba0c-9e5afbb15533', 'instance_label': 'rabbit', 'is_from_class': True, 'class_id': 'class-3e083cf5-7d2e-4c69-8d33-a2d77dc1551d', 'session_id': '56ad08db-2913-4791-82ee-e1f328d5feca', 'user_id': 'P6'}"
02:23:18,instance_selected,"{'instance_id': 'instance-c6522122-7b9a-4ae1-b126-8c995bcc088a', 'instance_label': 'Rabbit', 'is_from_class': True, 'class_id': 'class-3e083cf5-7d2e-4c69-8d33-a2d77dc1551d', 'session_id': '56ad08db-2913-4791-82ee-e1f328d5feca', 'user_id': 'P6'}"
02:23:18,instance.edit.started,"{'instance_id': 'instance-c6522122-7b9a-4ae1-b126-8c995bcc088a', 'instance_label': 'Rabbit', 'edit_type': 'text', 'session_id': '56ad08db-2913-4791-82ee-e1f328d5feca', 'user_id': 'P6'}"
02:23:24,instance.save,"{'instance_id': 'instance-c6522122-7b9a-4ae1-b126-8c995bcc088a', 'session_id': '56ad08db-2913-4791-82ee-e1f328d5feca', 'user_id': 'P6'}"
02:23:24,api.generate_text_to_graph.started,"{'has_previous': 'A cute rabbit wearing a torn yellow jacket is searching around.', 'text_length': 42, 'previous_objects_count': 2, 'session_id': '56ad08db-2913-4791-82ee-e1f328d5feca', 'user_id': 'P6'}"
02:23:26,api.generate_text_to_graph.succeeded,"{'objects_count': 2, 'relationships_count': 1, 'root_object': 'object1', 'session_id': '56ad08db-2913-4791-82ee-e1f328d5feca', 'user_id': 'P6'}"
02:23:26,instance_selected,"{'instance_id': 'instance-c6522122-7b9a-4ae1-b126-8c995bcc088a', 'instance_label': 'rabbit', 'is_from_class': True, 'class_id': 'class-3e083cf5-7d2e-4c69-8d33-a2d77dc1551d', 'session_id': '56ad08db-2913-4791-82ee-e1f328d5feca', 'user_id': 'P6'}"
02:23:26,instance.updated,"{'instance_id': 'instance-c6522122-7b9a-4ae1-b126-8c995bcc088a', 'instance_label': 'rabbit', 'text_changed': True, 'graph_changed': False, 'session_id': '56ad08db-2913-4791-82ee-e1f328d5feca', 'user_id': 'P6'}"
02:23:33,instance.edit.started,"{'instance_id': 'instance-24f60100-c36f-4265-8583-6361caeda322', 'instance_label': 'tree', 'edit_type': 'text', 'session_id': '56ad08db-2913-4791-82ee-e1f328d5feca', 'user_id': 'P6'}"
02:23:37,instance_selected,"{'instance_id': 'instance-423df8d8-b63f-4339-a5b9-2707ec0bbe01', 'instance_label': 'rabbit', 'is_from_class': True, 'class_id': 'class-3e083cf5-7d2e-4c69-8d33-a2d77dc1551d', 'session_id': '56ad08db-2913-4791-82ee-e1f328d5feca', 'user_id': 'P6'}"
02:23:38,instance.edit.started,"{'instance_id': 'instance-423df8d8-b63f-4339-a5b9-2707ec0bbe01', 'instance_label': 'rabbit', 'edit_type': 'text', 'session_id': '56ad08db-2913-4791-82ee-e1f328d5feca', 'user_id': 'P6'}"
02:23:46,instance.save,"{'instance_id': 'instance-423df8d8-b63f-4339-a5b9-2707ec0bbe01', 'session_id': '56ad08db-2913-4791-82ee-e1f328d5feca', 'user_id': 'P6'}"
02:23:46,api.generate_text_to_graph.started,"{'has_previous': 'A cute smiling rabbit wearing a torned blue jacket searcing around', 'text_length': 50, 'previous_objects_count': 2, 'session_id': '56ad08db-2913-4791-82ee-e1f328d5feca', 'user_id': 'P6'}"
02:23:49,instance.updated,"{'instance_id': 'instance-423df8d8-b63f-4339-a5b9-2707ec0bbe01', 'instance_label': 'rabbit', 'text_changed': True, 'graph_changed': False, 'session_id': '56ad08db-2913-4791-82ee-e1f328d5feca', 'user_id': 'P6'}"
02:23:49,api.generate_text_to_graph.succeeded,"{'objects_count': 2, 'relationships_count': 1, 'root_object': 'object1', 'session_id': '56ad08db-2913-4791-82ee-e1f328d5feca', 'user_id': 'P6'}"
02:23:49,instance_selected,"{'instance_id': 'instance-423df8d8-b63f-4339-a5b9-2707ec0bbe01', 'instance_label': 'rabbit', 'is_from_class': True, 'class_id': 'class-3e083cf5-7d2e-4c69-8d33-a2d77dc1551d', 'session_id': '56ad08db-2913-4791-82ee-e1f328d5feca', 'user_id': 'P6'}"
02:24:01,instance.edit.started,"{'instance_id': 'instance-c6522122-7b9a-4ae1-b126-8c995bcc088a', 'instance_label': 'rabbit', 'edit_type': 'text', 'session_id': '56ad08db-2913-4791-82ee-e1f328d5feca', 'user_id': 'P6'}"
02:24:08,api.generate_text_to_graph.started,"{'has_previous': 'A cute rabbit wearing a torn yellow jacket', 'text_length': 57, 'previous_objects_count': 2, 'session_id': '56ad08db-2913-4791-82ee-e1f328d5feca', 'user_id': 'P6'}"
02:24:08,instance.save,"{'instance_id': 'instance-c6522122-7b9a-4ae1-b126-8c995bcc088a', 'session_id': '56ad08db-2913-4791-82ee-e1f328d5feca', 'user_id': 'P6'}"
02:24:11,instance.edit.started,"{'instance_id': 'instance-9b1b4658-6ed4-4e50-ba0c-9e5afbb15533', 'instance_label': 'rabbit', 'edit_type': 'text', 'session_id': '56ad08db-2913-4791-82ee-e1f328d5feca', 'user_id': 'P6'}"
02:24:11,instance.updated,"{'instance_id': 'instance-c6522122-7b9a-4ae1-b126-8c995bcc088a', 'instance_label': 'rabbit', 'text_changed': True, 'graph_changed': False, 'session_id': '56ad08db-2913-4791-82ee-e1f328d5feca', 'user_id': 'P6'}"
02:24:11,api.generate_text_to_graph.succeeded,"{'objects_count': 3, 'relationships_count': 2, 'root_object': 'object1', 'session_id': '56ad08db-2913-4791-82ee-e1f328d5feca', 'user_id': 'P6'}"
02:24:11,instance_selected,"{'instance_id': 'instance-423df8d8-b63f-4339-a5b9-2707ec0bbe01', 'instance_label': 'rabbit', 'is_from_class': True, 'class_id': 'class-3e083cf5-7d2e-4c69-8d33-a2d77dc1551d', 'session_id': '56ad08db-2913-4791-82ee-e1f328d5feca', 'user_id': 'P6'}"
02:24:21,instance.save,"{'instance_id': 'instance-9b1b4658-6ed4-4e50-ba0c-9e5afbb15533', 'session_id': '56ad08db-2913-4791-82ee-e1f328d5feca', 'user_id': 'P6'}"
02:24:21,api.generate_text_to_graph.started,"{'has_previous': 'A cute rabbit wearing a torn green shirt', 'text_length': 56, 'previous_objects_count': 2, 'session_id': '56ad08db-2913-4791-82ee-e1f328d5feca', 'user_id': 'P6'}"
02:24:24,instance.updated,"{'instance_id': 'instance-9b1b4658-6ed4-4e50-ba0c-9e5afbb15533', 'instance_label': 'rabbit', 'text_changed': True, 'graph_changed': False, 'session_id': '56ad08db-2913-4791-82ee-e1f328d5feca', 'user_id': 'P6'}"
02:24:24,api.generate_text_to_graph.succeeded,"{'objects_count': 3, 'relationships_count': 2, 'root_object': 'object1', 'session_id': '56ad08db-2913-4791-82ee-e1f328d5feca', 'user_id': 'P6'}"
02:24:26,api.generate_image.started,"{'sentence_count': 6, 'box_count': 6, 'has_global_caption': True, 'has_required_keywords': False, 'session_id': '56ad08db-2913-4791-82ee-e1f328d5feca', 'user_id': 'P6'}"
02:24:49,prompt_saved,{'path': 'output/P6/2025-08-30_02-24-49/prompt.json'}
02:24:50,object_detection_integrated,"{'objectsCount': 0, 'objects': [], 'session_id': '56ad08db-2913-4791-82ee-e1f328d5feca', 'user_id': 'P6'}"
02:24:50,api.generate_image.succeeded,"{'global_caption': 'a scene featuring a cute smiling rabbit wearing a torn blue jacket holding a balloon, a forest background, a cute rabbit wearing a torn green shirt holding nothing, a cute rabbit wearing a torn yellow jacket holding nothing with a rabbit on a tree, a red balloon with no strings, and a tree with many branches.', 'region_count': 6, 'has_image': True, 'detected_objects_count': 0, 'image_path': 'output/P6/2025-08-30_02-24-49/image.png', 'image_with_layout_path': 'output/P6/2025-08-30_02-24-49/image_with_layout.png', 'timestamp_dir': 'output/P6/2025-08-30_02-24-49', 'session_id': '56ad08db-2913-4791-82ee-e1f328d5feca', 'user_id': 'P6'}"
02:25:01,instance_selected,"{'instance_id': 'instance-9b1b4658-6ed4-4e50-ba0c-9e5afbb15533', 'instance_label': 'rabbit', 'is_from_class': True, 'class_id': 'class-3e083cf5-7d2e-4c69-8d33-a2d77dc1551d', 'session_id': '56ad08db-2913-4791-82ee-e1f328d5feca', 'user_id': 'P6'}"
02:25:25,api.generate_image.started,"{'sentence_count': 6, 'box_count': 6, 'has_global_caption': True, 'has_required_keywords': False, 'session_id': '56ad08db-2913-4791-82ee-e1f328d5feca', 'user_id': 'P6'}"
02:25:49,prompt_saved,{'path': 'output/P6/2025-08-30_02-25-49/prompt.json'}
02:25:50,api.generate_image.succeeded,"{'global_caption': 'a scene featuring a cute smiling rabbit wearing a torn blue jacket holding a balloon, a forest background, a cute rabbit wearing a torn green shirt holding nothing, a cute rabbit wearing a torn yellow jacket holding nothing with a rabbit on a tree, a red balloon with no strings, and a tree with many branches.', 'region_count': 6, 'has_image': True, 'detected_objects_count': 0, 'image_path': 'output/P6/2025-08-30_02-25-49/image.png', 'image_with_layout_path': 'output/P6/2025-08-30_02-25-49/image_with_layout.png', 'timestamp_dir': 'output/P6/2025-08-30_02-25-49', 'session_id': '56ad08db-2913-4791-82ee-e1f328d5feca', 'user_id': 'P6'}"
02:25:50,object_detection_integrated,"{'objectsCount': 0, 'objects': [], 'session_id': '56ad08db-2913-4791-82ee-e1f328d5feca', 'user_id': 'P6'}"
02:25:58,scene_saved,"{'slotNumber': 6, 'instanceCount': 6, 'nodeCount': 12, 'edgeCount': 2, 'session_id': '56ad08db-2913-4791-82ee-e1f328d5feca', 'user_id': 'P6'}"
02:25:59,scene_saved,"{'slotNumber': 5, 'instanceCount': 6, 'nodeCount': 12, 'edgeCount': 2, 'session_id': '56ad08db-2913-4791-82ee-e1f328d5feca', 'user_id': 'P6'}"
02:25:59,scene_saved,"{'slotNumber': 6, 'instanceCount': 6, 'nodeCount': 12, 'edgeCount': 2, 'session_id': '56ad08db-2913-4791-82ee-e1f328d5feca', 'user_id': 'P6'}"
02:26:02,scene_loaded,"{'slotNumber': 5, 'instanceCount': 6, 'nodeCount': 12, 'edgeCount': 2, 'session_id': '56ad08db-2913-4791-82ee-e1f328d5feca', 'user_id': 'P6'}"
02:26:03,scene_loaded,"{'slotNumber': 4, 'instanceCount': 4, 'nodeCount': 8, 'edgeCount': 0, 'session_id': '56ad08db-2913-4791-82ee-e1f328d5feca', 'user_id': 'P6'}"
02:26:05,scene_loaded,"{'slotNumber': 5, 'instanceCount': 6, 'nodeCount': 12, 'edgeCount': 2, 'session_id': '56ad08db-2913-4791-82ee-e1f328d5feca', 'user_id': 'P6'}"
02:26:06,scene_loaded,"{'slotNumber': 3, 'instanceCount': 2, 'nodeCount': 4, 'edgeCount': 0, 'session_id': '56ad08db-2913-4791-82ee-e1f328d5feca', 'user_id': 'P6'}"
02:26:08,scene_loaded,"{'slotNumber': 4, 'instanceCount': 4, 'nodeCount': 8, 'edgeCount': 0, 'session_id': '56ad08db-2913-4791-82ee-e1f328d5feca', 'user_id': 'P6'}"
02:26:09,scene_loaded,"{'slotNumber': 6, 'instanceCount': 6, 'nodeCount': 12, 'edgeCount': 2, 'session_id': '56ad08db-2913-4791-82ee-e1f328d5feca', 'user_id': 'P6'}"
02:26:17,scene_loaded,"{'slotNumber': 1, 'instanceCount': 6, 'nodeCount': 12, 'edgeCount': 0, 'session_id': '56ad08db-2913-4791-82ee-e1f328d5feca', 'user_id': 'P6'}"
02:26:17,scene_loaded,"{'slotNumber': 2, 'instanceCount': 3, 'nodeCount': 6, 'edgeCount': 1, 'session_id': '56ad08db-2913-4791-82ee-e1f328d5feca', 'user_id': 'P6'}"
02:26:18,scene_loaded,"{'slotNumber': 3, 'instanceCount': 2, 'nodeCount': 4, 'edgeCount': 0, 'session_id': '56ad08db-2913-4791-82ee-e1f328d5feca', 'user_id': 'P6'}"
02:26:21,scene_loaded,"{'slotNumber': 4, 'instanceCount': 4, 'nodeCount': 8, 'edgeCount': 0, 'session_id': '56ad08db-2913-4791-82ee-e1f328d5feca', 'user_id': 'P6'}"
02:26:21,scene_loaded,"{'slotNumber': 5, 'instanceCount': 6, 'nodeCount': 12, 'edgeCount': 2, 'session_id': '56ad08db-2913-4791-82ee-e1f328d5feca', 'user_id': 'P6'}"
02:26:22,scene_loaded,"{'slotNumber': 6, 'instanceCount': 6, 'nodeCount': 12, 'edgeCount': 2, 'session_id': '56ad08db-2913-4791-82ee-e1f328d5feca', 'user_id': 'P6'}"
02:26:26,instance_selected,"{'instance_id': 'instance-24f60100-c36f-4265-8583-6361caeda322', 'instance_label': 'tree', 'is_from_class': False, 'class_id': None, 'session_id': '56ad08db-2913-4791-82ee-e1f328d5feca', 'user_id': 'P6'}"
02:26:30,instance.deleted,"{'instance_id': 'instance-24f60100-c36f-4265-8583-6361caeda322', 'instance_label': 'tree', 'is_from_class': False, 'class_id': None, 'session_id': '56ad08db-2913-4791-82ee-e1f328d5feca', 'user_id': 'P6'}"
02:26:33,layout.node.moved,"{'nodeId': 'instance-c6522122-7b9a-4ae1-b126-8c995bcc088a', 'newPos': {'x': 41, 'y': 272}, 'session_id': '56ad08db-2913-4791-82ee-e1f328d5feca', 'user_id': 'P6'}"
02:26:35,layout.node.moved,"{'nodeId': 'instance-fe815f5c-6a1c-483b-8c53-35377a9fd759', 'newPos': {'x': 278.078125, 'y': 164}, 'session_id': '56ad08db-2913-4791-82ee-e1f328d5feca', 'user_id': 'P6'}"
02:26:38,instance_selected,"{'instance_id': 'instance-423df8d8-b63f-4339-a5b9-2707ec0bbe01', 'instance_label': 'rabbit', 'is_from_class': True, 'class_id': 'class-3e083cf5-7d2e-4c69-8d33-a2d77dc1551d', 'session_id': '56ad08db-2913-4791-82ee-e1f328d5feca', 'user_id': 'P6'}"
02:26:42,layout.node.moved,"{'nodeId': 'instance-9b1b4658-6ed4-4e50-ba0c-9e5afbb15533', 'newPos': {'x': 365, 'y': 277}, 'session_id': '56ad08db-2913-4791-82ee-e1f328d5feca', 'user_id': 'P6'}"
02:26:44,layout.node.moved,"{'nodeId': 'instance-fe815f5c-6a1c-483b-8c53-35377a9fd759', 'newPos': {'x': 168.078125, 'y': 17}, 'session_id': '56ad08db-2913-4791-82ee-e1f328d5feca', 'user_id': 'P6'}"
02:26:47,layout.node.moved,"{'nodeId': 'instance-c6522122-7b9a-4ae1-b126-8c995bcc088a', 'newPos': {'x': 4, 'y': 267}, 'session_id': '56ad08db-2913-4791-82ee-e1f328d5feca', 'user_id': 'P6'}"
02:26:57,instance.deleted,"{'instance_id': 'instance-40ac54ca-826f-4295-aa30-d4904188627c', 'instance_label': 'forest', 'is_from_class': False, 'class_id': None, 'session_id': '56ad08db-2913-4791-82ee-e1f328d5feca', 'user_id': 'P6'}"
02:27:02,layout.node.moved,"{'nodeId': 'instance-9b1b4658-6ed4-4e50-ba0c-9e5afbb15533', 'newPos': {'x': 147, 'y': 276}, 'session_id': '56ad08db-2913-4791-82ee-e1f328d5feca', 'user_id': 'P6'}"
02:27:04,instance_selected,"{'instance_id': 'instance-423df8d8-b63f-4339-a5b9-2707ec0bbe01', 'instance_label': 'rabbit', 'is_from_class': True, 'class_id': 'class-3e083cf5-7d2e-4c69-8d33-a2d77dc1551d', 'session_id': '56ad08db-2913-4791-82ee-e1f328d5feca', 'user_id': 'P6'}"
02:27:20,instance_selected,"{'instance_id': 'instance-fe815f5c-6a1c-483b-8c53-35377a9fd759', 'instance_label': 'balloon', 'is_from_class': False, 'class_id': None, 'session_id': '56ad08db-2913-4791-82ee-e1f328d5feca', 'user_id': 'P6'}"
02:27:22,instance_selected,"{'instance_id': 'instance-c6522122-7b9a-4ae1-b126-8c995bcc088a', 'instance_label': 'rabbit', 'is_from_class': True, 'class_id': 'class-3e083cf5-7d2e-4c69-8d33-a2d77dc1551d', 'session_id': '56ad08db-2913-4791-82ee-e1f328d5feca', 'user_id': 'P6'}"
02:27:23,instance_selected,"{'instance_id': 'instance-9b1b4658-6ed4-4e50-ba0c-9e5afbb15533', 'instance_label': 'rabbit', 'is_from_class': True, 'class_id': 'class-3e083cf5-7d2e-4c69-8d33-a2d77dc1551d', 'session_id': '56ad08db-2913-4791-82ee-e1f328d5feca', 'user_id': 'P6'}"
02:27:27,instance.edit.started,"{'instance_id': 'instance-423df8d8-b63f-4339-a5b9-2707ec0bbe01', 'instance_label': 'rabbit', 'edit_type': 'text', 'session_id': '56ad08db-2913-4791-82ee-e1f328d5feca', 'user_id': 'P6'}"
02:27:33,instance.deleted,"{'instance_id': 'instance-423df8d8-b63f-4339-a5b9-2707ec0bbe01', 'instance_label': 'rabbit', 'is_from_class': True, 'class_id': 'class-3e083cf5-7d2e-4c69-8d33-a2d77dc1551d', 'session_id': '56ad08db-2913-4791-82ee-e1f328d5feca', 'user_id': 'P6'}"
02:27:33,instance_selected,"{'instance_id': 'instance-9b1b4658-6ed4-4e50-ba0c-9e5afbb15533', 'instance_label': 'rabbit', 'is_from_class': True, 'class_id': 'class-3e083cf5-7d2e-4c69-8d33-a2d77dc1551d', 'session_id': '56ad08db-2913-4791-82ee-e1f328d5feca', 'user_id': 'P6'}"
02:27:36,layout_board.new_box_initiated,"{'board_type': 'advanced', 'timestamp': '2025-08-30T02:27:36.014Z', 'session_id': '56ad08db-2913-4791-82ee-e1f328d5feca', 'user_id': 'P6'}"
02:27:37,layout_board.new_box_positioned,"{'position': {'x': 387.078125, 'y': 292}, 'screen_position': {'x': 445, 'y': 335}, 'board_type': 'advanced', 'session_id': '56ad08db-2913-4791-82ee-e1f328d5feca', 'user_id': 'P6'}"
02:27:40,api.generate_text_to_graph.started,"{'has_previous': None, 'text_length': 50, 'previous_objects_count': 0, 'session_id': '56ad08db-2913-4791-82ee-e1f328d5feca', 'user_id': 'P6'}"
02:27:43,api.generate_text_to_graph.succeeded,"{'objects_count': 2, 'relationships_count': 1, 'root_object': 'object1', 'session_id': '56ad08db-2913-4791-82ee-e1f328d5feca', 'user_id': 'P6'}"
02:27:44,layout.node.moved,"{'nodeId': 'instance-9b1b4658-6ed4-4e50-ba0c-9e5afbb15533', 'newPos': {'x': 336, 'y': 325}, 'session_id': '56ad08db-2913-4791-82ee-e1f328d5feca', 'user_id': 'P6'}"
02:27:45,layout.node.moved,"{'nodeId': 'instance-e177948a-62a3-44e6-9788-32ffa499c0f0', 'newPos': {'x': 179.078125, 'y': 291}, 'session_id': '56ad08db-2913-4791-82ee-e1f328d5feca', 'user_id': 'P6'}"
02:27:48,layout.node.moved,"{'nodeId': 'instance-9b1b4658-6ed4-4e50-ba0c-9e5afbb15533', 'newPos': {'x': 334, 'y': 280}, 'session_id': '56ad08db-2913-4791-82ee-e1f328d5feca', 'user_id': 'P6'}"
02:27:49,layout.node.moved,"{'nodeId': 'instance-9b1b4658-6ed4-4e50-ba0c-9e5afbb15533', 'newPos': {'x': 336, 'y': 280}, 'session_id': '56ad08db-2913-4791-82ee-e1f328d5feca', 'user_id': 'P6'}"
02:28:09,api.generate_image.started,"{'sentence_count': 4, 'box_count': 4, 'has_global_caption': False, 'has_required_keywords': False, 'session_id': '56ad08db-2913-4791-82ee-e1f328d5feca', 'user_id': 'P6'}"
02:28:33,prompt_saved,{'path': 'output/P6/2025-08-30_02-28-33/prompt.json'}
02:28:34,object_detection_integrated,"{'objectsCount': 0, 'objects': [], 'session_id': '56ad08db-2913-4791-82ee-e1f328d5feca', 'user_id': 'P6'}"
02:28:34,api.generate_image.succeeded,"{'global_caption': 'a scene featuring a cute rabbit wearing a torn green shirt holding nothing, a cute rabbit wearing a torn yellow jacket holding nothing on an unknown rabbit with rabbit holding hands with another rabbit, a red balloon with no strings, and a cute smiling rabbit wearing a torn blue jacket, rabbit holding hands with another rabbit.', 'region_count': 4, 'has_image': True, 'detected_objects_count': 0, 'image_path': 'output/P6/2025-08-30_02-28-33/image.png', 'image_with_layout_path': 'output/P6/2025-08-30_02-28-33/image_with_layout.png', 'timestamp_dir': 'output/P6/2025-08-30_02-28-33', 'session_id': '56ad08db-2913-4791-82ee-e1f328d5feca', 'user_id': 'P6'}"
02:28:41,layout.node.moved,"{'nodeId': 'instance-c6522122-7b9a-4ae1-b126-8c995bcc088a-resizable', 'newPos': {'x': 32, 'y': 287}, 'session_id': '56ad08db-2913-4791-82ee-e1f328d5feca', 'user_id': 'P6'}"
02:28:44,layout.node.moved,"{'nodeId': 'instance-9b1b4658-6ed4-4e50-ba0c-9e5afbb15533-resizable', 'newPos': {'x': 320, 'y': 305}, 'session_id': '56ad08db-2913-4791-82ee-e1f328d5feca', 'user_id': 'P6'}"
02:28:46,layout.node.moved,"{'nodeId': 'instance-e177948a-62a3-44e6-9788-32ffa499c0f0-resizable', 'newPos': {'x': 172.078125, 'y': 272}, 'session_id': '56ad08db-2913-4791-82ee-e1f328d5feca', 'user_id': 'P6'}"
02:28:48,layout.node.moved,"{'nodeId': 'instance-c6522122-7b9a-4ae1-b126-8c995bcc088a-resizable', 'newPos': {'x': 75, 'y': 280}, 'session_id': '56ad08db-2913-4791-82ee-e1f328d5feca', 'user_id': 'P6'}"
02:28:49,layout.node.moved,"{'nodeId': 'instance-9b1b4658-6ed4-4e50-ba0c-9e5afbb15533-resizable', 'newPos': {'x': 302, 'y': 305}, 'session_id': '56ad08db-2913-4791-82ee-e1f328d5feca', 'user_id': 'P6'}"
02:28:52,api.generate_image.started,"{'sentence_count': 4, 'box_count': 4, 'has_global_caption': True, 'has_required_keywords': False, 'session_id': '56ad08db-2913-4791-82ee-e1f328d5feca', 'user_id': 'P6'}"
02:29:17,prompt_saved,{'path': 'output/P6/2025-08-30_02-29-17/prompt.json'}
02:29:17,object_detection_integrated,"{'objectsCount': 0, 'objects': [], 'session_id': '56ad08db-2913-4791-82ee-e1f328d5feca', 'user_id': 'P6'}"
02:29:17,api.generate_image.succeeded,"{'global_caption': 'a scene featuring a cute rabbit wearing a torn green shirt holding nothing, a cute rabbit wearing a torn yellow jacket holding nothing on an unknown rabbit with a rabbit holding hands with another rabbit, a red balloon with no strings, and a cute smiling rabbit wearing a torn blue jacket holding hands with another rabbit.', 'region_count': 4, 'has_image': True, 'detected_objects_count': 0, 'image_path': 'output/P6/2025-08-30_02-29-17/image.png', 'image_with_layout_path': 'output/P6/2025-08-30_02-29-17/image_with_layout.png', 'timestamp_dir': 'output/P6/2025-08-30_02-29-17', 'session_id': '56ad08db-2913-4791-82ee-e1f328d5feca', 'user_id': 'P6'}"
02:29:30,system_completed,"{'system': 'system2', 'completion_time': '2025-08-30T02:29:30.213Z', 'session_id': '56ad08db-2913-4791-82ee-e1f328d5feca', 'user_id': 'P6'}"
02:31:13,system_survey_completed,"{'system_type': 'system2', 'language': 'ko', 'responses': {'mental_demand': 2, 'temporal_demand': 2, 'performance': 3, 'effort': 5, 'frustration': 5, 'exploration': 3, 'engagement': 6, 'effort_reward': 5, 'transparency': 3, 'expressiveness': 3, 'dg1_clarity': 3, 'dg2_prompt_to_image': 3, 'dg2_image_to_prompt': 5, 'dg3_reusability': 5, 'dg3_selective_edit': 3}, 'additional_feedback': '', 'completion_time': '2025-08-30T02:31:13.429Z', 'system_usage_duration': 2277695, 'session_id': '56ad08db-2913-4791-82ee-e1f328d5feca', 'user_id': 'P6'}"
