Unnamed: 0,timestamp,id,event,details,id_group
0,2000-01-01 11:43:05,,instance.created_from_text,"{'position': {'x': 65.84375, 'y': 288}, 'screen_position': {'x': 127, 'y': 331}, 'board_type': 'advanced', 'session_id': 'f3a98b52-1140-468d-8d62-b41701528433', 'user_id': 'P1'}",1
1,2000-01-01 11:44:44,instance-7a1ebca4-f303-4497-87ae-c01929e70770,instance.updated.text,"{'instance_id': 'instance-7a1ebca4-f303-4497-87ae-c01929e70770', 'instance_label': 'grandpa', 'text_changed': True, 'graph_changed': False, 'session_id': 'f3a98b52-1140-468d-8d62-b41701528433', 'user_id': 'P1'}",1
2,2000-01-01 11:45:10,instance-7a1ebca4-f303-4497-87ae-c01929e70770,instance.updated.text,"{'instance_id': 'instance-7a1ebca4-f303-4497-87ae-c01929e70770', 'instance_label': 'grandpa', 'text_changed': True, 'graph_changed': False, 'session_id': 'f3a98b52-1140-468d-8d62-b41701528433', 'user_id': 'P1'}",1
3,2000-01-01 11:45:23,instance-7a1ebca4-f303-4497-87ae-c01929e70770-resizable,layoutboard.node.resizable.resized,"{'nodeId': 'instance-7a1ebca4-f303-4497-87ae-c01929e70770-resizable', 'prevSize': {'width': 50, 'height': 50}, 'newSize': {'width': 68, 'height': 228}, 'delta': {'width': 18, 'height': 178}, 'linkedSizeNodeIds': [], 'session_id': 'f3a98b52-1140-468d-8d62-b41701528433', 'user_id': 'P1'}",1
4,2000-01-01 11:45:25,instance-7a1ebca4-f303-4497-87ae-c01929e70770-resizable,layout.node.moved,"{'nodeId': 'instance-7a1ebca4-f303-4497-87ae-c01929e70770-resizable', 'newPos': {'x': 0, 'y': 284}, 'session_id': 'f3a98b52-1140-468d-8d62-b41701528433', 'user_id': 'P1'}",1
5,2000-01-01 11:45:33,instance-7a1ebca4-f303-4497-87ae-c01929e70770-resizable,layoutboard.node.resizable.resized,"{'nodeId': 'instance-7a1ebca4-f303-4497-87ae-c01929e70770-resizable', 'prevSize': {'width': 50, 'height': 50}, 'newSize': {'width': 85, 'height': 195}, 'delta': {'width': 35, 'height': 145}, 'linkedSizeNodeIds': [], 'session_id': 'f3a98b52-1140-468d-8d62-b41701528433', 'user_id': 'P1'}",1
6,2000-01-01 11:45:34,instance-7a1ebca4-f303-4497-87ae-c01929e70770-resizable,layout.node.moved,"{'nodeId': 'instance-7a1ebca4-f303-4497-87ae-c01929e70770-resizable', 'newPos': {'x': 0, 'y': 270}, 'session_id': 'f3a98b52-1140-468d-8d62-b41701528433', 'user_id': 'P1'}",1
7,2000-01-01 11:45:37,instance-7a1ebca4-f303-4497-87ae-c01929e70770-resizable,layoutboard.node.resizable.resized,"{'nodeId': 'instance-7a1ebca4-f303-4497-87ae-c01929e70770-resizable', 'prevSize': {'width': 50, 'height': 50}, 'newSize': {'width': 102, 'height': 211}, 'delta': {'width': 52, 'height': 161}, 'linkedSizeNodeIds': [], 'session_id': 'f3a98b52-1140-468d-8d62-b41701528433', 'user_id': 'P1'}",1
8,2000-01-01 11:45:39,instance-7a1ebca4-f303-4497-87ae-c01929e70770-resizable,layoutboard.node.resizable.resized,"{'nodeId': 'instance-7a1ebca4-f303-4497-87ae-c01929e70770-resizable', 'prevSize': {'width': 50, 'height': 50}, 'newSize': {'width': 82, 'height': 217}, 'delta': {'width': 32, 'height': 167}, 'linkedSizeNodeIds': [], 'session_id': 'f3a98b52-1140-468d-8d62-b41701528433', 'user_id': 'P1'}",1
9,2000-01-01 11:45:41,instance-7a1ebca4-f303-4497-87ae-c01929e70770-resizable,layout.node.moved,"{'nodeId': 'instance-7a1ebca4-f303-4497-87ae-c01929e70770-resizable', 'newPos': {'x': 0, 'y': 259}, 'session_id': 'f3a98b52-1140-468d-8d62-b41701528433', 'user_id': 'P1'}",1
10,2000-01-01 11:45:46,instance-7a1ebca4-f303-4497-87ae-c01929e70770-resizable,layoutboard.node.resizable.resized,"{'nodeId': 'instance-7a1ebca4-f303-4497-87ae-c01929e70770-resizable', 'prevSize': {'width': 50, 'height': 50}, 'newSize': {'width': 88, 'height': 248}, 'delta': {'width': 38, 'height': 198}, 'linkedSizeNodeIds': [], 'session_id': 'f3a98b52-1140-468d-8d62-b41701528433', 'user_id': 'P1'}",1
11,2000-01-01 11:45:48,instance-7a1ebca4-f303-4497-87ae-c01929e70770-resizable,layout.node.moved,"{'nodeId': 'instance-7a1ebca4-f303-4497-87ae-c01929e70770-resizable', 'newPos': {'x': 0, 'y': 223}, 'session_id': 'f3a98b52-1140-468d-8d62-b41701528433', 'user_id': 'P1'}",1
12,2000-01-01 11:45:52,,instance.created_from_text,"{'position': {'x': 191.84375, 'y': 301}, 'screen_position': {'x': 253, 'y': 344}, 'board_type': 'advanced', 'session_id': 'f3a98b52-1140-468d-8d62-b41701528433', 'user_id': 'P1'}",1
13,2000-01-01 11:47:29,instance-d01373cb-6088-4a7c-a7b4-fdc5b1627e8f-resizable,layoutboard.node.resizable.resized,"{'nodeId': 'instance-d01373cb-6088-4a7c-a7b4-fdc5b1627e8f-resizable', 'prevSize': {'width': 50, 'height': 50}, 'newSize': {'width': 98, 'height': 175}, 'delta': {'width': 48, 'height': 125}, 'linkedSizeNodeIds': [], 'session_id': 'f3a98b52-1140-468d-8d62-b41701528433', 'user_id': 'P1'}",1
14,2000-01-01 11:47:34,instance-d01373cb-6088-4a7c-a7b4-fdc5b1627e8f-resizable,layoutboard.node.resizable.resized,"{'nodeId': 'instance-d01373cb-6088-4a7c-a7b4-fdc5b1627e8f-resizable', 'prevSize': {'width': 50, 'height': 50}, 'newSize': {'width': 150, 'height': 332}, 'delta': {'width': 100, 'height': 282}, 'linkedSizeNodeIds': [], 'session_id': 'f3a98b52-1140-468d-8d62-b41701528433', 'user_id': 'P1'}",1
15,2000-01-01 11:47:36,instance-d01373cb-6088-4a7c-a7b4-fdc5b1627e8f-resizable,layoutboard.node.resizable.resized,"{'nodeId': 'instance-d01373cb-6088-4a7c-a7b4-fdc5b1627e8f-resizable', 'prevSize': {'width': 50, 'height': 50}, 'newSize': {'width': 99, 'height': 334}, 'delta': {'width': 49, 'height': 284}, 'linkedSizeNodeIds': [], 'session_id': 'f3a98b52-1140-468d-8d62-b41701528433', 'user_id': 'P1'}",1
16,2000-01-01 11:47:38,instance-d01373cb-6088-4a7c-a7b4-fdc5b1627e8f-resizable,layoutboard.node.resizable.resized,"{'nodeId': 'instance-d01373cb-6088-4a7c-a7b4-fdc5b1627e8f-resizable', 'prevSize': {'width': 50, 'height': 50}, 'newSize': {'width': 99, 'height': 322}, 'delta': {'width': 49, 'height': 272}, 'linkedSizeNodeIds': [], 'session_id': 'f3a98b52-1140-468d-8d62-b41701528433', 'user_id': 'P1'}",1
17,2000-01-01 11:47:55,class-6a90e597-ae8b-4c2f-9c4a-b3afef6476ea,class.created,"{'class_id': 'class-6a90e597-ae8b-4c2f-9c4a-b3afef6476ea', 'class_name': 'woman Class', 'placeholder_count': 3, 'created_from': 'woman', 'session_id': 'f3a98b52-1140-468d-8d62-b41701528433', 'user_id': 'P1'}",1
18,2000-01-01 11:49:41,instance-df4f2a38-952c-4d4f-99ec-eb52cbbb0c0a,instance.created_from_class,"{'instance_id': 'instance-df4f2a38-952c-4d4f-99ec-eb52cbbb0c0a', 'class_id': 'class-6a90e597-ae8b-4c2f-9c4a-b3afef6476ea', 'instance_label': 'Male', 'has_text_description': True, 'session_id': 'f3a98b52-1140-468d-8d62-b41701528433', 'user_id': 'P1'}",1
19,2000-01-01 11:50:12,instance-df4f2a38-952c-4d4f-99ec-eb52cbbb0c0a,instance.updated.text,"{'instance_id': 'instance-df4f2a38-952c-4d4f-99ec-eb52cbbb0c0a', 'instance_label': 'male', 'text_changed': True, 'graph_changed': False, 'session_id': 'f3a98b52-1140-468d-8d62-b41701528433', 'user_id': 'P1'}",1
20,2000-01-01 11:52:18,instance-df4f2a38-952c-4d4f-99ec-eb52cbbb0c0a,instance.updated.graph,"{'instance_id': 'instance-df4f2a38-952c-4d4f-99ec-eb52cbbb0c0a', 'instance_label': 'male', 'text_changed': False, 'graph_changed': True, 'session_id': 'f3a98b52-1140-468d-8d62-b41701528433', 'user_id': 'P1'}",1
21,2000-01-01 11:52:20,instance-df4f2a38-952c-4d4f-99ec-eb52cbbb0c0a,layout.node.moved,"{'nodeId': 'instance-df4f2a38-952c-4d4f-99ec-eb52cbbb0c0a', 'newPos': {'x': 257, 'y': 156}, 'session_id': 'f3a98b52-1140-468d-8d62-b41701528433', 'user_id': 'P1'}",1
22,2000-01-01 11:52:23,instance-df4f2a38-952c-4d4f-99ec-eb52cbbb0c0a-resizable,layoutboard.node.resizable.resized,"{'nodeId': 'instance-df4f2a38-952c-4d4f-99ec-eb52cbbb0c0a-resizable', 'prevSize': {'width': 50, 'height': 50}, 'newSize': {'width': 104, 'height': 237}, 'delta': {'width': 54, 'height': 187}, 'linkedSizeNodeIds': [], 'session_id': 'f3a98b52-1140-468d-8d62-b41701528433', 'user_id': 'P1'}",1
23,2000-01-01 11:52:26,instance-df4f2a38-952c-4d4f-99ec-eb52cbbb0c0a-resizable,layout.node.moved,"{'nodeId': 'instance-df4f2a38-952c-4d4f-99ec-eb52cbbb0c0a-resizable', 'newPos': {'x': 248, 'y': 242}, 'session_id': 'f3a98b52-1140-468d-8d62-b41701528433', 'user_id': 'P1'}",1
24,2000-01-01 11:52:33,instance-df4f2a38-952c-4d4f-99ec-eb52cbbb0c0a-resizable,layoutboard.node.resizable.resized,"{'nodeId': 'instance-df4f2a38-952c-4d4f-99ec-eb52cbbb0c0a-resizable', 'prevSize': {'width': 50, 'height': 50}, 'newSize': {'width': 124, 'height': 352}, 'delta': {'width': 74, 'height': 302}, 'linkedSizeNodeIds': [], 'session_id': 'f3a98b52-1140-468d-8d62-b41701528433', 'user_id': 'P1'}",1
25,2000-01-01 11:53:01,instance-d01373cb-6088-4a7c-a7b4-fdc5b1627e8f,layout.node.moved,"{'nodeId': 'instance-d01373cb-6088-4a7c-a7b4-fdc5b1627e8f', 'newPos': {'x': 113.84375, 'y': 154}, 'session_id': 'f3a98b52-1140-468d-8d62-b41701528433', 'user_id': 'P1'}",1
26,2000-01-01 11:53:10,instance-d01373cb-6088-4a7c-a7b4-fdc5b1627e8f-resizable,layout.node.moved,"{'nodeId': 'instance-d01373cb-6088-4a7c-a7b4-fdc5b1627e8f-resizable', 'newPos': {'x': 130.84375, 'y': 157}, 'session_id': 'f3a98b52-1140-468d-8d62-b41701528433', 'user_id': 'P1'}",1
27,2000-01-01 11:53:30,instance-d01373cb-6088-4a7c-a7b4-fdc5b1627e8f,layout.node.moved,"{'nodeId': 'instance-d01373cb-6088-4a7c-a7b4-fdc5b1627e8f', 'newPos': {'x': 93.84375, 'y': 148}, 'session_id': 'f3a98b52-1140-468d-8d62-b41701528433', 'user_id': 'P1'}",1
28,2000-01-01 11:53:53,instance-d01373cb-6088-4a7c-a7b4-fdc5b1627e8f-resizable,layout.node.moved,"{'nodeId': 'instance-d01373cb-6088-4a7c-a7b4-fdc5b1627e8f-resizable', 'newPos': {'x': 126.84375, 'y': 159}, 'session_id': 'f3a98b52-1140-468d-8d62-b41701528433', 'user_id': 'P1'}",1
29,2000-01-01 11:53:53,,relationship_node.created,"{'relationship_id': 'instance-d01373cb-6088-4a7c-a7b4-fdc5b1627e8f->LBL:elderly man:holding', 'sourceId': 'instance-d01373cb-6088-4a7c-a7b4-fdc5b1627e8f', 'targetId': 'LBL:elderly man', 'relation': 'holding', 'video_time': '26:32'}",1
30,2000-01-01 11:53:58,instance-d01373cb-6088-4a7c-a7b4-fdc5b1627e8f,layout.node.moved,"{'nodeId': 'instance-d01373cb-6088-4a7c-a7b4-fdc5b1627e8f', 'newPos': {'x': 129.84375, 'y': 159}, 'session_id': 'f3a98b52-1140-468d-8d62-b41701528433', 'user_id': 'P1'}",1
31,2000-01-01 11:54:00,,instance.created_from_text,"{'position': {'x': 428.84375, 'y': 345}, 'screen_position': {'x': 490, 'y': 388}, 'board_type': 'advanced', 'session_id': 'f3a98b52-1140-468d-8d62-b41701528433', 'user_id': 'P1'}",1
32,2000-01-01 11:55:16,instance-7d6736ec-8114-4862-8acd-e84a612d4936-resizable,layoutboard.node.resizable.resized,"{'nodeId': 'instance-7d6736ec-8114-4862-8acd-e84a612d4936-resizable', 'prevSize': {'width': 50, 'height': 50}, 'newSize': {'width': 75, 'height': 85}, 'delta': {'width': 25, 'height': 35}, 'linkedSizeNodeIds': [], 'session_id': 'f3a98b52-1140-468d-8d62-b41701528433', 'user_id': 'P1'}",1
33,2000-01-01 11:55:20,instance-7d6736ec-8114-4862-8acd-e84a612d4936-resizable,layoutboard.node.resizable.resized,"{'nodeId': 'instance-7d6736ec-8114-4862-8acd-e84a612d4936-resizable', 'prevSize': {'width': 50, 'height': 50}, 'newSize': {'width': 73, 'height': 172}, 'delta': {'width': 23, 'height': 122}, 'linkedSizeNodeIds': [], 'session_id': 'f3a98b52-1140-468d-8d62-b41701528433', 'user_id': 'P1'}",1
34,2000-01-01 11:55:22,instance-7a1ebca4-f303-4497-87ae-c01929e70770-resizable,layout.node.moved,"{'nodeId': 'instance-7a1ebca4-f303-4497-87ae-c01929e70770-resizable', 'newPos': {'x': 0, 'y': 233}, 'session_id': 'f3a98b52-1140-468d-8d62-b41701528433', 'user_id': 'P1'}",1
35,2000-01-01 11:55:29,,instance.created_from_text,"{'position': {'x': 19.84375, 'y': 9}, 'screen_position': {'x': 81, 'y': 52}, 'board_type': 'advanced', 'session_id': 'f3a98b52-1140-468d-8d62-b41701528433', 'user_id': 'P1'}",1
36,2000-01-01 11:56:01,instance-31403457-b9a1-45ce-b9c6-654e3a5016bb-resizable,layoutboard.node.resizable.resized,"{'nodeId': 'instance-31403457-b9a1-45ce-b9c6-654e3a5016bb-resizable', 'prevSize': {'width': 50, 'height': 50}, 'newSize': {'width': 492, 'height': 323}, 'delta': {'width': 442, 'height': 273}, 'linkedSizeNodeIds': [], 'session_id': 'f3a98b52-1140-468d-8d62-b41701528433', 'user_id': 'P1'}",1
37,2000-01-01 11:56:04,instance-31403457-b9a1-45ce-b9c6-654e3a5016bb-resizable,layoutboard.node.resizable.resized,"{'nodeId': 'instance-31403457-b9a1-45ce-b9c6-654e3a5016bb-resizable', 'prevSize': {'width': 50, 'height': 50}, 'newSize': {'width': 523, 'height': 335}, 'delta': {'width': 473, 'height': 285}, 'linkedSizeNodeIds': [], 'session_id': 'f3a98b52-1140-468d-8d62-b41701528433', 'user_id': 'P1'}",1
38,2000-01-01 11:56:34,,api.generate_image.succeeded,"{'global_caption': 'A scene featuring a grandpa with white hair wearing a black cap, a white shirt, a grey cardigan, and black long pants, with a pair of black shoes; a woman with dark brown hair and slightly tanned skin, wearing a short sleeve long dress with small pink and light-blue flower patterns, holding a wooden basket and holding hands with a male; a dark, slightly tanned male wearing a short-sleeve blue shirt and beige short pants, holding a bunch of bottled water and having short, curly dark brown hair; a little girl wearing a hot-pink t-shirt with no sleeves, a white mid-length skirt, and pink sandals, holding a brown teddy bear in her right hand and a yellow balloon in her left hand; and a road with two black cars and a lot of trees with green leaves.', 'region_count': 5, 'has_image': True, 'detected_objects_count': 8, 'image_path': 'output/P1/2025-08-24_11-56-33/image.png', 'image_with_layout_path': 'output/P1/2025-08-24_11-56-33/image_with_layout.png', 'timestamp_dir': 'output/P1/2025-08-24_11-56-33', 'session_id': 'f3a98b52-1140-468d-8d62-b41701528433', 'user_id': 'P1'}",1
39,2000-01-01 11:58:01,instance-7a1ebca4-f303-4497-87ae-c01929e70770-resizable,layout.node.moved,"{'nodeId': 'instance-7a1ebca4-f303-4497-87ae-c01929e70770-resizable', 'newPos': {'x': 0, 'y': 233}, 'session_id': 'f3a98b52-1140-468d-8d62-b41701528433', 'user_id': 'P1'}",1
40,2000-01-01 11:58:04,instance-31403457-b9a1-45ce-b9c6-654e3a5016bb-resizable,layout.node.moved,"{'nodeId': 'instance-31403457-b9a1-45ce-b9c6-654e3a5016bb-resizable', 'newPos': {'x': -11, 'y': 37}, 'session_id': 'f3a98b52-1140-468d-8d62-b41701528433', 'user_id': 'P1'}",1
41,2000-01-01 11:58:05,instance-31403457-b9a1-45ce-b9c6-654e3a5016bb-resizable,layout.node.moved,"{'nodeId': 'instance-31403457-b9a1-45ce-b9c6-654e3a5016bb-resizable', 'newPos': {'x': -11, 'y': 0}, 'session_id': 'f3a98b52-1140-468d-8d62-b41701528433', 'user_id': 'P1'}",1
42,2000-01-01 11:58:09,instance-7a1ebca4-f303-4497-87ae-c01929e70770-resizable,layout.node.moved,"{'nodeId': 'instance-7a1ebca4-f303-4497-87ae-c01929e70770-resizable', 'newPos': {'x': 0, 'y': 214}, 'session_id': 'f3a98b52-1140-468d-8d62-b41701528433', 'user_id': 'P1'}",1
43,2000-01-01 11:58:15,instance-7a1ebca4-f303-4497-87ae-c01929e70770-resizable,layout.node.moved,"{'nodeId': 'instance-7a1ebca4-f303-4497-87ae-c01929e70770-resizable', 'newPos': {'x': 14, 'y': 233}, 'session_id': 'f3a98b52-1140-468d-8d62-b41701528433', 'user_id': 'P1'}",1
44,2000-01-01 11:58:25,instance-df4f2a38-952c-4d4f-99ec-eb52cbbb0c0a,object_node.extract.confirmed,"{'object_id': 'object3', 'object_name': 'bunch of bottled water', 'parent_instance_id': 'instance-df4f2a38-952c-4d4f-99ec-eb52cbbb0c0a', 'session_id': 'f3a98b52-1140-468d-8d62-b41701528433', 'user_id': 'P1'}",1
45,2000-01-01 11:58:30,instance-a7295d00-2ed2-415a-b3b2-38f526a2de66-resizable,layout.node.moved,"{'nodeId': 'instance-a7295d00-2ed2-415a-b3b2-38f526a2de66-resizable', 'newPos': {'x': 333, 'y': 226}, 'session_id': 'f3a98b52-1140-468d-8d62-b41701528433', 'user_id': 'P1'}",1
46,2000-01-01 11:58:34,instance-a7295d00-2ed2-415a-b3b2-38f526a2de66-resizable,layoutboard.node.resizable.resized,"{'nodeId': 'instance-a7295d00-2ed2-415a-b3b2-38f526a2de66-resizable', 'prevSize': {'width': 50, 'height': 50}, 'newSize': {'width': 125, 'height': 55}, 'delta': {'width': 75, 'height': 5}, 'linkedSizeNodeIds': [], 'session_id': 'f3a98b52-1140-468d-8d62-b41701528433', 'user_id': 'P1'}",1
47,2000-01-01 11:58:35,instance-a7295d00-2ed2-415a-b3b2-38f526a2de66-resizable,layout.node.moved,"{'nodeId': 'instance-a7295d00-2ed2-415a-b3b2-38f526a2de66-resizable', 'newPos': {'x': 333, 'y': 206}, 'session_id': 'f3a98b52-1140-468d-8d62-b41701528433', 'user_id': 'P1'}",1
48,2000-01-01 11:58:48,instance-d01373cb-6088-4a7c-a7b4-fdc5b1627e8f,object_node.extract.confirmed,"{'object_id': 'object3', 'object_name': 'basket', 'parent_instance_id': 'instance-d01373cb-6088-4a7c-a7b4-fdc5b1627e8f', 'session_id': 'f3a98b52-1140-468d-8d62-b41701528433', 'user_id': 'P1'}",1
49,2000-01-01 11:58:53,instance-fd5fc9e0-4c9d-4177-9f03-cb63edce6491-resizable,layout.node.moved,"{'nodeId': 'instance-fd5fc9e0-4c9d-4177-9f03-cb63edce6491-resizable', 'newPos': {'x': 201, 'y': 285}, 'session_id': 'f3a98b52-1140-468d-8d62-b41701528433', 'user_id': 'P1'}",1
50,2000-01-01 11:58:56,instance-fd5fc9e0-4c9d-4177-9f03-cb63edce6491-resizable,layoutboard.node.resizable.resized,"{'nodeId': 'instance-fd5fc9e0-4c9d-4177-9f03-cb63edce6491-resizable', 'prevSize': {'width': 50, 'height': 50}, 'newSize': {'width': 66, 'height': 55}, 'delta': {'width': 16, 'height': 5}, 'linkedSizeNodeIds': [], 'session_id': 'f3a98b52-1140-468d-8d62-b41701528433', 'user_id': 'P1'}",1
51,2000-01-01 11:58:58,instance-fd5fc9e0-4c9d-4177-9f03-cb63edce6491-resizable,layout.node.moved,"{'nodeId': 'instance-fd5fc9e0-4c9d-4177-9f03-cb63edce6491-resizable', 'newPos': {'x': 191, 'y': 292}, 'session_id': 'f3a98b52-1140-468d-8d62-b41701528433', 'user_id': 'P1'}",1
52,2000-01-01 11:59:21,instance-7d6736ec-8114-4862-8acd-e84a612d4936,object_node.extract.confirmed,"{'object_id': 'object6', 'object_name': 'balloon', 'parent_instance_id': 'instance-7d6736ec-8114-4862-8acd-e84a612d4936', 'session_id': 'f3a98b52-1140-468d-8d62-b41701528433', 'user_id': 'P1'}",1
53,2000-01-01 11:59:23,instance-7d6736ec-8114-4862-8acd-e84a612d4936,object_node.extract.confirmed,"{'object_id': 'object5', 'object_name': 'teddybear', 'parent_instance_id': 'instance-7d6736ec-8114-4862-8acd-e84a612d4936', 'session_id': 'f3a98b52-1140-468d-8d62-b41701528433', 'user_id': 'P1'}",1
54,2000-01-01 11:59:26,instance-a0e1098c-c69f-4196-a1be-7971612c29fb-resizable,layout.node.moved,"{'nodeId': 'instance-a0e1098c-c69f-4196-a1be-7971612c29fb-resizable', 'newPos': {'x': 448, 'y': 343}, 'session_id': 'f3a98b52-1140-468d-8d62-b41701528433', 'user_id': 'P1'}",1
55,2000-01-01 11:59:33,instance-1d301cbd-f50e-4943-af5f-f416f72ad3be-resizable,layout.node.moved,"{'nodeId': 'instance-1d301cbd-f50e-4943-af5f-f416f72ad3be-resizable', 'newPos': {'x': 236, 'y': 209}, 'session_id': 'f3a98b52-1140-468d-8d62-b41701528433', 'user_id': 'P1'}",1
56,2000-01-01 11:59:36,instance-31403457-b9a1-45ce-b9c6-654e3a5016bb-resizable,layout.node.moved,"{'nodeId': 'instance-31403457-b9a1-45ce-b9c6-654e3a5016bb-resizable', 'newPos': {'x': -11, 'y': 141}, 'session_id': 'f3a98b52-1140-468d-8d62-b41701528433', 'user_id': 'P1'}",1
57,2000-01-01 11:59:39,instance-31403457-b9a1-45ce-b9c6-654e3a5016bb-resizable,layout.node.moved,"{'nodeId': 'instance-31403457-b9a1-45ce-b9c6-654e3a5016bb-resizable', 'newPos': {'x': -11, 'y': 0}, 'session_id': 'f3a98b52-1140-468d-8d62-b41701528433', 'user_id': 'P1'}",1
58,2000-01-01 11:59:43,instance-31403457-b9a1-45ce-b9c6-654e3a5016bb-resizable,layout.node.moved,"{'nodeId': 'instance-31403457-b9a1-45ce-b9c6-654e3a5016bb-resizable', 'newPos': {'x': -11, 'y': 0}, 'session_id': 'f3a98b52-1140-468d-8d62-b41701528433', 'user_id': 'P1'}",1
59,2000-01-01 11:59:58,instance-1d301cbd-f50e-4943-af5f-f416f72ad3be,instance.deleted,"{'instance_id': 'instance-1d301cbd-f50e-4943-af5f-f416f72ad3be', 'instance_label': 'teddybear', 'is_from_class': False, 'class_id': None, 'session_id': 'f3a98b52-1140-468d-8d62-b41701528433', 'user_id': 'P1'}",1
60,2000-01-01 12:00:04,ec15b208-f034-4d74-b4ac-957e1b033274,instance.created_from_detection,"{'instanceId': 'ec15b208-f034-4d74-b4ac-957e1b033274', 'label': 'Teddy bear', 'originalObjectLabel': 'teddy bear', 'session_id': 'f3a98b52-1140-468d-8d62-b41701528433', 'user_id': 'P1'}",1
61,2000-01-01 12:00:07,ec15b208-f034-4d74-b4ac-957e1b033274-resizable,layout.node.moved,"{'nodeId': 'ec15b208-f034-4d74-b4ac-957e1b033274-resizable', 'newPos': {'x': 383.84375, 'y': 380}, 'session_id': 'f3a98b52-1140-468d-8d62-b41701528433', 'user_id': 'P1'}",1
62,2000-01-01 12:00:11,ec15b208-f034-4d74-b4ac-957e1b033274-resizable,layout.node.moved,"{'nodeId': 'ec15b208-f034-4d74-b4ac-957e1b033274-resizable', 'newPos': {'x': 381.84375, 'y': 380}, 'session_id': 'f3a98b52-1140-468d-8d62-b41701528433', 'user_id': 'P1'}",1
63,2000-01-01 12:00:12,instance-7d6736ec-8114-4862-8acd-e84a612d4936-resizable,layout.node.moved,"{'nodeId': 'instance-7d6736ec-8114-4862-8acd-e84a612d4936-resizable', 'newPos': {'x': 412.84375, 'y': 310}, 'session_id': 'f3a98b52-1140-468d-8d62-b41701528433', 'user_id': 'P1'}",1
64,2000-01-01 12:00:15,instance-a0e1098c-c69f-4196-a1be-7971612c29fb-resizable,layout.node.moved,"{'nodeId': 'instance-a0e1098c-c69f-4196-a1be-7971612c29fb-resizable', 'newPos': {'x': 459, 'y': 344}, 'session_id': 'f3a98b52-1140-468d-8d62-b41701528433', 'user_id': 'P1'}",1
65,2000-01-01 12:00:17,instance-a0e1098c-c69f-4196-a1be-7971612c29fb-resizable,layoutboard.node.resizable.resized,"{'nodeId': 'instance-a0e1098c-c69f-4196-a1be-7971612c29fb-resizable', 'prevSize': {'width': 50, 'height': 50}, 'newSize': {'width': 50, 'height': 94}, 'delta': {'width': 0, 'height': 44}, 'linkedSizeNodeIds': [], 'session_id': 'f3a98b52-1140-468d-8d62-b41701528433', 'user_id': 'P1'}",1
66,2000-01-01 12:00:19,instance-a0e1098c-c69f-4196-a1be-7971612c29fb-resizable,layout.node.moved,"{'nodeId': 'instance-a0e1098c-c69f-4196-a1be-7971612c29fb-resizable', 'newPos': {'x': 459, 'y': 292}, 'session_id': 'f3a98b52-1140-468d-8d62-b41701528433', 'user_id': 'P1'}",1
67,2000-01-01 12:00:46,ec15b208-f034-4d74-b4ac-957e1b033274,instance.updated.graph,"{'instance_id': 'ec15b208-f034-4d74-b4ac-957e1b033274', 'instance_label': 'Teddy bear', 'text_changed': False, 'graph_changed': True, 'session_id': 'f3a98b52-1140-468d-8d62-b41701528433', 'user_id': 'P1'}",1
68,2000-01-01 12:01:04,ec15b208-f034-4d74-b4ac-957e1b033274,instance.updated.graph,"{'instance_id': 'ec15b208-f034-4d74-b4ac-957e1b033274', 'instance_label': 'Teddy bear', 'text_changed': False, 'graph_changed': True, 'session_id': 'f3a98b52-1140-468d-8d62-b41701528433', 'user_id': 'P1'}",1
69,2000-01-01 12:01:23,,relationship_node.created,"{'relationship_id': 'instance-7a1ebca4-f303-4497-87ae-c01929e70770->instance-7d6736ec-8114-4862-8acd-e84a612d4936:watching', 'sourceId': 'instance-7a1ebca4-f303-4497-87ae-c01929e70770', 'targetId': 'instance-7d6736ec-8114-4862-8acd-e84a612d4936', 'relation': 'watching', 'video_time': '34:02'}",1
70,2000-01-01 12:01:39,instance-7d6736ec-8114-4862-8acd-e84a612d4936,layout.node.moved,"{'nodeId': 'instance-7d6736ec-8114-4862-8acd-e84a612d4936', 'newPos': {'x': 388.84375, 'y': 308}, 'session_id': 'f3a98b52-1140-468d-8d62-b41701528433', 'user_id': 'P1'}",1
71,2000-01-01 12:01:49,instance-7d6736ec-8114-4862-8acd-e84a612d4936,layout.node.moved,"{'nodeId': 'instance-7d6736ec-8114-4862-8acd-e84a612d4936', 'newPos': {'x': 392, 'y': 311}, 'session_id': 'f3a98b52-1140-468d-8d62-b41701528433', 'user_id': 'P1'}",1
72,2000-01-01 12:01:51,instance-7d6736ec-8114-4862-8acd-e84a612d4936,layout.node.moved,"{'nodeId': 'instance-7d6736ec-8114-4862-8acd-e84a612d4936', 'newPos': {'x': 392, 'y': 311}, 'session_id': 'f3a98b52-1140-468d-8d62-b41701528433', 'user_id': 'P1'}",1
73,2000-01-01 12:02:01,,relationship_node.created,"{'relationship_id': 'instance-7d6736ec-8114-4862-8acd-e84a612d4936->UNKNOWN:balloon:holding', 'sourceId': 'instance-7d6736ec-8114-4862-8acd-e84a612d4936', 'targetId': 'UNKNOWN:balloon', 'relation': 'holding', 'video_time': '34:40'}",1
74,2000-01-01 12:02:53,,api.generate_image.succeeded,"{'global_caption': 'a scene featuring a grandpa with white hair wearing a black cap, a white shirt, a grey cardigan, and black long pants, with a pair of black shoes, watching a girl; a woman with dark brown hair and slightly tanned skin wearing a short-sleeved dress with small pink and light-blue flower patterns, holding hands with a male and holding a wooden basket; a dark, slightly tanned male with short, curly dark brown hair wearing a short-sleeve blue shirt and beige shorts, holding a bunch of bottled water; a little girl wearing a hot-pink no-sleeve t-shirt, a white mid-length skirt, and pink sandals, holding a small brown teddy bear with black eyes in her right hand and a yellow balloon in her left hand; and a road with two black cars and a lot of trees with green leaves.', 'region_count': 9, 'has_image': True, 'detected_objects_count': 6, 'image_path': 'output/P1/2025-08-24_12-02-52/image.png', 'image_with_layout_path': 'output/P1/2025-08-24_12-02-52/image_with_layout.png', 'timestamp_dir': 'output/P1/2025-08-24_12-02-52', 'session_id': 'f3a98b52-1140-468d-8d62-b41701528433', 'user_id': 'P1'}",1
75,2000-01-01 12:04:10,,api.generate_image.succeeded,"{'global_caption': 'a scene featuring a grandpa with white hair wearing a black cap, a white shirt, a grey cardigan, and black long pants, with a pair of black shoes, watching a girl; a woman with dark brown hair and slightly tanned skin wearing a short-sleeved dress with small pink and light-blue flower patterns, holding hands with a male and holding a wooden basket; a dark, slightly tanned male with short, curly dark brown hair wearing a short-sleeve blue shirt and beige shorts, holding a bunch of bottled water; a little girl wearing a hot-pink no-sleeve t-shirt, a white mid-length skirt, and pink sandals, holding a small brown teddy bear with black eyes in her right hand and a yellow balloon in her left hand; and a road with two black cars and a lot of trees with green leaves.', 'region_count': 9, 'has_image': True, 'detected_objects_count': 5, 'image_path': 'output/P1/2025-08-24_12-04-10/image.png', 'image_with_layout_path': 'output/P1/2025-08-24_12-04-10/image_with_layout.png', 'timestamp_dir': 'output/P1/2025-08-24_12-04-10', 'session_id': 'f3a98b52-1140-468d-8d62-b41701528433', 'user_id': 'P1'}",1
76,2000-01-01 12:04:31,instance-d01373cb-6088-4a7c-a7b4-fdc5b1627e8f,layout.node.moved,"{'nodeId': 'instance-d01373cb-6088-4a7c-a7b4-fdc5b1627e8f', 'newPos': {'x': 133.84375, 'y': 158}, 'session_id': 'f3a98b52-1140-468d-8d62-b41701528433', 'user_id': 'P1'}",1
77,2000-01-01 12:04:44,a1e6a0db-c79d-4cbd-b050-051d54cc4e24,instance.created_from_detection,"{'instanceId': 'a1e6a0db-c79d-4cbd-b050-051d54cc4e24', 'label': 'Teddy bear', 'originalObjectLabel': 'car', 'session_id': 'f3a98b52-1140-468d-8d62-b41701528433', 'user_id': 'P1'}",1
78,2000-01-01 12:04:46,a1e6a0db-c79d-4cbd-b050-051d54cc4e24-resizable,layout.node.moved,"{'nodeId': 'a1e6a0db-c79d-4cbd-b050-051d54cc4e24-resizable', 'newPos': {'x': 88.84375, 'y': 287}, 'session_id': 'f3a98b52-1140-468d-8d62-b41701528433', 'user_id': 'P1'}",1
79,2000-01-01 12:04:56,a1e6a0db-c79d-4cbd-b050-051d54cc4e24,instance.deleted,"{'instance_id': 'a1e6a0db-c79d-4cbd-b050-051d54cc4e24', 'instance_label': 'Teddy bear', 'is_from_class': False, 'class_id': None, 'session_id': 'f3a98b52-1140-468d-8d62-b41701528433', 'user_id': 'P1'}",1
80,2000-01-01 12:05:29,4a3ed75a-50d4-41bf-b712-8779c2b8fece,instance.created_from_detection,"{'instanceId': '4a3ed75a-50d4-41bf-b712-8779c2b8fece', 'label': 'Elderly man', 'originalObjectLabel': 'car', 'session_id': 'f3a98b52-1140-468d-8d62-b41701528433', 'user_id': 'P1'}",1
81,2000-01-01 12:05:35,4a3ed75a-50d4-41bf-b712-8779c2b8fece,instance.deleted,"{'instance_id': '4a3ed75a-50d4-41bf-b712-8779c2b8fece', 'instance_label': 'Elderly man', 'is_from_class': False, 'class_id': None, 'session_id': 'f3a98b52-1140-468d-8d62-b41701528433', 'user_id': 'P1'}",1
82,2000-01-01 12:06:32,instance-df4f2a38-952c-4d4f-99ec-eb52cbbb0c0a,instance.updated.text,"{'instance_id': 'instance-df4f2a38-952c-4d4f-99ec-eb52cbbb0c0a', 'instance_label': 'male', 'text_changed': True, 'graph_changed': False, 'session_id': 'f3a98b52-1140-468d-8d62-b41701528433', 'user_id': 'P1'}",1
83,2000-01-01 12:06:47,instance-df4f2a38-952c-4d4f-99ec-eb52cbbb0c0a,instance.updated.text,"{'instance_id': 'instance-df4f2a38-952c-4d4f-99ec-eb52cbbb0c0a', 'instance_label': 'male', 'text_changed': True, 'graph_changed': False, 'session_id': 'f3a98b52-1140-468d-8d62-b41701528433', 'user_id': 'P1'}",1
84,2000-01-01 12:07:17,instance-d01373cb-6088-4a7c-a7b4-fdc5b1627e8f,instance.updated.text,"{'instance_id': 'instance-d01373cb-6088-4a7c-a7b4-fdc5b1627e8f', 'instance_label': 'woman', 'text_changed': True, 'graph_changed': False, 'session_id': 'f3a98b52-1140-468d-8d62-b41701528433', 'user_id': 'P1'}",1
85,2000-01-01 12:07:35,instance-d01373cb-6088-4a7c-a7b4-fdc5b1627e8f,instance.updated.graph,"{'instance_id': 'instance-d01373cb-6088-4a7c-a7b4-fdc5b1627e8f', 'instance_label': 'woman', 'text_changed': False, 'graph_changed': True, 'session_id': 'f3a98b52-1140-468d-8d62-b41701528433', 'user_id': 'P1'}",1
86,2000-01-01 12:08:34,,api.generate_image.succeeded,"{'global_caption': 'a scene featuring a grandpa with white hair wearing a black cap, a white shirt, a grey cardigan, and black long pants, with a pair of black shoes, watching a girl; a woman with dark brown, slightly tanned skin wearing a short-sleeved dress that has long small pink and light-blue flower patterns, looking front, holding hands with a male and holding a wooden basket; a dark brown, slightly tanned male with short, curly dark brown hair wearing a short-sleeve blue shirt and beige shorts, looking front, holding a bunch of bottled water; a little girl wearing a hot-pink no-sleeve t-shirt, a white mid-length skirt, and pink sandals, holding a yellow balloon in her left hand and a small brown teddy bear with black eyes in her right hand; and a road with two black cars and a lot of trees with green leaves.', 'region_count': 9, 'has_image': True, 'detected_objects_count': 6, 'image_path': 'output/P1/2025-08-24_12-08-34/image.png', 'image_with_layout_path': 'output/P1/2025-08-24_12-08-34/image_with_layout.png', 'timestamp_dir': 'output/P1/2025-08-24_12-08-34', 'session_id': 'f3a98b52-1140-468d-8d62-b41701528433', 'user_id': 'P1'}",1
87,2000-01-01 12:09:05,instance-31403457-b9a1-45ce-b9c6-654e3a5016bb-resizable,layout.node.moved,"{'nodeId': 'instance-31403457-b9a1-45ce-b9c6-654e3a5016bb-resizable', 'newPos': {'x': -11, 'y': 0}, 'session_id': 'f3a98b52-1140-468d-8d62-b41701528433', 'user_id': 'P1'}",1
88,2000-01-01 12:09:06,instance-31403457-b9a1-45ce-b9c6-654e3a5016bb-resizable,layout.node.moved,"{'nodeId': 'instance-31403457-b9a1-45ce-b9c6-654e3a5016bb-resizable', 'newPos': {'x': -11, 'y': 177}, 'session_id': 'f3a98b52-1140-468d-8d62-b41701528433', 'user_id': 'P1'}",1
89,2000-01-01 12:09:13,instance-31403457-b9a1-45ce-b9c6-654e3a5016bb-resizable,layout.node.moved,"{'nodeId': 'instance-31403457-b9a1-45ce-b9c6-654e3a5016bb-resizable', 'newPos': {'x': -11, 'y': 0}, 'session_id': 'f3a98b52-1140-468d-8d62-b41701528433', 'user_id': 'P1'}",1
90,2000-01-01 12:09:42,instance-df4f2a38-952c-4d4f-99ec-eb52cbbb0c0a,instance.updated.text,"{'instance_id': 'instance-df4f2a38-952c-4d4f-99ec-eb52cbbb0c0a', 'instance_label': 'male', 'text_changed': True, 'graph_changed': False, 'session_id': 'f3a98b52-1140-468d-8d62-b41701528433', 'user_id': 'P1'}",1
91,2000-01-01 12:09:56,instance-d01373cb-6088-4a7c-a7b4-fdc5b1627e8f,instance.updated.text,"{'instance_id': 'instance-d01373cb-6088-4a7c-a7b4-fdc5b1627e8f', 'instance_label': 'woman', 'text_changed': True, 'graph_changed': False, 'session_id': 'f3a98b52-1140-468d-8d62-b41701528433', 'user_id': 'P1'}",1
92,2000-01-01 12:10:25,,api.generate_image.succeeded,"{'global_caption': 'a scene featuring a grandpa with white hair wearing a black cap, a white shirt, a grey cardigan, and black long pants, with a pair of black shoes, watching a girl; a woman with dark brown, slightly tanned skin wearing a short-sleeved dress that has long small pink and light-blue flower patterns, looking backward, holding hands with a male and holding a wooden basket; a dark brown, slightly tanned male with short, curly dark brown hair wearing a short-sleeve blue shirt and beige shorts, looking backward, holding a bunch of bottled water; a little girl wearing a hot-pink no-sleeve t-shirt, a white mid-length skirt, and pink sandals, holding a yellow balloon in her left hand and a small brown teddy bear with black eyes in her right hand; and a road with two black cars and a lot of trees with green leaves.', 'region_count': 9, 'has_image': True, 'detected_objects_count': 6, 'image_path': 'output/P1/2025-08-24_12-10-24/image.png', 'image_with_layout_path': 'output/P1/2025-08-24_12-10-24/image_with_layout.png', 'timestamp_dir': 'output/P1/2025-08-24_12-10-24', 'session_id': 'f3a98b52-1140-468d-8d62-b41701528433', 'user_id': 'P1'}",1
93,2000-01-01 01:17:00,,instance.created_from_text,"{'position': {'x': 71.0390625, 'y': 324}, 'screen_position': {'x': 132, 'y': 347}, 'board_type': 'advanced', 'session_id': '319db85e-7d37-4224-a79e-d77ee523d8c7', 'user_id': 'p2'}",2
94,2000-01-01 01:17:12,,instance.created_from_text,"{'position': {'x': 29.0390625, 'y': 385}, 'screen_position': {'x': 90, 'y': 428}, 'board_type': 'advanced', 'session_id': '319db85e-7d37-4224-a79e-d77ee523d8c7', 'user_id': 'p2'}",2
95,2000-01-01 01:17:37,instance-4070c3dc-fb3f-4a4b-8de8-dfd94624249c-resizable,layoutboard.node.resizable.resized,"{'nodeId': 'instance-4070c3dc-fb3f-4a4b-8de8-dfd94624249c-resizable', 'prevSize': {'width': 50, 'height': 50}, 'newSize': {'width': 49, 'height': 110}, 'delta': {'width': -1, 'height': 60}, 'linkedSizeNodeIds': [], 'session_id': '319db85e-7d37-4224-a79e-d77ee523d8c7', 'user_id': 'p2'}",2
96,2000-01-01 01:17:39,instance-4070c3dc-fb3f-4a4b-8de8-dfd94624249c,layout.node.moved,"{'nodeId': 'instance-4070c3dc-fb3f-4a4b-8de8-dfd94624249c', 'newPos': {'x': 2.0390625, 'y': 253}, 'session_id': '319db85e-7d37-4224-a79e-d77ee523d8c7', 'user_id': 'p2'}",2
97,2000-01-01 01:17:41,instance-4070c3dc-fb3f-4a4b-8de8-dfd94624249c-resizable,layoutboard.node.resizable.resized,"{'nodeId': 'instance-4070c3dc-fb3f-4a4b-8de8-dfd94624249c-resizable', 'prevSize': {'width': 50, 'height': 50}, 'newSize': {'width': 92, 'height': 228}, 'delta': {'width': 42, 'height': 178}, 'linkedSizeNodeIds': [], 'session_id': '319db85e-7d37-4224-a79e-d77ee523d8c7', 'user_id': 'p2'}",2
98,2000-01-01 01:17:45,instance-4070c3dc-fb3f-4a4b-8de8-dfd94624249c-resizable,layoutboard.node.resizable.resized,"{'nodeId': 'instance-4070c3dc-fb3f-4a4b-8de8-dfd94624249c-resizable', 'prevSize': {'width': 50, 'height': 50}, 'newSize': {'width': 92, 'height': 282}, 'delta': {'width': 42, 'height': 232}, 'linkedSizeNodeIds': [], 'session_id': '319db85e-7d37-4224-a79e-d77ee523d8c7', 'user_id': 'p2'}",2
99,2000-01-01 01:17:49,class-2c0f1381-0dda-4924-b348-6b8e84c93d5b,class.created,"{'class_id': 'class-2c0f1381-0dda-4924-b348-6b8e84c93d5b', 'class_name': 'man Class', 'placeholder_count': 4, 'created_from': 'man', 'session_id': '319db85e-7d37-4224-a79e-d77ee523d8c7', 'user_id': 'p2'}",2
100,2000-01-01 01:18:59,instance-f168b841-236d-4c55-b7f9-158a9b50661a,instance.created_from_class,"{'instance_id': 'instance-f168b841-236d-4c55-b7f9-158a9b50661a', 'class_id': 'class-2c0f1381-0dda-4924-b348-6b8e84c93d5b', 'instance_label': 'Man', 'has_text_description': True, 'session_id': '319db85e-7d37-4224-a79e-d77ee523d8c7', 'user_id': 'p2'}",2
101,2000-01-01 01:19:03,instance-f168b841-236d-4c55-b7f9-158a9b50661a-resizable,layoutboard.node.resizable.resized,"{'nodeId': 'instance-f168b841-236d-4c55-b7f9-158a9b50661a-resizable', 'prevSize': {'width': 50, 'height': 50}, 'newSize': {'width': 168, 'height': 178}, 'delta': {'width': 118, 'height': 128}, 'linkedSizeNodeIds': [], 'session_id': '319db85e-7d37-4224-a79e-d77ee523d8c7', 'user_id': 'p2'}",2
102,2000-01-01 01:19:06,instance-f168b841-236d-4c55-b7f9-158a9b50661a-resizable,layout.node.moved,"{'nodeId': 'instance-f168b841-236d-4c55-b7f9-158a9b50661a-resizable', 'newPos': {'x': 221, 'y': 139}, 'session_id': '319db85e-7d37-4224-a79e-d77ee523d8c7', 'user_id': 'p2'}",2
103,2000-01-01 01:19:07,instance-f168b841-236d-4c55-b7f9-158a9b50661a-resizable,layoutboard.node.resizable.resized,"{'nodeId': 'instance-f168b841-236d-4c55-b7f9-158a9b50661a-resizable', 'prevSize': {'width': 50, 'height': 50}, 'newSize': {'width': 168, 'height': 178}, 'delta': {'width': 118, 'height': 128}, 'linkedSizeNodeIds': [], 'session_id': '319db85e-7d37-4224-a79e-d77ee523d8c7', 'user_id': 'p2'}",2
104,2000-01-01 01:19:10,instance-f168b841-236d-4c55-b7f9-158a9b50661a-resizable,layoutboard.node.resizable.resized,"{'nodeId': 'instance-f168b841-236d-4c55-b7f9-158a9b50661a-resizable', 'prevSize': {'width': 50, 'height': 50}, 'newSize': {'width': 142, 'height': 333}, 'delta': {'width': 92, 'height': 283}, 'linkedSizeNodeIds': [], 'session_id': '319db85e-7d37-4224-a79e-d77ee523d8c7', 'user_id': 'p2'}",2
105,2000-01-01 01:19:11,instance-f168b841-236d-4c55-b7f9-158a9b50661a-resizable,layout.node.moved,"{'nodeId': 'instance-f168b841-236d-4c55-b7f9-158a9b50661a-resizable', 'newPos': {'x': 227, 'y': 139}, 'session_id': '319db85e-7d37-4224-a79e-d77ee523d8c7', 'user_id': 'p2'}",2
106,2000-01-01 01:19:27,instance-f168b841-236d-4c55-b7f9-158a9b50661a,instance.updated.text,"{'instance_id': 'instance-f168b841-236d-4c55-b7f9-158a9b50661a', 'instance_label': 'man', 'text_changed': True, 'graph_changed': False, 'session_id': '319db85e-7d37-4224-a79e-d77ee523d8c7', 'user_id': 'p2'}",2
107,2000-01-01 01:20:05,instance-e302c54a-73b6-459c-bbf8-7e4190fbc178,instance.created_from_class,"{'instance_id': 'instance-e302c54a-73b6-459c-bbf8-7e4190fbc178', 'class_id': 'class-2c0f1381-0dda-4924-b348-6b8e84c93d5b', 'instance_label': 'Female', 'has_text_description': True, 'session_id': '319db85e-7d37-4224-a79e-d77ee523d8c7', 'user_id': 'p2'}",2
108,2000-01-01 01:20:12,instance-e302c54a-73b6-459c-bbf8-7e4190fbc178,layout.node.moved,"{'nodeId': 'instance-e302c54a-73b6-459c-bbf8-7e4190fbc178', 'newPos': {'x': 106, 'y': 134}, 'session_id': '319db85e-7d37-4224-a79e-d77ee523d8c7', 'user_id': 'p2'}",2
109,2000-01-01 01:20:15,instance-e302c54a-73b6-459c-bbf8-7e4190fbc178-resizable,layoutboard.node.resizable.resized,"{'nodeId': 'instance-e302c54a-73b6-459c-bbf8-7e4190fbc178-resizable', 'prevSize': {'width': 50, 'height': 50}, 'newSize': {'width': 45, 'height': 310}, 'delta': {'width': -5, 'height': 260}, 'linkedSizeNodeIds': [], 'session_id': '319db85e-7d37-4224-a79e-d77ee523d8c7', 'user_id': 'p2'}",2
110,2000-01-01 01:20:19,instance-e302c54a-73b6-459c-bbf8-7e4190fbc178-resizable,layoutboard.node.resizable.resized,"{'nodeId': 'instance-e302c54a-73b6-459c-bbf8-7e4190fbc178-resizable', 'prevSize': {'width': 50, 'height': 50}, 'newSize': {'width': 110, 'height': 342}, 'delta': {'width': 60, 'height': 292}, 'linkedSizeNodeIds': [], 'session_id': '319db85e-7d37-4224-a79e-d77ee523d8c7', 'user_id': 'p2'}",2
111,2000-01-01 01:20:22,instance-e302c54a-73b6-459c-bbf8-7e4190fbc178-resizable,layoutboard.node.resizable.resized,"{'nodeId': 'instance-e302c54a-73b6-459c-bbf8-7e4190fbc178-resizable', 'prevSize': {'width': 50, 'height': 50}, 'newSize': {'width': 113, 'height': 313}, 'delta': {'width': 63, 'height': 263}, 'linkedSizeNodeIds': [], 'session_id': '319db85e-7d37-4224-a79e-d77ee523d8c7', 'user_id': 'p2'}",2
112,2000-01-01 01:20:23,,relationship_node.created,"{'relationship_id': 'instance-e302c54a-73b6-459c-bbf8-7e4190fbc178->instance-4070c3dc-fb3f-4a4b-8de8-dfd94624249c:holding hands', 'sourceId': 'instance-e302c54a-73b6-459c-bbf8-7e4190fbc178', 'targetId': 'instance-4070c3dc-fb3f-4a4b-8de8-dfd94624249c', 'relation': 'holding hands', 'video_time': '10:38'}",2
113,2000-01-01 01:20:40,,instance.created_from_text,"{'position': {'x': 190.0390625, 'y': 299}, 'screen_position': {'x': 251, 'y': 322}, 'board_type': 'advanced', 'session_id': '319db85e-7d37-4224-a79e-d77ee523d8c7', 'user_id': 'p2'}",2
114,2000-01-01 01:20:55,instance-43eb5de6-da11-405e-9560-ef5c6a93b265-resizable,layoutboard.node.resizable.resized,"{'nodeId': 'instance-43eb5de6-da11-405e-9560-ef5c6a93b265-resizable', 'prevSize': {'width': 50, 'height': 50}, 'newSize': {'width': 109, 'height': 86}, 'delta': {'width': 59, 'height': 36}, 'linkedSizeNodeIds': [], 'session_id': '319db85e-7d37-4224-a79e-d77ee523d8c7', 'user_id': 'p2'}",2
115,2000-01-01 01:20:58,instance-e302c54a-73b6-459c-bbf8-7e4190fbc178-resizable,layout.node.moved,"{'nodeId': 'instance-e302c54a-73b6-459c-bbf8-7e4190fbc178-resizable', 'newPos': {'x': 106, 'y': 159}, 'session_id': '319db85e-7d37-4224-a79e-d77ee523d8c7', 'user_id': 'p2'}",2
116,2000-01-01 01:21:00,instance-43eb5de6-da11-405e-9560-ef5c6a93b265,layout.node.moved,"{'nodeId': 'instance-43eb5de6-da11-405e-9560-ef5c6a93b265', 'newPos': {'x': 172.0390625, 'y': 278}, 'session_id': '319db85e-7d37-4224-a79e-d77ee523d8c7', 'user_id': 'p2'}",2
117,2000-01-01 01:21:01,,relationship_node.created,"{'relationship_id': 'instance-e302c54a-73b6-459c-bbf8-7e4190fbc178->instance-43eb5de6-da11-405e-9560-ef5c6a93b265:holding', 'sourceId': 'instance-e302c54a-73b6-459c-bbf8-7e4190fbc178', 'targetId': 'instance-43eb5de6-da11-405e-9560-ef5c6a93b265', 'relation': 'holding', 'video_time': '11:16'}",2
118,2000-01-01 01:21:08,,relationship_node.created,"{'relationship_id': 'instance-4070c3dc-fb3f-4a4b-8de8-dfd94624249c->instance-43eb5de6-da11-405e-9560-ef5c6a93b265:holding', 'sourceId': 'instance-4070c3dc-fb3f-4a4b-8de8-dfd94624249c', 'targetId': 'instance-43eb5de6-da11-405e-9560-ef5c6a93b265', 'relation': 'holding', 'video_time': '11:23'}",2
119,2000-01-01 01:21:27,,instance.created_from_text,"{'position': {'x': 361.0390625, 'y': 211}, 'screen_position': {'x': 422, 'y': 234}, 'board_type': 'advanced', 'session_id': '319db85e-7d37-4224-a79e-d77ee523d8c7', 'user_id': 'p2'}",2
120,2000-01-01 01:21:57,instance-8a6c6223-eeee-4bd6-86aa-d4d73f750771-resizable,layoutboard.node.resizable.resized,"{'nodeId': 'instance-8a6c6223-eeee-4bd6-86aa-d4d73f750771-resizable', 'prevSize': {'width': 50, 'height': 50}, 'newSize': {'width': 135, 'height': 20}, 'delta': {'width': 85, 'height': -30}, 'linkedSizeNodeIds': [], 'session_id': '319db85e-7d37-4224-a79e-d77ee523d8c7', 'user_id': 'p2'}",2
121,2000-01-01 01:22:01,instance-8a6c6223-eeee-4bd6-86aa-d4d73f750771,layout.node.moved,"{'nodeId': 'instance-8a6c6223-eeee-4bd6-86aa-d4d73f750771', 'newPos': {'x': 313.0390625, 'y': 204}, 'session_id': '319db85e-7d37-4224-a79e-d77ee523d8c7', 'user_id': 'p2'}",2
122,2000-01-01 01:22:05,,relationship_node.created,"{'relationship_id': 'instance-4070c3dc-fb3f-4a4b-8de8-dfd94624249c->instance-8a6c6223-eeee-4bd6-86aa-d4d73f750771:holding up with one hand', 'sourceId': 'instance-4070c3dc-fb3f-4a4b-8de8-dfd94624249c', 'targetId': 'instance-8a6c6223-eeee-4bd6-86aa-d4d73f750771', 'relation': 'holding up with one hand', 'video_time': '12:20'}",2
123,2000-01-01 01:22:18,,instance.created_from_text,"{'position': {'x': 379.0390625, 'y': 157}, 'screen_position': {'x': 440, 'y': 180}, 'board_type': 'advanced', 'session_id': '319db85e-7d37-4224-a79e-d77ee523d8c7', 'user_id': 'p2'}",2
124,2000-01-01 01:22:26,instance-14035dfc-c202-46f9-b77d-422c079b0fe9-resizable,layoutboard.node.resizable.resized,"{'nodeId': 'instance-14035dfc-c202-46f9-b77d-422c079b0fe9-resizable', 'prevSize': {'width': 50, 'height': 50}, 'newSize': {'width': 113, 'height': 50}, 'delta': {'width': 63, 'height': 0}, 'linkedSizeNodeIds': [], 'session_id': '319db85e-7d37-4224-a79e-d77ee523d8c7', 'user_id': 'p2'}",2
125,2000-01-01 01:22:30,instance-14035dfc-c202-46f9-b77d-422c079b0fe9-resizable,layoutboard.node.resizable.resized,"{'nodeId': 'instance-14035dfc-c202-46f9-b77d-422c079b0fe9-resizable', 'prevSize': {'width': 50, 'height': 50}, 'newSize': {'width': 130, 'height': 50}, 'delta': {'width': 80, 'height': 0}, 'linkedSizeNodeIds': [], 'session_id': '319db85e-7d37-4224-a79e-d77ee523d8c7', 'user_id': 'p2'}",2
126,2000-01-01 01:23:07,instance-250254db-a095-4413-ad27-632062feffef,instance.created_from_class,"{'instance_id': 'instance-250254db-a095-4413-ad27-632062feffef', 'class_id': 'class-2c0f1381-0dda-4924-b348-6b8e84c93d5b', 'instance_label': 'Child', 'has_text_description': True, 'session_id': '319db85e-7d37-4224-a79e-d77ee523d8c7', 'user_id': 'p2'}",2
127,2000-01-01 01:23:11,instance-250254db-a095-4413-ad27-632062feffef-resizable,layoutboard.node.resizable.resized,"{'nodeId': 'instance-250254db-a095-4413-ad27-632062feffef-resizable', 'prevSize': {'width': 50, 'height': 50}, 'newSize': {'width': 82, 'height': 128}, 'delta': {'width': 32, 'height': 78}, 'linkedSizeNodeIds': [], 'session_id': '319db85e-7d37-4224-a79e-d77ee523d8c7', 'user_id': 'p2'}",2
128,2000-01-01 01:23:17,instance-250254db-a095-4413-ad27-632062feffef-resizable,layout.node.moved,"{'nodeId': 'instance-250254db-a095-4413-ad27-632062feffef-resizable', 'newPos': {'x': 397, 'y': 311}, 'session_id': '319db85e-7d37-4224-a79e-d77ee523d8c7', 'user_id': 'p2'}",2
129,2000-01-01 01:23:19,instance-250254db-a095-4413-ad27-632062feffef-resizable,layoutboard.node.resizable.resized,"{'nodeId': 'instance-250254db-a095-4413-ad27-632062feffef-resizable', 'prevSize': {'width': 50, 'height': 50}, 'newSize': {'width': 81, 'height': 162}, 'delta': {'width': 31, 'height': 112}, 'linkedSizeNodeIds': [], 'session_id': '319db85e-7d37-4224-a79e-d77ee523d8c7', 'user_id': 'p2'}",2
130,2000-01-01 01:23:34,instance-250254db-a095-4413-ad27-632062feffef,instance.updated.text,"{'instance_id': 'instance-250254db-a095-4413-ad27-632062feffef', 'instance_label': 'female', 'text_changed': True, 'graph_changed': False, 'session_id': '319db85e-7d37-4224-a79e-d77ee523d8c7', 'user_id': 'p2'}",2
131,2000-01-01 01:23:39,,instance.created_from_text,"{'position': {'x': 478.0390625, 'y': 276}, 'screen_position': {'x': 539, 'y': 299}, 'board_type': 'advanced', 'session_id': '319db85e-7d37-4224-a79e-d77ee523d8c7', 'user_id': 'p2'}",2
132,2000-01-01 01:23:45,instance-d31cbe9d-2d5c-420d-bf3d-59c3a84b70be,layout.node.moved,"{'nodeId': 'instance-d31cbe9d-2d5c-420d-bf3d-59c3a84b70be', 'newPos': {'x': 392, 'y': 265}, 'session_id': '319db85e-7d37-4224-a79e-d77ee523d8c7', 'user_id': 'p2'}",2
133,2000-01-01 01:23:48,instance-d31cbe9d-2d5c-420d-bf3d-59c3a84b70be-resizable,layoutboard.node.resizable.resized,"{'nodeId': 'instance-d31cbe9d-2d5c-420d-bf3d-59c3a84b70be-resizable', 'prevSize': {'width': 50, 'height': 50}, 'newSize': {'width': 64, 'height': 96}, 'delta': {'width': 14, 'height': 46}, 'linkedSizeNodeIds': [], 'session_id': '319db85e-7d37-4224-a79e-d77ee523d8c7', 'user_id': 'p2'}",2
134,2000-01-01 01:23:51,instance-d31cbe9d-2d5c-420d-bf3d-59c3a84b70be-resizable,layout.node.moved,"{'nodeId': 'instance-d31cbe9d-2d5c-420d-bf3d-59c3a84b70be-resizable', 'newPos': {'x': 440, 'y': 234}, 'session_id': '319db85e-7d37-4224-a79e-d77ee523d8c7', 'user_id': 'p2'}",2
135,2000-01-01 01:24:01,instance-250254db-a095-4413-ad27-632062feffef,layout.node.moved,"{'nodeId': 'instance-250254db-a095-4413-ad27-632062feffef', 'newPos': {'x': 390, 'y': 312}, 'session_id': '319db85e-7d37-4224-a79e-d77ee523d8c7', 'user_id': 'p2'}",2
136,2000-01-01 01:24:03,,relationship_node.created,"{'relationship_id': 'instance-250254db-a095-4413-ad27-632062feffef->instance-d31cbe9d-2d5c-420d-bf3d-59c3a84b70be:holding', 'sourceId': 'instance-250254db-a095-4413-ad27-632062feffef', 'targetId': 'instance-d31cbe9d-2d5c-420d-bf3d-59c3a84b70be', 'relation': 'holding', 'video_time': '14:18'}",2
137,2000-01-01 01:24:15,instance-d31cbe9d-2d5c-420d-bf3d-59c3a84b70be,instance.updated.text,"{'instance_id': 'instance-d31cbe9d-2d5c-420d-bf3d-59c3a84b70be', 'instance_label': 'balloon', 'text_changed': True, 'graph_changed': False, 'session_id': '319db85e-7d37-4224-a79e-d77ee523d8c7', 'user_id': 'p2'}",2
138,2000-01-01 01:24:21,,instance.created_from_text,"{'position': {'x': 364.0390625, 'y': 388}, 'screen_position': {'x': 425, 'y': 411}, 'board_type': 'advanced', 'session_id': '319db85e-7d37-4224-a79e-d77ee523d8c7', 'user_id': 'p2'}",2
139,2000-01-01 01:24:33,,relationship_node.created,"{'relationship_id': 'instance-250254db-a095-4413-ad27-632062feffef->UNKNOWN:bear:holding', 'sourceId': 'instance-250254db-a095-4413-ad27-632062feffef', 'targetId': 'UNKNOWN:bear', 'relation': 'holding', 'video_time': '14:48'}",2
140,2000-01-01 01:25:05,,api.generate_image.succeeded,"{'global_caption': 'a scene featuring an old man wearing a beret, a gray shirt, and black pants, an adult man wearing a blue shirt and beige pants holding a basket and holding up a pan with one hand, an adult female wearing a floral dress, black pants, and a beret holding hands with a man and holding a basket, a picnic basket, a pan, bottles of water on the pan, a female child wearing a pink shirt and a white skirt holding a yellow balloon and a brown teddy bear.', 'region_count': 9, 'has_image': True, 'detected_objects_count': 4, 'image_path': 'output/p2/2025-08-14_01-25-04/image.png', 'image_with_layout_path': 'output/p2/2025-08-14_01-25-04/image_with_layout.png', 'timestamp_dir': 'output/p2/2025-08-14_01-25-04', 'session_id': '319db85e-7d37-4224-a79e-d77ee523d8c7', 'user_id': 'p2'}",2
141,2000-01-01 01:26:07,class-2c0f1381-0dda-4924-b348-6b8e84c93d5b,class.updated,"{'class_id': 'class-2c0f1381-0dda-4924-b348-6b8e84c93d5b', 'class_name': 'man Class', 'placeholder_count': 4, 'object_count': 3, 'session_id': '319db85e-7d37-4224-a79e-d77ee523d8c7', 'user_id': 'p2'}",2
142,2000-01-01 01:26:54,instance-4070c3dc-fb3f-4a4b-8de8-dfd94624249c,instance.updated.graph,"{'instance_id': 'instance-4070c3dc-fb3f-4a4b-8de8-dfd94624249c', 'instance_label': 'man', 'text_changed': False, 'graph_changed': True, 'session_id': '319db85e-7d37-4224-a79e-d77ee523d8c7', 'user_id': 'p2'}",2
143,2000-01-01 01:28:13,class-2c0f1381-0dda-4924-b348-6b8e84c93d5b,class.updated,"{'class_id': 'class-2c0f1381-0dda-4924-b348-6b8e84c93d5b', 'class_name': 'man Class', 'placeholder_count': 4, 'object_count': 3, 'session_id': '319db85e-7d37-4224-a79e-d77ee523d8c7', 'user_id': 'p2'}",2
144,2000-01-01 01:29:33,,api.generate_image.succeeded,"{'global_caption': 'a scene featuring an old man wearing a beret, a gray shirt, and black pants, facing right, an adult man wearing a blue shirt and beige pants holding a basket and holding up a pan with one hand, an adult female wearing a floral dress and black pants, facing forward with black hair, holding hands with a man and holding a basket, a picnic basket, a pan, bottles of water on the pan, a female child wearing a pink shirt and a white skirt holding a yellow balloon and a brown teddy bear.', 'region_count': 9, 'has_image': True, 'detected_objects_count': 7, 'image_path': 'output/p2/2025-08-14_01-29-33/image.png', 'image_with_layout_path': 'output/p2/2025-08-14_01-29-33/image_with_layout.png', 'timestamp_dir': 'output/p2/2025-08-14_01-29-33', 'session_id': '319db85e-7d37-4224-a79e-d77ee523d8c7', 'user_id': 'p2'}",2
145,2000-01-01 01:31:05,instance-f168b841-236d-4c55-b7f9-158a9b50661a,instance.updated.text,"{'instance_id': 'instance-f168b841-236d-4c55-b7f9-158a9b50661a', 'instance_label': 'man', 'text_changed': True, 'graph_changed': False, 'session_id': '319db85e-7d37-4224-a79e-d77ee523d8c7', 'user_id': 'p2'}",2
146,2000-01-01 01:31:32,instance-f168b841-236d-4c55-b7f9-158a9b50661a,instance.updated.text,"{'instance_id': 'instance-f168b841-236d-4c55-b7f9-158a9b50661a', 'instance_label': 'man', 'text_changed': True, 'graph_changed': False, 'session_id': '319db85e-7d37-4224-a79e-d77ee523d8c7', 'user_id': 'p2'}",2
147,2000-01-01 01:32:17,,api.generate_image.succeeded,"{'global_caption': 'a scene featuring an old man wearing a beret, a gray shirt, and black pants, facing right, a young adult man facing forward, wearing a blue shirt and beige pants, holding a basket and holding up a pan with one hand, an adult female wearing a floral dress and black pants, facing forward with black hair, holding hands with a man and holding a basket, a picnic basket, a pan, bottles of water on the pan, a female child wearing a pink shirt and a white skirt, holding a yellow balloon and a brown teddy bear.', 'region_count': 9, 'has_image': True, 'detected_objects_count': 5, 'image_path': 'output/p2/2025-08-14_01-32-16/image.png', 'image_with_layout_path': 'output/p2/2025-08-14_01-32-16/image_with_layout.png', 'timestamp_dir': 'output/p2/2025-08-14_01-32-16', 'session_id': '319db85e-7d37-4224-a79e-d77ee523d8c7', 'user_id': 'p2'}",2
148,2000-01-01 01:33:34,instance-e302c54a-73b6-459c-bbf8-7e4190fbc178,layout.node.moved,"{'nodeId': 'instance-e302c54a-73b6-459c-bbf8-7e4190fbc178', 'newPos': {'x': 93, 'y': 160}, 'session_id': '319db85e-7d37-4224-a79e-d77ee523d8c7', 'user_id': 'p2'}",2
149,2000-01-01 01:33:46,instance-e302c54a-73b6-459c-bbf8-7e4190fbc178,layout.node.moved,"{'nodeId': 'instance-e302c54a-73b6-459c-bbf8-7e4190fbc178', 'newPos': {'x': 68, 'y': 160}, 'session_id': '319db85e-7d37-4224-a79e-d77ee523d8c7', 'user_id': 'p2'}",2
150,2000-01-01 01:33:47,instance-e302c54a-73b6-459c-bbf8-7e4190fbc178,layout.node.moved,"{'nodeId': 'instance-e302c54a-73b6-459c-bbf8-7e4190fbc178', 'newPos': {'x': 0, 'y': 163}, 'session_id': '319db85e-7d37-4224-a79e-d77ee523d8c7', 'user_id': 'p2'}",2
151,2000-01-01 01:33:49,,relationship_node.deleted,"{'relationship_id': 'instance-e302c54a-73b6-459c-bbf8-7e4190fbc178-instance-f168b841-236d-4c55-b7f9-158a9b50661a', 'source_object_id': 'instance-e302c54a-73b6-459c-bbf8-7e4190fbc178', 'target_object_id': 'instance-f168b841-236d-4c55-b7f9-158a9b50661a', 'relation': 'holding hands', 'source_object_name': 'Female', 'target_object_name': 'Man', 'session_id': '319db85e-7d37-4224-a79e-d77ee523d8c7', 'user_id': 'p2'}",2
152,2000-01-01 01:33:52,instance-e302c54a-73b6-459c-bbf8-7e4190fbc178,layout.node.moved,"{'nodeId': 'instance-e302c54a-73b6-459c-bbf8-7e4190fbc178', 'newPos': {'x': 95, 'y': 165}, 'session_id': '319db85e-7d37-4224-a79e-d77ee523d8c7', 'user_id': 'p2'}",2
153,2000-01-01 01:34:21,,api.generate_image.succeeded,"{'global_caption': 'a scene featuring an old man wearing a beret, a gray shirt, and black pants, facing right, a young adult man facing forward, wearing a blue shirt and beige pants, holding a basket and holding up a pan with one hand, an adult female wearing a floral dress and black pants, facing forward with black hair, holding a basket, a picnic basket, a pan, bottles of water on the pan, a female child wearing a pink shirt and a white skirt, holding a yellow balloon and a brown teddy bear.', 'region_count': 9, 'has_image': True, 'detected_objects_count': 7, 'image_path': 'output/p2/2025-08-14_01-34-21/image.png', 'image_with_layout_path': 'output/p2/2025-08-14_01-34-21/image_with_layout.png', 'timestamp_dir': 'output/p2/2025-08-14_01-34-21', 'session_id': '319db85e-7d37-4224-a79e-d77ee523d8c7', 'user_id': 'p2'}",2
154,2000-01-01 04:08:42,,instance.created_from_text,"{'position': {'x': 25.890625, 'y': 261}, 'screen_position': {'x': 88, 'y': 304}, 'board_type': 'advanced', 'session_id': '5c80c448-3160-44a9-a933-407b23b40792', 'user_id': 'P3'}",3
155,2000-01-01 04:08:47,instance-b7388952-8650-4a45-b674-10ac9282678a-resizable,layoutboard.node.resizable.resized,"{'nodeId': 'instance-b7388952-8650-4a45-b674-10ac9282678a-resizable', 'prevSize': {'width': 50, 'height': 50}, 'newSize': {'width': 116, 'height': 264}, 'delta': {'width': 66, 'height': 214}, 'linkedSizeNodeIds': [], 'session_id': '5c80c448-3160-44a9-a933-407b23b40792', 'user_id': 'P3'}",3
156,2000-01-01 04:08:52,instance-b7388952-8650-4a45-b674-10ac9282678a-resizable,layout.node.moved,"{'nodeId': 'instance-b7388952-8650-4a45-b674-10ac9282678a-resizable', 'newPos': {'x': 0, 'y': 248}, 'session_id': '5c80c448-3160-44a9-a933-407b23b40792', 'user_id': 'P3'}",3
157,2000-01-01 04:08:57,,instance.created_from_text,"{'position': {'x': 194.890625, 'y': 242}, 'screen_position': {'x': 257, 'y': 285}, 'board_type': 'advanced', 'session_id': '5c80c448-3160-44a9-a933-407b23b40792', 'user_id': 'P3'}",3
158,2000-01-01 04:09:03,instance-d62ead15-e238-4eb9-982f-0f4391533938-resizable,layoutboard.node.resizable.resized,"{'nodeId': 'instance-d62ead15-e238-4eb9-982f-0f4391533938-resizable', 'prevSize': {'width': 50, 'height': 50}, 'newSize': {'width': 50, 'height': 50}, 'delta': {'width': 0, 'height': 0}, 'linkedSizeNodeIds': [], 'session_id': '5c80c448-3160-44a9-a933-407b23b40792', 'user_id': 'P3'}",3
159,2000-01-01 04:09:05,instance-d62ead15-e238-4eb9-982f-0f4391533938-resizable,layoutboard.node.resizable.resized,"{'nodeId': 'instance-d62ead15-e238-4eb9-982f-0f4391533938-resizable', 'prevSize': {'width': 50, 'height': 50}, 'newSize': {'width': 87, 'height': 274}, 'delta': {'width': 37, 'height': 224}, 'linkedSizeNodeIds': [], 'session_id': '5c80c448-3160-44a9-a933-407b23b40792', 'user_id': 'P3'}",3
160,2000-01-01 04:09:06,instance-d62ead15-e238-4eb9-982f-0f4391533938-resizable,layout.node.moved,"{'nodeId': 'instance-d62ead15-e238-4eb9-982f-0f4391533938-resizable', 'newPos': {'x': 163.890625, 'y': 237}, 'session_id': '5c80c448-3160-44a9-a933-407b23b40792', 'user_id': 'P3'}",3
161,2000-01-01 04:09:09,instance-b7388952-8650-4a45-b674-10ac9282678a-resizable,layoutboard.node.resizable.resized,"{'nodeId': 'instance-b7388952-8650-4a45-b674-10ac9282678a-resizable', 'prevSize': {'width': 50, 'height': 50}, 'newSize': {'width': 87, 'height': 266}, 'delta': {'width': 37, 'height': 216}, 'linkedSizeNodeIds': [], 'session_id': '5c80c448-3160-44a9-a933-407b23b40792', 'user_id': 'P3'}",3
162,2000-01-01 04:09:11,instance-d62ead15-e238-4eb9-982f-0f4391533938-resizable,layout.node.moved,"{'nodeId': 'instance-d62ead15-e238-4eb9-982f-0f4391533938-resizable', 'newPos': {'x': 144.890625, 'y': 236}, 'session_id': '5c80c448-3160-44a9-a933-407b23b40792', 'user_id': 'P3'}",3
163,2000-01-01 04:09:18,,instance.created_from_text,"{'position': {'x': 275.890625, 'y': 281}, 'screen_position': {'x': 338, 'y': 324}, 'board_type': 'advanced', 'session_id': '5c80c448-3160-44a9-a933-407b23b40792', 'user_id': 'P3'}",3
164,2000-01-01 04:09:24,instance-6dd87c3d-95d9-4d94-9364-530c42c2541f-resizable,layoutboard.node.resizable.resized,"{'nodeId': 'instance-6dd87c3d-95d9-4d94-9364-530c42c2541f-resizable', 'prevSize': {'width': 50, 'height': 50}, 'newSize': {'width': 79, 'height': 256}, 'delta': {'width': 29, 'height': 206}, 'linkedSizeNodeIds': [], 'session_id': '5c80c448-3160-44a9-a933-407b23b40792', 'user_id': 'P3'}",3
165,2000-01-01 04:09:27,instance-6dd87c3d-95d9-4d94-9364-530c42c2541f-resizable,layoutboard.node.resizable.resized,"{'nodeId': 'instance-6dd87c3d-95d9-4d94-9364-530c42c2541f-resizable', 'prevSize': {'width': 50, 'height': 50}, 'newSize': {'width': 79, 'height': 256}, 'delta': {'width': 29, 'height': 206}, 'linkedSizeNodeIds': [], 'session_id': '5c80c448-3160-44a9-a933-407b23b40792', 'user_id': 'P3'}",3
166,2000-01-01 04:09:29,instance-6dd87c3d-95d9-4d94-9364-530c42c2541f-resizable,layoutboard.node.resizable.resized,"{'nodeId': 'instance-6dd87c3d-95d9-4d94-9364-530c42c2541f-resizable', 'prevSize': {'width': 50, 'height': 50}, 'newSize': {'width': 95, 'height': 301}, 'delta': {'width': 45, 'height': 251}, 'linkedSizeNodeIds': [], 'session_id': '5c80c448-3160-44a9-a933-407b23b40792', 'user_id': 'P3'}",3
167,2000-01-01 04:09:33,instance-6dd87c3d-95d9-4d94-9364-530c42c2541f-resizable,layoutboard.node.resizable.resized,"{'nodeId': 'instance-6dd87c3d-95d9-4d94-9364-530c42c2541f-resizable', 'prevSize': {'width': 50, 'height': 50}, 'newSize': {'width': 99, 'height': 269}, 'delta': {'width': 49, 'height': 219}, 'linkedSizeNodeIds': [], 'session_id': '5c80c448-3160-44a9-a933-407b23b40792', 'user_id': 'P3'}",3
168,2000-01-01 04:09:37,instance-d62ead15-e238-4eb9-982f-0f4391533938-resizable,layoutboard.node.resizable.resized,"{'nodeId': 'instance-d62ead15-e238-4eb9-982f-0f4391533938-resizable', 'prevSize': {'width': 50, 'height': 50}, 'newSize': {'width': 94, 'height': 240}, 'delta': {'width': 44, 'height': 190}, 'linkedSizeNodeIds': [], 'session_id': '5c80c448-3160-44a9-a933-407b23b40792', 'user_id': 'P3'}",3
169,2000-01-01 04:09:44,,instance.created_from_text,"{'position': {'x': 419.890625, 'y': 253}, 'screen_position': {'x': 482, 'y': 296}, 'board_type': 'advanced', 'session_id': '5c80c448-3160-44a9-a933-407b23b40792', 'user_id': 'P3'}",3
170,2000-01-01 04:09:47,,instance.created_from_text,"{'position': {'x': 403.890625, 'y': 259}, 'screen_position': {'x': 466, 'y': 302}, 'board_type': 'advanced', 'session_id': '5c80c448-3160-44a9-a933-407b23b40792', 'user_id': 'P3'}",3
171,2000-01-01 04:09:51,instance-1a35142f-cd02-449a-8632-5189b2bc31b9-resizable,layoutboard.node.resizable.resized,"{'nodeId': 'instance-1a35142f-cd02-449a-8632-5189b2bc31b9-resizable', 'prevSize': {'width': 50, 'height': 50}, 'newSize': {'width': 89, 'height': 258}, 'delta': {'width': 39, 'height': 208}, 'linkedSizeNodeIds': [], 'session_id': '5c80c448-3160-44a9-a933-407b23b40792', 'user_id': 'P3'}",3
172,2000-01-01 04:09:54,class-457fed5d-c6db-48b9-ace5-09e19b32a589,class.created,"{'class_id': 'class-457fed5d-c6db-48b9-ace5-09e19b32a589', 'class_name': 'woman Class', 'placeholder_count': 1, 'created_from': 'woman', 'session_id': '5c80c448-3160-44a9-a933-407b23b40792', 'user_id': 'P3'}",3
173,2000-01-01 04:10:10,instance-d62ead15-e238-4eb9-982f-0f4391533938,instance.deleted,"{'instance_id': 'instance-d62ead15-e238-4eb9-982f-0f4391533938', 'instance_label': 'woman', 'is_from_class': False, 'class_id': None, 'session_id': '5c80c448-3160-44a9-a933-407b23b40792', 'user_id': 'P3'}",3
174,2000-01-01 04:10:14,instance-6dd87c3d-95d9-4d94-9364-530c42c2541f,instance.deleted,"{'instance_id': 'instance-6dd87c3d-95d9-4d94-9364-530c42c2541f', 'instance_label': 'man', 'is_from_class': False, 'class_id': None, 'session_id': '5c80c448-3160-44a9-a933-407b23b40792', 'user_id': 'P3'}",3
175,2000-01-01 04:10:27,class-457fed5d-c6db-48b9-ace5-09e19b32a589,class.updated,"{'class_id': 'class-457fed5d-c6db-48b9-ace5-09e19b32a589', 'class_name': 'woman Class', 'placeholder_count': 1, 'object_count': 1, 'session_id': '5c80c448-3160-44a9-a933-407b23b40792', 'user_id': 'P3'}",3
176,2000-01-01 04:10:35,class-457fed5d-c6db-48b9-ace5-09e19b32a589,class.updated,"{'class_id': 'class-457fed5d-c6db-48b9-ace5-09e19b32a589', 'class_name': 'woman Class', 'placeholder_count': 1, 'object_count': 1, 'session_id': '5c80c448-3160-44a9-a933-407b23b40792', 'user_id': 'P3'}",3
177,2000-01-01 04:10:41,class-457fed5d-c6db-48b9-ace5-09e19b32a589,class.instances_reset,"{'class_id': 'class-457fed5d-c6db-48b9-ace5-09e19b32a589', 'instance_count': 1, 'class_name': 'woman Class', 'session_id': '5c80c448-3160-44a9-a933-407b23b40792', 'user_id': 'P3'}",3
178,2000-01-01 04:11:56,instance-1a35142f-cd02-449a-8632-5189b2bc31b9,instance.updated.graph,"{'instance_id': 'instance-1a35142f-cd02-449a-8632-5189b2bc31b9', 'instance_label': 'woman', 'text_changed': False, 'graph_changed': True, 'session_id': '5c80c448-3160-44a9-a933-407b23b40792', 'user_id': 'P3'}",3
179,2000-01-01 04:12:27,instance-1a35142f-cd02-449a-8632-5189b2bc31b9,instance.updated.graph,"{'instance_id': 'instance-1a35142f-cd02-449a-8632-5189b2bc31b9', 'instance_label': 'woman', 'text_changed': False, 'graph_changed': True, 'session_id': '5c80c448-3160-44a9-a933-407b23b40792', 'user_id': 'P3'}",3
180,2000-01-01 04:12:49,instance-1a35142f-cd02-449a-8632-5189b2bc31b9,instance.updated.graph,"{'instance_id': 'instance-1a35142f-cd02-449a-8632-5189b2bc31b9', 'instance_label': 'woman', 'text_changed': False, 'graph_changed': True, 'session_id': '5c80c448-3160-44a9-a933-407b23b40792', 'user_id': 'P3'}",3
181,2000-01-01 04:13:17,instance-4e8d30be-57f4-4647-b18f-883737552f5e,instance.created_from_class,"{'instance_id': 'instance-4e8d30be-57f4-4647-b18f-883737552f5e', 'class_id': 'class-457fed5d-c6db-48b9-ace5-09e19b32a589', 'instance_label': 'Female', 'has_text_description': True, 'session_id': '5c80c448-3160-44a9-a933-407b23b40792', 'user_id': 'P3'}",3
182,2000-01-01 04:15:24,instance-4e8d30be-57f4-4647-b18f-883737552f5e,instance.updated.graph,"{'instance_id': 'instance-4e8d30be-57f4-4647-b18f-883737552f5e', 'instance_label': 'Female', 'text_changed': False, 'graph_changed': True, 'session_id': '5c80c448-3160-44a9-a933-407b23b40792', 'user_id': 'P3'}",3
183,2000-01-01 04:15:31,class-578c63ff-3d9c-4291-bf99-f212107f902d,class.created,"{'class_id': 'class-578c63ff-3d9c-4291-bf99-f212107f902d', 'class_name': 'man Class', 'placeholder_count': 1, 'created_from': 'man', 'session_id': '5c80c448-3160-44a9-a933-407b23b40792', 'user_id': 'P3'}",3
184,2000-01-01 04:16:25,class-457fed5d-c6db-48b9-ace5-09e19b32a589,class.updated,"{'class_id': 'class-457fed5d-c6db-48b9-ace5-09e19b32a589', 'class_name': 'woman Class', 'placeholder_count': 1, 'object_count': 1, 'session_id': '5c80c448-3160-44a9-a933-407b23b40792', 'user_id': 'P3'}",3
185,2000-01-01 04:18:35,instance-b7388952-8650-4a45-b674-10ac9282678a,instance.updated.text,"{'instance_id': 'instance-b7388952-8650-4a45-b674-10ac9282678a', 'instance_label': 'man', 'text_changed': True, 'graph_changed': False, 'session_id': '5c80c448-3160-44a9-a933-407b23b40792', 'user_id': 'P3'}",3
186,2000-01-01 04:18:49,instance-4e8d30be-57f4-4647-b18f-883737552f5e-resizable,layoutboard.node.resizable.resized,"{'nodeId': 'instance-4e8d30be-57f4-4647-b18f-883737552f5e-resizable', 'prevSize': {'width': 50, 'height': 50}, 'newSize': {'width': 65, 'height': 67}, 'delta': {'width': 15, 'height': 17}, 'linkedSizeNodeIds': [], 'session_id': '5c80c448-3160-44a9-a933-407b23b40792', 'user_id': 'P3'}",3
187,2000-01-01 04:18:53,instance-4e8d30be-57f4-4647-b18f-883737552f5e,layout.node.moved,"{'nodeId': 'instance-4e8d30be-57f4-4647-b18f-883737552f5e', 'newPos': {'x': 269, 'y': 244}, 'session_id': '5c80c448-3160-44a9-a933-407b23b40792', 'user_id': 'P3'}",3
188,2000-01-01 04:18:57,instance-4e8d30be-57f4-4647-b18f-883737552f5e-resizable,layout.node.moved,"{'nodeId': 'instance-4e8d30be-57f4-4647-b18f-883737552f5e-resizable', 'newPos': {'x': 151, 'y': 264}, 'session_id': '5c80c448-3160-44a9-a933-407b23b40792', 'user_id': 'P3'}",3
189,2000-01-01 04:18:59,instance-4e8d30be-57f4-4647-b18f-883737552f5e-resizable,layoutboard.node.resizable.resized,"{'nodeId': 'instance-4e8d30be-57f4-4647-b18f-883737552f5e-resizable', 'prevSize': {'width': 50, 'height': 50}, 'newSize': {'width': 77, 'height': 220}, 'delta': {'width': 27, 'height': 170}, 'linkedSizeNodeIds': [], 'session_id': '5c80c448-3160-44a9-a933-407b23b40792', 'user_id': 'P3'}",3
190,2000-01-01 04:19:01,instance-4e8d30be-57f4-4647-b18f-883737552f5e-resizable,layoutboard.node.resizable.resized,"{'nodeId': 'instance-4e8d30be-57f4-4647-b18f-883737552f5e-resizable', 'prevSize': {'width': 50, 'height': 50}, 'newSize': {'width': 77, 'height': 254}, 'delta': {'width': 27, 'height': 204}, 'linkedSizeNodeIds': [], 'session_id': '5c80c448-3160-44a9-a933-407b23b40792', 'user_id': 'P3'}",3
191,2000-01-01 04:19:13,instance-46bd879e-724b-4c20-b0f2-536313f86754,instance.created_from_class,"{'instance_id': 'instance-46bd879e-724b-4c20-b0f2-536313f86754', 'class_id': 'class-578c63ff-3d9c-4291-bf99-f212107f902d', 'instance_label': 'Man', 'has_text_description': True, 'session_id': '5c80c448-3160-44a9-a933-407b23b40792', 'user_id': 'P3'}",3
192,2000-01-01 04:20:41,instance-46bd879e-724b-4c20-b0f2-536313f86754,instance.updated.text,"{'instance_id': 'instance-46bd879e-724b-4c20-b0f2-536313f86754', 'instance_label': 'man', 'text_changed': True, 'graph_changed': False, 'session_id': '5c80c448-3160-44a9-a933-407b23b40792', 'user_id': 'P3'}",3
193,2000-01-01 04:21:05,instance-b7388952-8650-4a45-b674-10ac9282678a,instance.updated.text,"{'instance_id': 'instance-b7388952-8650-4a45-b674-10ac9282678a', 'instance_label': 'man', 'text_changed': True, 'graph_changed': False, 'session_id': '5c80c448-3160-44a9-a933-407b23b40792', 'user_id': 'P3'}",3
194,2000-01-01 04:21:14,instance-46bd879e-724b-4c20-b0f2-536313f86754-resizable,layout.node.moved,"{'nodeId': 'instance-46bd879e-724b-4c20-b0f2-536313f86754-resizable', 'newPos': {'x': 293, 'y': 239}, 'session_id': '5c80c448-3160-44a9-a933-407b23b40792', 'user_id': 'P3'}",3
195,2000-01-01 04:21:15,instance-46bd879e-724b-4c20-b0f2-536313f86754-resizable,layoutboard.node.resizable.resized,"{'nodeId': 'instance-46bd879e-724b-4c20-b0f2-536313f86754-resizable', 'prevSize': {'width': 50, 'height': 50}, 'newSize': {'width': 50, 'height': 50}, 'delta': {'width': 0, 'height': 0}, 'linkedSizeNodeIds': [], 'session_id': '5c80c448-3160-44a9-a933-407b23b40792', 'user_id': 'P3'}",3
196,2000-01-01 04:21:17,instance-46bd879e-724b-4c20-b0f2-536313f86754-resizable,layoutboard.node.resizable.resized,"{'nodeId': 'instance-46bd879e-724b-4c20-b0f2-536313f86754-resizable', 'prevSize': {'width': 50, 'height': 50}, 'newSize': {'width': 86, 'height': 278}, 'delta': {'width': 36, 'height': 228}, 'linkedSizeNodeIds': [], 'session_id': '5c80c448-3160-44a9-a933-407b23b40792', 'user_id': 'P3'}",3
197,2000-01-01 04:21:20,instance-46bd879e-724b-4c20-b0f2-536313f86754-resizable,layout.node.moved,"{'nodeId': 'instance-46bd879e-724b-4c20-b0f2-536313f86754-resizable', 'newPos': {'x': 269, 'y': 234}, 'session_id': '5c80c448-3160-44a9-a933-407b23b40792', 'user_id': 'P3'}",3
198,2000-01-01 04:22:03,,api.generate_image.succeeded,"{'global_caption': 'a scene featuring a man wearing a white short-sleeve shirt and beige pants, wearing sunglasses and holding a paper map in his right hand; a woman in a sky-blue dress, taking a picture of the sky, wearing brown sandals and holding a brown hat; a female with a flower pattern top and short jeans, holding a coffee cup in her left hand and a gray suitcase in her right hand; and a man wearing a light green T-shirt, beige shorts, and black shoes, with his hands in his pockets.', 'region_count': 4, 'has_image': True, 'detected_objects_count': 4, 'image_path': 'output/P3/2025-08-14_04-22-01/image.png', 'image_with_layout_path': 'output/P3/2025-08-14_04-22-01/image_with_layout.png', 'timestamp_dir': 'output/P3/2025-08-14_04-22-01', 'session_id': '5c80c448-3160-44a9-a933-407b23b40792', 'user_id': 'P3'}",3
199,2000-01-01 04:23:43,instance-4e8d30be-57f4-4647-b18f-883737552f5e,instance.updated.text,"{'instance_id': 'instance-4e8d30be-57f4-4647-b18f-883737552f5e', 'instance_label': 'female', 'text_changed': True, 'graph_changed': False, 'session_id': '5c80c448-3160-44a9-a933-407b23b40792', 'user_id': 'P3'}",3
200,2000-01-01 04:24:28,instance-4e8d30be-57f4-4647-b18f-883737552f5e,instance.updated.text,"{'instance_id': 'instance-4e8d30be-57f4-4647-b18f-883737552f5e', 'instance_label': 'female', 'text_changed': True, 'graph_changed': False, 'session_id': '5c80c448-3160-44a9-a933-407b23b40792', 'user_id': 'P3'}",3
201,2000-01-01 04:24:50,instance-4e8d30be-57f4-4647-b18f-883737552f5e,instance.updated.text,"{'instance_id': 'instance-4e8d30be-57f4-4647-b18f-883737552f5e', 'instance_label': 'female', 'text_changed': True, 'graph_changed': False, 'session_id': '5c80c448-3160-44a9-a933-407b23b40792', 'user_id': 'P3'}",3
202,2000-01-01 04:25:22,instance-1a35142f-cd02-449a-8632-5189b2bc31b9,instance.updated.text,"{'instance_id': 'instance-1a35142f-cd02-449a-8632-5189b2bc31b9', 'instance_label': 'woman', 'text_changed': True, 'graph_changed': False, 'session_id': '5c80c448-3160-44a9-a933-407b23b40792', 'user_id': 'P3'}",3
203,2000-01-01 04:26:12,instance-b7388952-8650-4a45-b674-10ac9282678a,instance.updated.text,"{'instance_id': 'instance-b7388952-8650-4a45-b674-10ac9282678a', 'instance_label': 'man', 'text_changed': True, 'graph_changed': False, 'session_id': '5c80c448-3160-44a9-a933-407b23b40792', 'user_id': 'P3'}",3
204,2000-01-01 04:26:32,instance-b7388952-8650-4a45-b674-10ac9282678a,instance.updated.graph,"{'instance_id': 'instance-b7388952-8650-4a45-b674-10ac9282678a', 'instance_label': 'man', 'text_changed': False, 'graph_changed': True, 'session_id': '5c80c448-3160-44a9-a933-407b23b40792', 'user_id': 'P3'}",3
205,2000-01-01 04:27:01,instance-46bd879e-724b-4c20-b0f2-536313f86754,instance.updated.text,"{'instance_id': 'instance-46bd879e-724b-4c20-b0f2-536313f86754', 'instance_label': 'man', 'text_changed': True, 'graph_changed': False, 'session_id': '5c80c448-3160-44a9-a933-407b23b40792', 'user_id': 'P3'}",3
206,2000-01-01 04:27:20,instance-1a35142f-cd02-449a-8632-5189b2bc31b9,instance.updated.text,"{'instance_id': 'instance-1a35142f-cd02-449a-8632-5189b2bc31b9', 'instance_label': 'woman', 'text_changed': True, 'graph_changed': False, 'session_id': '5c80c448-3160-44a9-a933-407b23b40792', 'user_id': 'P3'}",3
207,2000-01-01 04:28:03,instance-1a35142f-cd02-449a-8632-5189b2bc31b9,instance.updated.text,"{'instance_id': 'instance-1a35142f-cd02-449a-8632-5189b2bc31b9', 'instance_label': 'woman', 'text_changed': True, 'graph_changed': False, 'session_id': '5c80c448-3160-44a9-a933-407b23b40792', 'user_id': 'P3'}",3
208,2000-01-01 04:28:47,,api.generate_image.succeeded,"{'global_caption': 'a scene featuring a man wearing a white short-sleeve shirt and beige pants, wearing sunglasses and holding a paper map in his right hand, staring to the left; a woman wearing a sky-blue dress, brown sandals, and holding a brown hat in her left hand, taking a picture of the sky with a camera; a female wearing a flower pattern top and short jeans, holding a coffee cup in her left hand and a gray suitcase in her right hand; and a man wearing a light green T-shirt, beige shorts, and black shoes, with his hands in his pockets and staring to the left.', 'region_count': 4, 'has_image': True, 'detected_objects_count': 5, 'image_path': 'output/P3/2025-08-14_04-28-46/image.png', 'image_with_layout_path': 'output/P3/2025-08-14_04-28-46/image_with_layout.png', 'timestamp_dir': 'output/P3/2025-08-14_04-28-46', 'session_id': '5c80c448-3160-44a9-a933-407b23b40792', 'user_id': 'P3'}",3
209,2000-01-01 04:30:06,461b1d70-0c3b-4512-a60c-57cfc901e2a1,instance.created_from_detection,"{'instanceId': '461b1d70-0c3b-4512-a60c-57cfc901e2a1', 'label': 'Suitcase', 'originalObjectLabel': 'suitcase', 'session_id': '5c80c448-3160-44a9-a933-407b23b40792', 'user_id': 'P3'}",3
210,2000-01-01 04:30:06,bf4759b7-72d5-47db-b1a3-98cdfd7d1c1a,instance.created_from_detection,"{'instanceId': 'bf4759b7-72d5-47db-b1a3-98cdfd7d1c1a', 'label': 'Suitcase', 'originalObjectLabel': 'suitcase', 'session_id': '5c80c448-3160-44a9-a933-407b23b40792', 'user_id': 'P3'}",3
211,2000-01-01 04:30:10,461b1d70-0c3b-4512-a60c-57cfc901e2a1,instance.deleted,"{'instance_id': '461b1d70-0c3b-4512-a60c-57cfc901e2a1', 'instance_label': 'Suitcase', 'is_from_class': False, 'class_id': None, 'session_id': '5c80c448-3160-44a9-a933-407b23b40792', 'user_id': 'P3'}",3
212,2000-01-01 04:30:12,fd6985d4-b5b5-496b-a4b5-2b65ed91d734,instance.created_from_detection,"{'instanceId': 'fd6985d4-b5b5-496b-a4b5-2b65ed91d734', 'label': 'Suitcase', 'originalObjectLabel': 'suitcase', 'session_id': '5c80c448-3160-44a9-a933-407b23b40792', 'user_id': 'P3'}",3
213,2000-01-01 04:30:23,fd6985d4-b5b5-496b-a4b5-2b65ed91d734,instance.deleted,"{'instance_id': 'fd6985d4-b5b5-496b-a4b5-2b65ed91d734', 'instance_label': 'Suitcase', 'is_from_class': False, 'class_id': None, 'session_id': '5c80c448-3160-44a9-a933-407b23b40792', 'user_id': 'P3'}",3
214,2000-01-01 04:30:25,bf4759b7-72d5-47db-b1a3-98cdfd7d1c1a,instance.deleted,"{'instance_id': 'bf4759b7-72d5-47db-b1a3-98cdfd7d1c1a', 'instance_label': 'Suitcase', 'is_from_class': False, 'class_id': None, 'session_id': '5c80c448-3160-44a9-a933-407b23b40792', 'user_id': 'P3'}",3
215,2000-01-01 04:30:34,instance-4e8d30be-57f4-4647-b18f-883737552f5e,object_node.extract.confirmed,"{'object_id': 'object3', 'object_name': 'suitcase', 'parent_instance_id': 'instance-4e8d30be-57f4-4647-b18f-883737552f5e', 'session_id': '5c80c448-3160-44a9-a933-407b23b40792', 'user_id': 'P3'}",3
216,2000-01-01 04:30:38,instance-6ffa0075-ed2d-4a9b-8df6-e5a9fa8603a5-resizable,layout.node.moved,"{'nodeId': 'instance-6ffa0075-ed2d-4a9b-8df6-e5a9fa8603a5-resizable', 'newPos': {'x': 131, 'y': 419}, 'session_id': '5c80c448-3160-44a9-a933-407b23b40792', 'user_id': 'P3'}",3
217,2000-01-01 04:30:41,instance-6ffa0075-ed2d-4a9b-8df6-e5a9fa8603a5-resizable,layoutboard.node.resizable.resized,"{'nodeId': 'instance-6ffa0075-ed2d-4a9b-8df6-e5a9fa8603a5-resizable', 'prevSize': {'width': 50, 'height': 50}, 'newSize': {'width': 50, 'height': 101}, 'delta': {'width': 0, 'height': 51}, 'linkedSizeNodeIds': [], 'session_id': '5c80c448-3160-44a9-a933-407b23b40792', 'user_id': 'P3'}",3
218,2000-01-01 04:30:56,instance-4e8d30be-57f4-4647-b18f-883737552f5e,object_node.extract.confirmed,"{'object_id': 'object2', 'object_name': 'coffee cup', 'parent_instance_id': 'instance-4e8d30be-57f4-4647-b18f-883737552f5e', 'session_id': '5c80c448-3160-44a9-a933-407b23b40792', 'user_id': 'P3'}",3
219,2000-01-01 04:31:00,instance-70b834c3-3cb8-4f2d-a579-84aa589d42a4-resizable,layoutboard.node.resizable.resized,"{'nodeId': 'instance-70b834c3-3cb8-4f2d-a579-84aa589d42a4-resizable', 'prevSize': {'width': 50, 'height': 50}, 'newSize': {'width': 23, 'height': 36}, 'delta': {'width': -27, 'height': -14}, 'linkedSizeNodeIds': [], 'session_id': '5c80c448-3160-44a9-a933-407b23b40792', 'user_id': 'P3'}",3
220,2000-01-01 04:31:07,instance-70b834c3-3cb8-4f2d-a579-84aa589d42a4,layout.node.moved,"{'nodeId': 'instance-70b834c3-3cb8-4f2d-a579-84aa589d42a4', 'newPos': {'x': 209, 'y': 331}, 'session_id': '5c80c448-3160-44a9-a933-407b23b40792', 'user_id': 'P3'}",3
221,2000-01-01 04:31:42,instance-b7388952-8650-4a45-b674-10ac9282678a,instance.updated.graph,"{'instance_id': 'instance-b7388952-8650-4a45-b674-10ac9282678a', 'instance_label': 'man', 'text_changed': False, 'graph_changed': True, 'session_id': '5c80c448-3160-44a9-a933-407b23b40792', 'user_id': 'P3'}",3
222,2000-01-01 04:31:56,instance-46bd879e-724b-4c20-b0f2-536313f86754,instance.updated.graph,"{'instance_id': 'instance-46bd879e-724b-4c20-b0f2-536313f86754', 'instance_label': 'man', 'text_changed': False, 'graph_changed': True, 'session_id': '5c80c448-3160-44a9-a933-407b23b40792', 'user_id': 'P3'}",3
223,2000-01-01 04:32:20,instance-1a35142f-cd02-449a-8632-5189b2bc31b9,object_node.extract.confirmed,"{'object_id': 'object2', 'object_name': 'camera', 'parent_instance_id': 'instance-1a35142f-cd02-449a-8632-5189b2bc31b9', 'session_id': '5c80c448-3160-44a9-a933-407b23b40792', 'user_id': 'P3'}",3
224,2000-01-01 04:32:28,instance-6be3c4e6-434f-422e-911d-e20970338087-resizable,layout.node.moved,"{'nodeId': 'instance-6be3c4e6-434f-422e-911d-e20970338087-resizable', 'newPos': {'x': 425, 'y': 229}, 'session_id': '5c80c448-3160-44a9-a933-407b23b40792', 'user_id': 'P3'}",3
225,2000-01-01 04:32:48,,instance.created_from_text,"{'position': {'x': 32.890625, 'y': 26}, 'screen_position': {'x': 95, 'y': 69}, 'board_type': 'advanced', 'session_id': '5c80c448-3160-44a9-a933-407b23b40792', 'user_id': 'P3'}",3
226,2000-01-01 04:33:09,instance-0c170704-6e19-4fd5-9284-3a8771d08364-resizable,layoutboard.node.resizable.resized,"{'nodeId': 'instance-0c170704-6e19-4fd5-9284-3a8771d08364-resizable', 'prevSize': {'width': 50, 'height': 50}, 'newSize': {'width': 465, 'height': 229}, 'delta': {'width': 415, 'height': 179}, 'linkedSizeNodeIds': [], 'session_id': '5c80c448-3160-44a9-a933-407b23b40792', 'user_id': 'P3'}",3
227,2000-01-01 04:34:33,instance-0c170704-6e19-4fd5-9284-3a8771d08364,instance.updated.text,"{'instance_id': 'instance-0c170704-6e19-4fd5-9284-3a8771d08364', 'instance_label': 'background', 'text_changed': True, 'graph_changed': False, 'session_id': '5c80c448-3160-44a9-a933-407b23b40792', 'user_id': 'P3'}",3
228,2000-01-01 04:34:44,instance-1a35142f-cd02-449a-8632-5189b2bc31b9,object_node.extract.confirmed,"{'object_id': 'object5', 'object_name': 'hat', 'parent_instance_id': 'instance-1a35142f-cd02-449a-8632-5189b2bc31b9', 'session_id': '5c80c448-3160-44a9-a933-407b23b40792', 'user_id': 'P3'}",3
229,2000-01-01 04:34:50,instance-c1210409-26c8-4173-907c-8be9ccca297e-resizable,layout.node.moved,"{'nodeId': 'instance-c1210409-26c8-4173-907c-8be9ccca297e-resizable', 'newPos': {'x': 429, 'y': 325}, 'session_id': '5c80c448-3160-44a9-a933-407b23b40792', 'user_id': 'P3'}",3
230,2000-01-01 04:34:51,instance-c1210409-26c8-4173-907c-8be9ccca297e-resizable,layout.node.moved,"{'nodeId': 'instance-c1210409-26c8-4173-907c-8be9ccca297e-resizable', 'newPos': {'x': 443, 'y': 358}, 'session_id': '5c80c448-3160-44a9-a933-407b23b40792', 'user_id': 'P3'}",3
231,2000-01-01 04:35:21,instance-b7388952-8650-4a45-b674-10ac9282678a,instance.updated.text,"{'instance_id': 'instance-b7388952-8650-4a45-b674-10ac9282678a', 'instance_label': 'man', 'text_changed': True, 'graph_changed': False, 'session_id': '5c80c448-3160-44a9-a933-407b23b40792', 'user_id': 'P3'}",3
232,2000-01-01 04:36:01,,api.generate_image.succeeded,"{'global_caption': 'a scene featuring a man wearing a white short-sleeve shirt and beige pants, wearing sunglasses and holding a paper map in his right hand, with his foot in the frame of the image; a woman in a sky-blue dress, wearing brown sandals, with her left hand on her side, taking a picture of the sky with a camera, and holding a brown hat; a female wearing a top with a flower pattern and short jeans, holding a gray suitcase in her right hand and a coffee cup in her left hand; and a man wearing a light green T-shirt, beige shorts, and black shoes, with his hands in his pockets; all set against a background featuring yellow buildings and white street lamps.', 'region_count': 9, 'has_image': True, 'detected_objects_count': 6, 'image_path': 'output/P3/2025-08-14_04-36-00/image.png', 'image_with_layout_path': 'output/P3/2025-08-14_04-36-00/image_with_layout.png', 'timestamp_dir': 'output/P3/2025-08-14_04-36-00', 'session_id': '5c80c448-3160-44a9-a933-407b23b40792', 'user_id': 'P3'}",3
233,2000-01-01 14:03:52,,instance.created_from_text,"{'position': {'x': 48.974998474121094, 'y': 190.19999885559082}, 'screen_position': {'x': 111, 'y': 213}, 'board_type': 'advanced', 'session_id': '4063f7b6-6eee-437c-9525-71078de215db', 'user_id': 'P4'}",4
234,2000-01-01 14:07:39,instance-b96034a2-a9c6-436d-aa59-e24e04e6e019-resizable,layoutboard.node.resizable.resized,"{'nodeId': 'instance-b96034a2-a9c6-436d-aa59-e24e04e6e019-resizable', 'prevSize': {'width': 50, 'height': 50}, 'newSize': {'width': 87, 'height': 288}, 'delta': {'width': 37, 'height': 238}, 'linkedSizeNodeIds': [], 'session_id': '4063f7b6-6eee-437c-9525-71078de215db', 'user_id': 'P4'}",4
235,2000-01-01 14:07:43,instance-b96034a2-a9c6-436d-aa59-e24e04e6e019-resizable,layoutboard.node.resizable.resized,"{'nodeId': 'instance-b96034a2-a9c6-436d-aa59-e24e04e6e019-resizable', 'prevSize': {'width': 50, 'height': 50}, 'newSize': {'width': 98, 'height': 311}, 'delta': {'width': 48, 'height': 261}, 'linkedSizeNodeIds': [], 'session_id': '4063f7b6-6eee-437c-9525-71078de215db', 'user_id': 'P4'}",4
236,2000-01-01 14:07:47,instance-b96034a2-a9c6-436d-aa59-e24e04e6e019-resizable,layoutboard.node.resizable.resized,"{'nodeId': 'instance-b96034a2-a9c6-436d-aa59-e24e04e6e019-resizable', 'prevSize': {'width': 50, 'height': 50}, 'newSize': {'width': 95, 'height': 267}, 'delta': {'width': 45, 'height': 217}, 'linkedSizeNodeIds': [], 'session_id': '4063f7b6-6eee-437c-9525-71078de215db', 'user_id': 'P4'}",4
237,2000-01-01 14:07:48,,instance.created_from_text,"{'position': {'x': 199.9749984741211, 'y': 327.1999988555908}, 'screen_position': {'x': 262, 'y': 350}, 'board_type': 'advanced', 'session_id': '4063f7b6-6eee-437c-9525-71078de215db', 'user_id': 'P4'}",4
238,2000-01-01 14:10:22,instance-ace02351-28c3-4cbb-a665-bc45d5a6557d,layout.node.moved,"{'nodeId': 'instance-ace02351-28c3-4cbb-a665-bc45d5a6557d', 'newPos': {'x': 154.9749984741211, 'y': 215.19999885559082}, 'session_id': '4063f7b6-6eee-437c-9525-71078de215db', 'user_id': 'P4'}",4
239,2000-01-01 14:10:25,instance-ace02351-28c3-4cbb-a665-bc45d5a6557d-resizable,layoutboard.node.resizable.resized,"{'nodeId': 'instance-ace02351-28c3-4cbb-a665-bc45d5a6557d-resizable', 'prevSize': {'width': 50, 'height': 50}, 'newSize': {'width': 110, 'height': 218}, 'delta': {'width': 60, 'height': 168}, 'linkedSizeNodeIds': [], 'session_id': '4063f7b6-6eee-437c-9525-71078de215db', 'user_id': 'P4'}",4
240,2000-01-01 14:10:27,instance-ace02351-28c3-4cbb-a665-bc45d5a6557d-resizable,layoutboard.node.resizable.resized,"{'nodeId': 'instance-ace02351-28c3-4cbb-a665-bc45d5a6557d-resizable', 'prevSize': {'width': 50, 'height': 50}, 'newSize': {'width': 111, 'height': 241}, 'delta': {'width': 61, 'height': 191}, 'linkedSizeNodeIds': [], 'session_id': '4063f7b6-6eee-437c-9525-71078de215db', 'user_id': 'P4'}",4
241,2000-01-01 14:10:30,instance-ace02351-28c3-4cbb-a665-bc45d5a6557d,layout.node.moved,"{'nodeId': 'instance-ace02351-28c3-4cbb-a665-bc45d5a6557d', 'newPos': {'x': 150.9749984741211, 'y': 187.19999885559082}, 'session_id': '4063f7b6-6eee-437c-9525-71078de215db', 'user_id': 'P4'}",4
242,2000-01-01 14:10:36,instance-ace02351-28c3-4cbb-a665-bc45d5a6557d-resizable,layoutboard.node.resizable.resized,"{'nodeId': 'instance-ace02351-28c3-4cbb-a665-bc45d5a6557d-resizable', 'prevSize': {'width': 50, 'height': 50}, 'newSize': {'width': 106, 'height': 246}, 'delta': {'width': 56, 'height': 196}, 'linkedSizeNodeIds': [], 'session_id': '4063f7b6-6eee-437c-9525-71078de215db', 'user_id': 'P4'}",4
243,2000-01-01 14:10:39,,instance.created_from_text,"{'position': {'x': 288.9749984741211, 'y': 227.19999885559082}, 'screen_position': {'x': 351, 'y': 250}, 'board_type': 'advanced', 'session_id': '4063f7b6-6eee-437c-9525-71078de215db', 'user_id': 'P4'}",4
244,2000-01-01 14:11:19,class-be73cce4-f41a-4370-8fe0-574833995fd2,class.created,"{'class_id': 'class-be73cce4-f41a-4370-8fe0-574833995fd2', 'class_name': 'man Class', 'placeholder_count': 9, 'created_from': 'man', 'session_id': '4063f7b6-6eee-437c-9525-71078de215db', 'user_id': 'P4'}",4
245,2000-01-01 14:15:10,instance-cc66915c-c726-49e1-ac77-fba7c0296fff,instance.created_from_class,"{'instance_id': 'instance-cc66915c-c726-49e1-ac77-fba7c0296fff', 'class_id': 'class-be73cce4-f41a-4370-8fe0-574833995fd2', 'instance_label': 'Young man', 'has_text_description': True, 'session_id': '4063f7b6-6eee-437c-9525-71078de215db', 'user_id': 'P4'}",4
246,2000-01-01 14:15:30,instance-cc66915c-c726-49e1-ac77-fba7c0296fff,layout.node.moved,"{'nodeId': 'instance-cc66915c-c726-49e1-ac77-fba7c0296fff', 'newPos': {'x': 275, 'y': 184}, 'session_id': '4063f7b6-6eee-437c-9525-71078de215db', 'user_id': 'P4'}",4
247,2000-01-01 14:15:34,instance-cc66915c-c726-49e1-ac77-fba7c0296fff-resizable,layoutboard.node.resizable.resized,"{'nodeId': 'instance-cc66915c-c726-49e1-ac77-fba7c0296fff-resizable', 'prevSize': {'width': 50, 'height': 50}, 'newSize': {'width': 58, 'height': 249}, 'delta': {'width': 8, 'height': 199}, 'linkedSizeNodeIds': [], 'session_id': '4063f7b6-6eee-437c-9525-71078de215db', 'user_id': 'P4'}",4
248,2000-01-01 14:15:38,instance-cc66915c-c726-49e1-ac77-fba7c0296fff-resizable,layoutboard.node.resizable.resized,"{'nodeId': 'instance-cc66915c-c726-49e1-ac77-fba7c0296fff-resizable', 'prevSize': {'width': 50, 'height': 50}, 'newSize': {'width': 106, 'height': 249}, 'delta': {'width': 56, 'height': 199}, 'linkedSizeNodeIds': [], 'session_id': '4063f7b6-6eee-437c-9525-71078de215db', 'user_id': 'P4'}",4
249,2000-01-01 14:17:02,instance-b96034a2-a9c6-436d-aa59-e24e04e6e019,instance.updated.text,"{'instance_id': 'instance-b96034a2-a9c6-436d-aa59-e24e04e6e019', 'instance_label': 'man', 'text_changed': True, 'graph_changed': False, 'session_id': '4063f7b6-6eee-437c-9525-71078de215db', 'user_id': 'P4'}",4
250,2000-01-01 14:17:26,instance-ace02351-28c3-4cbb-a665-bc45d5a6557d,instance.updated.text,"{'instance_id': 'instance-ace02351-28c3-4cbb-a665-bc45d5a6557d', 'instance_label': 'woman', 'text_changed': True, 'graph_changed': False, 'session_id': '4063f7b6-6eee-437c-9525-71078de215db', 'user_id': 'P4'}",4
251,2000-01-01 14:17:45,instance-cc66915c-c726-49e1-ac77-fba7c0296fff,instance.updated.text,"{'instance_id': 'instance-cc66915c-c726-49e1-ac77-fba7c0296fff', 'instance_label': 'man', 'text_changed': True, 'graph_changed': False, 'session_id': '4063f7b6-6eee-437c-9525-71078de215db', 'user_id': 'P4'}",4
252,2000-01-01 14:17:53,class-0ed5dc61-2fbb-413e-9985-6d0426ff5846,class.created,"{'class_id': 'class-0ed5dc61-2fbb-413e-9985-6d0426ff5846', 'class_name': 'woman Class', 'placeholder_count': 10, 'created_from': 'woman', 'session_id': '4063f7b6-6eee-437c-9525-71078de215db', 'user_id': 'P4'}",4
253,2000-01-01 14:20:29,instance-025eadff-cb88-47b1-b137-4487216e9643,instance.created_from_class,"{'instance_id': 'instance-025eadff-cb88-47b1-b137-4487216e9643', 'class_id': 'class-0ed5dc61-2fbb-413e-9985-6d0426ff5846', 'instance_label': 'Woman', 'has_text_description': True, 'session_id': '4063f7b6-6eee-437c-9525-71078de215db', 'user_id': 'P4'}",4
254,2000-01-01 14:20:45,instance-025eadff-cb88-47b1-b137-4487216e9643,layout.node.moved,"{'nodeId': 'instance-025eadff-cb88-47b1-b137-4487216e9643', 'newPos': {'x': 392, 'y': 188}, 'session_id': '4063f7b6-6eee-437c-9525-71078de215db', 'user_id': 'P4'}",4
255,2000-01-01 14:21:03,instance-025eadff-cb88-47b1-b137-4487216e9643-resizable,layoutboard.node.resizable.resized,"{'nodeId': 'instance-025eadff-cb88-47b1-b137-4487216e9643-resizable', 'prevSize': {'width': 50, 'height': 50}, 'newSize': {'width': 106, 'height': 93}, 'delta': {'width': 56, 'height': 43}, 'linkedSizeNodeIds': [], 'session_id': '4063f7b6-6eee-437c-9525-71078de215db', 'user_id': 'P4'}",4
256,2000-01-01 14:21:05,instance-025eadff-cb88-47b1-b137-4487216e9643-resizable,layoutboard.node.resizable.resized,"{'nodeId': 'instance-025eadff-cb88-47b1-b137-4487216e9643-resizable', 'prevSize': {'width': 50, 'height': 50}, 'newSize': {'width': 98, 'height': 287}, 'delta': {'width': 48, 'height': 237}, 'linkedSizeNodeIds': [], 'session_id': '4063f7b6-6eee-437c-9525-71078de215db', 'user_id': 'P4'}",4
257,2000-01-01 14:21:09,instance-025eadff-cb88-47b1-b137-4487216e9643,layout.node.moved,"{'nodeId': 'instance-025eadff-cb88-47b1-b137-4487216e9643', 'newPos': {'x': 392, 'y': 186}, 'session_id': '4063f7b6-6eee-437c-9525-71078de215db', 'user_id': 'P4'}",4
258,2000-01-01 14:21:14,instance-025eadff-cb88-47b1-b137-4487216e9643-resizable,layoutboard.node.resizable.resized,"{'nodeId': 'instance-025eadff-cb88-47b1-b137-4487216e9643-resizable', 'prevSize': {'width': 50, 'height': 50}, 'newSize': {'width': 95, 'height': 252}, 'delta': {'width': 45, 'height': 202}, 'linkedSizeNodeIds': [], 'session_id': '4063f7b6-6eee-437c-9525-71078de215db', 'user_id': 'P4'}",4
259,2000-01-01 14:22:29,instance-025eadff-cb88-47b1-b137-4487216e9643,instance.updated.text,"{'instance_id': 'instance-025eadff-cb88-47b1-b137-4487216e9643', 'instance_label': 'woman', 'text_changed': True, 'graph_changed': False, 'session_id': '4063f7b6-6eee-437c-9525-71078de215db', 'user_id': 'P4'}",4
260,2000-01-01 14:23:53,instance-b96034a2-a9c6-436d-aa59-e24e04e6e019,instance.updated.text,"{'instance_id': 'instance-b96034a2-a9c6-436d-aa59-e24e04e6e019', 'instance_label': 'man', 'text_changed': True, 'graph_changed': False, 'session_id': '4063f7b6-6eee-437c-9525-71078de215db', 'user_id': 'P4'}",4
261,2000-01-01 14:24:52,instance-cc66915c-c726-49e1-ac77-fba7c0296fff,instance.updated.text,"{'instance_id': 'instance-cc66915c-c726-49e1-ac77-fba7c0296fff', 'instance_label': 'man', 'text_changed': True, 'graph_changed': False, 'session_id': '4063f7b6-6eee-437c-9525-71078de215db', 'user_id': 'P4'}",4
262,2000-01-01 14:26:37,instance-ace02351-28c3-4cbb-a665-bc45d5a6557d,instance.updated.text,"{'instance_id': 'instance-ace02351-28c3-4cbb-a665-bc45d5a6557d', 'instance_label': 'woman', 'text_changed': True, 'graph_changed': False, 'session_id': '4063f7b6-6eee-437c-9525-71078de215db', 'user_id': 'P4'}",4
263,2000-01-01 14:27:23,instance-ace02351-28c3-4cbb-a665-bc45d5a6557d,instance.updated.text,"{'instance_id': 'instance-ace02351-28c3-4cbb-a665-bc45d5a6557d', 'instance_label': 'woman', 'text_changed': True, 'graph_changed': False, 'session_id': '4063f7b6-6eee-437c-9525-71078de215db', 'user_id': 'P4'}",4
264,2000-01-01 14:28:00,,api.generate_image.succeeded,"{'global_caption': 'a scene featuring a young man wearing a white shirt, black sunglasses, beige pants, and black shoes looking at a woman holding a camera, a fatty woman with long hair holding a cup of coffee in her left hand and luggage in her right hand, a young man wearing a green T-shirt, beige short pants, and black sneakers with a gray watch on his left wrist holding something in both hands and watching the girl who holds the camera, and a woman with long hair wearing a bright blue-colored one-piece holding a camera in her left hand and taking a photo while holding a hat in her right hand.', 'region_count': 4, 'has_image': True, 'detected_objects_count': 6, 'image_path': 'output/P4/2025-08-14_14-27-59/image.png', 'image_with_layout_path': 'output/P4/2025-08-14_14-27-59/image_with_layout.png', 'timestamp_dir': 'output/P4/2025-08-14_14-27-59', 'session_id': '4063f7b6-6eee-437c-9525-71078de215db', 'user_id': 'P4'}",4
265,2000-01-01 14:32:32,instance-025eadff-cb88-47b1-b137-4487216e9643,instance.updated.text,"{'instance_id': 'instance-025eadff-cb88-47b1-b137-4487216e9643', 'instance_label': 'woman', 'text_changed': True, 'graph_changed': False, 'session_id': '4063f7b6-6eee-437c-9525-71078de215db', 'user_id': 'P4'}",4
266,2000-01-01 14:33:20,,relationship_node.created,"{'relationship_id': 'instance-b96034a2-a9c6-436d-aa59-e24e04e6e019->instance-ace02351-28c3-4cbb-a665-bc45d5a6557d:look', 'sourceId': 'instance-b96034a2-a9c6-436d-aa59-e24e04e6e019', 'targetId': 'instance-ace02351-28c3-4cbb-a665-bc45d5a6557d', 'relation': 'look', 'video_time': '1:11:40'}",4
267,2000-01-01 14:33:29,,relationship_node.created,"{'relationship_id': 'instance-ace02351-28c3-4cbb-a665-bc45d5a6557d->instance-ace02351-28c3-4cbb-a665-bc45d5a6557d:look', 'sourceId': 'instance-ace02351-28c3-4cbb-a665-bc45d5a6557d', 'targetId': 'instance-ace02351-28c3-4cbb-a665-bc45d5a6557d', 'relation': 'look', 'video_time': '1:11:49'}",4
268,2000-01-01 14:33:36,,relationship_node.created,"{'relationship_id': 'instance-cc66915c-c726-49e1-ac77-fba7c0296fff->instance-ace02351-28c3-4cbb-a665-bc45d5a6557d:look', 'sourceId': 'instance-cc66915c-c726-49e1-ac77-fba7c0296fff', 'targetId': 'instance-ace02351-28c3-4cbb-a665-bc45d5a6557d', 'relation': 'look', 'video_time': '1:11:56'}",4
269,2000-01-01 14:34:00,instance-ace02351-28c3-4cbb-a665-bc45d5a6557d,instance.updated.text,"{'instance_id': 'instance-ace02351-28c3-4cbb-a665-bc45d5a6557d', 'instance_label': 'woman', 'text_changed': True, 'graph_changed': False, 'session_id': '4063f7b6-6eee-437c-9525-71078de215db', 'user_id': 'P4'}",4
270,2000-01-01 14:34:22,instance-025eadff-cb88-47b1-b137-4487216e9643,object_node.extract.confirmed,"{'object_id': 'object6', 'object_name': 'hat', 'parent_instance_id': 'instance-025eadff-cb88-47b1-b137-4487216e9643', 'session_id': '4063f7b6-6eee-437c-9525-71078de215db', 'user_id': 'P4'}",4
271,2000-01-01 14:34:31,instance-84d2015f-eefb-4c47-8fa8-aceb98843bfe-resizable,layout.node.moved,"{'nodeId': 'instance-84d2015f-eefb-4c47-8fa8-aceb98843bfe-resizable', 'newPos': {'x': 370, 'y': 269}, 'session_id': '4063f7b6-6eee-437c-9525-71078de215db', 'user_id': 'P4'}",4
272,2000-01-01 14:34:45,instance-84d2015f-eefb-4c47-8fa8-aceb98843bfe,layout.node.moved,"{'nodeId': 'instance-84d2015f-eefb-4c47-8fa8-aceb98843bfe', 'newPos': {'x': 406, 'y': 287}, 'session_id': '4063f7b6-6eee-437c-9525-71078de215db', 'user_id': 'P4'}",4
273,2000-01-01 14:34:46,instance-84d2015f-eefb-4c47-8fa8-aceb98843bfe,layout.node.moved,"{'nodeId': 'instance-84d2015f-eefb-4c47-8fa8-aceb98843bfe', 'newPos': {'x': 406, 'y': 303}, 'session_id': '4063f7b6-6eee-437c-9525-71078de215db', 'user_id': 'P4'}",4
274,2000-01-01 14:34:50,instance-84d2015f-eefb-4c47-8fa8-aceb98843bfe-resizable,layout.node.moved,"{'nodeId': 'instance-84d2015f-eefb-4c47-8fa8-aceb98843bfe-resizable', 'newPos': {'x': 449, 'y': 275}, 'session_id': '4063f7b6-6eee-437c-9525-71078de215db', 'user_id': 'P4'}",4
275,2000-01-01 14:35:18,instance-025eadff-cb88-47b1-b137-4487216e9643,instance.updated.text,"{'instance_id': 'instance-025eadff-cb88-47b1-b137-4487216e9643', 'instance_label': 'woman', 'text_changed': True, 'graph_changed': False, 'session_id': '4063f7b6-6eee-437c-9525-71078de215db', 'user_id': 'P4'}",4
276,2000-01-01 14:35:53,instance-b96034a2-a9c6-436d-aa59-e24e04e6e019,object_node.extract.confirmed,"{'object_id': 'object6', 'object_name': 'map', 'parent_instance_id': 'instance-b96034a2-a9c6-436d-aa59-e24e04e6e019', 'session_id': '4063f7b6-6eee-437c-9525-71078de215db', 'user_id': 'P4'}",4
277,2000-01-01 14:36:03,instance-6f342285-b3fa-4b05-b5d6-c472cb137afe,layout.node.moved,"{'nodeId': 'instance-6f342285-b3fa-4b05-b5d6-c472cb137afe', 'newPos': {'x': 26, 'y': 268}, 'session_id': '4063f7b6-6eee-437c-9525-71078de215db', 'user_id': 'P4'}",4
278,2000-01-01 14:36:44,instance-ace02351-28c3-4cbb-a665-bc45d5a6557d,object_node.extract.confirmed,"{'object_id': 'object4', 'object_name': 'cup', 'parent_instance_id': 'instance-ace02351-28c3-4cbb-a665-bc45d5a6557d', 'session_id': '4063f7b6-6eee-437c-9525-71078de215db', 'user_id': 'P4'}",4
279,2000-01-01 14:36:55,instance-4cb33da2-6010-4a8a-9e20-061a9057be6a-resizable,layout.node.moved,"{'nodeId': 'instance-4cb33da2-6010-4a8a-9e20-061a9057be6a-resizable', 'newPos': {'x': 201, 'y': 249}, 'session_id': '4063f7b6-6eee-437c-9525-71078de215db', 'user_id': 'P4'}",4
280,2000-01-01 14:37:33,,api.generate_image.succeeded,"{'global_caption': 'a scene featuring a young man wearing a white shirt, black sunglasses, beige pants, and black shoes looking at a woman holding a camera, a fatty woman in a flower-patterned dress, jean shorts, and sandals holding a cup of coffee in her left hand and luggage in her right hand while looking at another woman who is holding a camera, a young man wearing a green T-shirt, beige short pants, and black sneakers with a gray watch on his left wrist holding something in both hands and interestingly watching the girl who holds a camera, a woman with long hair wearing a bright blue one-piece dress taking a photo with a camera in her right hand while holding a hat in her left hand, a hat on the woman, a map, and a coffee cup on the woman.', 'region_count': 7, 'has_image': True, 'detected_objects_count': 6, 'image_path': 'output/P4/2025-08-14_14-37-32/image.png', 'image_with_layout_path': 'output/P4/2025-08-14_14-37-32/image_with_layout.png', 'timestamp_dir': 'output/P4/2025-08-14_14-37-32', 'session_id': '4063f7b6-6eee-437c-9525-71078de215db', 'user_id': 'P4'}",4
281,2000-01-01 07:08:40,,instance.created_from_text,"{'position': {'x': 51.109375, 'y': 230}, 'screen_position': {'x': 113, 'y': 253}, 'board_type': 'advanced', 'session_id': '9b200cbe-6fff-4d2a-845e-ad426c3baeb2', 'user_id': 'P5'}",5
282,2000-01-01 07:10:28,instance-1c82c574-70ce-4d1d-a167-12f82686a006-resizable,layoutboard.node.resizable.resized,"{'nodeId': 'instance-1c82c574-70ce-4d1d-a167-12f82686a006-resizable', 'prevSize': {'width': 50, 'height': 50}, 'newSize': {'width': 119, 'height': 247}, 'delta': {'width': 69, 'height': 197}, 'linkedSizeNodeIds': [], 'session_id': '9b200cbe-6fff-4d2a-845e-ad426c3baeb2', 'user_id': 'P5'}",5
283,2000-01-01 07:10:30,instance-1c82c574-70ce-4d1d-a167-12f82686a006-resizable,layout.node.moved,"{'nodeId': 'instance-1c82c574-70ce-4d1d-a167-12f82686a006-resizable', 'newPos': {'x': 24.109375, 'y': 217}, 'session_id': '9b200cbe-6fff-4d2a-845e-ad426c3baeb2', 'user_id': 'P5'}",5
284,2000-01-01 07:10:33,instance-1c82c574-70ce-4d1d-a167-12f82686a006-resizable,layoutboard.node.resizable.resized,"{'nodeId': 'instance-1c82c574-70ce-4d1d-a167-12f82686a006-resizable', 'prevSize': {'width': 50, 'height': 50}, 'newSize': {'width': 119, 'height': 247}, 'delta': {'width': 69, 'height': 197}, 'linkedSizeNodeIds': [], 'session_id': '9b200cbe-6fff-4d2a-845e-ad426c3baeb2', 'user_id': 'P5'}",5
285,2000-01-01 07:10:35,instance-1c82c574-70ce-4d1d-a167-12f82686a006-resizable,layoutboard.node.resizable.resized,"{'nodeId': 'instance-1c82c574-70ce-4d1d-a167-12f82686a006-resizable', 'prevSize': {'width': 50, 'height': 50}, 'newSize': {'width': 124, 'height': 265}, 'delta': {'width': 74, 'height': 215}, 'linkedSizeNodeIds': [], 'session_id': '9b200cbe-6fff-4d2a-845e-ad426c3baeb2', 'user_id': 'P5'}",5
286,2000-01-01 07:11:00,,api.generate_image.succeeded,"{'global_caption': 'a scene featuring a male person wearing a white shirt, beige pants, black shoes, and a silver clock', 'region_count': 1, 'has_image': True, 'detected_objects_count': 4, 'image_path': 'output/P5/2025-08-19_07-10-59/image.png', 'image_with_layout_path': 'output/P5/2025-08-19_07-10-59/image_with_layout.png', 'timestamp_dir': 'output/P5/2025-08-19_07-10-59', 'session_id': '9b200cbe-6fff-4d2a-845e-ad426c3baeb2', 'user_id': 'P5'}",5
287,2000-01-01 07:11:40,class-b6448306-b0c9-447c-a6a7-ff1bba09a990,class.created,"{'class_id': 'class-b6448306-b0c9-447c-a6a7-ff1bba09a990', 'class_name': 'person Class', 'placeholder_count': 5, 'created_from': 'person', 'session_id': '9b200cbe-6fff-4d2a-845e-ad426c3baeb2', 'user_id': 'P5'}",5
288,2000-01-01 07:12:15,class-b6448306-b0c9-447c-a6a7-ff1bba09a990,class.updated,"{'class_id': 'class-b6448306-b0c9-447c-a6a7-ff1bba09a990', 'class_name': 'person Class', 'placeholder_count': 5, 'object_count': 5, 'session_id': '9b200cbe-6fff-4d2a-845e-ad426c3baeb2', 'user_id': 'P5'}",5
289,2000-01-01 07:12:48,,api.generate_image.succeeded,"{'global_caption': 'a scene featuring a male person wearing a white shirt, beige pants, black shoes, and a silver clock, facing forward', 'region_count': 1, 'has_image': True, 'detected_objects_count': 3, 'image_path': 'output/P5/2025-08-19_07-12-47/image.png', 'image_with_layout_path': 'output/P5/2025-08-19_07-12-47/image_with_layout.png', 'timestamp_dir': 'output/P5/2025-08-19_07-12-47', 'session_id': '9b200cbe-6fff-4d2a-845e-ad426c3baeb2', 'user_id': 'P5'}",5
290,2000-01-01 07:13:14,class-68768b8e-d462-43d4-b29a-1bb6ced413fd,class.created,"{'class_id': 'class-68768b8e-d462-43d4-b29a-1bb6ced413fd', 'class_name': 'person Class', 'placeholder_count': 5, 'created_from': 'person', 'session_id': '9b200cbe-6fff-4d2a-845e-ad426c3baeb2', 'user_id': 'P5'}",5
291,2000-01-01 07:14:01,,instance.created_from_text,"{'position': {'x': 174.109375, 'y': 197}, 'screen_position': {'x': 236, 'y': 239}, 'board_type': 'advanced', 'session_id': '9b200cbe-6fff-4d2a-845e-ad426c3baeb2', 'user_id': 'P5'}",5
292,2000-01-01 07:14:05,,instance.created_from_text,"{'position': {'x': 246.109375, 'y': 330}, 'screen_position': {'x': 308, 'y': 372}, 'board_type': 'advanced', 'session_id': '9b200cbe-6fff-4d2a-845e-ad426c3baeb2', 'user_id': 'P5'}",5
293,2000-01-01 07:14:39,class-2569d872-0c84-4f89-82e9-2c9e5bc114c8,class.created,"{'class_id': 'class-2569d872-0c84-4f89-82e9-2c9e5bc114c8', 'class_name': 'person Class', 'placeholder_count': 5, 'created_from': 'person', 'session_id': '9b200cbe-6fff-4d2a-845e-ad426c3baeb2', 'user_id': 'P5'}",5
294,2000-01-01 07:15:26,class-68768b8e-d462-43d4-b29a-1bb6ced413fd,class.updated,"{'class_id': 'class-68768b8e-d462-43d4-b29a-1bb6ced413fd', 'class_name': 'person Class', 'placeholder_count': 5, 'object_count': 5, 'session_id': '9b200cbe-6fff-4d2a-845e-ad426c3baeb2', 'user_id': 'P5'}",5
295,2000-01-01 07:17:52,instance-15559327-52cc-4496-ab52-ae8803443865,instance.created_from_class,"{'instance_id': 'instance-15559327-52cc-4496-ab52-ae8803443865', 'class_id': 'class-2569d872-0c84-4f89-82e9-2c9e5bc114c8', 'instance_label': 'Female', 'has_text_description': True, 'session_id': '9b200cbe-6fff-4d2a-845e-ad426c3baeb2', 'user_id': 'P5'}",5
296,2000-01-01 07:18:00,class-2569d872-0c84-4f89-82e9-2c9e5bc114c8,class.updated,"{'class_id': 'class-2569d872-0c84-4f89-82e9-2c9e5bc114c8', 'class_name': 'person Class', 'placeholder_count': 5, 'object_count': 5, 'session_id': '9b200cbe-6fff-4d2a-845e-ad426c3baeb2', 'user_id': 'P5'}",5
297,2000-01-01 07:18:07,instance-15559327-52cc-4496-ab52-ae8803443865,layout.node.moved,"{'nodeId': 'instance-15559327-52cc-4496-ab52-ae8803443865', 'newPos': {'x': 194, 'y': 208}, 'session_id': '9b200cbe-6fff-4d2a-845e-ad426c3baeb2', 'user_id': 'P5'}",5
298,2000-01-01 07:18:19,class-f3a1eaea-835f-43b2-a8d0-fb6916a68568,class.created,"{'class_id': 'class-f3a1eaea-835f-43b2-a8d0-fb6916a68568', 'class_name': 'Female Class', 'placeholder_count': 5, 'created_from': 'Female', 'session_id': '9b200cbe-6fff-4d2a-845e-ad426c3baeb2', 'user_id': 'P5'}",5
299,2000-01-01 07:20:18,instance-15559327-52cc-4496-ab52-ae8803443865,instance.updated.graph,"{'instance_id': 'instance-15559327-52cc-4496-ab52-ae8803443865', 'instance_label': 'Female', 'text_changed': False, 'graph_changed': True, 'session_id': '9b200cbe-6fff-4d2a-845e-ad426c3baeb2', 'user_id': 'P5'}",5
300,2000-01-01 07:20:20,instance-15559327-52cc-4496-ab52-ae8803443865,layout.node.moved,"{'nodeId': 'instance-15559327-52cc-4496-ab52-ae8803443865', 'newPos': {'x': 191, 'y': 213}, 'session_id': '9b200cbe-6fff-4d2a-845e-ad426c3baeb2', 'user_id': 'P5'}",5
301,2000-01-01 07:20:22,instance-15559327-52cc-4496-ab52-ae8803443865,layout.node.moved,"{'nodeId': 'instance-15559327-52cc-4496-ab52-ae8803443865', 'newPos': {'x': 176, 'y': 180}, 'session_id': '9b200cbe-6fff-4d2a-845e-ad426c3baeb2', 'user_id': 'P5'}",5
302,2000-01-01 07:20:23,instance-15559327-52cc-4496-ab52-ae8803443865-resizable,layoutboard.node.resizable.resized,"{'nodeId': 'instance-15559327-52cc-4496-ab52-ae8803443865-resizable', 'prevSize': {'width': 50, 'height': 50}, 'newSize': {'width': 50, 'height': 50}, 'delta': {'width': 0, 'height': 0}, 'linkedSizeNodeIds': [], 'session_id': '9b200cbe-6fff-4d2a-845e-ad426c3baeb2', 'user_id': 'P5'}",5
303,2000-01-01 07:20:26,instance-15559327-52cc-4496-ab52-ae8803443865-resizable,layoutboard.node.resizable.resized,"{'nodeId': 'instance-15559327-52cc-4496-ab52-ae8803443865-resizable', 'prevSize': {'width': 50, 'height': 50}, 'newSize': {'width': 50, 'height': 50}, 'delta': {'width': 0, 'height': 0}, 'linkedSizeNodeIds': [], 'session_id': '9b200cbe-6fff-4d2a-845e-ad426c3baeb2', 'user_id': 'P5'}",5
304,2000-01-01 07:20:28,instance-15559327-52cc-4496-ab52-ae8803443865-resizable,layoutboard.node.resizable.resized,"{'nodeId': 'instance-15559327-52cc-4496-ab52-ae8803443865-resizable', 'prevSize': {'width': 50, 'height': 50}, 'newSize': {'width': 49, 'height': 87}, 'delta': {'width': -1, 'height': 37}, 'linkedSizeNodeIds': [], 'session_id': '9b200cbe-6fff-4d2a-845e-ad426c3baeb2', 'user_id': 'P5'}",5
305,2000-01-01 07:20:29,instance-15559327-52cc-4496-ab52-ae8803443865-resizable,layoutboard.node.resizable.resized,"{'nodeId': 'instance-15559327-52cc-4496-ab52-ae8803443865-resizable', 'prevSize': {'width': 50, 'height': 50}, 'newSize': {'width': 36, 'height': 191}, 'delta': {'width': -14, 'height': 141}, 'linkedSizeNodeIds': [], 'session_id': '9b200cbe-6fff-4d2a-845e-ad426c3baeb2', 'user_id': 'P5'}",5
306,2000-01-01 07:20:30,instance-15559327-52cc-4496-ab52-ae8803443865-resizable,layoutboard.node.resizable.resized,"{'nodeId': 'instance-15559327-52cc-4496-ab52-ae8803443865-resizable', 'prevSize': {'width': 50, 'height': 50}, 'newSize': {'width': 40, 'height': 269}, 'delta': {'width': -10, 'height': 219}, 'linkedSizeNodeIds': [], 'session_id': '9b200cbe-6fff-4d2a-845e-ad426c3baeb2', 'user_id': 'P5'}",5
307,2000-01-01 07:20:36,instance-15559327-52cc-4496-ab52-ae8803443865-resizable,layoutboard.node.resizable.resized,"{'nodeId': 'instance-15559327-52cc-4496-ab52-ae8803443865-resizable', 'prevSize': {'width': 50, 'height': 50}, 'newSize': {'width': 133, 'height': 287}, 'delta': {'width': 83, 'height': 237}, 'linkedSizeNodeIds': [], 'session_id': '9b200cbe-6fff-4d2a-845e-ad426c3baeb2', 'user_id': 'P5'}",5
308,2000-01-01 07:21:07,,api.generate_image.succeeded,"{'global_caption': 'a scene featuring a male person wearing a white shirt, beige pants, black shoes, and a silver clock, facing forward, and a forward-facing female wearing a white shirt, blue shorts, black slippers, and carrying a silver carrier', 'region_count': 2, 'has_image': True, 'detected_objects_count': 11, 'image_path': 'output/P5/2025-08-19_07-21-06/image.png', 'image_with_layout_path': 'output/P5/2025-08-19_07-21-06/image_with_layout.png', 'timestamp_dir': 'output/P5/2025-08-19_07-21-06', 'session_id': '9b200cbe-6fff-4d2a-845e-ad426c3baeb2', 'user_id': 'P5'}",5
309,2000-01-01 07:21:28,class-778ca8ae-d3f4-4def-bb32-1e404bbdfc7e,class.created,"{'class_id': 'class-778ca8ae-d3f4-4def-bb32-1e404bbdfc7e', 'class_name': 'Female Class', 'placeholder_count': 5, 'created_from': 'Female', 'session_id': '9b200cbe-6fff-4d2a-845e-ad426c3baeb2', 'user_id': 'P5'}",5
310,2000-01-01 07:22:02,instance-15559327-52cc-4496-ab52-ae8803443865,instance.updated.graph,"{'instance_id': 'instance-15559327-52cc-4496-ab52-ae8803443865', 'instance_label': 'Female', 'text_changed': False, 'graph_changed': True, 'session_id': '9b200cbe-6fff-4d2a-845e-ad426c3baeb2', 'user_id': 'P5'}",5
311,2000-01-01 07:22:12,,instance.created_from_text,"{'position': {'x': 374.109375, 'y': 199}, 'screen_position': {'x': 436, 'y': 242}, 'board_type': 'advanced', 'session_id': '9b200cbe-6fff-4d2a-845e-ad426c3baeb2', 'user_id': 'P5'}",5
312,2000-01-01 07:22:23,class-b6448306-b0c9-447c-a6a7-ff1bba09a990,class.deleted,"{'class_id': 'class-b6448306-b0c9-447c-a6a7-ff1bba09a990', 'class_name': 'person Class', 'affected_instances_count': 0, 'placeholder_count': 5, 'session_id': '9b200cbe-6fff-4d2a-845e-ad426c3baeb2', 'user_id': 'P5'}",5
313,2000-01-01 07:22:23,class-b6448306-b0c9-447c-a6a7-ff1bba09a990,class_deleted,"{'class_id': 'class-b6448306-b0c9-447c-a6a7-ff1bba09a990', 'class_name': 'person Class', 'instance_count': 0, 'session_id': '9b200cbe-6fff-4d2a-845e-ad426c3baeb2', 'user_id': 'P5'}",5
314,2000-01-01 07:22:25,class-68768b8e-d462-43d4-b29a-1bb6ced413fd,class.deleted,"{'class_id': 'class-68768b8e-d462-43d4-b29a-1bb6ced413fd', 'class_name': 'person Class', 'affected_instances_count': 0, 'placeholder_count': 5, 'session_id': '9b200cbe-6fff-4d2a-845e-ad426c3baeb2', 'user_id': 'P5'}",5
315,2000-01-01 07:22:25,class-68768b8e-d462-43d4-b29a-1bb6ced413fd,class_deleted,"{'class_id': 'class-68768b8e-d462-43d4-b29a-1bb6ced413fd', 'class_name': 'person Class', 'instance_count': 0, 'session_id': '9b200cbe-6fff-4d2a-845e-ad426c3baeb2', 'user_id': 'P5'}",5
316,2000-01-01 07:22:27,class-f3a1eaea-835f-43b2-a8d0-fb6916a68568,class.deleted,"{'class_id': 'class-f3a1eaea-835f-43b2-a8d0-fb6916a68568', 'class_name': 'Female Class', 'affected_instances_count': 0, 'placeholder_count': 5, 'session_id': '9b200cbe-6fff-4d2a-845e-ad426c3baeb2', 'user_id': 'P5'}",5
317,2000-01-01 07:22:27,class-f3a1eaea-835f-43b2-a8d0-fb6916a68568,class_deleted,"{'class_id': 'class-f3a1eaea-835f-43b2-a8d0-fb6916a68568', 'class_name': 'Female Class', 'instance_count': 0, 'session_id': '9b200cbe-6fff-4d2a-845e-ad426c3baeb2', 'user_id': 'P5'}",5
318,2000-01-01 07:22:30,,api.generate_image.succeeded,"{'global_caption': 'a scene featuring a male person wearing a white shirt, beige pants, black shoes, and a silver clock, facing forward, and a forward-facing female wearing a white, flower-covered shirt, blue shorts, black slippers, and carrying a silver carrier', 'region_count': 2, 'has_image': True, 'detected_objects_count': 3, 'image_path': 'output/P5/2025-08-19_07-22-29/image.png', 'image_with_layout_path': 'output/P5/2025-08-19_07-22-29/image_with_layout.png', 'timestamp_dir': 'output/P5/2025-08-19_07-22-29', 'session_id': '9b200cbe-6fff-4d2a-845e-ad426c3baeb2', 'user_id': 'P5'}",5
319,2000-01-01 07:22:51,class-59be96c0-22b2-4727-94f1-61a2b0c00141,class.created,"{'class_id': 'class-59be96c0-22b2-4727-94f1-61a2b0c00141', 'class_name': 'Female Class', 'placeholder_count': 5, 'created_from': 'Female', 'session_id': '9b200cbe-6fff-4d2a-845e-ad426c3baeb2', 'user_id': 'P5'}",5
320,2000-01-01 07:24:36,instance-e364bfa7-b476-4fbb-9fe8-3e11881dde1a,instance.created_from_class,"{'instance_id': 'instance-e364bfa7-b476-4fbb-9fe8-3e11881dde1a', 'class_id': 'class-59be96c0-22b2-4727-94f1-61a2b0c00141', 'instance_label': 'Person', 'has_text_description': True, 'session_id': '9b200cbe-6fff-4d2a-845e-ad426c3baeb2', 'user_id': 'P5'}",5
321,2000-01-01 07:24:40,instance-e364bfa7-b476-4fbb-9fe8-3e11881dde1a,layout.node.moved,"{'nodeId': 'instance-e364bfa7-b476-4fbb-9fe8-3e11881dde1a', 'newPos': {'x': 336, 'y': 182}, 'session_id': '9b200cbe-6fff-4d2a-845e-ad426c3baeb2', 'user_id': 'P5'}",5
322,2000-01-01 07:24:44,instance-e364bfa7-b476-4fbb-9fe8-3e11881dde1a-resizable,layoutboard.node.resizable.resized,"{'nodeId': 'instance-e364bfa7-b476-4fbb-9fe8-3e11881dde1a-resizable', 'prevSize': {'width': 50, 'height': 50}, 'newSize': {'width': 50, 'height': 50}, 'delta': {'width': 0, 'height': 0}, 'linkedSizeNodeIds': [], 'session_id': '9b200cbe-6fff-4d2a-845e-ad426c3baeb2', 'user_id': 'P5'}",5
323,2000-01-01 07:24:48,instance-e364bfa7-b476-4fbb-9fe8-3e11881dde1a-resizable,layoutboard.node.resizable.resized,"{'nodeId': 'instance-e364bfa7-b476-4fbb-9fe8-3e11881dde1a-resizable', 'prevSize': {'width': 50, 'height': 50}, 'newSize': {'width': 115, 'height': 283}, 'delta': {'width': 65, 'height': 233}, 'linkedSizeNodeIds': [], 'session_id': '9b200cbe-6fff-4d2a-845e-ad426c3baeb2', 'user_id': 'P5'}",5
324,2000-01-01 07:26:32,instance-e364bfa7-b476-4fbb-9fe8-3e11881dde1a,instance.updated.graph,"{'instance_id': 'instance-e364bfa7-b476-4fbb-9fe8-3e11881dde1a', 'instance_label': 'Person', 'text_changed': False, 'graph_changed': True, 'session_id': '9b200cbe-6fff-4d2a-845e-ad426c3baeb2', 'user_id': 'P5'}",5
325,2000-01-01 07:27:09,instance-e364bfa7-b476-4fbb-9fe8-3e11881dde1a,instance.updated.text,"{'instance_id': 'instance-e364bfa7-b476-4fbb-9fe8-3e11881dde1a', 'instance_label': 'person', 'text_changed': True, 'graph_changed': False, 'session_id': '9b200cbe-6fff-4d2a-845e-ad426c3baeb2', 'user_id': 'P5'}",5
326,2000-01-01 07:27:45,,api.generate_image.succeeded,"{'global_caption': 'a scene featuring a male person wearing a white shirt, beige pants, black shoes, and a silver clock, facing forward, a forward-facing female wearing a white, flower-covered shirt, blue shorts, black slippers, and carrying a silver carrier, and a male person wearing beige shorts and black sneakers while facing forward, with his hands in the pockets of his shorts', 'region_count': 3, 'has_image': True, 'detected_objects_count': 4, 'image_path': 'output/P5/2025-08-19_07-27-44/image.png', 'image_with_layout_path': 'output/P5/2025-08-19_07-27-44/image_with_layout.png', 'timestamp_dir': 'output/P5/2025-08-19_07-27-44', 'session_id': '9b200cbe-6fff-4d2a-845e-ad426c3baeb2', 'user_id': 'P5'}",5
327,2000-01-01 07:28:23,instance-e364bfa7-b476-4fbb-9fe8-3e11881dde1a,instance.updated.text,"{'instance_id': 'instance-e364bfa7-b476-4fbb-9fe8-3e11881dde1a', 'instance_label': 'person', 'text_changed': True, 'graph_changed': False, 'session_id': '9b200cbe-6fff-4d2a-845e-ad426c3baeb2', 'user_id': 'P5'}",5
328,2000-01-01 07:28:52,instance-15559327-52cc-4496-ab52-ae8803443865,instance.updated.graph,"{'instance_id': 'instance-15559327-52cc-4496-ab52-ae8803443865', 'instance_label': 'Female', 'text_changed': False, 'graph_changed': True, 'session_id': '9b200cbe-6fff-4d2a-845e-ad426c3baeb2', 'user_id': 'P5'}",5
329,2000-01-01 07:29:35,instance-15559327-52cc-4496-ab52-ae8803443865,instance.updated.text,"{'instance_id': 'instance-15559327-52cc-4496-ab52-ae8803443865', 'instance_label': 'person', 'text_changed': True, 'graph_changed': False, 'session_id': '9b200cbe-6fff-4d2a-845e-ad426c3baeb2', 'user_id': 'P5'}",5
330,2000-01-01 07:30:07,,api.generate_image.succeeded,"{'global_caption': 'a scene featuring a male person wearing a white shirt, beige pants, black shoes, and a silver clock, facing forward, a forward-facing female wearing a white, flower-covered shirt, blue shorts, black slippers, and carrying silver luggage with her right hand, and a male person wearing beige shorts and a blue shirt and black sneakers while facing forward, with his hands in the pockets of his shorts', 'region_count': 3, 'has_image': True, 'detected_objects_count': 4, 'image_path': 'output/P5/2025-08-19_07-30-06/image.png', 'image_with_layout_path': 'output/P5/2025-08-19_07-30-06/image_with_layout.png', 'timestamp_dir': 'output/P5/2025-08-19_07-30-06', 'session_id': '9b200cbe-6fff-4d2a-845e-ad426c3baeb2', 'user_id': 'P5'}",5
331,2000-01-01 07:30:28,instance-15559327-52cc-4496-ab52-ae8803443865-resizable,layout.node.moved,"{'nodeId': 'instance-15559327-52cc-4496-ab52-ae8803443865-resizable', 'newPos': {'x': 148, 'y': 181}, 'session_id': '9b200cbe-6fff-4d2a-845e-ad426c3baeb2', 'user_id': 'P5'}",5
332,2000-01-01 07:30:30,instance-e364bfa7-b476-4fbb-9fe8-3e11881dde1a-resizable,layout.node.moved,"{'nodeId': 'instance-e364bfa7-b476-4fbb-9fe8-3e11881dde1a-resizable', 'newPos': {'x': 288, 'y': 184}, 'session_id': '9b200cbe-6fff-4d2a-845e-ad426c3baeb2', 'user_id': 'P5'}",5
333,2000-01-01 07:31:53,instance-0a5ac473-44cc-412c-bafb-cf414c799b3c,instance.created_from_class,"{'instance_id': 'instance-0a5ac473-44cc-412c-bafb-cf414c799b3c', 'class_id': 'class-59be96c0-22b2-4727-94f1-61a2b0c00141', 'instance_label': 'Female person', 'has_text_description': True, 'session_id': '9b200cbe-6fff-4d2a-845e-ad426c3baeb2', 'user_id': 'P5'}",5
334,2000-01-01 07:32:26,instance-0a5ac473-44cc-412c-bafb-cf414c799b3c,instance.updated.graph,"{'instance_id': 'instance-0a5ac473-44cc-412c-bafb-cf414c799b3c', 'instance_label': 'Female person', 'text_changed': False, 'graph_changed': True, 'session_id': '9b200cbe-6fff-4d2a-845e-ad426c3baeb2', 'user_id': 'P5'}",5
335,2000-01-01 07:32:48,instance-0a5ac473-44cc-412c-bafb-cf414c799b3c,layout.node.moved,"{'nodeId': 'instance-0a5ac473-44cc-412c-bafb-cf414c799b3c', 'newPos': {'x': 392, 'y': 201}, 'session_id': '9b200cbe-6fff-4d2a-845e-ad426c3baeb2', 'user_id': 'P5'}",5
336,2000-01-01 07:32:50,instance-e364bfa7-b476-4fbb-9fe8-3e11881dde1a,layout.node.moved,"{'nodeId': 'instance-e364bfa7-b476-4fbb-9fe8-3e11881dde1a', 'newPos': {'x': 279, 'y': 187}, 'session_id': '9b200cbe-6fff-4d2a-845e-ad426c3baeb2', 'user_id': 'P5'}",5
337,2000-01-01 07:32:54,instance-0a5ac473-44cc-412c-bafb-cf414c799b3c-resizable,layoutboard.node.resizable.resized,"{'nodeId': 'instance-0a5ac473-44cc-412c-bafb-cf414c799b3c-resizable', 'prevSize': {'width': 50, 'height': 50}, 'newSize': {'width': 100, 'height': 88}, 'delta': {'width': 50, 'height': 38}, 'linkedSizeNodeIds': [], 'session_id': '9b200cbe-6fff-4d2a-845e-ad426c3baeb2', 'user_id': 'P5'}",5
338,2000-01-01 07:32:56,instance-0a5ac473-44cc-412c-bafb-cf414c799b3c-resizable,layout.node.moved,"{'nodeId': 'instance-0a5ac473-44cc-412c-bafb-cf414c799b3c-resizable', 'newPos': {'x': 402, 'y': 175}, 'session_id': '9b200cbe-6fff-4d2a-845e-ad426c3baeb2', 'user_id': 'P5'}",5
339,2000-01-01 07:32:59,instance-0a5ac473-44cc-412c-bafb-cf414c799b3c-resizable,layoutboard.node.resizable.resized,"{'nodeId': 'instance-0a5ac473-44cc-412c-bafb-cf414c799b3c-resizable', 'prevSize': {'width': 50, 'height': 50}, 'newSize': {'width': 109, 'height': 298}, 'delta': {'width': 59, 'height': 248}, 'linkedSizeNodeIds': [], 'session_id': '9b200cbe-6fff-4d2a-845e-ad426c3baeb2', 'user_id': 'P5'}",5
340,2000-01-01 07:33:18,,instance.created_from_text,"{'position': {'x': 375.109375, 'y': 81}, 'screen_position': {'x': 437, 'y': 104}, 'board_type': 'advanced', 'session_id': '9b200cbe-6fff-4d2a-845e-ad426c3baeb2', 'user_id': 'P5'}",5
341,2000-01-01 07:33:34,instance-c96a0772-6f53-4fcc-9859-fdce212cf81e,layout.node.moved,"{'nodeId': 'instance-c96a0772-6f53-4fcc-9859-fdce212cf81e', 'newPos': {'x': 392, 'y': 248}, 'session_id': '9b200cbe-6fff-4d2a-845e-ad426c3baeb2', 'user_id': 'P5'}",5
342,2000-01-01 07:33:49,instance-c96a0772-6f53-4fcc-9859-fdce212cf81e,layout.node.moved,"{'nodeId': 'instance-c96a0772-6f53-4fcc-9859-fdce212cf81e', 'newPos': {'x': 317, 'y': 125}, 'session_id': '9b200cbe-6fff-4d2a-845e-ad426c3baeb2', 'user_id': 'P5'}",5
343,2000-01-01 07:33:52,instance-c96a0772-6f53-4fcc-9859-fdce212cf81e,layout.node.moved,"{'nodeId': 'instance-c96a0772-6f53-4fcc-9859-fdce212cf81e', 'newPos': {'x': 348, 'y': 274}, 'session_id': '9b200cbe-6fff-4d2a-845e-ad426c3baeb2', 'user_id': 'P5'}",5
344,2000-01-01 07:34:00,instance-0a5ac473-44cc-412c-bafb-cf414c799b3c,layout.node.moved,"{'nodeId': 'instance-0a5ac473-44cc-412c-bafb-cf414c799b3c', 'newPos': {'x': 391, 'y': 175}, 'session_id': '9b200cbe-6fff-4d2a-845e-ad426c3baeb2', 'user_id': 'P5'}",5
345,2000-01-01 07:34:04,,relationship_node.created,"{'relationship_id': 'instance-0a5ac473-44cc-412c-bafb-cf414c799b3c->instance-c96a0772-6f53-4fcc-9859-fdce212cf81e:holding with right hand', 'sourceId': 'instance-0a5ac473-44cc-412c-bafb-cf414c799b3c', 'targetId': 'instance-c96a0772-6f53-4fcc-9859-fdce212cf81e', 'relation': 'holding with right hand', 'video_time': '24:44'}",5
346,2000-01-01 07:34:17,instance-c96a0772-6f53-4fcc-9859-fdce212cf81e,layout.node.moved,"{'nodeId': 'instance-c96a0772-6f53-4fcc-9859-fdce212cf81e', 'newPos': {'x': 392, 'y': 221}, 'session_id': '9b200cbe-6fff-4d2a-845e-ad426c3baeb2', 'user_id': 'P5'}",5
347,2000-01-01 07:34:20,instance-c96a0772-6f53-4fcc-9859-fdce212cf81e,layout.node.moved,"{'nodeId': 'instance-c96a0772-6f53-4fcc-9859-fdce212cf81e', 'newPos': {'x': 392, 'y': 173}, 'session_id': '9b200cbe-6fff-4d2a-845e-ad426c3baeb2', 'user_id': 'P5'}",5
348,2000-01-01 07:34:30,,instance.created_from_text,"{'position': {'x': 258.109375, 'y': 93}, 'screen_position': {'x': 320, 'y': 116}, 'board_type': 'advanced', 'session_id': '9b200cbe-6fff-4d2a-845e-ad426c3baeb2', 'user_id': 'P5'}",5
349,2000-01-01 07:34:40,instance-4ce49dbf-9157-4e7c-bcf2-10d69f5cfb73,layout.node.moved,"{'nodeId': 'instance-4ce49dbf-9157-4e7c-bcf2-10d69f5cfb73', 'newPos': {'x': 392, 'y': 288}, 'session_id': '9b200cbe-6fff-4d2a-845e-ad426c3baeb2', 'user_id': 'P5'}",5
350,2000-01-01 07:34:41,instance-4ce49dbf-9157-4e7c-bcf2-10d69f5cfb73-resizable,layout.node.moved,"{'nodeId': 'instance-4ce49dbf-9157-4e7c-bcf2-10d69f5cfb73-resizable', 'newPos': {'x': 392, 'y': 308}, 'session_id': '9b200cbe-6fff-4d2a-845e-ad426c3baeb2', 'user_id': 'P5'}",5
351,2000-01-01 07:34:45,instance-c96a0772-6f53-4fcc-9859-fdce212cf81e,layout.node.moved,"{'nodeId': 'instance-c96a0772-6f53-4fcc-9859-fdce212cf81e', 'newPos': {'x': 364, 'y': 130}, 'session_id': '9b200cbe-6fff-4d2a-845e-ad426c3baeb2', 'user_id': 'P5'}",5
352,2000-01-01 07:34:50,,relationship_node.created,"{'relationship_id': 'instance-0a5ac473-44cc-412c-bafb-cf414c799b3c->UNKNOWN:hat:holding with left hand', 'sourceId': 'instance-0a5ac473-44cc-412c-bafb-cf414c799b3c', 'targetId': 'UNKNOWN:hat', 'relation': 'holding with left hand', 'video_time': '25:30'}",5
353,2000-01-01 07:34:58,instance-4ce49dbf-9157-4e7c-bcf2-10d69f5cfb73,layout.node.moved,"{'nodeId': 'instance-4ce49dbf-9157-4e7c-bcf2-10d69f5cfb73', 'newPos': {'x': 392, 'y': 329}, 'session_id': '9b200cbe-6fff-4d2a-845e-ad426c3baeb2', 'user_id': 'P5'}",5
354,2000-01-01 07:35:00,instance-4ce49dbf-9157-4e7c-bcf2-10d69f5cfb73-resizable,layout.node.moved,"{'nodeId': 'instance-4ce49dbf-9157-4e7c-bcf2-10d69f5cfb73-resizable', 'newPos': {'x': 460, 'y': 323}, 'session_id': '9b200cbe-6fff-4d2a-845e-ad426c3baeb2', 'user_id': 'P5'}",5
355,2000-01-01 07:35:03,instance-c96a0772-6f53-4fcc-9859-fdce212cf81e,layout.node.moved,"{'nodeId': 'instance-c96a0772-6f53-4fcc-9859-fdce212cf81e', 'newPos': {'x': 392, 'y': 167}, 'session_id': '9b200cbe-6fff-4d2a-845e-ad426c3baeb2', 'user_id': 'P5'}",5
356,2000-01-01 07:35:04,instance-c96a0772-6f53-4fcc-9859-fdce212cf81e,layout.node.moved,"{'nodeId': 'instance-c96a0772-6f53-4fcc-9859-fdce212cf81e', 'newPos': {'x': 392, 'y': 167}, 'session_id': '9b200cbe-6fff-4d2a-845e-ad426c3baeb2', 'user_id': 'P5'}",5
357,2000-01-01 07:35:06,instance-c96a0772-6f53-4fcc-9859-fdce212cf81e-resizable,layout.node.moved,"{'nodeId': 'instance-c96a0772-6f53-4fcc-9859-fdce212cf81e-resizable', 'newPos': {'x': 427, 'y': 166}, 'session_id': '9b200cbe-6fff-4d2a-845e-ad426c3baeb2', 'user_id': 'P5'}",5
358,2000-01-01 07:35:43,instance-15559327-52cc-4496-ab52-ae8803443865,instance.updated.graph,"{'instance_id': 'instance-15559327-52cc-4496-ab52-ae8803443865', 'instance_label': 'person', 'text_changed': False, 'graph_changed': True, 'session_id': '9b200cbe-6fff-4d2a-845e-ad426c3baeb2', 'user_id': 'P5'}",5
359,2000-01-01 07:35:47,,instance.created_from_text,"{'position': {'x': 167.109375, 'y': 87}, 'screen_position': {'x': 229, 'y': 130}, 'board_type': 'advanced', 'session_id': '9b200cbe-6fff-4d2a-845e-ad426c3baeb2', 'user_id': 'P5'}",5
360,2000-01-01 07:35:52,,instance.created_from_text,"{'position': {'x': 128.109375, 'y': 51}, 'screen_position': {'x': 190, 'y': 94}, 'board_type': 'advanced', 'session_id': '9b200cbe-6fff-4d2a-845e-ad426c3baeb2', 'user_id': 'P5'}",5
361,2000-01-01 07:36:01,instance-1edd561d-e2dd-4b3a-b89e-c6ba2c9deb71,layout.node.moved,"{'nodeId': 'instance-1edd561d-e2dd-4b3a-b89e-c6ba2c9deb71', 'newPos': {'x': 226.109375, 'y': 217}, 'session_id': '9b200cbe-6fff-4d2a-845e-ad426c3baeb2', 'user_id': 'P5'}",5
362,2000-01-01 07:36:03,instance-1edd561d-e2dd-4b3a-b89e-c6ba2c9deb71,layout.node.moved,"{'nodeId': 'instance-1edd561d-e2dd-4b3a-b89e-c6ba2c9deb71', 'newPos': {'x': 236.109375, 'y': 322}, 'session_id': '9b200cbe-6fff-4d2a-845e-ad426c3baeb2', 'user_id': 'P5'}",5
363,2000-01-01 07:36:05,instance-1edd561d-e2dd-4b3a-b89e-c6ba2c9deb71-resizable,layoutboard.node.resizable.resized,"{'nodeId': 'instance-1edd561d-e2dd-4b3a-b89e-c6ba2c9deb71-resizable', 'prevSize': {'width': 50, 'height': 50}, 'newSize': {'width': 96, 'height': 122}, 'delta': {'width': 46, 'height': 72}, 'linkedSizeNodeIds': [], 'session_id': '9b200cbe-6fff-4d2a-845e-ad426c3baeb2', 'user_id': 'P5'}",5
364,2000-01-01 07:36:07,instance-1edd561d-e2dd-4b3a-b89e-c6ba2c9deb71-resizable,layout.node.moved,"{'nodeId': 'instance-1edd561d-e2dd-4b3a-b89e-c6ba2c9deb71-resizable', 'newPos': {'x': 229.109375, 'y': 320}, 'session_id': '9b200cbe-6fff-4d2a-845e-ad426c3baeb2', 'user_id': 'P5'}",5
365,2000-01-01 07:36:11,,relationship_node.created,"{'relationship_id': 'instance-15559327-52cc-4496-ab52-ae8803443865->object6:holding with right hand', 'sourceId': 'instance-15559327-52cc-4496-ab52-ae8803443865', 'targetId': 'object6', 'relation': 'holding with right hand', 'video_time': '26:51'}",5
366,2000-01-01 07:36:30,,instance.created_from_text,"{'position': {'x': 161.109375, 'y': 88}, 'screen_position': {'x': 223, 'y': 131}, 'board_type': 'advanced', 'session_id': '9b200cbe-6fff-4d2a-845e-ad426c3baeb2', 'user_id': 'P5'}",5
367,2000-01-01 07:36:41,instance-ba62cbba-55a4-4b4c-8265-47d5e1baaf34,layout.node.moved,"{'nodeId': 'instance-ba62cbba-55a4-4b4c-8265-47d5e1baaf34', 'newPos': {'x': 296.109375, 'y': 240}, 'session_id': '9b200cbe-6fff-4d2a-845e-ad426c3baeb2', 'user_id': 'P5'}",5
368,2000-01-01 07:36:44,instance-1edd561d-e2dd-4b3a-b89e-c6ba2c9deb71-resizable,layout.node.moved,"{'nodeId': 'instance-1edd561d-e2dd-4b3a-b89e-c6ba2c9deb71-resizable', 'newPos': {'x': 112.109375, 'y': 322}, 'session_id': '9b200cbe-6fff-4d2a-845e-ad426c3baeb2', 'user_id': 'P5'}",5
369,2000-01-01 07:36:46,instance-ba62cbba-55a4-4b4c-8265-47d5e1baaf34-resizable,layout.node.moved,"{'nodeId': 'instance-ba62cbba-55a4-4b4c-8265-47d5e1baaf34-resizable', 'newPos': {'x': 253.109375, 'y': 260}, 'session_id': '9b200cbe-6fff-4d2a-845e-ad426c3baeb2', 'user_id': 'P5'}",5
370,2000-01-01 07:36:48,,relationship_node.created,"{'relationship_id': 'instance-15559327-52cc-4496-ab52-ae8803443865->UNKNOWN:coffee:holding with left hand', 'sourceId': 'instance-15559327-52cc-4496-ab52-ae8803443865', 'targetId': 'UNKNOWN:coffee', 'relation': 'holding with left hand', 'video_time': '27:28'}",5
371,2000-01-01 07:37:26,,api.generate_image.succeeded,"{'global_caption': 'a scene featuring a male person wearing a white shirt, beige pants, black shoes, and a silver clock, facing forward, a forward-facing female wearing a white, flower-covered shirt, blue shorts, and black slippers, holding silver luggage with her right hand and take-out coffee with her left hand, a male person wearing beige shorts and a blue shirt and black sneakers while facing forward with his hands in the pockets of his shorts, a forward-facing female person wearing a flower-covered dress and brown slippers, holding a black camera with her right hand and a beige hat with her left hand, a black camera, a beige hat, silver luggage, and take-out coffee.', 'region_count': 8, 'has_image': True, 'detected_objects_count': 4, 'image_path': 'output/P5/2025-08-19_07-37-26/image.png', 'image_with_layout_path': 'output/P5/2025-08-19_07-37-26/image_with_layout.png', 'timestamp_dir': 'output/P5/2025-08-19_07-37-26', 'session_id': '9b200cbe-6fff-4d2a-845e-ad426c3baeb2', 'user_id': 'P5'}",5
372,2000-01-01 07:37:58,instance-0a5ac473-44cc-412c-bafb-cf414c799b3c-resizable,layout.node.moved,"{'nodeId': 'instance-0a5ac473-44cc-412c-bafb-cf414c799b3c-resizable', 'newPos': {'x': 391, 'y': 173}, 'session_id': '9b200cbe-6fff-4d2a-845e-ad426c3baeb2', 'user_id': 'P5'}",5
373,2000-01-01 07:38:21,instance-0a5ac473-44cc-412c-bafb-cf414c799b3c,instance.updated.graph,"{'instance_id': 'instance-0a5ac473-44cc-412c-bafb-cf414c799b3c', 'instance_label': 'Female person', 'text_changed': False, 'graph_changed': True, 'session_id': '9b200cbe-6fff-4d2a-845e-ad426c3baeb2', 'user_id': 'P5'}",5
374,2000-01-01 07:38:50,,api.generate_image.succeeded,"{'global_caption': 'a scene featuring a male person wearing a white shirt, beige pants, black shoes, and a silver clock, facing forward, a forward-facing female wearing a white, flower-covered shirt, blue shorts, and black slippers, holding silver luggage with her right hand and take-out coffee with her left hand, a male person wearing beige shorts and a blue shirt and black sneakers while facing forward with his hands in the pockets of his shorts, a forward-facing female person wearing a blue dress and brown slippers, holding a black camera with her right hand and a beige hat with her left hand, together with a black camera, a beige hat, silver luggage, and take-out coffee.', 'region_count': 8, 'has_image': True, 'detected_objects_count': 4, 'image_path': 'output/P5/2025-08-19_07-38-50/image.png', 'image_with_layout_path': 'output/P5/2025-08-19_07-38-50/image_with_layout.png', 'timestamp_dir': 'output/P5/2025-08-19_07-38-50', 'session_id': '9b200cbe-6fff-4d2a-845e-ad426c3baeb2', 'user_id': 'P5'}",5
375,2000-01-01 05:31:30,,instance.created_from_text,"{'position': {'x': 123.8125, 'y': 437.5}, 'screen_position': {'x': 182, 'y': 473}, 'board_type': 'advanced', 'session_id': '068230a3-a4f5-4548-a76e-f1f14dd2eb25', 'user_id': 'P6'}",6
376,2000-01-01 05:31:44,instance-9bbd2d9c-450a-4469-a492-213aa9ba3cd8-resizable,layoutboard.node.resizable.resized,"{'nodeId': 'instance-9bbd2d9c-450a-4469-a492-213aa9ba3cd8-resizable', 'prevSize': {'width': 50, 'height': 50}, 'newSize': {'width': 66, 'height': 157}, 'delta': {'width': 16, 'height': 107}, 'linkedSizeNodeIds': [], 'session_id': '068230a3-a4f5-4548-a76e-f1f14dd2eb25', 'user_id': 'P6'}",6
377,2000-01-01 05:31:46,instance-9bbd2d9c-450a-4469-a492-213aa9ba3cd8-resizable,layout.node.moved,"{'nodeId': 'instance-9bbd2d9c-450a-4469-a492-213aa9ba3cd8-resizable', 'newPos': {'x': 3.8125, 'y': 273.5}, 'session_id': '068230a3-a4f5-4548-a76e-f1f14dd2eb25', 'user_id': 'P6'}",6
378,2000-01-01 05:31:49,,instance.created_from_text,"{'position': {'x': 164.8125, 'y': 190.5}, 'screen_position': {'x': 223, 'y': 226}, 'board_type': 'advanced', 'session_id': '068230a3-a4f5-4548-a76e-f1f14dd2eb25', 'user_id': 'P6'}",6
379,2000-01-01 05:32:17,instance-21690d00-88f8-42d5-a3ef-bb763b170ad6-resizable,layoutboard.node.resizable.resized,"{'nodeId': 'instance-21690d00-88f8-42d5-a3ef-bb763b170ad6-resizable', 'prevSize': {'width': 50, 'height': 50}, 'newSize': {'width': 96, 'height': 226}, 'delta': {'width': 46, 'height': 176}, 'linkedSizeNodeIds': [], 'session_id': '068230a3-a4f5-4548-a76e-f1f14dd2eb25', 'user_id': 'P6'}",6
380,2000-01-01 05:32:19,instance-21690d00-88f8-42d5-a3ef-bb763b170ad6-resizable,layout.node.moved,"{'nodeId': 'instance-21690d00-88f8-42d5-a3ef-bb763b170ad6-resizable', 'newPos': {'x': 141.8125, 'y': 188.5}, 'session_id': '068230a3-a4f5-4548-a76e-f1f14dd2eb25', 'user_id': 'P6'}",6
381,2000-01-01 05:32:23,,instance.created_from_text,"{'position': {'x': 358.8125, 'y': 347.5}, 'screen_position': {'x': 417, 'y': 383}, 'board_type': 'advanced', 'session_id': '068230a3-a4f5-4548-a76e-f1f14dd2eb25', 'user_id': 'P6'}",6
382,2000-01-01 05:32:52,instance-4365bf88-167a-4de5-b58e-9145d8d18d10-resizable,layoutboard.node.resizable.resized,"{'nodeId': 'instance-4365bf88-167a-4de5-b58e-9145d8d18d10-resizable', 'prevSize': {'width': 50, 'height': 50}, 'newSize': {'width': 119, 'height': 249}, 'delta': {'width': 69, 'height': 199}, 'linkedSizeNodeIds': [], 'session_id': '068230a3-a4f5-4548-a76e-f1f14dd2eb25', 'user_id': 'P6'}",6
383,2000-01-01 05:32:53,instance-4365bf88-167a-4de5-b58e-9145d8d18d10-resizable,layout.node.moved,"{'nodeId': 'instance-4365bf88-167a-4de5-b58e-9145d8d18d10-resizable', 'newPos': {'x': 263.8125, 'y': 148.5}, 'session_id': '068230a3-a4f5-4548-a76e-f1f14dd2eb25', 'user_id': 'P6'}",6
384,2000-01-01 05:32:56,instance-4365bf88-167a-4de5-b58e-9145d8d18d10-resizable,layoutboard.node.resizable.resized,"{'nodeId': 'instance-4365bf88-167a-4de5-b58e-9145d8d18d10-resizable', 'prevSize': {'width': 50, 'height': 50}, 'newSize': {'width': 86, 'height': 249}, 'delta': {'width': 36, 'height': 199}, 'linkedSizeNodeIds': [], 'session_id': '068230a3-a4f5-4548-a76e-f1f14dd2eb25', 'user_id': 'P6'}",6
385,2000-01-01 05:32:58,,instance.created_from_text,"{'position': {'x': 404.8125, 'y': 311.5}, 'screen_position': {'x': 463, 'y': 347}, 'board_type': 'advanced', 'session_id': '068230a3-a4f5-4548-a76e-f1f14dd2eb25', 'user_id': 'P6'}",6
386,2000-01-01 05:33:37,instance-e3a15c33-9cc1-4d0f-a07f-f4516ea6d13c-resizable,layoutboard.node.resizable.resized,"{'nodeId': 'instance-e3a15c33-9cc1-4d0f-a07f-f4516ea6d13c-resizable', 'prevSize': {'width': 50, 'height': 50}, 'newSize': {'width': 76, 'height': 130}, 'delta': {'width': 26, 'height': 80}, 'linkedSizeNodeIds': [], 'session_id': '068230a3-a4f5-4548-a76e-f1f14dd2eb25', 'user_id': 'P6'}",6
387,2000-01-01 05:33:38,instance-e3a15c33-9cc1-4d0f-a07f-f4516ea6d13c-resizable,layout.node.moved,"{'nodeId': 'instance-e3a15c33-9cc1-4d0f-a07f-f4516ea6d13c-resizable', 'newPos': {'x': 391.8125, 'y': 278.5}, 'session_id': '068230a3-a4f5-4548-a76e-f1f14dd2eb25', 'user_id': 'P6'}",6
388,2000-01-01 05:33:41,instance-4365bf88-167a-4de5-b58e-9145d8d18d10-resizable,layoutboard.node.resizable.resized,"{'nodeId': 'instance-4365bf88-167a-4de5-b58e-9145d8d18d10-resizable', 'prevSize': {'width': 50, 'height': 50}, 'newSize': {'width': 86, 'height': 270}, 'delta': {'width': 36, 'height': 220}, 'linkedSizeNodeIds': [], 'session_id': '068230a3-a4f5-4548-a76e-f1f14dd2eb25', 'user_id': 'P6'}",6
389,2000-01-01 05:33:51,,instance.created_from_text,"{'position': {'x': 382.8125, 'y': 223.5}, 'screen_position': {'x': 441, 'y': 259}, 'board_type': 'advanced', 'session_id': '068230a3-a4f5-4548-a76e-f1f14dd2eb25', 'user_id': 'P6'}",6
390,2000-01-01 05:34:07,instance-5b743006-4108-45c6-8509-a9b5d437a671-resizable,layoutboard.node.resizable.resized,"{'nodeId': 'instance-5b743006-4108-45c6-8509-a9b5d437a671-resizable', 'prevSize': {'width': 50, 'height': 50}, 'newSize': {'width': 94, 'height': 50}, 'delta': {'width': 44, 'height': 0}, 'linkedSizeNodeIds': [], 'session_id': '068230a3-a4f5-4548-a76e-f1f14dd2eb25', 'user_id': 'P6'}",6
391,2000-01-01 05:34:10,instance-5b743006-4108-45c6-8509-a9b5d437a671-resizable,layoutboard.node.resizable.resized,"{'nodeId': 'instance-5b743006-4108-45c6-8509-a9b5d437a671-resizable', 'prevSize': {'width': 50, 'height': 50}, 'newSize': {'width': 154, 'height': 80}, 'delta': {'width': 104, 'height': 30}, 'linkedSizeNodeIds': [], 'session_id': '068230a3-a4f5-4548-a76e-f1f14dd2eb25', 'user_id': 'P6'}",6
392,2000-01-01 05:34:47,instance-9bbd2d9c-450a-4469-a492-213aa9ba3cd8,instance.updated.graph,"{'instance_id': 'instance-9bbd2d9c-450a-4469-a492-213aa9ba3cd8', 'instance_label': 'guy', 'text_changed': False, 'graph_changed': True, 'session_id': '068230a3-a4f5-4548-a76e-f1f14dd2eb25', 'user_id': 'P6'}",6
393,2000-01-01 05:35:07,instance-4365bf88-167a-4de5-b58e-9145d8d18d10-resizable,layout.node.moved,"{'nodeId': 'instance-4365bf88-167a-4de5-b58e-9145d8d18d10-resizable', 'newPos': {'x': 255.8125, 'y': 142.5}, 'session_id': '068230a3-a4f5-4548-a76e-f1f14dd2eb25', 'user_id': 'P6'}",6
394,2000-01-01 05:35:09,,instance.created_from_text,"{'position': {'x': 221.8125, 'y': 448.5}, 'screen_position': {'x': 280, 'y': 484}, 'board_type': 'advanced', 'session_id': '068230a3-a4f5-4548-a76e-f1f14dd2eb25', 'user_id': 'P6'}",6
395,2000-01-01 05:35:14,instance-82f24f62-7acc-4b3c-b44d-8c884084459c-resizable,layout.node.moved,"{'nodeId': 'instance-82f24f62-7acc-4b3c-b44d-8c884084459c-resizable', 'newPos': {'x': 217.8125, 'y': 265.5}, 'session_id': '068230a3-a4f5-4548-a76e-f1f14dd2eb25', 'user_id': 'P6'}",6
396,2000-01-01 05:35:15,,api.generate_image.succeeded,"{'global_caption': 'a scene featuring an old guy wearing a black hat, a woman wearing a dress, a man wearing a blue shirt and beige shorts, a girl wearing a pink shirt and white pants holding a brown teddy bear and a yellow balloon, and a black sedan car.', 'region_count': 5, 'has_image': True, 'detected_objects_count': 6, 'image_path': 'output/P6/2025-08-20_05-35-13/image.png', 'image_with_layout_path': 'output/P6/2025-08-20_05-35-13/image_with_layout.png', 'timestamp_dir': 'output/P6/2025-08-20_05-35-13', 'session_id': '068230a3-a4f5-4548-a76e-f1f14dd2eb25', 'user_id': 'P6'}",6
397,2000-01-01 05:35:26,instance-82f24f62-7acc-4b3c-b44d-8c884084459c-resizable,layoutboard.node.resizable.resized,"{'nodeId': 'instance-82f24f62-7acc-4b3c-b44d-8c884084459c-resizable', 'prevSize': {'width': 50, 'height': 50}, 'newSize': {'width': 71, 'height': 106}, 'delta': {'width': 21, 'height': 56}, 'linkedSizeNodeIds': [], 'session_id': '068230a3-a4f5-4548-a76e-f1f14dd2eb25', 'user_id': 'P6'}",6
398,2000-01-01 05:35:41,,instance.created_from_text,"{'position': {'x': 304.8125, 'y': 202.5}, 'screen_position': {'x': 363, 'y': 238}, 'board_type': 'advanced', 'session_id': '068230a3-a4f5-4548-a76e-f1f14dd2eb25', 'user_id': 'P6'}",6
399,2000-01-01 05:35:53,instance-49cff053-e1ac-4608-9a54-49b3f60e27c8-resizable,layoutboard.node.resizable.resized,"{'nodeId': 'instance-49cff053-e1ac-4608-9a54-49b3f60e27c8-resizable', 'prevSize': {'width': 50, 'height': 50}, 'newSize': {'width': 150, 'height': 51}, 'delta': {'width': 100, 'height': 1}, 'linkedSizeNodeIds': [], 'session_id': '068230a3-a4f5-4548-a76e-f1f14dd2eb25', 'user_id': 'P6'}",6
400,2000-01-01 05:35:54,instance-49cff053-e1ac-4608-9a54-49b3f60e27c8-resizable,layout.node.moved,"{'nodeId': 'instance-49cff053-e1ac-4608-9a54-49b3f60e27c8-resizable', 'newPos': {'x': 317.8125, 'y': 148.5}, 'session_id': '068230a3-a4f5-4548-a76e-f1f14dd2eb25', 'user_id': 'P6'}",6
401,2000-01-01 05:36:25,9bb23018-1bb1-42f9-bcf3-b1f8a4b96c0d,instance.created_from_detection,"{'instanceId': '9bb23018-1bb1-42f9-bcf3-b1f8a4b96c0d', 'label': 'Balloon', 'originalObjectLabel': 'sports ball', 'session_id': '068230a3-a4f5-4548-a76e-f1f14dd2eb25', 'user_id': 'P6'}",6
402,2000-01-01 05:36:39,9bb23018-1bb1-42f9-bcf3-b1f8a4b96c0d-resizable,layout.node.moved,"{'nodeId': '9bb23018-1bb1-42f9-bcf3-b1f8a4b96c0d-resizable', 'newPos': {'x': 443.8125, 'y': 184.5}, 'session_id': '068230a3-a4f5-4548-a76e-f1f14dd2eb25', 'user_id': 'P6'}",6
403,2000-01-01 05:36:42,instance-e3a15c33-9cc1-4d0f-a07f-f4516ea6d13c-resizable,layoutboard.node.resizable.resized,"{'nodeId': 'instance-e3a15c33-9cc1-4d0f-a07f-f4516ea6d13c-resizable', 'prevSize': {'width': 50, 'height': 50}, 'newSize': {'width': 63, 'height': 130}, 'delta': {'width': 13, 'height': 80}, 'linkedSizeNodeIds': [], 'session_id': '068230a3-a4f5-4548-a76e-f1f14dd2eb25', 'user_id': 'P6'}",6
404,2000-01-01 05:36:48,instance-5b743006-4108-45c6-8509-a9b5d437a671-resizable,layout.node.moved,"{'nodeId': 'instance-5b743006-4108-45c6-8509-a9b5d437a671-resizable', 'newPos': {'x': 333.8125, 'y': 193.5}, 'session_id': '068230a3-a4f5-4548-a76e-f1f14dd2eb25', 'user_id': 'P6'}",6
405,2000-01-01 05:37:01,instance-4365bf88-167a-4de5-b58e-9145d8d18d10-resizable,layout.node.moved,"{'nodeId': 'instance-4365bf88-167a-4de5-b58e-9145d8d18d10-resizable', 'newPos': {'x': 262.8125, 'y': 142.5}, 'session_id': '068230a3-a4f5-4548-a76e-f1f14dd2eb25', 'user_id': 'P6'}",6
406,2000-01-01 05:37:02,instance-4365bf88-167a-4de5-b58e-9145d8d18d10-resizable,layout.node.moved,"{'nodeId': 'instance-4365bf88-167a-4de5-b58e-9145d8d18d10-resizable', 'newPos': {'x': 273.8125, 'y': 146.5}, 'session_id': '068230a3-a4f5-4548-a76e-f1f14dd2eb25', 'user_id': 'P6'}",6
407,2000-01-01 05:37:16,instance-82f24f62-7acc-4b3c-b44d-8c884084459c-resizable,layout.node.moved,"{'nodeId': 'instance-82f24f62-7acc-4b3c-b44d-8c884084459c-resizable', 'newPos': {'x': 214.8125, 'y': 273.5}, 'session_id': '068230a3-a4f5-4548-a76e-f1f14dd2eb25', 'user_id': 'P6'}",6
408,2000-01-01 05:37:20,instance-4365bf88-167a-4de5-b58e-9145d8d18d10-resizable,layout.node.moved,"{'nodeId': 'instance-4365bf88-167a-4de5-b58e-9145d8d18d10-resizable', 'newPos': {'x': 264.8125, 'y': 143.5}, 'session_id': '068230a3-a4f5-4548-a76e-f1f14dd2eb25', 'user_id': 'P6'}",6
409,2000-01-01 05:37:28,,relationship_node.created,"{'relationship_id': 'instance-4365bf88-167a-4de5-b58e-9145d8d18d10->UNKNOWN:basket:holding', 'sourceId': 'instance-4365bf88-167a-4de5-b58e-9145d8d18d10', 'targetId': 'UNKNOWN:basket', 'relation': 'holding', 'video_time': '8:30'}",6
410,2000-01-01 05:37:31,,relationship_node.created,"{'relationship_id': 'instance-4365bf88-167a-4de5-b58e-9145d8d18d10->instance-49cff053-e1ac-4608-9a54-49b3f60e27c8:holding', 'sourceId': 'instance-4365bf88-167a-4de5-b58e-9145d8d18d10', 'targetId': 'instance-49cff053-e1ac-4608-9a54-49b3f60e27c8', 'relation': 'holding', 'video_time': '8:33'}",6
411,2000-01-01 05:37:32,instance-4365bf88-167a-4de5-b58e-9145d8d18d10,layout.node.moved,"{'nodeId': 'instance-4365bf88-167a-4de5-b58e-9145d8d18d10', 'newPos': {'x': 255.8125, 'y': 144.5}, 'session_id': '068230a3-a4f5-4548-a76e-f1f14dd2eb25', 'user_id': 'P6'}",6
412,2000-01-01 05:37:38,instance-49cff053-e1ac-4608-9a54-49b3f60e27c8,layout.node.moved,"{'nodeId': 'instance-49cff053-e1ac-4608-9a54-49b3f60e27c8', 'newPos': {'x': 354.8125, 'y': 81.5}, 'session_id': '068230a3-a4f5-4548-a76e-f1f14dd2eb25', 'user_id': 'P6'}",6
413,2000-01-01 05:37:42,instance-49cff053-e1ac-4608-9a54-49b3f60e27c8,layout.node.moved,"{'nodeId': 'instance-49cff053-e1ac-4608-9a54-49b3f60e27c8', 'newPos': {'x': 313.8125, 'y': 152.5}, 'session_id': '068230a3-a4f5-4548-a76e-f1f14dd2eb25', 'user_id': 'P6'}",6
414,2000-01-01 05:37:54,instance-e3a15c33-9cc1-4d0f-a07f-f4516ea6d13c,layout.node.moved,"{'nodeId': 'instance-e3a15c33-9cc1-4d0f-a07f-f4516ea6d13c', 'newPos': {'x': 377.8125, 'y': 278.5}, 'session_id': '068230a3-a4f5-4548-a76e-f1f14dd2eb25', 'user_id': 'P6'}",6
415,2000-01-01 05:37:58,,relationship_node.created,"{'relationship_id': 'instance-e3a15c33-9cc1-4d0f-a07f-f4516ea6d13c->9bb23018-1bb1-42f9-bcf3-b1f8a4b96c0d:holding', 'sourceId': 'instance-e3a15c33-9cc1-4d0f-a07f-f4516ea6d13c', 'targetId': '9bb23018-1bb1-42f9-bcf3-b1f8a4b96c0d', 'relation': 'holding', 'video_time': '9:00'}",6
416,2000-01-01 05:38:24,instance-21690d00-88f8-42d5-a3ef-bb763b170ad6,instance.updated.graph,"{'instance_id': 'instance-21690d00-88f8-42d5-a3ef-bb763b170ad6', 'instance_label': 'woman', 'text_changed': False, 'graph_changed': True, 'session_id': '068230a3-a4f5-4548-a76e-f1f14dd2eb25', 'user_id': 'P6'}",6
417,2000-01-01 05:38:35,instance-21690d00-88f8-42d5-a3ef-bb763b170ad6,instance.updated.text,"{'instance_id': 'instance-21690d00-88f8-42d5-a3ef-bb763b170ad6', 'instance_label': 'woman', 'text_changed': True, 'graph_changed': False, 'session_id': '068230a3-a4f5-4548-a76e-f1f14dd2eb25', 'user_id': 'P6'}",6
418,2000-01-01 05:38:46,instance-21690d00-88f8-42d5-a3ef-bb763b170ad6,instance.updated.text,"{'instance_id': 'instance-21690d00-88f8-42d5-a3ef-bb763b170ad6', 'instance_label': 'woman', 'text_changed': True, 'graph_changed': False, 'session_id': '068230a3-a4f5-4548-a76e-f1f14dd2eb25', 'user_id': 'P6'}",6
419,2000-01-01 05:39:07,instance-4365bf88-167a-4de5-b58e-9145d8d18d10,instance.updated.text,"{'instance_id': 'instance-4365bf88-167a-4de5-b58e-9145d8d18d10', 'instance_label': 'man', 'text_changed': True, 'graph_changed': False, 'session_id': '068230a3-a4f5-4548-a76e-f1f14dd2eb25', 'user_id': 'P6'}",6
420,2000-01-01 05:39:44,,api.generate_image.succeeded,"{'global_caption': 'a scene featuring an old guy wearing a black hat, a young adult woman wearing a dress facing front, a young adult man wearing a blue shirt and beige shorts facing front, wearing sandals, holding a basket and a bottle, a girl holding a brown teddy bear and a yellow balloon wearing a pink shirt and white pants, a black sedan car, a basket, water bottles, and a bright yellow balloon with a smooth surface.', 'region_count': 8, 'has_image': True, 'detected_objects_count': 9, 'image_path': 'output/P6/2025-08-20_05-39-43/image.png', 'image_with_layout_path': 'output/P6/2025-08-20_05-39-43/image_with_layout.png', 'timestamp_dir': 'output/P6/2025-08-20_05-39-43', 'session_id': '068230a3-a4f5-4548-a76e-f1f14dd2eb25', 'user_id': 'P6'}",6
421,2000-01-01 05:40:02,instance-49cff053-e1ac-4608-9a54-49b3f60e27c8-resizable,layout.node.moved,"{'nodeId': 'instance-49cff053-e1ac-4608-9a54-49b3f60e27c8-resizable', 'newPos': {'x': 327.8125, 'y': 74.5}, 'session_id': '068230a3-a4f5-4548-a76e-f1f14dd2eb25', 'user_id': 'P6'}",6
422,2000-01-01 05:40:29,instance-9bbd2d9c-450a-4469-a492-213aa9ba3cd8,instance.updated.text,"{'instance_id': 'instance-9bbd2d9c-450a-4469-a492-213aa9ba3cd8', 'instance_label': 'guy', 'text_changed': True, 'graph_changed': False, 'session_id': '068230a3-a4f5-4548-a76e-f1f14dd2eb25', 'user_id': 'P6'}",6
423,2000-01-01 05:40:45,instance-9bbd2d9c-450a-4469-a492-213aa9ba3cd8,instance.updated.text,"{'instance_id': 'instance-9bbd2d9c-450a-4469-a492-213aa9ba3cd8', 'instance_label': 'guy', 'text_changed': True, 'graph_changed': False, 'session_id': '068230a3-a4f5-4548-a76e-f1f14dd2eb25', 'user_id': 'P6'}",6
424,2000-01-01 05:41:04,instance-5b743006-4108-45c6-8509-a9b5d437a671,instance.updated.text,"{'instance_id': 'instance-5b743006-4108-45c6-8509-a9b5d437a671', 'instance_label': 'car', 'text_changed': True, 'graph_changed': False, 'session_id': '068230a3-a4f5-4548-a76e-f1f14dd2eb25', 'user_id': 'P6'}",6
425,2000-01-01 05:41:35,,api.generate_image.succeeded,"{'global_caption': 'a scene featuring an old guy wearing a black hat walking, a young adult woman wearing a dress facing front, a young adult man wearing a blue shirt and beige shorts facing front, wearing sandals, holding a basket and a bottle, a girl holding a brown teddy bear and a yellow balloon, wearing a pink shirt and white pants, a black sedan car parked facing right, a basket, water bottles, and a bright yellow balloon with a smooth surface.', 'region_count': 8, 'has_image': True, 'detected_objects_count': 8, 'image_path': 'output/P6/2025-08-20_05-41-34/image.png', 'image_with_layout_path': 'output/P6/2025-08-20_05-41-34/image_with_layout.png', 'timestamp_dir': 'output/P6/2025-08-20_05-41-34', 'session_id': '068230a3-a4f5-4548-a76e-f1f14dd2eb25', 'user_id': 'P6'}",6
426,2000-01-01 05:42:08,instance-e3a15c33-9cc1-4d0f-a07f-f4516ea6d13c-resizable,layout.node.moved,"{'nodeId': 'instance-e3a15c33-9cc1-4d0f-a07f-f4516ea6d13c-resizable', 'newPos': {'x': 387.8125, 'y': 284.5}, 'session_id': '068230a3-a4f5-4548-a76e-f1f14dd2eb25', 'user_id': 'P6'}",6
427,2000-01-01 05:42:12,instance-e3a15c33-9cc1-4d0f-a07f-f4516ea6d13c,object_node.extract.confirmed,"{'object_id': 'object2', 'object_name': 'teddy bear', 'parent_instance_id': 'instance-e3a15c33-9cc1-4d0f-a07f-f4516ea6d13c', 'session_id': '068230a3-a4f5-4548-a76e-f1f14dd2eb25', 'user_id': 'P6'}",6
428,2000-01-01 05:42:19,instance-b080038f-743d-4b52-9bb0-a4f11f89db3e-resizable,layout.node.moved,"{'nodeId': 'instance-b080038f-743d-4b52-9bb0-a4f11f89db3e-resizable', 'newPos': {'x': 348, 'y': 349}, 'session_id': '068230a3-a4f5-4548-a76e-f1f14dd2eb25', 'user_id': 'P6'}",6
429,2000-01-01 05:42:26,instance-9bbd2d9c-450a-4469-a492-213aa9ba3cd8-resizable,layout.node.moved,"{'nodeId': 'instance-9bbd2d9c-450a-4469-a492-213aa9ba3cd8-resizable', 'newPos': {'x': 18.8125, 'y': 195.5}, 'session_id': '068230a3-a4f5-4548-a76e-f1f14dd2eb25', 'user_id': 'P6'}",6
430,2000-01-01 05:42:29,instance-9bbd2d9c-450a-4469-a492-213aa9ba3cd8-resizable,layoutboard.node.resizable.resized,"{'nodeId': 'instance-9bbd2d9c-450a-4469-a492-213aa9ba3cd8-resizable', 'prevSize': {'width': 50, 'height': 50}, 'newSize': {'width': 71, 'height': 219}, 'delta': {'width': 21, 'height': 169}, 'linkedSizeNodeIds': [], 'session_id': '068230a3-a4f5-4548-a76e-f1f14dd2eb25', 'user_id': 'P6'}",6
431,2000-01-01 05:43:05,,api.generate_image.succeeded,"{'global_caption': 'a scene featuring an old guy wearing a black hat walking, a young adult woman wearing a dress facing front, a young adult man wearing a blue shirt and beige shorts facing front, wearing sandals, holding a basket and a bottle, a girl wearing a pink shirt and white pants holding a yellow balloon and a brown teddy bear, a black sedan car parked facing right, a basket, water bottles, and a bright yellow balloon with a smooth surface.', 'region_count': 9, 'has_image': True, 'detected_objects_count': 6, 'image_path': 'output/P6/2025-08-20_05-43-03/image.png', 'image_with_layout_path': 'output/P6/2025-08-20_05-43-03/image_with_layout.png', 'timestamp_dir': 'output/P6/2025-08-20_05-43-03', 'session_id': '068230a3-a4f5-4548-a76e-f1f14dd2eb25', 'user_id': 'P6'}",6
432,2000-01-01 05:43:19,instance-49cff053-e1ac-4608-9a54-49b3f60e27c8,layout.node.moved,"{'nodeId': 'instance-49cff053-e1ac-4608-9a54-49b3f60e27c8', 'newPos': {'x': 247.8125, 'y': 89.5}, 'session_id': '068230a3-a4f5-4548-a76e-f1f14dd2eb25', 'user_id': 'P6'}",6
433,2000-01-01 05:43:38,instance-49cff053-e1ac-4608-9a54-49b3f60e27c8,instance.updated.text,"{'instance_id': 'instance-49cff053-e1ac-4608-9a54-49b3f60e27c8', 'instance_label': 'bottle', 'text_changed': True, 'graph_changed': False, 'session_id': '068230a3-a4f5-4548-a76e-f1f14dd2eb25', 'user_id': 'P6'}",6
434,2000-01-01 05:43:52,instance-49cff053-e1ac-4608-9a54-49b3f60e27c8,instance.updated.text,"{'instance_id': 'instance-49cff053-e1ac-4608-9a54-49b3f60e27c8', 'instance_label': 'bottle', 'text_changed': True, 'graph_changed': False, 'session_id': '068230a3-a4f5-4548-a76e-f1f14dd2eb25', 'user_id': 'P6'}",6
435,2000-01-01 05:44:03,instance-49cff053-e1ac-4608-9a54-49b3f60e27c8,object_node.extract.confirmed,"{'object_id': 'object3', 'object_name': 'tray', 'parent_instance_id': 'instance-49cff053-e1ac-4608-9a54-49b3f60e27c8', 'session_id': '068230a3-a4f5-4548-a76e-f1f14dd2eb25', 'user_id': 'P6'}",6
436,2000-01-01 05:44:08,instance-d2c604f4-d8cc-4023-8cf3-87dcbf807d43-resizable,layoutboard.node.resizable.resized,"{'nodeId': 'instance-d2c604f4-d8cc-4023-8cf3-87dcbf807d43-resizable', 'prevSize': {'width': 50, 'height': 50}, 'newSize': {'width': 199, 'height': 20}, 'delta': {'width': 149, 'height': -30}, 'linkedSizeNodeIds': [], 'session_id': '068230a3-a4f5-4548-a76e-f1f14dd2eb25', 'user_id': 'P6'}",6
437,2000-01-01 05:44:13,instance-d2c604f4-d8cc-4023-8cf3-87dcbf807d43-resizable,layout.node.moved,"{'nodeId': 'instance-d2c604f4-d8cc-4023-8cf3-87dcbf807d43-resizable', 'newPos': {'x': 222, 'y': 131}, 'session_id': '068230a3-a4f5-4548-a76e-f1f14dd2eb25', 'user_id': 'P6'}",6
438,2000-01-01 05:44:15,instance-49cff053-e1ac-4608-9a54-49b3f60e27c8-resizable,layout.node.moved,"{'nodeId': 'instance-49cff053-e1ac-4608-9a54-49b3f60e27c8-resizable', 'newPos': {'x': 291.8125, 'y': 29.5}, 'session_id': '068230a3-a4f5-4548-a76e-f1f14dd2eb25', 'user_id': 'P6'}",6
439,2000-01-01 05:44:19,,relationship_node.deleted,"{'relationship_id': 'instance-4365bf88-167a-4de5-b58e-9145d8d18d10-instance-49cff053-e1ac-4608-9a54-49b3f60e27c8', 'source_object_id': 'instance-4365bf88-167a-4de5-b58e-9145d8d18d10', 'target_object_id': 'instance-49cff053-e1ac-4608-9a54-49b3f60e27c8', 'relation': 'holding', 'source_object_name': 'man', 'target_object_name': 'bottle', 'session_id': '068230a3-a4f5-4548-a76e-f1f14dd2eb25', 'user_id': 'P6'}",6
440,2000-01-01 05:44:21,instance-d2c604f4-d8cc-4023-8cf3-87dcbf807d43-resizable,layout.node.moved,"{'nodeId': 'instance-d2c604f4-d8cc-4023-8cf3-87dcbf807d43-resizable', 'newPos': {'x': 294, 'y': 104}, 'session_id': '068230a3-a4f5-4548-a76e-f1f14dd2eb25', 'user_id': 'P6'}",6
441,2000-01-01 05:44:28,,relationship_node.created,"{'relationship_id': 'instance-4365bf88-167a-4de5-b58e-9145d8d18d10->instance-d2c604f4-d8cc-4023-8cf3-87dcbf807d43:holding', 'sourceId': 'instance-4365bf88-167a-4de5-b58e-9145d8d18d10', 'targetId': 'instance-d2c604f4-d8cc-4023-8cf3-87dcbf807d43', 'relation': 'holding', 'video_time': '15:30'}",6
442,2000-01-01 05:44:31,instance-d2c604f4-d8cc-4023-8cf3-87dcbf807d43-resizable,layout.node.moved,"{'nodeId': 'instance-d2c604f4-d8cc-4023-8cf3-87dcbf807d43-resizable', 'newPos': {'x': 276, 'y': 138}, 'session_id': '068230a3-a4f5-4548-a76e-f1f14dd2eb25', 'user_id': 'P6'}",6
443,2000-01-01 05:44:33,instance-49cff053-e1ac-4608-9a54-49b3f60e27c8-resizable,layout.node.moved,"{'nodeId': 'instance-49cff053-e1ac-4608-9a54-49b3f60e27c8-resizable', 'newPos': {'x': 309.8125, 'y': 97.5}, 'session_id': '068230a3-a4f5-4548-a76e-f1f14dd2eb25', 'user_id': 'P6'}",6
444,2000-01-01 05:45:01,,api.generate_image.succeeded,"{'global_caption': 'a scene featuring an old guy wearing a black hat walking, a young adult woman wearing a dress facing front, a young adult man wearing a blue shirt and beige shorts facing front, wearing sandals, holding a basket and a tray, a girl wearing a pink shirt and white pants holding a yellow balloon and a brown teddy bear, a parked black sedan car facing right, a basket, a set with a bottle of water on a tray, and a bright yellow balloon with a smooth surface.', 'region_count': 10, 'has_image': True, 'detected_objects_count': 5, 'image_path': 'output/P6/2025-08-20_05-45-00/image.png', 'image_with_layout_path': 'output/P6/2025-08-20_05-45-00/image_with_layout.png', 'timestamp_dir': 'output/P6/2025-08-20_05-45-00', 'session_id': '068230a3-a4f5-4548-a76e-f1f14dd2eb25', 'user_id': 'P6'}",6
445,2000-01-01 05:45:41,instance-9bbd2d9c-450a-4469-a492-213aa9ba3cd8-resizable,layout.node.moved,"{'nodeId': 'instance-9bbd2d9c-450a-4469-a492-213aa9ba3cd8-resizable', 'newPos': {'x': 21.8125, 'y': 198.5}, 'session_id': '068230a3-a4f5-4548-a76e-f1f14dd2eb25', 'user_id': 'P6'}",6
446,2000-01-01 05:46:11,class-a9bddebf-4e88-44cf-a7a2-5893508a6b92,class.created,"{'class_id': 'class-a9bddebf-4e88-44cf-a7a2-5893508a6b92', 'class_name': 'girl Class', 'placeholder_count': 4, 'created_from': 'girl', 'session_id': '068230a3-a4f5-4548-a76e-f1f14dd2eb25', 'user_id': 'P6'}",6
447,2000-01-01 05:46:43,class-4d379b48-bcaf-45ea-acf4-6efaad0e7a71,class.created,"{'class_id': 'class-4d379b48-bcaf-45ea-acf4-6efaad0e7a71', 'class_name': 'man Class', 'placeholder_count': 4, 'created_from': 'man', 'session_id': '068230a3-a4f5-4548-a76e-f1f14dd2eb25', 'user_id': 'P6'}",6
448,2000-01-01 05:46:59,instance-9bbd2d9c-450a-4469-a492-213aa9ba3cd8,instance.deleted,"{'instance_id': 'instance-9bbd2d9c-450a-4469-a492-213aa9ba3cd8', 'instance_label': 'guy', 'is_from_class': False, 'class_id': None, 'session_id': '068230a3-a4f5-4548-a76e-f1f14dd2eb25', 'user_id': 'P6'}",6
449,2000-01-01 05:47:50,instance-ecb85f69-9f7b-41a1-b95b-d4b4fb39f31f,instance.created_from_class,"{'instance_id': 'instance-ecb85f69-9f7b-41a1-b95b-d4b4fb39f31f', 'class_id': 'class-4d379b48-bcaf-45ea-acf4-6efaad0e7a71', 'instance_label': 'Old man', 'has_text_description': True, 'session_id': '068230a3-a4f5-4548-a76e-f1f14dd2eb25', 'user_id': 'P6'}",6
450,2000-01-01 05:48:18,instance-ecb85f69-9f7b-41a1-b95b-d4b4fb39f31f,instance.updated.graph,"{'instance_id': 'instance-ecb85f69-9f7b-41a1-b95b-d4b4fb39f31f', 'instance_label': 'Old man', 'text_changed': False, 'graph_changed': True, 'session_id': '068230a3-a4f5-4548-a76e-f1f14dd2eb25', 'user_id': 'P6'}",6
451,2000-01-01 05:48:22,instance-ecb85f69-9f7b-41a1-b95b-d4b4fb39f31f-resizable,layoutboard.node.resizable.resized,"{'nodeId': 'instance-ecb85f69-9f7b-41a1-b95b-d4b4fb39f31f-resizable', 'prevSize': {'width': 50, 'height': 50}, 'newSize': {'width': 78, 'height': 255}, 'delta': {'width': 28, 'height': 205}, 'linkedSizeNodeIds': [], 'session_id': '068230a3-a4f5-4548-a76e-f1f14dd2eb25', 'user_id': 'P6'}",6
452,2000-01-01 05:48:24,instance-ecb85f69-9f7b-41a1-b95b-d4b4fb39f31f-resizable,layout.node.moved,"{'nodeId': 'instance-ecb85f69-9f7b-41a1-b95b-d4b4fb39f31f-resizable', 'newPos': {'x': 5, 'y': 174}, 'session_id': '068230a3-a4f5-4548-a76e-f1f14dd2eb25', 'user_id': 'P6'}",6
453,2000-01-01 05:48:53,,api.generate_image.succeeded,"{'global_caption': 'a scene featuring an old man wearing a gray vest, black pants, and black shoes facing front, a young adult woman wearing a dress facing front, a young adult man wearing a blue shirt and beige shorts facing front, wearing sandals, holding a basket and a tray, a girl wearing a pink shirt and white pants holding a yellow balloon and a brown teddy bear, a parked black sedan car facing right, a basket, a set with a bottle of water on a tray, a bright yellow balloon with a smooth surface, and a brown teddy bear.', 'region_count': 10, 'has_image': True, 'detected_objects_count': 5, 'image_path': 'output/P6/2025-08-20_05-48-52/image.png', 'image_with_layout_path': 'output/P6/2025-08-20_05-48-52/image_with_layout.png', 'timestamp_dir': 'output/P6/2025-08-20_05-48-52', 'session_id': '068230a3-a4f5-4548-a76e-f1f14dd2eb25', 'user_id': 'P6'}",6
454,2000-01-01 05:49:24,instance-ecb85f69-9f7b-41a1-b95b-d4b4fb39f31f,instance.updated.graph,"{'instance_id': 'instance-ecb85f69-9f7b-41a1-b95b-d4b4fb39f31f', 'instance_label': 'Old man', 'text_changed': False, 'graph_changed': True, 'session_id': '068230a3-a4f5-4548-a76e-f1f14dd2eb25', 'user_id': 'P6'}",6
455,2000-01-01 11:08:24,,instance.created_from_text,"{'position': {'x': 57.447914123535156, 'y': 304.44791412353516}, 'screen_position': {'x': 120, 'y': 347}, 'board_type': 'advanced', 'session_id': 'f4f51ef5-bb84-4469-a68f-04a3780fd0af', 'user_id': 'P7'}",7
456,2000-01-01 11:10:04,instance-e31a7f32-eead-426d-b28e-f76cad91bda6-resizable,layoutboard.node.resizable.resized,"{'nodeId': 'instance-e31a7f32-eead-426d-b28e-f76cad91bda6-resizable', 'prevSize': {'width': 50, 'height': 50}, 'newSize': {'width': 105, 'height': 195}, 'delta': {'width': 55, 'height': 145}, 'linkedSizeNodeIds': [], 'session_id': 'f4f51ef5-bb84-4469-a68f-04a3780fd0af', 'user_id': 'P7'}",7
457,2000-01-01 11:12:28,instance-e31a7f32-eead-426d-b28e-f76cad91bda6,instance.updated.graph,"{'instance_id': 'instance-e31a7f32-eead-426d-b28e-f76cad91bda6', 'instance_label': 'man', 'text_changed': False, 'graph_changed': True, 'session_id': 'f4f51ef5-bb84-4469-a68f-04a3780fd0af', 'user_id': 'P7'}",7
458,2000-01-01 11:12:33,class-2773a934-f8f1-4be0-b7ea-b898f9402485,class.created,"{'class_id': 'class-2773a934-f8f1-4be0-b7ea-b898f9402485', 'class_name': 'man Class', 'placeholder_count': 5, 'created_from': 'man', 'session_id': 'f4f51ef5-bb84-4469-a68f-04a3780fd0af', 'user_id': 'P7'}",7
459,2000-01-01 11:14:20,instance-45b6c4d0-7b0f-467c-8c05-028ebf2b7812,instance.created_from_class,"{'instance_id': 'instance-45b6c4d0-7b0f-467c-8c05-028ebf2b7812', 'class_id': 'class-2773a934-f8f1-4be0-b7ea-b898f9402485', 'instance_label': 'Woman', 'has_text_description': True, 'session_id': 'f4f51ef5-bb84-4469-a68f-04a3780fd0af', 'user_id': 'P7'}",7
460,2000-01-01 11:16:13,instance-329fa7cb-e216-4f66-a5a4-7381a3751f8f,instance.created_from_class,"{'instance_id': 'instance-329fa7cb-e216-4f66-a5a4-7381a3751f8f', 'class_id': 'class-2773a934-f8f1-4be0-b7ea-b898f9402485', 'instance_label': 'Man', 'has_text_description': True, 'session_id': 'f4f51ef5-bb84-4469-a68f-04a3780fd0af', 'user_id': 'P7'}",7
461,2000-01-01 11:18:17,instance-329fa7cb-e216-4f66-a5a4-7381a3751f8f,instance.updated.graph,"{'instance_id': 'instance-329fa7cb-e216-4f66-a5a4-7381a3751f8f', 'instance_label': 'Man', 'text_changed': False, 'graph_changed': True, 'session_id': 'f4f51ef5-bb84-4469-a68f-04a3780fd0af', 'user_id': 'P7'}",7
462,2000-01-01 11:20:44,instance-40a5bd78-e6a3-4927-bc48-c5e3ba5410b9,instance.created_from_class,"{'instance_id': 'instance-40a5bd78-e6a3-4927-bc48-c5e3ba5410b9', 'class_id': 'class-2773a934-f8f1-4be0-b7ea-b898f9402485', 'instance_label': 'Girl', 'has_text_description': True, 'session_id': 'f4f51ef5-bb84-4469-a68f-04a3780fd0af', 'user_id': 'P7'}",7
463,2000-01-01 11:22:18,instance-40a5bd78-e6a3-4927-bc48-c5e3ba5410b9,instance.updated.graph,"{'instance_id': 'instance-40a5bd78-e6a3-4927-bc48-c5e3ba5410b9', 'instance_label': 'Girl', 'text_changed': False, 'graph_changed': True, 'session_id': 'f4f51ef5-bb84-4469-a68f-04a3780fd0af', 'user_id': 'P7'}",7
464,2000-01-01 11:22:24,instance-40a5bd78-e6a3-4927-bc48-c5e3ba5410b9,layout.node.moved,"{'nodeId': 'instance-40a5bd78-e6a3-4927-bc48-c5e3ba5410b9', 'newPos': {'x': 385, 'y': 355}, 'session_id': 'f4f51ef5-bb84-4469-a68f-04a3780fd0af', 'user_id': 'P7'}",7
465,2000-01-01 11:22:26,instance-40a5bd78-e6a3-4927-bc48-c5e3ba5410b9-resizable,layoutboard.node.resizable.resized,"{'nodeId': 'instance-40a5bd78-e6a3-4927-bc48-c5e3ba5410b9-resizable', 'prevSize': {'width': 50, 'height': 50}, 'newSize': {'width': 119, 'height': 151}, 'delta': {'width': 69, 'height': 101}, 'linkedSizeNodeIds': [], 'session_id': 'f4f51ef5-bb84-4469-a68f-04a3780fd0af', 'user_id': 'P7'}",7
466,2000-01-01 11:22:29,instance-40a5bd78-e6a3-4927-bc48-c5e3ba5410b9-resizable,layoutboard.node.resizable.resized,"{'nodeId': 'instance-40a5bd78-e6a3-4927-bc48-c5e3ba5410b9-resizable', 'prevSize': {'width': 50, 'height': 50}, 'newSize': {'width': 106, 'height': 162}, 'delta': {'width': 56, 'height': 112}, 'linkedSizeNodeIds': [], 'session_id': 'f4f51ef5-bb84-4469-a68f-04a3780fd0af', 'user_id': 'P7'}",7
467,2000-01-01 11:22:32,instance-329fa7cb-e216-4f66-a5a4-7381a3751f8f,layout.node.moved,"{'nodeId': 'instance-329fa7cb-e216-4f66-a5a4-7381a3751f8f', 'newPos': {'x': 269, 'y': 304}, 'session_id': 'f4f51ef5-bb84-4469-a68f-04a3780fd0af', 'user_id': 'P7'}",7
468,2000-01-01 11:22:34,instance-329fa7cb-e216-4f66-a5a4-7381a3751f8f-resizable,layoutboard.node.resizable.resized,"{'nodeId': 'instance-329fa7cb-e216-4f66-a5a4-7381a3751f8f-resizable', 'prevSize': {'width': 50, 'height': 50}, 'newSize': {'width': 122, 'height': 204}, 'delta': {'width': 72, 'height': 154}, 'linkedSizeNodeIds': [], 'session_id': 'f4f51ef5-bb84-4469-a68f-04a3780fd0af', 'user_id': 'P7'}",7
469,2000-01-01 11:22:37,instance-45b6c4d0-7b0f-467c-8c05-028ebf2b7812,layout.node.moved,"{'nodeId': 'instance-45b6c4d0-7b0f-467c-8c05-028ebf2b7812', 'newPos': {'x': 117, 'y': 316}, 'session_id': 'f4f51ef5-bb84-4469-a68f-04a3780fd0af', 'user_id': 'P7'}",7
470,2000-01-01 11:22:39,instance-45b6c4d0-7b0f-467c-8c05-028ebf2b7812-resizable,layoutboard.node.resizable.resized,"{'nodeId': 'instance-45b6c4d0-7b0f-467c-8c05-028ebf2b7812-resizable', 'prevSize': {'width': 50, 'height': 50}, 'newSize': {'width': 41, 'height': 174}, 'delta': {'width': -9, 'height': 124}, 'linkedSizeNodeIds': [], 'session_id': 'f4f51ef5-bb84-4469-a68f-04a3780fd0af', 'user_id': 'P7'}",7
471,2000-01-01 11:22:49,instance-45b6c4d0-7b0f-467c-8c05-028ebf2b7812-resizable,layoutboard.node.resizable.resized,"{'nodeId': 'instance-45b6c4d0-7b0f-467c-8c05-028ebf2b7812-resizable', 'prevSize': {'width': 50, 'height': 50}, 'newSize': {'width': 130, 'height': 193}, 'delta': {'width': 80, 'height': 143}, 'linkedSizeNodeIds': [], 'session_id': 'f4f51ef5-bb84-4469-a68f-04a3780fd0af', 'user_id': 'P7'}",7
472,2000-01-01 11:22:52,instance-45b6c4d0-7b0f-467c-8c05-028ebf2b7812,layout.node.moved,"{'nodeId': 'instance-45b6c4d0-7b0f-467c-8c05-028ebf2b7812', 'newPos': {'x': 125, 'y': 260}, 'session_id': 'f4f51ef5-bb84-4469-a68f-04a3780fd0af', 'user_id': 'P7'}",7
473,2000-01-01 11:22:54,instance-45b6c4d0-7b0f-467c-8c05-028ebf2b7812-resizable,layoutboard.node.resizable.resized,"{'nodeId': 'instance-45b6c4d0-7b0f-467c-8c05-028ebf2b7812-resizable', 'prevSize': {'width': 50, 'height': 50}, 'newSize': {'width': 130, 'height': 238}, 'delta': {'width': 80, 'height': 188}, 'linkedSizeNodeIds': [], 'session_id': 'f4f51ef5-bb84-4469-a68f-04a3780fd0af', 'user_id': 'P7'}",7
474,2000-01-01 11:22:56,instance-329fa7cb-e216-4f66-a5a4-7381a3751f8f,layout.node.moved,"{'nodeId': 'instance-329fa7cb-e216-4f66-a5a4-7381a3751f8f', 'newPos': {'x': 269, 'y': 254}, 'session_id': 'f4f51ef5-bb84-4469-a68f-04a3780fd0af', 'user_id': 'P7'}",7
475,2000-01-01 11:22:58,instance-329fa7cb-e216-4f66-a5a4-7381a3751f8f-resizable,layoutboard.node.resizable.resized,"{'nodeId': 'instance-329fa7cb-e216-4f66-a5a4-7381a3751f8f-resizable', 'prevSize': {'width': 50, 'height': 50}, 'newSize': {'width': 125, 'height': 246}, 'delta': {'width': 75, 'height': 196}, 'linkedSizeNodeIds': [], 'session_id': 'f4f51ef5-bb84-4469-a68f-04a3780fd0af', 'user_id': 'P7'}",7
476,2000-01-01 11:23:00,instance-e31a7f32-eead-426d-b28e-f76cad91bda6,layout.node.moved,"{'nodeId': 'instance-e31a7f32-eead-426d-b28e-f76cad91bda6', 'newPos': {'x': 4.447914123535156, 'y': 271.44791412353516}, 'session_id': 'f4f51ef5-bb84-4469-a68f-04a3780fd0af', 'user_id': 'P7'}",7
477,2000-01-01 11:23:02,instance-e31a7f32-eead-426d-b28e-f76cad91bda6-resizable,layoutboard.node.resizable.resized,"{'nodeId': 'instance-e31a7f32-eead-426d-b28e-f76cad91bda6-resizable', 'prevSize': {'width': 50, 'height': 50}, 'newSize': {'width': 106, 'height': 224}, 'delta': {'width': 56, 'height': 174}, 'linkedSizeNodeIds': [], 'session_id': 'f4f51ef5-bb84-4469-a68f-04a3780fd0af', 'user_id': 'P7'}",7
478,2000-01-01 11:23:24,,instance.created_from_text,"{'position': {'x': 175.44791412353516, 'y': 109.44791412353516}, 'screen_position': {'x': 238, 'y': 152}, 'board_type': 'advanced', 'session_id': 'f4f51ef5-bb84-4469-a68f-04a3780fd0af', 'user_id': 'P7'}",7
479,2000-01-01 11:23:27,,instance.created_from_text,"{'position': {'x': 186.44791412353516, 'y': 146.44791412353516}, 'screen_position': {'x': 249, 'y': 189}, 'board_type': 'advanced', 'session_id': 'f4f51ef5-bb84-4469-a68f-04a3780fd0af', 'user_id': 'P7'}",7
480,2000-01-01 11:23:47,instance-a0afcbac-48bb-44cf-a84c-fa0966b4a97a,layout.node.moved,"{'nodeId': 'instance-a0afcbac-48bb-44cf-a84c-fa0966b4a97a', 'newPos': {'x': 223.44791412353516, 'y': 371.44791412353516}, 'session_id': 'f4f51ef5-bb84-4469-a68f-04a3780fd0af', 'user_id': 'P7'}",7
481,2000-01-01 11:23:52,instance-329fa7cb-e216-4f66-a5a4-7381a3751f8f,layout.node.moved,"{'nodeId': 'instance-329fa7cb-e216-4f66-a5a4-7381a3751f8f', 'newPos': {'x': 270, 'y': 299}, 'session_id': 'f4f51ef5-bb84-4469-a68f-04a3780fd0af', 'user_id': 'P7'}",7
482,2000-01-01 11:23:53,instance-329fa7cb-e216-4f66-a5a4-7381a3751f8f,layout.node.moved,"{'nodeId': 'instance-329fa7cb-e216-4f66-a5a4-7381a3751f8f', 'newPos': {'x': 270, 'y': 259}, 'session_id': 'f4f51ef5-bb84-4469-a68f-04a3780fd0af', 'user_id': 'P7'}",7
483,2000-01-01 11:23:53,,relationship_node.created,"{'relationship_id': 'instance-e31a7f32-eead-426d-b28e-f76cad91bda6->instance-a0afcbac-48bb-44cf-a84c-fa0966b4a97a:holding', 'sourceId': 'instance-e31a7f32-eead-426d-b28e-f76cad91bda6', 'targetId': 'instance-a0afcbac-48bb-44cf-a84c-fa0966b4a97a', 'relation': 'holding', 'video_time': '37:45'}",7
484,2000-01-01 11:24:12,instance-a0afcbac-48bb-44cf-a84c-fa0966b4a97a,layout.node.moved,"{'nodeId': 'instance-a0afcbac-48bb-44cf-a84c-fa0966b4a97a', 'newPos': {'x': 169.44791412353516, 'y': 377.44791412353516}, 'session_id': 'f4f51ef5-bb84-4469-a68f-04a3780fd0af', 'user_id': 'P7'}",7
485,2000-01-01 11:24:19,,relationship_node.edited,"{'relationship_id': 'instance-329fa7cb-e216-4f66-a5a4-7381a3751f8f-instance-a0afcbac-48bb-44cf-a84c-fa0966b4a97a', 'source_object_id': 'instance-329fa7cb-e216-4f66-a5a4-7381a3751f8f', 'target_object_id': 'instance-a0afcbac-48bb-44cf-a84c-fa0966b4a97a', 'old_relation': 'related', 'new_relation': 'holding', 'source_object_name': 'Man', 'target_object_name': 'box', 'session_id': 'f4f51ef5-bb84-4469-a68f-04a3780fd0af', 'user_id': 'P7'}",7
486,2000-01-01 11:24:22,instance-a0afcbac-48bb-44cf-a84c-fa0966b4a97a,layout.node.moved,"{'nodeId': 'instance-a0afcbac-48bb-44cf-a84c-fa0966b4a97a', 'newPos': {'x': 220.44791412353516, 'y': 375.44791412353516}, 'session_id': 'f4f51ef5-bb84-4469-a68f-04a3780fd0af', 'user_id': 'P7'}",7
487,2000-01-01 11:24:24,,relationship_node.created,"{'relationship_id': 'instance-45b6c4d0-7b0f-467c-8c05-028ebf2b7812->instance-a0afcbac-48bb-44cf-a84c-fa0966b4a97a:holding', 'sourceId': 'instance-45b6c4d0-7b0f-467c-8c05-028ebf2b7812', 'targetId': 'instance-a0afcbac-48bb-44cf-a84c-fa0966b4a97a', 'relation': 'holding', 'video_time': '38:16'}",7
488,2000-01-01 11:24:40,,relationship_node.created,"{'relationship_id': 'instance-e31a7f32-eead-426d-b28e-f76cad91bda6->instance-40a5bd78-e6a3-4927-bc48-c5e3ba5410b9:looking at', 'sourceId': 'instance-e31a7f32-eead-426d-b28e-f76cad91bda6', 'targetId': 'instance-40a5bd78-e6a3-4927-bc48-c5e3ba5410b9', 'relation': 'looking at', 'video_time': '38:32'}",7
489,2000-01-01 11:24:55,,instance.created_from_text,"{'position': {'x': 38.447914123535156, 'y': 41.447914123535156}, 'screen_position': {'x': 101, 'y': 84}, 'board_type': 'advanced', 'session_id': 'f4f51ef5-bb84-4469-a68f-04a3780fd0af', 'user_id': 'P7'}",7
490,2000-01-01 11:25:50,instance-558efcbb-ae2f-4733-a049-1a3fa61f3557,layout.node.moved,"{'nodeId': 'instance-558efcbb-ae2f-4733-a049-1a3fa61f3557', 'newPos': {'x': 6.447914123535156, 'y': 10.447914123535156}, 'session_id': 'f4f51ef5-bb84-4469-a68f-04a3780fd0af', 'user_id': 'P7'}",7
491,2000-01-01 11:25:53,instance-558efcbb-ae2f-4733-a049-1a3fa61f3557-resizable,layoutboard.node.resizable.resized,"{'nodeId': 'instance-558efcbb-ae2f-4733-a049-1a3fa61f3557-resizable', 'prevSize': {'width': 50, 'height': 50}, 'newSize': {'width': 503, 'height': 294}, 'delta': {'width': 453, 'height': 244}, 'linkedSizeNodeIds': [], 'session_id': 'f4f51ef5-bb84-4469-a68f-04a3780fd0af', 'user_id': 'P7'}",7
492,2000-01-01 11:26:17,instance-558efcbb-ae2f-4733-a049-1a3fa61f3557,object_node.extract.confirmed,"{'object_id': 'object3', 'object_name': 'car', 'parent_instance_id': 'instance-558efcbb-ae2f-4733-a049-1a3fa61f3557', 'session_id': 'f4f51ef5-bb84-4469-a68f-04a3780fd0af', 'user_id': 'P7'}",7
493,2000-01-01 11:26:24,instance-6ffd5387-af2a-4369-9be4-335c324b442f,layout.node.moved,"{'nodeId': 'instance-6ffd5387-af2a-4369-9be4-335c324b442f', 'newPos': {'x': 295, 'y': 142}, 'session_id': 'f4f51ef5-bb84-4469-a68f-04a3780fd0af', 'user_id': 'P7'}",7
494,2000-01-01 11:26:28,instance-6ffd5387-af2a-4369-9be4-335c324b442f-resizable,layoutboard.node.resizable.resized,"{'nodeId': 'instance-6ffd5387-af2a-4369-9be4-335c324b442f-resizable', 'prevSize': {'width': 50, 'height': 50}, 'newSize': {'width': 190, 'height': 138}, 'delta': {'width': 140, 'height': 88}, 'linkedSizeNodeIds': [], 'session_id': 'f4f51ef5-bb84-4469-a68f-04a3780fd0af', 'user_id': 'P7'}",7
495,2000-01-01 11:26:31,instance-6ffd5387-af2a-4369-9be4-335c324b442f,layout.node.moved,"{'nodeId': 'instance-6ffd5387-af2a-4369-9be4-335c324b442f', 'newPos': {'x': 272, 'y': 143}, 'session_id': 'f4f51ef5-bb84-4469-a68f-04a3780fd0af', 'user_id': 'P7'}",7
496,2000-01-01 11:26:34,instance-558efcbb-ae2f-4733-a049-1a3fa61f3557,object_node.extract.confirmed,"{'object_id': 'object4', 'object_name': 'lamp', 'parent_instance_id': 'instance-558efcbb-ae2f-4733-a049-1a3fa61f3557', 'session_id': 'f4f51ef5-bb84-4469-a68f-04a3780fd0af', 'user_id': 'P7'}",7
497,2000-01-01 11:26:39,instance-d6e24f15-72dd-4def-9106-ed04113195ee-resizable,layoutboard.node.resizable.resized,"{'nodeId': 'instance-d6e24f15-72dd-4def-9106-ed04113195ee-resizable', 'prevSize': {'width': 50, 'height': 50}, 'newSize': {'width': 118, 'height': 222}, 'delta': {'width': 68, 'height': 172}, 'linkedSizeNodeIds': [], 'session_id': 'f4f51ef5-bb84-4469-a68f-04a3780fd0af', 'user_id': 'P7'}",7
498,2000-01-01 11:26:42,instance-d6e24f15-72dd-4def-9106-ed04113195ee,layout.node.moved,"{'nodeId': 'instance-d6e24f15-72dd-4def-9106-ed04113195ee', 'newPos': {'x': 63, 'y': 57}, 'session_id': 'f4f51ef5-bb84-4469-a68f-04a3780fd0af', 'user_id': 'P7'}",7
499,2000-01-01 11:26:44,instance-d6e24f15-72dd-4def-9106-ed04113195ee,layout.node.moved,"{'nodeId': 'instance-d6e24f15-72dd-4def-9106-ed04113195ee', 'newPos': {'x': 67, 'y': 22}, 'session_id': 'f4f51ef5-bb84-4469-a68f-04a3780fd0af', 'user_id': 'P7'}",7
500,2000-01-01 11:26:47,instance-d6e24f15-72dd-4def-9106-ed04113195ee-resizable,layoutboard.node.resizable.resized,"{'nodeId': 'instance-d6e24f15-72dd-4def-9106-ed04113195ee-resizable', 'prevSize': {'width': 50, 'height': 50}, 'newSize': {'width': 111, 'height': 267}, 'delta': {'width': 61, 'height': 217}, 'linkedSizeNodeIds': [], 'session_id': 'f4f51ef5-bb84-4469-a68f-04a3780fd0af', 'user_id': 'P7'}",7
501,2000-01-01 11:26:56,instance-558efcbb-ae2f-4733-a049-1a3fa61f3557-resizable,layout.node.moved,"{'nodeId': 'instance-558efcbb-ae2f-4733-a049-1a3fa61f3557-resizable', 'newPos': {'x': 0, 'y': 164.44791412353516}, 'session_id': 'f4f51ef5-bb84-4469-a68f-04a3780fd0af', 'user_id': 'P7'}",7
502,2000-01-01 11:26:57,instance-558efcbb-ae2f-4733-a049-1a3fa61f3557-resizable,layout.node.moved,"{'nodeId': 'instance-558efcbb-ae2f-4733-a049-1a3fa61f3557-resizable', 'newPos': {'x': 6, 'y': 192.44791412353516}, 'session_id': 'f4f51ef5-bb84-4469-a68f-04a3780fd0af', 'user_id': 'P7'}",7
503,2000-01-01 11:27:01,,relationship_node.deleted,"{'relationship_id': 'instance-6ffd5387-af2a-4369-9be4-335c324b442f-instance-558efcbb-ae2f-4733-a049-1a3fa61f3557', 'source_object_id': 'instance-6ffd5387-af2a-4369-9be4-335c324b442f', 'target_object_id': 'instance-558efcbb-ae2f-4733-a049-1a3fa61f3557', 'relation': 'parked beside', 'source_object_name': 'car', 'target_object_name': 'street', 'session_id': 'f4f51ef5-bb84-4469-a68f-04a3780fd0af', 'user_id': 'P7'}",7
504,2000-01-01 11:27:04,instance-558efcbb-ae2f-4733-a049-1a3fa61f3557,layout.node.moved,"{'nodeId': 'instance-558efcbb-ae2f-4733-a049-1a3fa61f3557', 'newPos': {'x': 3, 'y': 2.4479141235351562}, 'session_id': 'f4f51ef5-bb84-4469-a68f-04a3780fd0af', 'user_id': 'P7'}",7
505,2000-01-01 11:27:06,instance-d6e24f15-72dd-4def-9106-ed04113195ee,layout.node.moved,"{'nodeId': 'instance-d6e24f15-72dd-4def-9106-ed04113195ee', 'newPos': {'x': 68, 'y': 15}, 'session_id': 'f4f51ef5-bb84-4469-a68f-04a3780fd0af', 'user_id': 'P7'}",7
506,2000-01-01 11:27:44,,api.generate_image.succeeded,"{'global_caption': 'a scene featuring an old white man wearing a grey cardigan, a white shirt, black pants, and a black artist-style hat, looking at a girl related to a woman, a brown-haired woman in a flower-patterned dress holding a box, a brown-haired man in a bright blue polo T-shirt and brown short pants holding a tray with a bunch of water bottles and a box, a black-haired girl in a bright pink tank top and a white dress wearing pink shoes and holding a yellow balloon connected to a cute teddy bear, a brown picnic box, a street with a black lot tree, a black car, and a lamp on the street.', 'region_count': 8, 'has_image': True, 'detected_objects_count': 8, 'image_path': 'output/P7/2025-08-20_11-27-44/image.png', 'image_with_layout_path': 'output/P7/2025-08-20_11-27-44/image_with_layout.png', 'timestamp_dir': 'output/P7/2025-08-20_11-27-44', 'session_id': 'f4f51ef5-bb84-4469-a68f-04a3780fd0af', 'user_id': 'P7'}",7
507,2000-01-01 11:30:06,instance-40a5bd78-e6a3-4927-bc48-c5e3ba5410b9,instance.updated.graph,"{'instance_id': 'instance-40a5bd78-e6a3-4927-bc48-c5e3ba5410b9', 'instance_label': 'Girl', 'text_changed': False, 'graph_changed': True, 'session_id': 'f4f51ef5-bb84-4469-a68f-04a3780fd0af', 'user_id': 'P7'}",7
508,2000-01-01 11:30:45,instance-6ffd5387-af2a-4369-9be4-335c324b442f,instance.updated.graph,"{'instance_id': 'instance-6ffd5387-af2a-4369-9be4-335c324b442f', 'instance_label': 'car', 'text_changed': False, 'graph_changed': True, 'session_id': 'f4f51ef5-bb84-4469-a68f-04a3780fd0af', 'user_id': 'P7'}",7
509,2000-01-01 11:31:18,instance-329fa7cb-e216-4f66-a5a4-7381a3751f8f,instance.updated.graph,"{'instance_id': 'instance-329fa7cb-e216-4f66-a5a4-7381a3751f8f', 'instance_label': 'Man', 'text_changed': False, 'graph_changed': True, 'session_id': 'f4f51ef5-bb84-4469-a68f-04a3780fd0af', 'user_id': 'P7'}",7
510,2000-01-01 11:31:53,instance-e31a7f32-eead-426d-b28e-f76cad91bda6,instance.updated.text,"{'instance_id': 'instance-e31a7f32-eead-426d-b28e-f76cad91bda6', 'instance_label': 'man', 'text_changed': True, 'graph_changed': False, 'session_id': 'f4f51ef5-bb84-4469-a68f-04a3780fd0af', 'user_id': 'P7'}",7
511,2000-01-01 11:32:22,instance-329fa7cb-e216-4f66-a5a4-7381a3751f8f,instance.updated.graph,"{'instance_id': 'instance-329fa7cb-e216-4f66-a5a4-7381a3751f8f', 'instance_label': 'Man', 'text_changed': False, 'graph_changed': True, 'session_id': 'f4f51ef5-bb84-4469-a68f-04a3780fd0af', 'user_id': 'P7'}",7
512,2000-01-01 11:32:51,instance-558efcbb-ae2f-4733-a049-1a3fa61f3557,instance.updated.graph,"{'instance_id': 'instance-558efcbb-ae2f-4733-a049-1a3fa61f3557', 'instance_label': 'street', 'text_changed': False, 'graph_changed': True, 'session_id': 'f4f51ef5-bb84-4469-a68f-04a3780fd0af', 'user_id': 'P7'}",7
513,2000-01-01 11:33:21,,api.generate_image.succeeded,"{'global_caption': 'a scene featuring an old white man wearing a grey cardigan, a white shirt, black pants, and a black artist-style hat, holding nothing related to a woman while looking at a girl, a brown-haired woman in a flower-patterned dress holding a box, a young brown-haired man in a bright blue polo T-shirt and brown short pants holding a tray with a bunch of water bottles in one hand, wearing brown sandals, while holding a box, a black-haired girl in a bright pink tank top and a white skirt wearing pink shoes and holding a yellow balloon connected to a cute teddy bear, a brown picnic box, a street with a black tree, a black car parked beside the street and viewed from the side, and a lamp on the street.', 'region_count': 8, 'has_image': True, 'detected_objects_count': 5, 'image_path': 'output/P7/2025-08-20_11-33-21/image.png', 'image_with_layout_path': 'output/P7/2025-08-20_11-33-21/image_with_layout.png', 'timestamp_dir': 'output/P7/2025-08-20_11-33-21', 'session_id': 'f4f51ef5-bb84-4469-a68f-04a3780fd0af', 'user_id': 'P7'}",7
514,2000-01-01 11:35:32,instance-558efcbb-ae2f-4733-a049-1a3fa61f3557,instance.updated.graph,"{'instance_id': 'instance-558efcbb-ae2f-4733-a049-1a3fa61f3557', 'instance_label': 'street', 'text_changed': False, 'graph_changed': True, 'session_id': 'f4f51ef5-bb84-4469-a68f-04a3780fd0af', 'user_id': 'P7'}",7
515,2000-01-01 11:36:52,instance-40a5bd78-e6a3-4927-bc48-c5e3ba5410b9,object_node.extract.confirmed,"{'object_id': 'object6', 'object_name': 'teddy bear', 'parent_instance_id': 'instance-40a5bd78-e6a3-4927-bc48-c5e3ba5410b9', 'session_id': 'f4f51ef5-bb84-4469-a68f-04a3780fd0af', 'user_id': 'P7'}",7
516,2000-01-01 11:37:01,instance-d57c5518-a521-46e7-a930-f27f0f07efbe,layout.node.moved,"{'nodeId': 'instance-d57c5518-a521-46e7-a930-f27f0f07efbe', 'newPos': {'x': 366, 'y': 412}, 'session_id': 'f4f51ef5-bb84-4469-a68f-04a3780fd0af', 'user_id': 'P7'}",7
517,2000-01-01 11:37:05,instance-40a5bd78-e6a3-4927-bc48-c5e3ba5410b9,object_node.extract.confirmed,"{'object_id': 'object4', 'object_name': 'balloon', 'parent_instance_id': 'instance-40a5bd78-e6a3-4927-bc48-c5e3ba5410b9', 'session_id': 'f4f51ef5-bb84-4469-a68f-04a3780fd0af', 'user_id': 'P7'}",7
518,2000-01-01 11:37:12,instance-f59f4942-233e-4d77-ae9c-93f964e07618,layout.node.moved,"{'nodeId': 'instance-f59f4942-233e-4d77-ae9c-93f964e07618', 'newPos': {'x': 407, 'y': 370}, 'session_id': 'f4f51ef5-bb84-4469-a68f-04a3780fd0af', 'user_id': 'P7'}",7
519,2000-01-01 11:37:15,instance-f59f4942-233e-4d77-ae9c-93f964e07618,layout.node.moved,"{'nodeId': 'instance-f59f4942-233e-4d77-ae9c-93f964e07618', 'newPos': {'x': 407, 'y': 365}, 'session_id': 'f4f51ef5-bb84-4469-a68f-04a3780fd0af', 'user_id': 'P7'}",7
520,2000-01-01 11:37:20,instance-f59f4942-233e-4d77-ae9c-93f964e07618-resizable,layoutboard.node.resizable.resized,"{'nodeId': 'instance-f59f4942-233e-4d77-ae9c-93f964e07618-resizable', 'prevSize': {'width': 50, 'height': 50}, 'newSize': {'width': 115, 'height': 51}, 'delta': {'width': 65, 'height': 1}, 'linkedSizeNodeIds': [], 'session_id': 'f4f51ef5-bb84-4469-a68f-04a3780fd0af', 'user_id': 'P7'}",7
521,2000-01-01 11:37:23,instance-f59f4942-233e-4d77-ae9c-93f964e07618-resizable,layoutboard.node.resizable.resized,"{'nodeId': 'instance-f59f4942-233e-4d77-ae9c-93f964e07618-resizable', 'prevSize': {'width': 50, 'height': 50}, 'newSize': {'width': 33, 'height': 79}, 'delta': {'width': -17, 'height': 29}, 'linkedSizeNodeIds': [], 'session_id': 'f4f51ef5-bb84-4469-a68f-04a3780fd0af', 'user_id': 'P7'}",7
522,2000-01-01 11:38:19,instance-e31a7f32-eead-426d-b28e-f76cad91bda6,instance.updated.graph,"{'instance_id': 'instance-e31a7f32-eead-426d-b28e-f76cad91bda6', 'instance_label': 'man', 'text_changed': False, 'graph_changed': True, 'session_id': 'f4f51ef5-bb84-4469-a68f-04a3780fd0af', 'user_id': 'P7'}",7
523,2000-01-01 11:38:49,,api.generate_image.succeeded,"{'global_caption': 'a scene featuring a brown-haired woman in a flower-patterned dress holding a box, a young brown-haired man in a bright blue polo T-shirt and brown short pants holding a tray with a bunch of water bottles with one hand, and wearing brown sandals while holding a box, a black-haired girl in a bright pink tank top and a white skirt wearing pink shoes holding a cute teddy bear and a yellow balloon, a brown picnic box, a street with many trees, a black car parked beside the street and viewed from the side, and a lamp on the street.', 'region_count': 9, 'has_image': True, 'detected_objects_count': 6, 'image_path': 'output/P7/2025-08-20_11-38-48/image.png', 'image_with_layout_path': 'output/P7/2025-08-20_11-38-48/image_with_layout.png', 'timestamp_dir': 'output/P7/2025-08-20_11-38-48', 'session_id': 'f4f51ef5-bb84-4469-a68f-04a3780fd0af', 'user_id': 'P7'}",7
524,2000-01-01 11:39:38,instance-e31a7f32-eead-426d-b28e-f76cad91bda6-resizable,layout.node.moved,"{'nodeId': 'instance-e31a7f32-eead-426d-b28e-f76cad91bda6-resizable', 'newPos': {'x': 2.4479141235351562, 'y': 273.44791412353516}, 'session_id': 'f4f51ef5-bb84-4469-a68f-04a3780fd0af', 'user_id': 'P7'}",7
525,2000-01-01 11:39:49,instance-f59f4942-233e-4d77-ae9c-93f964e07618-resizable,layoutboard.node.resizable.resized,"{'nodeId': 'instance-f59f4942-233e-4d77-ae9c-93f964e07618-resizable', 'prevSize': {'width': 50, 'height': 50}, 'newSize': {'width': 53, 'height': 77}, 'delta': {'width': 3, 'height': 27}, 'linkedSizeNodeIds': [], 'session_id': 'f4f51ef5-bb84-4469-a68f-04a3780fd0af', 'user_id': 'P7'}",7
526,2000-01-01 11:39:50,instance-f59f4942-233e-4d77-ae9c-93f964e07618-resizable,layout.node.moved,"{'nodeId': 'instance-f59f4942-233e-4d77-ae9c-93f964e07618-resizable', 'newPos': {'x': 459, 'y': 363}, 'session_id': 'f4f51ef5-bb84-4469-a68f-04a3780fd0af', 'user_id': 'P7'}",7
527,2000-01-01 11:39:51,instance-e31a7f32-eead-426d-b28e-f76cad91bda6-resizable,layout.node.moved,"{'nodeId': 'instance-e31a7f32-eead-426d-b28e-f76cad91bda6-resizable', 'newPos': {'x': 0, 'y': 288}, 'session_id': 'f4f51ef5-bb84-4469-a68f-04a3780fd0af', 'user_id': 'P7'}",7
528,2000-01-01 11:39:55,instance-e31a7f32-eead-426d-b28e-f76cad91bda6-resizable,layout.node.moved,"{'nodeId': 'instance-e31a7f32-eead-426d-b28e-f76cad91bda6-resizable', 'newPos': {'x': 3, 'y': 288}, 'session_id': 'f4f51ef5-bb84-4469-a68f-04a3780fd0af', 'user_id': 'P7'}",7
529,2000-01-01 11:40:25,,api.generate_image.succeeded,"{'global_caption': 'a scene featuring a brown-haired woman in a flower-patterned dress holding a box, a young brown-haired man in a bright blue polo T-shirt and brown short pants holding a tray with a bunch of water bottles with one hand, and wearing brown sandals while holding a box, a black-haired girl in a bright pink tank top and a white skirt wearing pink shoes holding a cute teddy bear and a yellow balloon, a brown picnic box, a street with many trees, a black car parked beside the street and viewed from the side, and a lamp on the street.', 'region_count': 9, 'has_image': True, 'detected_objects_count': 8, 'image_path': 'output/P7/2025-08-20_11-40-24/image.png', 'image_with_layout_path': 'output/P7/2025-08-20_11-40-24/image_with_layout.png', 'timestamp_dir': 'output/P7/2025-08-20_11-40-24', 'session_id': 'f4f51ef5-bb84-4469-a68f-04a3780fd0af', 'user_id': 'P7'}",7
530,2000-01-01 01:57:30,,instance.created_from_text,"{'position': {'x': 215.1433868408203, 'y': 401.83823585510254}, 'screen_position': {'x': 277, 'y': 425}, 'board_type': 'advanced', 'session_id': 'd0d84f7d-149a-4397-8b5d-f46fc4be03ed', 'user_id': 'P8'}",8
531,2000-01-01 01:57:52,instance-7e23c39d-2035-4297-84b7-23cc3107a123,layout.node.moved,"{'nodeId': 'instance-7e23c39d-2035-4297-84b7-23cc3107a123', 'newPos': {'x': 365.1433868408203, 'y': 273.83823585510254}, 'session_id': 'd0d84f7d-149a-4397-8b5d-f46fc4be03ed', 'user_id': 'P8'}",8
532,2000-01-01 01:57:56,instance-7e23c39d-2035-4297-84b7-23cc3107a123-resizable,layoutboard.node.resizable.resized,"{'nodeId': 'instance-7e23c39d-2035-4297-84b7-23cc3107a123-resizable', 'prevSize': {'width': 50, 'height': 50}, 'newSize': {'width': 51, 'height': 51}, 'delta': {'width': 1, 'height': 1}, 'linkedSizeNodeIds': [], 'session_id': 'd0d84f7d-149a-4397-8b5d-f46fc4be03ed', 'user_id': 'P8'}",8
533,2000-01-01 01:58:01,instance-7e23c39d-2035-4297-84b7-23cc3107a123-resizable,layoutboard.node.resizable.resized,"{'nodeId': 'instance-7e23c39d-2035-4297-84b7-23cc3107a123-resizable', 'prevSize': {'width': 50, 'height': 50}, 'newSize': {'width': 129, 'height': 227}, 'delta': {'width': 79, 'height': 177}, 'linkedSizeNodeIds': [], 'session_id': 'd0d84f7d-149a-4397-8b5d-f46fc4be03ed', 'user_id': 'P8'}",8
534,2000-01-01 01:58:02,instance-7e23c39d-2035-4297-84b7-23cc3107a123-resizable,layout.node.moved,"{'nodeId': 'instance-7e23c39d-2035-4297-84b7-23cc3107a123-resizable', 'newPos': {'x': 338.1433868408203, 'y': 197.83823585510254}, 'session_id': 'd0d84f7d-149a-4397-8b5d-f46fc4be03ed', 'user_id': 'P8'}",8
535,2000-01-01 02:01:35,instance-7e23c39d-2035-4297-84b7-23cc3107a123,instance.updated.graph,"{'instance_id': 'instance-7e23c39d-2035-4297-84b7-23cc3107a123', 'instance_label': 'woman', 'text_changed': False, 'graph_changed': True, 'session_id': 'd0d84f7d-149a-4397-8b5d-f46fc4be03ed', 'user_id': 'P8'}",8
536,2000-01-01 02:01:38,class-c2170d6a-2c5a-4f2c-b1a3-49d2788b2098,class.created,"{'class_id': 'class-c2170d6a-2c5a-4f2c-b1a3-49d2788b2098', 'class_name': 'woman Class', 'placeholder_count': 6, 'created_from': 'woman', 'session_id': 'd0d84f7d-149a-4397-8b5d-f46fc4be03ed', 'user_id': 'P8'}",8
537,2000-01-01 02:03:04,,instance.created_from_text,"{'position': {'x': 205.71323776245117, 'y': 435.83823585510254}, 'screen_position': {'x': 267, 'y': 459}, 'board_type': 'advanced', 'session_id': 'd0d84f7d-149a-4397-8b5d-f46fc4be03ed', 'user_id': 'P8'}",8
538,2000-01-01 02:05:05,instance-d3274642-0337-44f0-a41e-92f277f500d8-resizable,layoutboard.node.resizable.resized,"{'nodeId': 'instance-d3274642-0337-44f0-a41e-92f277f500d8-resizable', 'prevSize': {'width': 50, 'height': 50}, 'newSize': {'width': 133, 'height': 247}, 'delta': {'width': 83, 'height': 197}, 'linkedSizeNodeIds': [], 'session_id': 'd0d84f7d-149a-4397-8b5d-f46fc4be03ed', 'user_id': 'P8'}",8
539,2000-01-01 02:05:10,instance-d3274642-0337-44f0-a41e-92f277f500d8-resizable,layout.node.moved,"{'nodeId': 'instance-d3274642-0337-44f0-a41e-92f277f500d8-resizable', 'newPos': {'x': 2.713237762451172, 'y': 184.83823585510254}, 'session_id': 'd0d84f7d-149a-4397-8b5d-f46fc4be03ed', 'user_id': 'P8'}",8
540,2000-01-01 02:05:14,instance-d3274642-0337-44f0-a41e-92f277f500d8-resizable,layoutboard.node.resizable.resized,"{'nodeId': 'instance-d3274642-0337-44f0-a41e-92f277f500d8-resizable', 'prevSize': {'width': 50, 'height': 50}, 'newSize': {'width': 112, 'height': 223}, 'delta': {'width': 62, 'height': 173}, 'linkedSizeNodeIds': [], 'session_id': 'd0d84f7d-149a-4397-8b5d-f46fc4be03ed', 'user_id': 'P8'}",8
541,2000-01-01 02:06:57,instance-d3274642-0337-44f0-a41e-92f277f500d8,instance.updated.graph,"{'instance_id': 'instance-d3274642-0337-44f0-a41e-92f277f500d8', 'instance_label': 'man', 'text_changed': False, 'graph_changed': True, 'session_id': 'd0d84f7d-149a-4397-8b5d-f46fc4be03ed', 'user_id': 'P8'}",8
542,2000-01-01 02:07:19,,relationship_node.created,"{'relationship_id': 'instance-d3274642-0337-44f0-a41e-92f277f500d8->instance-7e23c39d-2035-4297-84b7-23cc3107a123:looking at', 'sourceId': 'instance-d3274642-0337-44f0-a41e-92f277f500d8', 'targetId': 'instance-7e23c39d-2035-4297-84b7-23cc3107a123', 'relation': 'looking at', 'video_time': '13:05'}",8
543,2000-01-01 02:07:28,instance-7e23c39d-2035-4297-84b7-23cc3107a123-resizable,layout.node.moved,"{'nodeId': 'instance-7e23c39d-2035-4297-84b7-23cc3107a123-resizable', 'newPos': {'x': 373.1433868408203, 'y': 208.83823585510254}, 'session_id': 'd0d84f7d-149a-4397-8b5d-f46fc4be03ed', 'user_id': 'P8'}",8
544,2000-01-01 02:07:35,class-22d2d68c-d352-4b54-a34d-e9a3be560bac,class.created,"{'class_id': 'class-22d2d68c-d352-4b54-a34d-e9a3be560bac', 'class_name': 'man Class', 'placeholder_count': 7, 'created_from': 'man', 'session_id': 'd0d84f7d-149a-4397-8b5d-f46fc4be03ed', 'user_id': 'P8'}",8
545,2000-01-01 02:08:36,instance-d4182ba4-5575-43ff-a6d6-42af1b4144aa,instance.created_from_class,"{'instance_id': 'instance-d4182ba4-5575-43ff-a6d6-42af1b4144aa', 'class_id': 'class-22d2d68c-d352-4b54-a34d-e9a3be560bac', 'instance_label': 'Man', 'has_text_description': True, 'session_id': 'd0d84f7d-149a-4397-8b5d-f46fc4be03ed', 'user_id': 'P8'}",8
546,2000-01-01 02:10:00,instance-d4182ba4-5575-43ff-a6d6-42af1b4144aa,instance.updated.graph,"{'instance_id': 'instance-d4182ba4-5575-43ff-a6d6-42af1b4144aa', 'instance_label': 'Man', 'text_changed': False, 'graph_changed': True, 'session_id': 'd0d84f7d-149a-4397-8b5d-f46fc4be03ed', 'user_id': 'P8'}",8
547,2000-01-01 02:10:04,instance-d4182ba4-5575-43ff-a6d6-42af1b4144aa,layout.node.moved,"{'nodeId': 'instance-d4182ba4-5575-43ff-a6d6-42af1b4144aa', 'newPos': {'x': 238, 'y': 202}, 'session_id': 'd0d84f7d-149a-4397-8b5d-f46fc4be03ed', 'user_id': 'P8'}",8
548,2000-01-01 02:10:10,instance-d4182ba4-5575-43ff-a6d6-42af1b4144aa-resizable,layoutboard.node.resizable.resized,"{'nodeId': 'instance-d4182ba4-5575-43ff-a6d6-42af1b4144aa-resizable', 'prevSize': {'width': 50, 'height': 50}, 'newSize': {'width': 121, 'height': 231}, 'delta': {'width': 71, 'height': 181}, 'linkedSizeNodeIds': [], 'session_id': 'd0d84f7d-149a-4397-8b5d-f46fc4be03ed', 'user_id': 'P8'}",8
549,2000-01-01 02:10:13,instance-d4182ba4-5575-43ff-a6d6-42af1b4144aa-resizable,layoutboard.node.resizable.resized,"{'nodeId': 'instance-d4182ba4-5575-43ff-a6d6-42af1b4144aa-resizable', 'prevSize': {'width': 50, 'height': 50}, 'newSize': {'width': 122, 'height': 224}, 'delta': {'width': 72, 'height': 174}, 'linkedSizeNodeIds': [], 'session_id': 'd0d84f7d-149a-4397-8b5d-f46fc4be03ed', 'user_id': 'P8'}",8
550,2000-01-01 02:10:19,instance-d4182ba4-5575-43ff-a6d6-42af1b4144aa-resizable,layout.node.moved,"{'nodeId': 'instance-d4182ba4-5575-43ff-a6d6-42af1b4144aa-resizable', 'newPos': {'x': 238, 'y': 209}, 'session_id': 'd0d84f7d-149a-4397-8b5d-f46fc4be03ed', 'user_id': 'P8'}",8
551,2000-01-01 02:10:24,,relationship_node.created,"{'relationship_id': 'instance-d3274642-0337-44f0-a41e-92f277f500d8->instance-7e23c39d-2035-4297-84b7-23cc3107a123:looking at', 'sourceId': 'instance-d3274642-0337-44f0-a41e-92f277f500d8', 'targetId': 'instance-7e23c39d-2035-4297-84b7-23cc3107a123', 'relation': 'looking at', 'video_time': '16:10'}",8
552,2000-01-01 02:12:42,instance-2d3487c7-3a18-45ab-85ab-b65b4ceaa1ba,instance.created_from_class,"{'instance_id': 'instance-2d3487c7-3a18-45ab-85ab-b65b4ceaa1ba', 'class_id': 'class-22d2d68c-d352-4b54-a34d-e9a3be560bac', 'instance_label': 'Woman', 'has_text_description': True, 'session_id': 'd0d84f7d-149a-4397-8b5d-f46fc4be03ed', 'user_id': 'P8'}",8
553,2000-01-01 02:13:34,instance-2d3487c7-3a18-45ab-85ab-b65b4ceaa1ba,instance.updated.graph,"{'instance_id': 'instance-2d3487c7-3a18-45ab-85ab-b65b4ceaa1ba', 'instance_label': 'Woman', 'text_changed': False, 'graph_changed': True, 'session_id': 'd0d84f7d-149a-4397-8b5d-f46fc4be03ed', 'user_id': 'P8'}",8
554,2000-01-01 02:13:57,instance-2d3487c7-3a18-45ab-85ab-b65b4ceaa1ba-resizable,layoutboard.node.resizable.resized,"{'nodeId': 'instance-2d3487c7-3a18-45ab-85ab-b65b4ceaa1ba-resizable', 'prevSize': {'width': 50, 'height': 50}, 'newSize': {'width': 51, 'height': 51}, 'delta': {'width': 1, 'height': 1}, 'linkedSizeNodeIds': [], 'session_id': 'd0d84f7d-149a-4397-8b5d-f46fc4be03ed', 'user_id': 'P8'}",8
555,2000-01-01 02:13:59,instance-2d3487c7-3a18-45ab-85ab-b65b4ceaa1ba-resizable,layoutboard.node.resizable.resized,"{'nodeId': 'instance-2d3487c7-3a18-45ab-85ab-b65b4ceaa1ba-resizable', 'prevSize': {'width': 50, 'height': 50}, 'newSize': {'width': 51, 'height': 51}, 'delta': {'width': 1, 'height': 1}, 'linkedSizeNodeIds': [], 'session_id': 'd0d84f7d-149a-4397-8b5d-f46fc4be03ed', 'user_id': 'P8'}",8
556,2000-01-01 02:14:06,instance-2d3487c7-3a18-45ab-85ab-b65b4ceaa1ba-resizable,layout.node.moved,"{'nodeId': 'instance-2d3487c7-3a18-45ab-85ab-b65b4ceaa1ba-resizable', 'newPos': {'x': 150, 'y': 94}, 'session_id': 'd0d84f7d-149a-4397-8b5d-f46fc4be03ed', 'user_id': 'P8'}",8
557,2000-01-01 02:14:08,instance-2d3487c7-3a18-45ab-85ab-b65b4ceaa1ba-resizable,layoutboard.node.resizable.resized,"{'nodeId': 'instance-2d3487c7-3a18-45ab-85ab-b65b4ceaa1ba-resizable', 'prevSize': {'width': 50, 'height': 50}, 'newSize': {'width': 69, 'height': 51}, 'delta': {'width': 19, 'height': 1}, 'linkedSizeNodeIds': [], 'session_id': 'd0d84f7d-149a-4397-8b5d-f46fc4be03ed', 'user_id': 'P8'}",8
558,2000-01-01 02:14:10,instance-2d3487c7-3a18-45ab-85ab-b65b4ceaa1ba-resizable,layoutboard.node.resizable.resized,"{'nodeId': 'instance-2d3487c7-3a18-45ab-85ab-b65b4ceaa1ba-resizable', 'prevSize': {'width': 50, 'height': 50}, 'newSize': {'width': 112, 'height': 266}, 'delta': {'width': 62, 'height': 216}, 'linkedSizeNodeIds': [], 'session_id': 'd0d84f7d-149a-4397-8b5d-f46fc4be03ed', 'user_id': 'P8'}",8
559,2000-01-01 02:14:11,instance-2d3487c7-3a18-45ab-85ab-b65b4ceaa1ba-resizable,layout.node.moved,"{'nodeId': 'instance-2d3487c7-3a18-45ab-85ab-b65b4ceaa1ba-resizable', 'newPos': {'x': 87, 'y': 138}, 'session_id': 'd0d84f7d-149a-4397-8b5d-f46fc4be03ed', 'user_id': 'P8'}",8
560,2000-01-01 02:14:15,instance-2d3487c7-3a18-45ab-85ab-b65b4ceaa1ba-resizable,layout.node.moved,"{'nodeId': 'instance-2d3487c7-3a18-45ab-85ab-b65b4ceaa1ba-resizable', 'newPos': {'x': 122, 'y': 177}, 'session_id': 'd0d84f7d-149a-4397-8b5d-f46fc4be03ed', 'user_id': 'P8'}",8
561,2000-01-01 02:14:18,instance-2d3487c7-3a18-45ab-85ab-b65b4ceaa1ba-resizable,layoutboard.node.resizable.resized,"{'nodeId': 'instance-2d3487c7-3a18-45ab-85ab-b65b4ceaa1ba-resizable', 'prevSize': {'width': 50, 'height': 50}, 'newSize': {'width': 112, 'height': 239}, 'delta': {'width': 62, 'height': 189}, 'linkedSizeNodeIds': [], 'session_id': 'd0d84f7d-149a-4397-8b5d-f46fc4be03ed', 'user_id': 'P8'}",8
562,2000-01-01 02:14:20,instance-2d3487c7-3a18-45ab-85ab-b65b4ceaa1ba-resizable,layoutboard.node.resizable.resized,"{'nodeId': 'instance-2d3487c7-3a18-45ab-85ab-b65b4ceaa1ba-resizable', 'prevSize': {'width': 50, 'height': 50}, 'newSize': {'width': 108, 'height': 231}, 'delta': {'width': 58, 'height': 181}, 'linkedSizeNodeIds': [], 'session_id': 'd0d84f7d-149a-4397-8b5d-f46fc4be03ed', 'user_id': 'P8'}",8
563,2000-01-01 02:14:29,,relationship_node.created,"{'relationship_id': 'instance-7e23c39d-2035-4297-84b7-23cc3107a123->instance-7e23c39d-2035-4297-84b7-23cc3107a123:looking at', 'sourceId': 'instance-7e23c39d-2035-4297-84b7-23cc3107a123', 'targetId': 'instance-7e23c39d-2035-4297-84b7-23cc3107a123', 'relation': 'looking at', 'video_time': '20:15'}",8
564,2000-01-01 02:14:52,,instance.created_from_text,"{'position': {'x': 81.71323776245117, 'y': 32.83823585510254}, 'screen_position': {'x': 143, 'y': 56}, 'board_type': 'advanced', 'session_id': 'd0d84f7d-149a-4397-8b5d-f46fc4be03ed', 'user_id': 'P8'}",8
565,2000-01-01 02:16:40,instance-bc444de7-2416-405b-9826-6b49b94734c1-resizable,layoutboard.node.resizable.resized,"{'nodeId': 'instance-bc444de7-2416-405b-9826-6b49b94734c1-resizable', 'prevSize': {'width': 50, 'height': 50}, 'newSize': {'width': 392, 'height': 471}, 'delta': {'width': 342, 'height': 421}, 'linkedSizeNodeIds': [], 'session_id': 'd0d84f7d-149a-4397-8b5d-f46fc4be03ed', 'user_id': 'P8'}",8
566,2000-01-01 02:16:42,instance-bc444de7-2416-405b-9826-6b49b94734c1-resizable,layoutboard.node.resizable.resized,"{'nodeId': 'instance-bc444de7-2416-405b-9826-6b49b94734c1-resizable', 'prevSize': {'width': 50, 'height': 50}, 'newSize': {'width': 454, 'height': 488}, 'delta': {'width': 404, 'height': 438}, 'linkedSizeNodeIds': [], 'session_id': 'd0d84f7d-149a-4397-8b5d-f46fc4be03ed', 'user_id': 'P8'}",8
567,2000-01-01 02:16:44,instance-bc444de7-2416-405b-9826-6b49b94734c1-resizable,layoutboard.node.resizable.resized,"{'nodeId': 'instance-bc444de7-2416-405b-9826-6b49b94734c1-resizable', 'prevSize': {'width': 50, 'height': 50}, 'newSize': {'width': 478, 'height': 491}, 'delta': {'width': 428, 'height': 441}, 'linkedSizeNodeIds': [], 'session_id': 'd0d84f7d-149a-4397-8b5d-f46fc4be03ed', 'user_id': 'P8'}",8
568,2000-01-01 02:17:12,,api.generate_image.succeeded,"{'global_caption': 'a scene featuring a woman taking a picture with her camera, wearing a sky blue sleeveless one-piece and white slippers, holding a new object; a man wearing sunglasses and a white shirt, beige pants, black shoes, and a wristwatch holding a paper map, looking at the woman; a man wearing sunglasses, a green t-shirt, beige short pants, and black shoes with his hands in the pockets of his pants and wearing a wristwatch, looking at the woman; a woman wearing sunglasses, a pink and sky blue flower-patterned blouse, jeans, and black slippers holding a red coffee cup and luggage, looking at the woman; and a street of a European city with yellow buildings, a palm tree in the corner, and some parasols.', 'region_count': 5, 'has_image': True, 'detected_objects_count': 5, 'image_path': 'output/P8/2025-08-21_02-17-11/image.png', 'image_with_layout_path': 'output/P8/2025-08-21_02-17-11/image_with_layout.png', 'timestamp_dir': 'output/P8/2025-08-21_02-17-11', 'session_id': 'd0d84f7d-149a-4397-8b5d-f46fc4be03ed', 'user_id': 'P8'}",8
569,2000-01-01 02:18:44,instance-7e23c39d-2035-4297-84b7-23cc3107a123,instance.updated.graph,"{'instance_id': 'instance-7e23c39d-2035-4297-84b7-23cc3107a123', 'instance_label': 'woman', 'text_changed': False, 'graph_changed': True, 'session_id': 'd0d84f7d-149a-4397-8b5d-f46fc4be03ed', 'user_id': 'P8'}",8
570,2000-01-01 02:19:12,instance-7e23c39d-2035-4297-84b7-23cc3107a123,instance.updated.graph,"{'instance_id': 'instance-7e23c39d-2035-4297-84b7-23cc3107a123', 'instance_label': 'woman', 'text_changed': False, 'graph_changed': True, 'session_id': 'd0d84f7d-149a-4397-8b5d-f46fc4be03ed', 'user_id': 'P8'}",8
571,2000-01-01 02:20:42,instance-7e23c39d-2035-4297-84b7-23cc3107a123,instance.updated.graph,"{'instance_id': 'instance-7e23c39d-2035-4297-84b7-23cc3107a123', 'instance_label': 'woman', 'text_changed': False, 'graph_changed': True, 'session_id': 'd0d84f7d-149a-4397-8b5d-f46fc4be03ed', 'user_id': 'P8'}",8
572,2000-01-01 02:21:54,instance-d3274642-0337-44f0-a41e-92f277f500d8,instance.updated.text,"{'instance_id': 'instance-d3274642-0337-44f0-a41e-92f277f500d8', 'instance_label': 'man', 'text_changed': True, 'graph_changed': False, 'session_id': 'd0d84f7d-149a-4397-8b5d-f46fc4be03ed', 'user_id': 'P8'}",8
573,2000-01-01 02:22:09,instance-d3274642-0337-44f0-a41e-92f277f500d8,object_node.extract.confirmed,"{'object_id': 'object7', 'object_name': 'paper map', 'parent_instance_id': 'instance-d3274642-0337-44f0-a41e-92f277f500d8', 'session_id': 'd0d84f7d-149a-4397-8b5d-f46fc4be03ed', 'user_id': 'P8'}",8
574,2000-01-01 02:22:20,instance-42a77e80-e8fb-4f6b-8f6f-ad015c70a377,layout.node.moved,"{'nodeId': 'instance-42a77e80-e8fb-4f6b-8f6f-ad015c70a377', 'newPos': {'x': 0, 'y': 270}, 'session_id': 'd0d84f7d-149a-4397-8b5d-f46fc4be03ed', 'user_id': 'P8'}",8
575,2000-01-01 02:24:01,instance-d3274642-0337-44f0-a41e-92f277f500d8,instance.updated.text,"{'instance_id': 'instance-d3274642-0337-44f0-a41e-92f277f500d8', 'instance_label': 'man', 'text_changed': True, 'graph_changed': False, 'session_id': 'd0d84f7d-149a-4397-8b5d-f46fc4be03ed', 'user_id': 'P8'}",8
576,2000-01-01 02:24:40,instance-bc444de7-2416-405b-9826-6b49b94734c1-resizable,layout.node.moved,"{'nodeId': 'instance-bc444de7-2416-405b-9826-6b49b94734c1-resizable', 'newPos': {'x': 26.713237762451172, 'y': 9.838235855102539}, 'session_id': 'd0d84f7d-149a-4397-8b5d-f46fc4be03ed', 'user_id': 'P8'}",8
577,2000-01-01 02:24:42,instance-bc444de7-2416-405b-9826-6b49b94734c1-resizable,layout.node.moved,"{'nodeId': 'instance-bc444de7-2416-405b-9826-6b49b94734c1-resizable', 'newPos': {'x': 0, 'y': 0}, 'session_id': 'd0d84f7d-149a-4397-8b5d-f46fc4be03ed', 'user_id': 'P8'}",8
578,2000-01-01 02:24:44,instance-bc444de7-2416-405b-9826-6b49b94734c1-resizable,layout.node.moved,"{'nodeId': 'instance-bc444de7-2416-405b-9826-6b49b94734c1-resizable', 'newPos': {'x': 0, 'y': 0}, 'session_id': 'd0d84f7d-149a-4397-8b5d-f46fc4be03ed', 'user_id': 'P8'}",8
579,2000-01-01 02:24:46,instance-bc444de7-2416-405b-9826-6b49b94734c1-resizable,layoutboard.node.resizable.resized,"{'nodeId': 'instance-bc444de7-2416-405b-9826-6b49b94734c1-resizable', 'prevSize': {'width': 50, 'height': 50}, 'newSize': {'width': 318, 'height': 78}, 'delta': {'width': 268, 'height': 28}, 'linkedSizeNodeIds': [], 'session_id': 'd0d84f7d-149a-4397-8b5d-f46fc4be03ed', 'user_id': 'P8'}",8
580,2000-01-01 02:24:53,instance-d3274642-0337-44f0-a41e-92f277f500d8-resizable,layoutboard.node.resizable.resized,"{'nodeId': 'instance-d3274642-0337-44f0-a41e-92f277f500d8-resizable', 'prevSize': {'width': 50, 'height': 50}, 'newSize': {'width': 106, 'height': 296}, 'delta': {'width': 56, 'height': 246}, 'linkedSizeNodeIds': [], 'session_id': 'd0d84f7d-149a-4397-8b5d-f46fc4be03ed', 'user_id': 'P8'}",8
581,2000-01-01 02:25:06,instance-d3274642-0337-44f0-a41e-92f277f500d8-resizable,layoutboard.node.resizable.resized,"{'nodeId': 'instance-d3274642-0337-44f0-a41e-92f277f500d8-resizable', 'prevSize': {'width': 50, 'height': 50}, 'newSize': {'width': 105, 'height': 295}, 'delta': {'width': 55, 'height': 245}, 'linkedSizeNodeIds': [], 'session_id': 'd0d84f7d-149a-4397-8b5d-f46fc4be03ed', 'user_id': 'P8'}",8
582,2000-01-01 02:26:21,instance-d3274642-0337-44f0-a41e-92f277f500d8,instance.updated.text,"{'instance_id': 'instance-d3274642-0337-44f0-a41e-92f277f500d8', 'instance_label': 'man', 'text_changed': True, 'graph_changed': False, 'session_id': 'd0d84f7d-149a-4397-8b5d-f46fc4be03ed', 'user_id': 'P8'}",8
583,2000-01-01 02:27:36,instance-d3274642-0337-44f0-a41e-92f277f500d8,instance.updated.graph,"{'instance_id': 'instance-d3274642-0337-44f0-a41e-92f277f500d8', 'instance_label': 'man', 'text_changed': False, 'graph_changed': True, 'session_id': 'd0d84f7d-149a-4397-8b5d-f46fc4be03ed', 'user_id': 'P8'}",8
584,2000-01-01 02:30:25,instance-2d3487c7-3a18-45ab-85ab-b65b4ceaa1ba,instance.updated.text,"{'instance_id': 'instance-2d3487c7-3a18-45ab-85ab-b65b4ceaa1ba', 'instance_label': 'woman', 'text_changed': True, 'graph_changed': False, 'session_id': 'd0d84f7d-149a-4397-8b5d-f46fc4be03ed', 'user_id': 'P8'}",8
585,2000-01-01 02:31:21,instance-2d3487c7-3a18-45ab-85ab-b65b4ceaa1ba,instance.updated.text,"{'instance_id': 'instance-2d3487c7-3a18-45ab-85ab-b65b4ceaa1ba', 'instance_label': 'woman', 'text_changed': True, 'graph_changed': False, 'session_id': 'd0d84f7d-149a-4397-8b5d-f46fc4be03ed', 'user_id': 'P8'}",8
586,2000-01-01 02:32:45,instance-d4182ba4-5575-43ff-a6d6-42af1b4144aa,instance.updated.text,"{'instance_id': 'instance-d4182ba4-5575-43ff-a6d6-42af1b4144aa', 'instance_label': 'man', 'text_changed': True, 'graph_changed': False, 'session_id': 'd0d84f7d-149a-4397-8b5d-f46fc4be03ed', 'user_id': 'P8'}",8
587,2000-01-01 02:33:01,instance-d4182ba4-5575-43ff-a6d6-42af1b4144aa,instance.updated.graph,"{'instance_id': 'instance-d4182ba4-5575-43ff-a6d6-42af1b4144aa', 'instance_label': 'man', 'text_changed': False, 'graph_changed': True, 'session_id': 'd0d84f7d-149a-4397-8b5d-f46fc4be03ed', 'user_id': 'P8'}",8
588,2000-01-01 02:34:06,,api.generate_image.succeeded,"{'global_caption': ""a scene featuring a woman taking a picture of the sky with her camera, wearing a sky blue sleeveless one-piece dress and white slippers, holding a vacation hat and smiling; a cool man with a muscular build wearing sunglasses, a white shirt, beige pants, black men's formal shoes, and a wristwatch, with one hand in his pocket, looking at the woman while holding a paper map; a man wearing a green t-shirt, beige short pants, and black men's formal shoes with his hands in the pockets of his pants and wearing a wristwatch, looking at the woman; a woman wearing a pink and sky blue flower-patterned short-sleeves blouse, short jeans, and black slippers, holding a red coffee cup and luggage, looking at the woman; and a street of a European city with yellow buildings, a palm tree in the corner, and some parasols."", 'region_count': 6, 'has_image': True, 'detected_objects_count': 7, 'image_path': 'output/P8/2025-08-21_02-34-05/image.png', 'image_with_layout_path': 'output/P8/2025-08-21_02-34-05/image_with_layout.png', 'timestamp_dir': 'output/P8/2025-08-21_02-34-05', 'session_id': 'd0d84f7d-149a-4397-8b5d-f46fc4be03ed', 'user_id': 'P8'}",8
589,2000-01-01 02:34:36,instance-bc444de7-2416-405b-9826-6b49b94734c1-resizable,layoutboard.node.resizable.resized,"{'nodeId': 'instance-bc444de7-2416-405b-9826-6b49b94734c1-resizable', 'prevSize': {'width': 50, 'height': 50}, 'newSize': {'width': 521, 'height': 523}, 'delta': {'width': 471, 'height': 473}, 'linkedSizeNodeIds': [], 'session_id': 'd0d84f7d-149a-4397-8b5d-f46fc4be03ed', 'user_id': 'P8'}",8
590,2000-01-01 02:35:07,,api.generate_image.succeeded,"{'global_caption': ""a scene featuring a woman taking a picture of the sky with her camera, wearing a sky blue sleeveless one-piece dress and white slippers, holding a vacation hat and smiling; a cool man with a muscular build wearing sunglasses, a white shirt, beige pants, black men's formal shoes, and a wristwatch, with one hand in the pocket of his pants, looking at the woman while holding a paper map; a man wearing a green t-shirt, beige short pants, and black men's formal shoes with his hands in the pockets of his pants and wearing a wristwatch, looking at the woman; a woman wearing a pink and sky blue flower-patterned short-sleeves blouse, short jeans, and black slippers, holding a red coffee cup and luggage, looking at the woman; a street of a European city with yellow buildings, a palm tree in the corner, and some parasols; and a paper map."", 'region_count': 6, 'has_image': True, 'detected_objects_count': 4, 'image_path': 'output/P8/2025-08-21_02-35-06/image.png', 'image_with_layout_path': 'output/P8/2025-08-21_02-35-06/image_with_layout.png', 'timestamp_dir': 'output/P8/2025-08-21_02-35-06', 'session_id': 'd0d84f7d-149a-4397-8b5d-f46fc4be03ed', 'user_id': 'P8'}",8
591,2000-01-01 13:41:36,,instance.created_from_text,"{'position': {'x': 40.974998474121094, 'y': 310.1999988555908}, 'screen_position': {'x': 103, 'y': 333}, 'board_type': 'advanced', 'session_id': 'b5608c2c-7952-4684-8ef2-38230f78517d', 'user_id': 'P9'}",9
592,2000-01-01 13:43:33,instance-58d24376-a8cb-4591-b86f-e8bd54e6f01d-resizable,layoutboard.node.resizable.resized,"{'nodeId': 'instance-58d24376-a8cb-4591-b86f-e8bd54e6f01d-resizable', 'prevSize': {'width': 50, 'height': 50}, 'newSize': {'width': 170, 'height': 188}, 'delta': {'width': 120, 'height': 138}, 'linkedSizeNodeIds': [], 'session_id': 'b5608c2c-7952-4684-8ef2-38230f78517d', 'user_id': 'P9'}",9
593,2000-01-01 13:43:35,instance-58d24376-a8cb-4591-b86f-e8bd54e6f01d-resizable,layout.node.moved,"{'nodeId': 'instance-58d24376-a8cb-4591-b86f-e8bd54e6f01d-resizable', 'newPos': {'x': 13.974998474121094, 'y': 220.19999885559082}, 'session_id': 'b5608c2c-7952-4684-8ef2-38230f78517d', 'user_id': 'P9'}",9
594,2000-01-01 13:43:39,instance-58d24376-a8cb-4591-b86f-e8bd54e6f01d-resizable,layoutboard.node.resizable.resized,"{'nodeId': 'instance-58d24376-a8cb-4591-b86f-e8bd54e6f01d-resizable', 'prevSize': {'width': 50, 'height': 50}, 'newSize': {'width': 150, 'height': 279}, 'delta': {'width': 100, 'height': 229}, 'linkedSizeNodeIds': [], 'session_id': 'b5608c2c-7952-4684-8ef2-38230f78517d', 'user_id': 'P9'}",9
595,2000-01-01 13:43:41,instance-58d24376-a8cb-4591-b86f-e8bd54e6f01d-resizable,layout.node.moved,"{'nodeId': 'instance-58d24376-a8cb-4591-b86f-e8bd54e6f01d-resizable', 'newPos': {'x': 13.974998474121094, 'y': 218.19999885559082}, 'session_id': 'b5608c2c-7952-4684-8ef2-38230f78517d', 'user_id': 'P9'}",9
596,2000-01-01 13:43:43,instance-58d24376-a8cb-4591-b86f-e8bd54e6f01d-resizable,layoutboard.node.resizable.resized,"{'nodeId': 'instance-58d24376-a8cb-4591-b86f-e8bd54e6f01d-resizable', 'prevSize': {'width': 50, 'height': 50}, 'newSize': {'width': 111, 'height': 228}, 'delta': {'width': 61, 'height': 178}, 'linkedSizeNodeIds': [], 'session_id': 'b5608c2c-7952-4684-8ef2-38230f78517d', 'user_id': 'P9'}",9
597,2000-01-01 13:43:45,instance-58d24376-a8cb-4591-b86f-e8bd54e6f01d-resizable,layout.node.moved,"{'nodeId': 'instance-58d24376-a8cb-4591-b86f-e8bd54e6f01d-resizable', 'newPos': {'x': 17.974998474121094, 'y': 268.1999988555908}, 'session_id': 'b5608c2c-7952-4684-8ef2-38230f78517d', 'user_id': 'P9'}",9
598,2000-01-01 13:43:59,instance-58d24376-a8cb-4591-b86f-e8bd54e6f01d,object_node.extract.confirmed,"{'object_id': 'object5', 'object_name': 'map', 'parent_instance_id': 'instance-58d24376-a8cb-4591-b86f-e8bd54e6f01d', 'session_id': 'b5608c2c-7952-4684-8ef2-38230f78517d', 'user_id': 'P9'}",9
599,2000-01-01 13:44:05,instance-0922d51d-c24a-4098-9724-b1ea5dff863d-resizable,layoutboard.node.resizable.resized,"{'nodeId': 'instance-0922d51d-c24a-4098-9724-b1ea5dff863d-resizable', 'prevSize': {'width': 50, 'height': 50}, 'newSize': {'width': 59, 'height': 64}, 'delta': {'width': 9, 'height': 14}, 'linkedSizeNodeIds': [], 'session_id': 'b5608c2c-7952-4684-8ef2-38230f78517d', 'user_id': 'P9'}",9
600,2000-01-01 13:44:07,instance-0922d51d-c24a-4098-9724-b1ea5dff863d-resizable,layout.node.moved,"{'nodeId': 'instance-0922d51d-c24a-4098-9724-b1ea5dff863d-resizable', 'newPos': {'x': 4, 'y': 344}, 'session_id': 'b5608c2c-7952-4684-8ef2-38230f78517d', 'user_id': 'P9'}",9
601,2000-01-01 13:44:11,instance-0922d51d-c24a-4098-9724-b1ea5dff863d-resizable,layoutboard.node.resizable.resized,"{'nodeId': 'instance-0922d51d-c24a-4098-9724-b1ea5dff863d-resizable', 'prevSize': {'width': 50, 'height': 50}, 'newSize': {'width': 65, 'height': 75}, 'delta': {'width': 15, 'height': 25}, 'linkedSizeNodeIds': [], 'session_id': 'b5608c2c-7952-4684-8ef2-38230f78517d', 'user_id': 'P9'}",9
602,2000-01-01 13:44:14,instance-0922d51d-c24a-4098-9724-b1ea5dff863d-resizable,layout.node.moved,"{'nodeId': 'instance-0922d51d-c24a-4098-9724-b1ea5dff863d-resizable', 'newPos': {'x': 0, 'y': 344}, 'session_id': 'b5608c2c-7952-4684-8ef2-38230f78517d', 'user_id': 'P9'}",9
603,2000-01-01 13:45:05,instance-58d24376-a8cb-4591-b86f-e8bd54e6f01d,instance.updated.graph,"{'instance_id': 'instance-58d24376-a8cb-4591-b86f-e8bd54e6f01d', 'instance_label': 'man', 'text_changed': False, 'graph_changed': True, 'session_id': 'b5608c2c-7952-4684-8ef2-38230f78517d', 'user_id': 'P9'}",9
604,2000-01-01 13:45:11,class-4a9d08e5-4f46-4ce0-8d71-1960dfe0b1ef,class.created,"{'class_id': 'class-4a9d08e5-4f46-4ce0-8d71-1960dfe0b1ef', 'class_name': 'man Class', 'placeholder_count': 6, 'created_from': 'man', 'session_id': 'b5608c2c-7952-4684-8ef2-38230f78517d', 'user_id': 'P9'}",9
605,2000-01-01 13:47:07,instance-77007cb6-1e0b-47a8-823b-8b94ce3b9f35,instance.created_from_class,"{'instance_id': 'instance-77007cb6-1e0b-47a8-823b-8b94ce3b9f35', 'class_id': 'class-4a9d08e5-4f46-4ce0-8d71-1960dfe0b1ef', 'instance_label': 'Female', 'has_text_description': True, 'session_id': 'b5608c2c-7952-4684-8ef2-38230f78517d', 'user_id': 'P9'}",9
606,2000-01-01 13:47:12,instance-77007cb6-1e0b-47a8-823b-8b94ce3b9f35,layout.node.moved,"{'nodeId': 'instance-77007cb6-1e0b-47a8-823b-8b94ce3b9f35', 'newPos': {'x': 155, 'y': 326}, 'session_id': 'b5608c2c-7952-4684-8ef2-38230f78517d', 'user_id': 'P9'}",9
607,2000-01-01 13:50:35,instance-77007cb6-1e0b-47a8-823b-8b94ce3b9f35,instance.updated.graph,"{'instance_id': 'instance-77007cb6-1e0b-47a8-823b-8b94ce3b9f35', 'instance_label': 'Female', 'text_changed': False, 'graph_changed': True, 'session_id': 'b5608c2c-7952-4684-8ef2-38230f78517d', 'user_id': 'P9'}",9
608,2000-01-01 13:50:45,instance-77007cb6-1e0b-47a8-823b-8b94ce3b9f35,instance.updated.graph,"{'instance_id': 'instance-77007cb6-1e0b-47a8-823b-8b94ce3b9f35', 'instance_label': 'Female', 'text_changed': False, 'graph_changed': True, 'session_id': 'b5608c2c-7952-4684-8ef2-38230f78517d', 'user_id': 'P9'}",9
609,2000-01-01 13:51:01,instance-77007cb6-1e0b-47a8-823b-8b94ce3b9f35,instance.updated.graph,"{'instance_id': 'instance-77007cb6-1e0b-47a8-823b-8b94ce3b9f35', 'instance_label': 'Female', 'text_changed': False, 'graph_changed': True, 'session_id': 'b5608c2c-7952-4684-8ef2-38230f78517d', 'user_id': 'P9'}",9
610,2000-01-01 13:51:22,instance-77007cb6-1e0b-47a8-823b-8b94ce3b9f35,instance.updated.graph,"{'instance_id': 'instance-77007cb6-1e0b-47a8-823b-8b94ce3b9f35', 'instance_label': 'Female', 'text_changed': False, 'graph_changed': True, 'session_id': 'b5608c2c-7952-4684-8ef2-38230f78517d', 'user_id': 'P9'}",9
611,2000-01-01 13:51:32,instance-77007cb6-1e0b-47a8-823b-8b94ce3b9f35,instance.updated.graph,"{'instance_id': 'instance-77007cb6-1e0b-47a8-823b-8b94ce3b9f35', 'instance_label': 'Female', 'text_changed': False, 'graph_changed': True, 'session_id': 'b5608c2c-7952-4684-8ef2-38230f78517d', 'user_id': 'P9'}",9
612,2000-01-01 13:52:03,instance-77007cb6-1e0b-47a8-823b-8b94ce3b9f35,instance.deleted,"{'instance_id': 'instance-77007cb6-1e0b-47a8-823b-8b94ce3b9f35', 'instance_label': 'Female', 'is_from_class': True, 'class_id': 'class-4a9d08e5-4f46-4ce0-8d71-1960dfe0b1ef', 'session_id': 'b5608c2c-7952-4684-8ef2-38230f78517d', 'user_id': 'P9'}",9
613,2000-01-01 13:52:50,instance-beef8619-fc28-46cd-b851-90a20e109c37,instance.created_from_class,"{'instance_id': 'instance-beef8619-fc28-46cd-b851-90a20e109c37', 'class_id': 'class-4a9d08e5-4f46-4ce0-8d71-1960dfe0b1ef', 'instance_label': 'Female', 'has_text_description': True, 'session_id': 'b5608c2c-7952-4684-8ef2-38230f78517d', 'user_id': 'P9'}",9
614,2000-01-01 13:53:08,instance-beef8619-fc28-46cd-b851-90a20e109c37,layout.node.moved,"{'nodeId': 'instance-beef8619-fc28-46cd-b851-90a20e109c37', 'newPos': {'x': 166, 'y': 235}, 'session_id': 'b5608c2c-7952-4684-8ef2-38230f78517d', 'user_id': 'P9'}",9
615,2000-01-01 13:53:12,instance-beef8619-fc28-46cd-b851-90a20e109c37-resizable,layoutboard.node.resizable.resized,"{'nodeId': 'instance-beef8619-fc28-46cd-b851-90a20e109c37-resizable', 'prevSize': {'width': 50, 'height': 50}, 'newSize': {'width': 70, 'height': 194}, 'delta': {'width': 20, 'height': 144}, 'linkedSizeNodeIds': [], 'session_id': 'b5608c2c-7952-4684-8ef2-38230f78517d', 'user_id': 'P9'}",9
616,2000-01-01 13:53:15,instance-beef8619-fc28-46cd-b851-90a20e109c37-resizable,layout.node.moved,"{'nodeId': 'instance-beef8619-fc28-46cd-b851-90a20e109c37-resizable', 'newPos': {'x': 149, 'y': 299}, 'session_id': 'b5608c2c-7952-4684-8ef2-38230f78517d', 'user_id': 'P9'}",9
617,2000-01-01 13:53:22,instance-beef8619-fc28-46cd-b851-90a20e109c37-resizable,layoutboard.node.resizable.resized,"{'nodeId': 'instance-beef8619-fc28-46cd-b851-90a20e109c37-resizable', 'prevSize': {'width': 50, 'height': 50}, 'newSize': {'width': 81, 'height': 275}, 'delta': {'width': 31, 'height': 225}, 'linkedSizeNodeIds': [], 'session_id': 'b5608c2c-7952-4684-8ef2-38230f78517d', 'user_id': 'P9'}",9
618,2000-01-01 13:53:26,instance-beef8619-fc28-46cd-b851-90a20e109c37,layout.node.moved,"{'nodeId': 'instance-beef8619-fc28-46cd-b851-90a20e109c37', 'newPos': {'x': 172, 'y': 198}, 'session_id': 'b5608c2c-7952-4684-8ef2-38230f78517d', 'user_id': 'P9'}",9
619,2000-01-01 13:53:28,instance-beef8619-fc28-46cd-b851-90a20e109c37-resizable,layoutboard.node.resizable.resized,"{'nodeId': 'instance-beef8619-fc28-46cd-b851-90a20e109c37-resizable', 'prevSize': {'width': 50, 'height': 50}, 'newSize': {'width': 97, 'height': 228}, 'delta': {'width': 47, 'height': 178}, 'linkedSizeNodeIds': [], 'session_id': 'b5608c2c-7952-4684-8ef2-38230f78517d', 'user_id': 'P9'}",9
620,2000-01-01 13:53:29,instance-beef8619-fc28-46cd-b851-90a20e109c37-resizable,layout.node.moved,"{'nodeId': 'instance-beef8619-fc28-46cd-b851-90a20e109c37-resizable', 'newPos': {'x': 149, 'y': 270}, 'session_id': 'b5608c2c-7952-4684-8ef2-38230f78517d', 'user_id': 'P9'}",9
621,2000-01-01 13:53:33,instance-beef8619-fc28-46cd-b851-90a20e109c37-resizable,layoutboard.node.resizable.resized,"{'nodeId': 'instance-beef8619-fc28-46cd-b851-90a20e109c37-resizable', 'prevSize': {'width': 50, 'height': 50}, 'newSize': {'width': 93, 'height': 213}, 'delta': {'width': 43, 'height': 163}, 'linkedSizeNodeIds': [], 'session_id': 'b5608c2c-7952-4684-8ef2-38230f78517d', 'user_id': 'P9'}",9
622,2000-01-01 13:53:35,instance-beef8619-fc28-46cd-b851-90a20e109c37-resizable,layoutboard.node.resizable.resized,"{'nodeId': 'instance-beef8619-fc28-46cd-b851-90a20e109c37-resizable', 'prevSize': {'width': 50, 'height': 50}, 'newSize': {'width': 93, 'height': 210}, 'delta': {'width': 43, 'height': 160}, 'linkedSizeNodeIds': [], 'session_id': 'b5608c2c-7952-4684-8ef2-38230f78517d', 'user_id': 'P9'}",9
623,2000-01-01 13:53:37,instance-beef8619-fc28-46cd-b851-90a20e109c37-resizable,layout.node.moved,"{'nodeId': 'instance-beef8619-fc28-46cd-b851-90a20e109c37-resizable', 'newPos': {'x': 147, 'y': 283}, 'session_id': 'b5608c2c-7952-4684-8ef2-38230f78517d', 'user_id': 'P9'}",9
624,2000-01-01 13:54:51,instance-beef8619-fc28-46cd-b851-90a20e109c37,instance.updated.text,"{'instance_id': 'instance-beef8619-fc28-46cd-b851-90a20e109c37', 'instance_label': 'female', 'text_changed': True, 'graph_changed': False, 'session_id': 'b5608c2c-7952-4684-8ef2-38230f78517d', 'user_id': 'P9'}",9
625,2000-01-01 13:55:47,instance-2b6ddc82-86d6-4893-b115-c1296607becd,instance.created_from_class,"{'instance_id': 'instance-2b6ddc82-86d6-4893-b115-c1296607becd', 'class_id': 'class-4a9d08e5-4f46-4ce0-8d71-1960dfe0b1ef', 'instance_label': 'Man', 'has_text_description': True, 'session_id': 'b5608c2c-7952-4684-8ef2-38230f78517d', 'user_id': 'P9'}",9
626,2000-01-01 13:56:00,instance-58d24376-a8cb-4591-b86f-e8bd54e6f01d,instance.updated.graph,"{'instance_id': 'instance-58d24376-a8cb-4591-b86f-e8bd54e6f01d', 'instance_label': 'man', 'text_changed': False, 'graph_changed': True, 'session_id': 'b5608c2c-7952-4684-8ef2-38230f78517d', 'user_id': 'P9'}",9
627,2000-01-01 13:57:07,instance-2b6ddc82-86d6-4893-b115-c1296607becd,instance.updated.text,"{'instance_id': 'instance-2b6ddc82-86d6-4893-b115-c1296607becd', 'instance_label': 'man', 'text_changed': True, 'graph_changed': False, 'session_id': 'b5608c2c-7952-4684-8ef2-38230f78517d', 'user_id': 'P9'}",9
628,2000-01-01 13:57:32,instance-beef8619-fc28-46cd-b851-90a20e109c37,object_node.extract.confirmed,"{'object_id': 'object5', 'object_name': 'carriage', 'parent_instance_id': 'instance-beef8619-fc28-46cd-b851-90a20e109c37', 'session_id': 'b5608c2c-7952-4684-8ef2-38230f78517d', 'user_id': 'P9'}",9
629,2000-01-01 13:57:40,instance-139cf6dc-f64d-43f7-bbd4-5132db5f632e-resizable,layout.node.moved,"{'nodeId': 'instance-139cf6dc-f64d-43f7-bbd4-5132db5f632e-resizable', 'newPos': {'x': 141, 'y': 390}, 'session_id': 'b5608c2c-7952-4684-8ef2-38230f78517d', 'user_id': 'P9'}",9
630,2000-01-01 13:57:43,instance-139cf6dc-f64d-43f7-bbd4-5132db5f632e-resizable,layout.node.moved,"{'nodeId': 'instance-139cf6dc-f64d-43f7-bbd4-5132db5f632e-resizable', 'newPos': {'x': 276, 'y': 344}, 'session_id': 'b5608c2c-7952-4684-8ef2-38230f78517d', 'user_id': 'P9'}",9
631,2000-01-01 13:57:45,instance-139cf6dc-f64d-43f7-bbd4-5132db5f632e-resizable,layoutboard.node.resizable.resized,"{'nodeId': 'instance-139cf6dc-f64d-43f7-bbd4-5132db5f632e-resizable', 'prevSize': {'width': 50, 'height': 50}, 'newSize': {'width': 54, 'height': 91}, 'delta': {'width': 4, 'height': 41}, 'linkedSizeNodeIds': [], 'session_id': 'b5608c2c-7952-4684-8ef2-38230f78517d', 'user_id': 'P9'}",9
632,2000-01-01 13:57:48,instance-139cf6dc-f64d-43f7-bbd4-5132db5f632e-resizable,layout.node.moved,"{'nodeId': 'instance-139cf6dc-f64d-43f7-bbd4-5132db5f632e-resizable', 'newPos': {'x': 139, 'y': 399}, 'session_id': 'b5608c2c-7952-4684-8ef2-38230f78517d', 'user_id': 'P9'}",9
633,2000-01-01 13:57:53,instance-139cf6dc-f64d-43f7-bbd4-5132db5f632e-resizable,layoutboard.node.resizable.resized,"{'nodeId': 'instance-139cf6dc-f64d-43f7-bbd4-5132db5f632e-resizable', 'prevSize': {'width': 50, 'height': 50}, 'newSize': {'width': 60, 'height': 107}, 'delta': {'width': 10, 'height': 57}, 'linkedSizeNodeIds': [], 'session_id': 'b5608c2c-7952-4684-8ef2-38230f78517d', 'user_id': 'P9'}",9
634,2000-01-01 13:57:54,instance-139cf6dc-f64d-43f7-bbd4-5132db5f632e-resizable,layout.node.moved,"{'nodeId': 'instance-139cf6dc-f64d-43f7-bbd4-5132db5f632e-resizable', 'newPos': {'x': 139, 'y': 393}, 'session_id': 'b5608c2c-7952-4684-8ef2-38230f78517d', 'user_id': 'P9'}",9
635,2000-01-01 13:57:58,instance-2b6ddc82-86d6-4893-b115-c1296607becd-resizable,layoutboard.node.resizable.resized,"{'nodeId': 'instance-2b6ddc82-86d6-4893-b115-c1296607becd-resizable', 'prevSize': {'width': 50, 'height': 50}, 'newSize': {'width': 100, 'height': 215}, 'delta': {'width': 50, 'height': 165}, 'linkedSizeNodeIds': [], 'session_id': 'b5608c2c-7952-4684-8ef2-38230f78517d', 'user_id': 'P9'}",9
636,2000-01-01 13:58:01,instance-2b6ddc82-86d6-4893-b115-c1296607becd-resizable,layout.node.moved,"{'nodeId': 'instance-2b6ddc82-86d6-4893-b115-c1296607becd-resizable', 'newPos': {'x': 261, 'y': 279}, 'session_id': 'b5608c2c-7952-4684-8ef2-38230f78517d', 'user_id': 'P9'}",9
637,2000-01-01 13:58:04,instance-2b6ddc82-86d6-4893-b115-c1296607becd-resizable,layoutboard.node.resizable.resized,"{'nodeId': 'instance-2b6ddc82-86d6-4893-b115-c1296607becd-resizable', 'prevSize': {'width': 50, 'height': 50}, 'newSize': {'width': 104, 'height': 227}, 'delta': {'width': 54, 'height': 177}, 'linkedSizeNodeIds': [], 'session_id': 'b5608c2c-7952-4684-8ef2-38230f78517d', 'user_id': 'P9'}",9
638,2000-01-01 13:59:21,instance-864a2a37-7197-4d2d-859d-609551b1d5d1,instance.created_from_class,"{'instance_id': 'instance-864a2a37-7197-4d2d-859d-609551b1d5d1', 'class_id': 'class-4a9d08e5-4f46-4ce0-8d71-1960dfe0b1ef', 'instance_label': 'Female', 'has_text_description': True, 'session_id': 'b5608c2c-7952-4684-8ef2-38230f78517d', 'user_id': 'P9'}",9
639,2000-01-01 14:00:32,instance-864a2a37-7197-4d2d-859d-609551b1d5d1,instance.updated.text,"{'instance_id': 'instance-864a2a37-7197-4d2d-859d-609551b1d5d1', 'instance_label': 'female', 'text_changed': True, 'graph_changed': False, 'session_id': 'b5608c2c-7952-4684-8ef2-38230f78517d', 'user_id': 'P9'}",9
640,2000-01-01 14:00:36,instance-864a2a37-7197-4d2d-859d-609551b1d5d1-resizable,layoutboard.node.resizable.resized,"{'nodeId': 'instance-864a2a37-7197-4d2d-859d-609551b1d5d1-resizable', 'prevSize': {'width': 50, 'height': 50}, 'newSize': {'width': 66, 'height': 75}, 'delta': {'width': 16, 'height': 25}, 'linkedSizeNodeIds': [], 'session_id': 'b5608c2c-7952-4684-8ef2-38230f78517d', 'user_id': 'P9'}",9
641,2000-01-01 14:00:41,instance-864a2a37-7197-4d2d-859d-609551b1d5d1-resizable,layoutboard.node.resizable.resized,"{'nodeId': 'instance-864a2a37-7197-4d2d-859d-609551b1d5d1-resizable', 'prevSize': {'width': 50, 'height': 50}, 'newSize': {'width': 107, 'height': 208}, 'delta': {'width': 57, 'height': 158}, 'linkedSizeNodeIds': [], 'session_id': 'b5608c2c-7952-4684-8ef2-38230f78517d', 'user_id': 'P9'}",9
642,2000-01-01 14:00:45,instance-864a2a37-7197-4d2d-859d-609551b1d5d1-resizable,layout.node.moved,"{'nodeId': 'instance-864a2a37-7197-4d2d-859d-609551b1d5d1-resizable', 'newPos': {'x': 377, 'y': 287}, 'session_id': 'b5608c2c-7952-4684-8ef2-38230f78517d', 'user_id': 'P9'}",9
643,2000-01-01 14:01:15,,api.generate_image.succeeded,"{'global_caption': ""A scene featuring a man wearing a white short-sleeved shirt, reddish-brown pants, and black shoes, with a watch on his left hand and black sunglasses, holding a big map; a female with long hair in a white, short-sleeved, flowery patterned shirt, short jeans, and black sandals, holding a brown passport and carrying a blue carriage; a man in a green short-sleeved t-shirt, reddish-brown pants, and black shoes, with his two hands in his pant's pockets; and a female in a blue sleeveless dress and brown sandals, taking photos with a camera held in her left hand while holding a big straw hat in her right hand."", 'region_count': 6, 'has_image': True, 'detected_objects_count': 4, 'image_path': 'output/P9/2025-08-22_14-01-14/image.png', 'image_with_layout_path': 'output/P9/2025-08-22_14-01-14/image_with_layout.png', 'timestamp_dir': 'output/P9/2025-08-22_14-01-14', 'session_id': 'b5608c2c-7952-4684-8ef2-38230f78517d', 'user_id': 'P9'}",9
644,2000-01-01 14:01:56,instance-58d24376-a8cb-4591-b86f-e8bd54e6f01d,instance.updated.text,"{'instance_id': 'instance-58d24376-a8cb-4591-b86f-e8bd54e6f01d', 'instance_label': 'man', 'text_changed': True, 'graph_changed': False, 'session_id': 'b5608c2c-7952-4684-8ef2-38230f78517d', 'user_id': 'P9'}",9
645,2000-01-01 14:02:19,instance-2b6ddc82-86d6-4893-b115-c1296607becd,instance.updated.graph,"{'instance_id': 'instance-2b6ddc82-86d6-4893-b115-c1296607becd', 'instance_label': 'man', 'text_changed': False, 'graph_changed': True, 'session_id': 'b5608c2c-7952-4684-8ef2-38230f78517d', 'user_id': 'P9'}",9
646,2000-01-01 14:02:50,instance-2b6ddc82-86d6-4893-b115-c1296607becd,instance.updated.text,"{'instance_id': 'instance-2b6ddc82-86d6-4893-b115-c1296607becd', 'instance_label': 'man', 'text_changed': True, 'graph_changed': False, 'session_id': 'b5608c2c-7952-4684-8ef2-38230f78517d', 'user_id': 'P9'}",9
647,2000-01-01 14:03:03,instance-2b6ddc82-86d6-4893-b115-c1296607becd,instance.updated.graph,"{'instance_id': 'instance-2b6ddc82-86d6-4893-b115-c1296607becd', 'instance_label': 'man', 'text_changed': False, 'graph_changed': True, 'session_id': 'b5608c2c-7952-4684-8ef2-38230f78517d', 'user_id': 'P9'}",9
648,2000-01-01 14:03:20,instance-139cf6dc-f64d-43f7-bbd4-5132db5f632e,instance.updated.text,"{'instance_id': 'instance-139cf6dc-f64d-43f7-bbd4-5132db5f632e', 'instance_label': 'carriage', 'text_changed': True, 'graph_changed': False, 'session_id': 'b5608c2c-7952-4684-8ef2-38230f78517d', 'user_id': 'P9'}",9
649,2000-01-01 14:03:30,instance-139cf6dc-f64d-43f7-bbd4-5132db5f632e,instance.updated.text,"{'instance_id': 'instance-139cf6dc-f64d-43f7-bbd4-5132db5f632e', 'instance_label': 'luggage', 'text_changed': True, 'graph_changed': False, 'session_id': 'b5608c2c-7952-4684-8ef2-38230f78517d', 'user_id': 'P9'}",9
650,2000-01-01 14:03:56,instance-864a2a37-7197-4d2d-859d-609551b1d5d1,object_node.extract.confirmed,"{'object_id': 'object6', 'object_name': 'hat', 'parent_instance_id': 'instance-864a2a37-7197-4d2d-859d-609551b1d5d1', 'session_id': 'b5608c2c-7952-4684-8ef2-38230f78517d', 'user_id': 'P9'}",9
651,2000-01-01 14:04:05,instance-90cf3d28-635f-42b4-bffe-366f5a5f15c9-resizable,layout.node.moved,"{'nodeId': 'instance-90cf3d28-635f-42b4-bffe-366f5a5f15c9-resizable', 'newPos': {'x': 310, 'y': 156}, 'session_id': 'b5608c2c-7952-4684-8ef2-38230f78517d', 'user_id': 'P9'}",9
652,2000-01-01 14:04:06,instance-90cf3d28-635f-42b4-bffe-366f5a5f15c9-resizable,layoutboard.node.resizable.resized,"{'nodeId': 'instance-90cf3d28-635f-42b4-bffe-366f5a5f15c9-resizable', 'prevSize': {'width': 50, 'height': 50}, 'newSize': {'width': 61, 'height': 69}, 'delta': {'width': 11, 'height': 19}, 'linkedSizeNodeIds': [], 'session_id': 'b5608c2c-7952-4684-8ef2-38230f78517d', 'user_id': 'P9'}",9
653,2000-01-01 14:04:09,instance-90cf3d28-635f-42b4-bffe-366f5a5f15c9-resizable,layout.node.moved,"{'nodeId': 'instance-90cf3d28-635f-42b4-bffe-366f5a5f15c9-resizable', 'newPos': {'x': 430, 'y': 360}, 'session_id': 'b5608c2c-7952-4684-8ef2-38230f78517d', 'user_id': 'P9'}",9
654,2000-01-01 14:04:11,instance-90cf3d28-635f-42b4-bffe-366f5a5f15c9-resizable,layoutboard.node.resizable.resized,"{'nodeId': 'instance-90cf3d28-635f-42b4-bffe-366f5a5f15c9-resizable', 'prevSize': {'width': 50, 'height': 50}, 'newSize': {'width': 57, 'height': 55}, 'delta': {'width': 7, 'height': 5}, 'linkedSizeNodeIds': [], 'session_id': 'b5608c2c-7952-4684-8ef2-38230f78517d', 'user_id': 'P9'}",9
655,2000-01-01 14:04:22,instance-864a2a37-7197-4d2d-859d-609551b1d5d1,instance.updated.graph,"{'instance_id': 'instance-864a2a37-7197-4d2d-859d-609551b1d5d1', 'instance_label': 'female', 'text_changed': False, 'graph_changed': True, 'session_id': 'b5608c2c-7952-4684-8ef2-38230f78517d', 'user_id': 'P9'}",9
656,2000-01-01 14:04:59,,api.generate_image.succeeded,"{'global_caption': ""a scene featuring a man wearing a white short-sleeved shirt, brown pants, and black shoes, with a watch on his left hand and black sunglasses, holding a big map; a female with long hair wearing a white, short-sleeved, flowery patterned shirt, short jeans, and black sandals, holding a brown passport and carrying blue luggage; a man wearing a green short-sleeved t-shirt, brown short pants, and black shoes, putting his two hands in his pant's pockets, not wearing sunglasses; and a female wearing a sky blue sleeveless dress and brown sandals, holding a camera in her hands while holding a big straw hat."", 'region_count': 7, 'has_image': True, 'detected_objects_count': 4, 'image_path': 'output/P9/2025-08-22_14-04-58/image.png', 'image_with_layout_path': 'output/P9/2025-08-22_14-04-58/image_with_layout.png', 'timestamp_dir': 'output/P9/2025-08-22_14-04-58', 'session_id': 'b5608c2c-7952-4684-8ef2-38230f78517d', 'user_id': 'P9'}",9
657,2000-01-01 14:06:03,instance-2b6ddc82-86d6-4893-b115-c1296607becd,instance.updated.text,"{'instance_id': 'instance-2b6ddc82-86d6-4893-b115-c1296607becd', 'instance_label': 'man', 'text_changed': True, 'graph_changed': False, 'session_id': 'b5608c2c-7952-4684-8ef2-38230f78517d', 'user_id': 'P9'}",9
658,2000-01-01 14:06:39,instance-864a2a37-7197-4d2d-859d-609551b1d5d1,instance.updated.text,"{'instance_id': 'instance-864a2a37-7197-4d2d-859d-609551b1d5d1', 'instance_label': 'female', 'text_changed': True, 'graph_changed': False, 'session_id': 'b5608c2c-7952-4684-8ef2-38230f78517d', 'user_id': 'P9'}",9
659,2000-01-01 14:07:11,instance-beef8619-fc28-46cd-b851-90a20e109c37,instance.updated.text,"{'instance_id': 'instance-beef8619-fc28-46cd-b851-90a20e109c37', 'instance_label': 'female', 'text_changed': True, 'graph_changed': False, 'session_id': 'b5608c2c-7952-4684-8ef2-38230f78517d', 'user_id': 'P9'}",9
660,2000-01-01 14:07:27,instance-58d24376-a8cb-4591-b86f-e8bd54e6f01d,instance.updated.text,"{'instance_id': 'instance-58d24376-a8cb-4591-b86f-e8bd54e6f01d', 'instance_label': 'man', 'text_changed': True, 'graph_changed': False, 'session_id': 'b5608c2c-7952-4684-8ef2-38230f78517d', 'user_id': 'P9'}",9
661,2000-01-01 14:07:42,instance-58d24376-a8cb-4591-b86f-e8bd54e6f01d,instance.updated.text,"{'instance_id': 'instance-58d24376-a8cb-4591-b86f-e8bd54e6f01d', 'instance_label': 'man', 'text_changed': True, 'graph_changed': False, 'session_id': 'b5608c2c-7952-4684-8ef2-38230f78517d', 'user_id': 'P9'}",9
662,2000-01-01 14:07:45,instance-58d24376-a8cb-4591-b86f-e8bd54e6f01d-resizable,layout.node.moved,"{'nodeId': 'instance-58d24376-a8cb-4591-b86f-e8bd54e6f01d-resizable', 'newPos': {'x': 17.974998474121094, 'y': 259.1999988555908}, 'session_id': 'b5608c2c-7952-4684-8ef2-38230f78517d', 'user_id': 'P9'}",9
663,2000-01-01 14:07:49,instance-58d24376-a8cb-4591-b86f-e8bd54e6f01d-resizable,layoutboard.node.resizable.resized,"{'nodeId': 'instance-58d24376-a8cb-4591-b86f-e8bd54e6f01d-resizable', 'prevSize': {'width': 50, 'height': 50}, 'newSize': {'width': 89, 'height': 242}, 'delta': {'width': 39, 'height': 192}, 'linkedSizeNodeIds': [], 'session_id': 'b5608c2c-7952-4684-8ef2-38230f78517d', 'user_id': 'P9'}",9
664,2000-01-01 14:07:52,instance-58d24376-a8cb-4591-b86f-e8bd54e6f01d,layout.node.moved,"{'nodeId': 'instance-58d24376-a8cb-4591-b86f-e8bd54e6f01d', 'newPos': {'x': 17.974998474121094, 'y': 260.1999988555908}, 'session_id': 'b5608c2c-7952-4684-8ef2-38230f78517d', 'user_id': 'P9'}",9
665,2000-01-01 14:07:54,instance-58d24376-a8cb-4591-b86f-e8bd54e6f01d-resizable,layoutboard.node.resizable.resized,"{'nodeId': 'instance-58d24376-a8cb-4591-b86f-e8bd54e6f01d-resizable', 'prevSize': {'width': 50, 'height': 50}, 'newSize': {'width': 99, 'height': 270}, 'delta': {'width': 49, 'height': 220}, 'linkedSizeNodeIds': [], 'session_id': 'b5608c2c-7952-4684-8ef2-38230f78517d', 'user_id': 'P9'}",9
666,2000-01-01 14:08:00,instance-2b6ddc82-86d6-4893-b115-c1296607becd-resizable,layoutboard.node.resizable.resized,"{'nodeId': 'instance-2b6ddc82-86d6-4893-b115-c1296607becd-resizable', 'prevSize': {'width': 50, 'height': 50}, 'newSize': {'width': 102, 'height': 239}, 'delta': {'width': 52, 'height': 189}, 'linkedSizeNodeIds': [], 'session_id': 'b5608c2c-7952-4684-8ef2-38230f78517d', 'user_id': 'P9'}",9
667,2000-01-01 14:08:07,instance-864a2a37-7197-4d2d-859d-609551b1d5d1-resizable,layoutboard.node.resizable.resized,"{'nodeId': 'instance-864a2a37-7197-4d2d-859d-609551b1d5d1-resizable', 'prevSize': {'width': 50, 'height': 50}, 'newSize': {'width': 95, 'height': 223}, 'delta': {'width': 45, 'height': 173}, 'linkedSizeNodeIds': [], 'session_id': 'b5608c2c-7952-4684-8ef2-38230f78517d', 'user_id': 'P9'}",9
668,2000-01-01 14:08:39,,api.generate_image.succeeded,"{'global_caption': ""a scene featuring a man wearing a white short-sleeved shirt, brown pants, and black shoes, with a watch on his left hand and black sunglasses, holding a big map; a female with long hair wearing a white, short-sleeved, flowery patterned shirt, short jeans, and black sandals, holding a brown passport and carrying blue luggage; a man wearing a green short-sleeved t-shirt, brown short pants, and black shoes, putting his two hands in his pant's pockets, not wearing sunglasses; and a female wearing a sky blue sleeveless dress and brown sandals, taking a photo with a camera held in her left hands while holding a big straw hat."", 'region_count': 7, 'has_image': True, 'detected_objects_count': 4, 'image_path': 'output/P9/2025-08-22_14-08-38/image.png', 'image_with_layout_path': 'output/P9/2025-08-22_14-08-38/image_with_layout.png', 'timestamp_dir': 'output/P9/2025-08-22_14-08-38', 'session_id': 'b5608c2c-7952-4684-8ef2-38230f78517d', 'user_id': 'P9'}",9
669,2000-01-01 09:51:39,,instance.created_from_text,"{'position': {'x': 64.578125, 'y': 145}, 'screen_position': {'x': 121, 'y': 188}, 'board_type': 'advanced', 'session_id': 'e840e74f-78da-492b-94cd-51b9fb96c1c0', 'user_id': 'p10'}",10
670,2000-01-01 09:52:21,,instance.created_from_text,"{'position': {'x': 211.578125, 'y': 138}, 'screen_position': {'x': 268, 'y': 181}, 'board_type': 'advanced', 'session_id': 'e840e74f-78da-492b-94cd-51b9fb96c1c0', 'user_id': 'p10'}",10
671,2000-01-01 09:53:07,instance-1a29833a-91e1-4761-b5b3-a1e372a67869,instance.updated.text,"{'instance_id': 'instance-1a29833a-91e1-4761-b5b3-a1e372a67869', 'instance_label': 'mother', 'text_changed': True, 'graph_changed': False, 'session_id': 'e840e74f-78da-492b-94cd-51b9fb96c1c0', 'user_id': 'p10'}",10
672,2000-01-01 09:54:00,instance-1a29833a-91e1-4761-b5b3-a1e372a67869,instance.updated.text,"{'instance_id': 'instance-1a29833a-91e1-4761-b5b3-a1e372a67869', 'instance_label': 'mother', 'text_changed': True, 'graph_changed': False, 'session_id': 'e840e74f-78da-492b-94cd-51b9fb96c1c0', 'user_id': 'p10'}",10
673,2000-01-01 09:54:26,class-51cb8ae1-86ec-41e1-b328-53d8bc56ae3a,class.created,"{'class_id': 'class-51cb8ae1-86ec-41e1-b328-53d8bc56ae3a', 'class_name': 'mother Class', 'placeholder_count': 4, 'created_from': 'mother', 'session_id': 'e840e74f-78da-492b-94cd-51b9fb96c1c0', 'user_id': 'p10'}",10
674,2000-01-01 09:56:59,instance-fee447db-cd2f-4f4c-a679-9311c569864b,instance.created_from_class,"{'instance_id': 'instance-fee447db-cd2f-4f4c-a679-9311c569864b', 'class_id': 'class-51cb8ae1-86ec-41e1-b328-53d8bc56ae3a', 'instance_label': 'Father', 'has_text_description': True, 'session_id': 'e840e74f-78da-492b-94cd-51b9fb96c1c0', 'user_id': 'p10'}",10
675,2000-01-01 09:57:45,instance-1a29833a-91e1-4761-b5b3-a1e372a67869-resizable,layoutboard.node.resizable.resized,"{'nodeId': 'instance-1a29833a-91e1-4761-b5b3-a1e372a67869-resizable', 'prevSize': {'width': 50, 'height': 50}, 'newSize': {'width': 50, 'height': 198}, 'delta': {'width': 0, 'height': 148}, 'linkedSizeNodeIds': [], 'session_id': 'e840e74f-78da-492b-94cd-51b9fb96c1c0', 'user_id': 'p10'}",10
676,2000-01-01 09:57:47,instance-1a29833a-91e1-4761-b5b3-a1e372a67869-resizable,layout.node.moved,"{'nodeId': 'instance-1a29833a-91e1-4761-b5b3-a1e372a67869-resizable', 'newPos': {'x': 149.578125, 'y': 146}, 'session_id': 'e840e74f-78da-492b-94cd-51b9fb96c1c0', 'user_id': 'p10'}",10
677,2000-01-01 09:57:50,instance-fee447db-cd2f-4f4c-a679-9311c569864b,layout.node.moved,"{'nodeId': 'instance-fee447db-cd2f-4f4c-a679-9311c569864b', 'newPos': {'x': 261, 'y': 99}, 'session_id': 'e840e74f-78da-492b-94cd-51b9fb96c1c0', 'user_id': 'p10'}",10
678,2000-01-01 09:57:53,instance-1a29833a-91e1-4761-b5b3-a1e372a67869-resizable,layoutboard.node.resizable.resized,"{'nodeId': 'instance-1a29833a-91e1-4761-b5b3-a1e372a67869-resizable', 'prevSize': {'width': 50, 'height': 50}, 'newSize': {'width': 89, 'height': 274}, 'delta': {'width': 39, 'height': 224}, 'linkedSizeNodeIds': [], 'session_id': 'e840e74f-78da-492b-94cd-51b9fb96c1c0', 'user_id': 'p10'}",10
679,2000-01-01 09:57:58,instance-b5cc70bf-1351-401b-a970-ad568daa19fd-resizable,layoutboard.node.resizable.resized,"{'nodeId': 'instance-b5cc70bf-1351-401b-a970-ad568daa19fd-resizable', 'prevSize': {'width': 50, 'height': 50}, 'newSize': {'width': 50, 'height': 198}, 'delta': {'width': 0, 'height': 148}, 'linkedSizeNodeIds': [], 'session_id': 'e840e74f-78da-492b-94cd-51b9fb96c1c0', 'user_id': 'p10'}",10
680,2000-01-01 09:58:00,instance-b5cc70bf-1351-401b-a970-ad568daa19fd-resizable,layoutboard.node.resizable.resized,"{'nodeId': 'instance-b5cc70bf-1351-401b-a970-ad568daa19fd-resizable', 'prevSize': {'width': 50, 'height': 50}, 'newSize': {'width': 101, 'height': 254}, 'delta': {'width': 51, 'height': 204}, 'linkedSizeNodeIds': [], 'session_id': 'e840e74f-78da-492b-94cd-51b9fb96c1c0', 'user_id': 'p10'}",10
681,2000-01-01 09:58:01,instance-b5cc70bf-1351-401b-a970-ad568daa19fd-resizable,layout.node.moved,"{'nodeId': 'instance-b5cc70bf-1351-401b-a970-ad568daa19fd-resizable', 'newPos': {'x': 10.578125, 'y': 176}, 'session_id': 'e840e74f-78da-492b-94cd-51b9fb96c1c0', 'user_id': 'p10'}",10
682,2000-01-01 09:58:11,instance-fee447db-cd2f-4f4c-a679-9311c569864b-resizable,layoutboard.node.resizable.resized,"{'nodeId': 'instance-fee447db-cd2f-4f4c-a679-9311c569864b-resizable', 'prevSize': {'width': 50, 'height': 50}, 'newSize': {'width': 106, 'height': 106}, 'delta': {'width': 56, 'height': 56}, 'linkedSizeNodeIds': [], 'session_id': 'e840e74f-78da-492b-94cd-51b9fb96c1c0', 'user_id': 'p10'}",10
683,2000-01-01 09:58:14,instance-fee447db-cd2f-4f4c-a679-9311c569864b-resizable,layout.node.moved,"{'nodeId': 'instance-fee447db-cd2f-4f4c-a679-9311c569864b-resizable', 'newPos': {'x': 265, 'y': 113}, 'session_id': 'e840e74f-78da-492b-94cd-51b9fb96c1c0', 'user_id': 'p10'}",10
684,2000-01-01 09:58:15,instance-fee447db-cd2f-4f4c-a679-9311c569864b-resizable,layoutboard.node.resizable.resized,"{'nodeId': 'instance-fee447db-cd2f-4f4c-a679-9311c569864b-resizable', 'prevSize': {'width': 50, 'height': 50}, 'newSize': {'width': 106, 'height': 106}, 'delta': {'width': 56, 'height': 56}, 'linkedSizeNodeIds': [], 'session_id': 'e840e74f-78da-492b-94cd-51b9fb96c1c0', 'user_id': 'p10'}",10
685,2000-01-01 09:58:16,instance-fee447db-cd2f-4f4c-a679-9311c569864b-resizable,layoutboard.node.resizable.resized,"{'nodeId': 'instance-fee447db-cd2f-4f4c-a679-9311c569864b-resizable', 'prevSize': {'width': 50, 'height': 50}, 'newSize': {'width': 125, 'height': 303}, 'delta': {'width': 75, 'height': 253}, 'linkedSizeNodeIds': [], 'session_id': 'e840e74f-78da-492b-94cd-51b9fb96c1c0', 'user_id': 'p10'}",10
686,2000-01-01 09:58:19,instance-fee447db-cd2f-4f4c-a679-9311c569864b-resizable,layoutboard.node.resizable.resized,"{'nodeId': 'instance-fee447db-cd2f-4f4c-a679-9311c569864b-resizable', 'prevSize': {'width': 50, 'height': 50}, 'newSize': {'width': 125, 'height': 303}, 'delta': {'width': 75, 'height': 253}, 'linkedSizeNodeIds': [], 'session_id': 'e840e74f-78da-492b-94cd-51b9fb96c1c0', 'user_id': 'p10'}",10
687,2000-01-01 09:58:20,instance-fee447db-cd2f-4f4c-a679-9311c569864b-resizable,layoutboard.node.resizable.resized,"{'nodeId': 'instance-fee447db-cd2f-4f4c-a679-9311c569864b-resizable', 'prevSize': {'width': 50, 'height': 50}, 'newSize': {'width': 113, 'height': 308}, 'delta': {'width': 63, 'height': 258}, 'linkedSizeNodeIds': [], 'session_id': 'e840e74f-78da-492b-94cd-51b9fb96c1c0', 'user_id': 'p10'}",10
688,2000-01-01 09:58:21,instance-1a29833a-91e1-4761-b5b3-a1e372a67869-resizable,layout.node.moved,"{'nodeId': 'instance-1a29833a-91e1-4761-b5b3-a1e372a67869-resizable', 'newPos': {'x': 154.578125, 'y': 148}, 'session_id': 'e840e74f-78da-492b-94cd-51b9fb96c1c0', 'user_id': 'p10'}",10
689,2000-01-01 09:59:47,instance-b5cc70bf-1351-401b-a970-ad568daa19fd,instance.updated.text,"{'instance_id': 'instance-b5cc70bf-1351-401b-a970-ad568daa19fd', 'instance_label': 'grandfather', 'text_changed': True, 'graph_changed': False, 'session_id': 'e840e74f-78da-492b-94cd-51b9fb96c1c0', 'user_id': 'p10'}",10
690,2000-01-01 10:00:29,instance-1a29833a-91e1-4761-b5b3-a1e372a67869,instance.updated.text,"{'instance_id': 'instance-1a29833a-91e1-4761-b5b3-a1e372a67869', 'instance_label': 'mother', 'text_changed': True, 'graph_changed': False, 'session_id': 'e840e74f-78da-492b-94cd-51b9fb96c1c0', 'user_id': 'p10'}",10
691,2000-01-01 10:00:41,instance-fee447db-cd2f-4f4c-a679-9311c569864b,instance.updated.text,"{'instance_id': 'instance-fee447db-cd2f-4f4c-a679-9311c569864b', 'instance_label': 'father', 'text_changed': True, 'graph_changed': False, 'session_id': 'e840e74f-78da-492b-94cd-51b9fb96c1c0', 'user_id': 'p10'}",10
692,2000-01-01 10:00:43,class-e22bbd12-5f32-44d3-af5b-67f05ed10302,class.created,"{'class_id': 'class-e22bbd12-5f32-44d3-af5b-67f05ed10302', 'class_name': 'grandfather Class', 'placeholder_count': 7, 'created_from': 'grandfather', 'session_id': 'e840e74f-78da-492b-94cd-51b9fb96c1c0', 'user_id': 'p10'}",10
693,2000-01-01 10:03:37,instance-51426e1e-d5ae-4e42-bfd1-9c77817b6610,instance.created_from_class,"{'instance_id': 'instance-51426e1e-d5ae-4e42-bfd1-9c77817b6610', 'class_id': 'class-e22bbd12-5f32-44d3-af5b-67f05ed10302', 'instance_label': 'Girl', 'has_text_description': True, 'session_id': 'e840e74f-78da-492b-94cd-51b9fb96c1c0', 'user_id': 'p10'}",10
694,2000-01-01 10:03:49,instance-51426e1e-d5ae-4e42-bfd1-9c77817b6610,layout.node.moved,"{'nodeId': 'instance-51426e1e-d5ae-4e42-bfd1-9c77817b6610', 'newPos': {'x': 392, 'y': 123}, 'session_id': 'e840e74f-78da-492b-94cd-51b9fb96c1c0', 'user_id': 'p10'}",10
695,2000-01-01 10:03:51,instance-51426e1e-d5ae-4e42-bfd1-9c77817b6610,layout.node.moved,"{'nodeId': 'instance-51426e1e-d5ae-4e42-bfd1-9c77817b6610', 'newPos': {'x': 392, 'y': 76}, 'session_id': 'e840e74f-78da-492b-94cd-51b9fb96c1c0', 'user_id': 'p10'}",10
696,2000-01-01 10:03:55,instance-51426e1e-d5ae-4e42-bfd1-9c77817b6610,layout.node.moved,"{'nodeId': 'instance-51426e1e-d5ae-4e42-bfd1-9c77817b6610', 'newPos': {'x': 385, 'y': 48}, 'session_id': 'e840e74f-78da-492b-94cd-51b9fb96c1c0', 'user_id': 'p10'}",10
697,2000-01-01 10:03:59,instance-51426e1e-d5ae-4e42-bfd1-9c77817b6610-resizable,layoutboard.node.resizable.resized,"{'nodeId': 'instance-51426e1e-d5ae-4e42-bfd1-9c77817b6610-resizable', 'prevSize': {'width': 50, 'height': 50}, 'newSize': {'width': 98, 'height': 85}, 'delta': {'width': 48, 'height': 35}, 'linkedSizeNodeIds': [], 'session_id': 'e840e74f-78da-492b-94cd-51b9fb96c1c0', 'user_id': 'p10'}",10
698,2000-01-01 10:04:00,instance-51426e1e-d5ae-4e42-bfd1-9c77817b6610-resizable,layout.node.moved,"{'nodeId': 'instance-51426e1e-d5ae-4e42-bfd1-9c77817b6610-resizable', 'newPos': {'x': 414, 'y': 278}, 'session_id': 'e840e74f-78da-492b-94cd-51b9fb96c1c0', 'user_id': 'p10'}",10
699,2000-01-01 10:04:01,instance-51426e1e-d5ae-4e42-bfd1-9c77817b6610-resizable,layout.node.moved,"{'nodeId': 'instance-51426e1e-d5ae-4e42-bfd1-9c77817b6610-resizable', 'newPos': {'x': 408, 'y': 331}, 'session_id': 'e840e74f-78da-492b-94cd-51b9fb96c1c0', 'user_id': 'p10'}",10
700,2000-01-01 10:04:04,instance-51426e1e-d5ae-4e42-bfd1-9c77817b6610,layout.node.moved,"{'nodeId': 'instance-51426e1e-d5ae-4e42-bfd1-9c77817b6610', 'newPos': {'x': 392, 'y': 332}, 'session_id': 'e840e74f-78da-492b-94cd-51b9fb96c1c0', 'user_id': 'p10'}",10
701,2000-01-01 10:04:12,instance-51426e1e-d5ae-4e42-bfd1-9c77817b6610-resizable,layoutboard.node.resizable.resized,"{'nodeId': 'instance-51426e1e-d5ae-4e42-bfd1-9c77817b6610-resizable', 'prevSize': {'width': 50, 'height': 50}, 'newSize': {'width': 98, 'height': 85}, 'delta': {'width': 48, 'height': 35}, 'linkedSizeNodeIds': [], 'session_id': 'e840e74f-78da-492b-94cd-51b9fb96c1c0', 'user_id': 'p10'}",10
702,2000-01-01 10:04:15,instance-51426e1e-d5ae-4e42-bfd1-9c77817b6610-resizable,layoutboard.node.resizable.resized,"{'nodeId': 'instance-51426e1e-d5ae-4e42-bfd1-9c77817b6610-resizable', 'prevSize': {'width': 50, 'height': 50}, 'newSize': {'width': 77, 'height': 183}, 'delta': {'width': 27, 'height': 133}, 'linkedSizeNodeIds': [], 'session_id': 'e840e74f-78da-492b-94cd-51b9fb96c1c0', 'user_id': 'p10'}",10
703,2000-01-01 10:04:59,instance-51426e1e-d5ae-4e42-bfd1-9c77817b6610,instance.updated.graph,"{'instance_id': 'instance-51426e1e-d5ae-4e42-bfd1-9c77817b6610', 'instance_label': 'Girl', 'text_changed': False, 'graph_changed': True, 'session_id': 'e840e74f-78da-492b-94cd-51b9fb96c1c0', 'user_id': 'p10'}",10
704,2000-01-01 10:05:35,,api.generate_image.succeeded,"{'global_caption': 'a scene featuring a grandfather wearing a black beret, a white shirt, a gray cardigan, black pants, and black shoes, watching the right side; a mother wearing a flower-patterned white one-piece dress, holding a brown basket, wearing sandals, seeing the front; a father wearing a blue short-sleeved shirt and beige shorts, holding a black plate with many water bottles, and wearing sandals, seeing the front; and a little girl wearing a sleeveless pink top and pink shoes while holding a yellow balloon and a white teddy bear, watching the front.', 'region_count': 4, 'has_image': True, 'detected_objects_count': 6, 'image_path': 'output/p10/2025-08-21_10-05-34/image.png', 'image_with_layout_path': 'output/p10/2025-08-21_10-05-34/image_with_layout.png', 'timestamp_dir': 'output/p10/2025-08-21_10-05-34', 'session_id': 'e840e74f-78da-492b-94cd-51b9fb96c1c0', 'user_id': 'p10'}",10
705,2000-01-01 10:06:53,instance-51426e1e-d5ae-4e42-bfd1-9c77817b6610,instance.updated.graph,"{'instance_id': 'instance-51426e1e-d5ae-4e42-bfd1-9c77817b6610', 'instance_label': 'Girl', 'text_changed': False, 'graph_changed': True, 'session_id': 'e840e74f-78da-492b-94cd-51b9fb96c1c0', 'user_id': 'p10'}",10
706,2000-01-01 10:07:04,instance-1a29833a-91e1-4761-b5b3-a1e372a67869,object_node.extract.confirmed,"{'object_id': 'object3', 'object_name': 'basket', 'parent_instance_id': 'instance-1a29833a-91e1-4761-b5b3-a1e372a67869', 'session_id': 'e840e74f-78da-492b-94cd-51b9fb96c1c0', 'user_id': 'p10'}",10
707,2000-01-01 10:07:11,instance-e3fe4e70-111a-4729-a976-3179b2eeeff7-resizable,layout.node.moved,"{'nodeId': 'instance-e3fe4e70-111a-4729-a976-3179b2eeeff7-resizable', 'newPos': {'x': 226, 'y': 246}, 'session_id': 'e840e74f-78da-492b-94cd-51b9fb96c1c0', 'user_id': 'p10'}",10
708,2000-01-01 10:07:28,,relationship_node.created,"{'relationship_id': 'instance-fee447db-cd2f-4f4c-a679-9311c569864b->instance-e3fe4e70-111a-4729-a976-3179b2eeeff7:holding', 'sourceId': 'instance-fee447db-cd2f-4f4c-a679-9311c569864b', 'targetId': 'instance-e3fe4e70-111a-4729-a976-3179b2eeeff7', 'relation': 'holding', 'video_time': '20:40'}",10
709,2000-01-01 10:08:08,,api.generate_image.succeeded,"{'global_caption': 'a scene featuring a grandfather wearing a black beret, a white shirt, a gray cardigan, black pants, and black shoes, watching the right side; a mother wearing a white, flower-patterned one-piece dress and sandals, looking ahead while holding a brown basket; a father wearing a blue short-sleeved shirt and beige shorts, holding a black plate with many water bottles, and wearing sandals, seeing the front while holding a basket; and a little girl wearing a sleeveless pink top and pink shoes while holding a yellow balloon and a brown teddy bear, watching the front.', 'region_count': 5, 'has_image': True, 'detected_objects_count': 5, 'image_path': 'output/p10/2025-08-21_10-08-07/image.png', 'image_with_layout_path': 'output/p10/2025-08-21_10-08-07/image_with_layout.png', 'timestamp_dir': 'output/p10/2025-08-21_10-08-07', 'session_id': 'e840e74f-78da-492b-94cd-51b9fb96c1c0', 'user_id': 'p10'}",10
710,2000-01-01 10:09:03,instance-fee447db-cd2f-4f4c-a679-9311c569864b-resizable,layout.node.moved,"{'nodeId': 'instance-fee447db-cd2f-4f4c-a679-9311c569864b-resizable', 'newPos': {'x': 276, 'y': 119}, 'session_id': 'e840e74f-78da-492b-94cd-51b9fb96c1c0', 'user_id': 'p10'}",10
711,2000-01-01 10:09:04,instance-e3fe4e70-111a-4729-a976-3179b2eeeff7,layout.node.moved,"{'nodeId': 'instance-e3fe4e70-111a-4729-a976-3179b2eeeff7', 'newPos': {'x': 227, 'y': 246}, 'session_id': 'e840e74f-78da-492b-94cd-51b9fb96c1c0', 'user_id': 'p10'}",10
712,2000-01-01 10:09:05,instance-e3fe4e70-111a-4729-a976-3179b2eeeff7,layout.node.moved,"{'nodeId': 'instance-e3fe4e70-111a-4729-a976-3179b2eeeff7', 'newPos': {'x': 227, 'y': 246}, 'session_id': 'e840e74f-78da-492b-94cd-51b9fb96c1c0', 'user_id': 'p10'}",10
713,2000-01-01 10:09:06,instance-e3fe4e70-111a-4729-a976-3179b2eeeff7,layout.node.moved,"{'nodeId': 'instance-e3fe4e70-111a-4729-a976-3179b2eeeff7', 'newPos': {'x': 229, 'y': 243}, 'session_id': 'e840e74f-78da-492b-94cd-51b9fb96c1c0', 'user_id': 'p10'}",10
714,2000-01-01 10:09:39,instance-e3fe4e70-111a-4729-a976-3179b2eeeff7,instance.updated.text,"{'instance_id': 'instance-e3fe4e70-111a-4729-a976-3179b2eeeff7', 'instance_label': 'basket', 'text_changed': True, 'graph_changed': False, 'session_id': 'e840e74f-78da-492b-94cd-51b9fb96c1c0', 'user_id': 'p10'}",10
715,2000-01-01 10:10:09,,api.generate_image.succeeded,"{'global_caption': 'a scene featuring a grandfather wearing a black beret, a white shirt, a gray cardigan, black pants, and black shoes, watching the right side; a mother wearing a white, flower-patterned one-piece dress and sandals, looking ahead while holding a brown basket; a father wearing a blue short-sleeved shirt and beige shorts, holding a black plate with many water bottles, and wearing sandals, seeing the front while holding a basket; a little girl wearing a sleeveless pink top and pink shoes while holding a yellow balloon and a brown teddy bear, watching the front; and a brown basket, while the mother and father are holding the same basket.', 'region_count': 5, 'has_image': True, 'detected_objects_count': 6, 'image_path': 'output/p10/2025-08-21_10-10-09/image.png', 'image_with_layout_path': 'output/p10/2025-08-21_10-10-09/image_with_layout.png', 'timestamp_dir': 'output/p10/2025-08-21_10-10-09', 'session_id': 'e840e74f-78da-492b-94cd-51b9fb96c1c0', 'user_id': 'p10'}",10
716,2000-01-01 08:50:20,,instance.created_from_text,"{'position': {'x': 58.83823776245117, 'y': 244.83823585510254}, 'screen_position': {'x': 122, 'y': 268}, 'board_type': 'advanced', 'session_id': '9f6ed6d6-aca3-4e0a-9f55-fd2d1f73ef64', 'user_id': 'P11'}",11
717,2000-01-01 08:53:39,instance-b9632b4c-dea8-4202-9193-1620a57683c6,instance.updated.graph,"{'instance_id': 'instance-b9632b4c-dea8-4202-9193-1620a57683c6', 'instance_label': 'man', 'text_changed': False, 'graph_changed': True, 'session_id': '9f6ed6d6-aca3-4e0a-9f55-fd2d1f73ef64', 'user_id': 'P11'}",11
718,2000-01-01 08:53:43,class-7bef0ae1-1aa2-4bbc-bb91-6edbec0996c7,class.created,"{'class_id': 'class-7bef0ae1-1aa2-4bbc-bb91-6edbec0996c7', 'class_name': 'man Class', 'placeholder_count': 7, 'created_from': 'man', 'session_id': '9f6ed6d6-aca3-4e0a-9f55-fd2d1f73ef64', 'user_id': 'P11'}",11
719,2000-01-01 08:55:01,instance-03a659ce-a448-41e9-8171-6858b25555f1,instance.created_from_class,"{'instance_id': 'instance-03a659ce-a448-41e9-8171-6858b25555f1', 'class_id': 'class-7bef0ae1-1aa2-4bbc-bb91-6edbec0996c7', 'instance_label': 'Man', 'has_text_description': True, 'session_id': '9f6ed6d6-aca3-4e0a-9f55-fd2d1f73ef64', 'user_id': 'P11'}",11
720,2000-01-01 08:55:09,instance-03a659ce-a448-41e9-8171-6858b25555f1,layout.node.moved,"{'nodeId': 'instance-03a659ce-a448-41e9-8171-6858b25555f1', 'newPos': {'x': 270, 'y': 243}, 'session_id': '9f6ed6d6-aca3-4e0a-9f55-fd2d1f73ef64', 'user_id': 'P11'}",11
721,2000-01-01 08:55:10,instance-b9632b4c-dea8-4202-9193-1620a57683c6,layout.node.moved,"{'nodeId': 'instance-b9632b4c-dea8-4202-9193-1620a57683c6', 'newPos': {'x': 27.838237762451172, 'y': 232.83823585510254}, 'session_id': '9f6ed6d6-aca3-4e0a-9f55-fd2d1f73ef64', 'user_id': 'P11'}",11
722,2000-01-01 08:55:13,instance-b9632b4c-dea8-4202-9193-1620a57683c6-resizable,layoutboard.node.resizable.resized,"{'nodeId': 'instance-b9632b4c-dea8-4202-9193-1620a57683c6-resizable', 'prevSize': {'width': 50, 'height': 50}, 'newSize': {'width': 51, 'height': 259}, 'delta': {'width': 1, 'height': 209}, 'linkedSizeNodeIds': [], 'session_id': '9f6ed6d6-aca3-4e0a-9f55-fd2d1f73ef64', 'user_id': 'P11'}",11
723,2000-01-01 08:55:14,instance-b9632b4c-dea8-4202-9193-1620a57683c6-resizable,layoutboard.node.resizable.resized,"{'nodeId': 'instance-b9632b4c-dea8-4202-9193-1620a57683c6-resizable', 'prevSize': {'width': 50, 'height': 50}, 'newSize': {'width': 51, 'height': 259}, 'delta': {'width': 1, 'height': 209}, 'linkedSizeNodeIds': [], 'session_id': '9f6ed6d6-aca3-4e0a-9f55-fd2d1f73ef64', 'user_id': 'P11'}",11
724,2000-01-01 08:55:17,instance-b9632b4c-dea8-4202-9193-1620a57683c6-resizable,layoutboard.node.resizable.resized,"{'nodeId': 'instance-b9632b4c-dea8-4202-9193-1620a57683c6-resizable', 'prevSize': {'width': 50, 'height': 50}, 'newSize': {'width': 61, 'height': 259}, 'delta': {'width': 11, 'height': 209}, 'linkedSizeNodeIds': [], 'session_id': '9f6ed6d6-aca3-4e0a-9f55-fd2d1f73ef64', 'user_id': 'P11'}",11
725,2000-01-01 08:55:18,instance-03a659ce-a448-41e9-8171-6858b25555f1-resizable,layout.node.moved,"{'nodeId': 'instance-03a659ce-a448-41e9-8171-6858b25555f1-resizable', 'newPos': {'x': 252, 'y': 235}, 'session_id': '9f6ed6d6-aca3-4e0a-9f55-fd2d1f73ef64', 'user_id': 'P11'}",11
726,2000-01-01 08:55:27,instance-03a659ce-a448-41e9-8171-6858b25555f1-resizable,layoutboard.node.resizable.resized,"{'nodeId': 'instance-03a659ce-a448-41e9-8171-6858b25555f1-resizable', 'prevSize': {'width': 50, 'height': 50}, 'newSize': {'width': 78, 'height': 250}, 'delta': {'width': 28, 'height': 200}, 'linkedSizeNodeIds': [], 'session_id': '9f6ed6d6-aca3-4e0a-9f55-fd2d1f73ef64', 'user_id': 'P11'}",11
727,2000-01-01 08:56:28,class-7bef0ae1-1aa2-4bbc-bb91-6edbec0996c7,class.updated,"{'class_id': 'class-7bef0ae1-1aa2-4bbc-bb91-6edbec0996c7', 'class_name': 'man Class', 'placeholder_count': 8, 'object_count': 8, 'session_id': '9f6ed6d6-aca3-4e0a-9f55-fd2d1f73ef64', 'user_id': 'P11'}",11
728,2000-01-01 08:56:48,,instance.created_from_text,"{'position': {'x': 181.83823776245117, 'y': 240.83823776245117}, 'screen_position': {'x': 245, 'y': 284}, 'board_type': 'advanced', 'session_id': '9f6ed6d6-aca3-4e0a-9f55-fd2d1f73ef64', 'user_id': 'P11'}",11
729,2000-01-01 09:00:16,class-52e72cda-bf6b-4005-857a-1c2725c51de4,class.created,"{'class_id': 'class-52e72cda-bf6b-4005-857a-1c2725c51de4', 'class_name': 'woman Class', 'placeholder_count': 6, 'created_from': 'woman', 'session_id': '9f6ed6d6-aca3-4e0a-9f55-fd2d1f73ef64', 'user_id': 'P11'}",11
730,2000-01-01 09:03:41,instance-91ffdabe-7fca-4de6-9f6f-5f74449d0cfd,instance.created_from_class,"{'instance_id': 'instance-91ffdabe-7fca-4de6-9f6f-5f74449d0cfd', 'class_id': 'class-52e72cda-bf6b-4005-857a-1c2725c51de4', 'instance_label': 'Woman', 'has_text_description': True, 'session_id': '9f6ed6d6-aca3-4e0a-9f55-fd2d1f73ef64', 'user_id': 'P11'}",11
731,2000-01-01 09:03:44,instance-6e1d901d-fb7e-4ad2-a083-f795f52064a3-resizable,layout.node.moved,"{'nodeId': 'instance-6e1d901d-fb7e-4ad2-a083-f795f52064a3-resizable', 'newPos': {'x': 157.83823776245117, 'y': 243.83823776245117}, 'session_id': '9f6ed6d6-aca3-4e0a-9f55-fd2d1f73ef64', 'user_id': 'P11'}",11
732,2000-01-01 09:03:47,instance-6e1d901d-fb7e-4ad2-a083-f795f52064a3-resizable,layoutboard.node.resizable.resized,"{'nodeId': 'instance-6e1d901d-fb7e-4ad2-a083-f795f52064a3-resizable', 'prevSize': {'width': 50, 'height': 50}, 'newSize': {'width': 58, 'height': 250}, 'delta': {'width': 8, 'height': 200}, 'linkedSizeNodeIds': [], 'session_id': '9f6ed6d6-aca3-4e0a-9f55-fd2d1f73ef64', 'user_id': 'P11'}",11
733,2000-01-01 09:03:49,instance-91ffdabe-7fca-4de6-9f6f-5f74449d0cfd-resizable,layoutboard.node.resizable.resized,"{'nodeId': 'instance-91ffdabe-7fca-4de6-9f6f-5f74449d0cfd-resizable', 'prevSize': {'width': 50, 'height': 50}, 'newSize': {'width': 51, 'height': 21}, 'delta': {'width': 1, 'height': -29}, 'linkedSizeNodeIds': [], 'session_id': '9f6ed6d6-aca3-4e0a-9f55-fd2d1f73ef64', 'user_id': 'P11'}",11
734,2000-01-01 09:03:52,instance-91ffdabe-7fca-4de6-9f6f-5f74449d0cfd,layout.node.moved,"{'nodeId': 'instance-91ffdabe-7fca-4de6-9f6f-5f74449d0cfd', 'newPos': {'x': 382, 'y': 237}, 'session_id': '9f6ed6d6-aca3-4e0a-9f55-fd2d1f73ef64', 'user_id': 'P11'}",11
735,2000-01-01 09:03:53,instance-91ffdabe-7fca-4de6-9f6f-5f74449d0cfd,layout.node.moved,"{'nodeId': 'instance-91ffdabe-7fca-4de6-9f6f-5f74449d0cfd', 'newPos': {'x': 374, 'y': 234}, 'session_id': '9f6ed6d6-aca3-4e0a-9f55-fd2d1f73ef64', 'user_id': 'P11'}",11
736,2000-01-01 09:03:55,instance-91ffdabe-7fca-4de6-9f6f-5f74449d0cfd,layout.node.moved,"{'nodeId': 'instance-91ffdabe-7fca-4de6-9f6f-5f74449d0cfd', 'newPos': {'x': 369, 'y': 238}, 'session_id': '9f6ed6d6-aca3-4e0a-9f55-fd2d1f73ef64', 'user_id': 'P11'}",11
737,2000-01-01 09:03:58,instance-91ffdabe-7fca-4de6-9f6f-5f74449d0cfd-resizable,layoutboard.node.resizable.resized,"{'nodeId': 'instance-91ffdabe-7fca-4de6-9f6f-5f74449d0cfd-resizable', 'prevSize': {'width': 50, 'height': 50}, 'newSize': {'width': 63, 'height': 253}, 'delta': {'width': 13, 'height': 203}, 'linkedSizeNodeIds': [], 'session_id': '9f6ed6d6-aca3-4e0a-9f55-fd2d1f73ef64', 'user_id': 'P11'}",11
738,2000-01-01 09:04:00,instance-91ffdabe-7fca-4de6-9f6f-5f74449d0cfd,layout.node.moved,"{'nodeId': 'instance-91ffdabe-7fca-4de6-9f6f-5f74449d0cfd', 'newPos': {'x': 361, 'y': 236}, 'session_id': '9f6ed6d6-aca3-4e0a-9f55-fd2d1f73ef64', 'user_id': 'P11'}",11
739,2000-01-01 09:04:01,instance-6e1d901d-fb7e-4ad2-a083-f795f52064a3,layout.node.moved,"{'nodeId': 'instance-6e1d901d-fb7e-4ad2-a083-f795f52064a3', 'newPos': {'x': 157.83823776245117, 'y': 240.83823776245117}, 'session_id': '9f6ed6d6-aca3-4e0a-9f55-fd2d1f73ef64', 'user_id': 'P11'}",11
740,2000-01-01 09:04:02,instance-6e1d901d-fb7e-4ad2-a083-f795f52064a3,layout.node.moved,"{'nodeId': 'instance-6e1d901d-fb7e-4ad2-a083-f795f52064a3', 'newPos': {'x': 155.83823776245117, 'y': 237.83823776245117}, 'session_id': '9f6ed6d6-aca3-4e0a-9f55-fd2d1f73ef64', 'user_id': 'P11'}",11
741,2000-01-01 09:05:32,instance-91ffdabe-7fca-4de6-9f6f-5f74449d0cfd,instance.updated.graph,"{'instance_id': 'instance-91ffdabe-7fca-4de6-9f6f-5f74449d0cfd', 'instance_label': 'Woman', 'text_changed': False, 'graph_changed': True, 'session_id': '9f6ed6d6-aca3-4e0a-9f55-fd2d1f73ef64', 'user_id': 'P11'}",11
742,2000-01-01 09:06:01,,api.generate_image.succeeded,"{'global_caption': 'a scene featuring a man wearing a white shirt, wearing sunglasses, holding a map, wearing black shoes, brown pants, and a silver watch on his left wrist, with his hands in his pockets; a man wearing a green t-shirt, brown shorts, and black shoes, with a silver watch on his left wrist and his hands in his pockets; a woman with long brown hair wearing a shirt with flower patterns on it, wearing short blue pants, holding a cup of coffee in her left hand, dragging a silver trunk in her right hand, wearing slippers and a little fat; and a short, average-height woman with black hair wearing a light blue one-piece dress and sandals, holding a black camera in her left hand and dragging a beige straw hat in her right hand.', 'region_count': 4, 'has_image': True, 'detected_objects_count': 9, 'image_path': 'output/P11/2025-08-23_09-06-01/image.png', 'image_with_layout_path': 'output/P11/2025-08-23_09-06-01/image_with_layout.png', 'timestamp_dir': 'output/P11/2025-08-23_09-06-01', 'session_id': '9f6ed6d6-aca3-4e0a-9f55-fd2d1f73ef64', 'user_id': 'P11'}",11
743,2000-01-01 09:07:38,1939f603-2d6e-42fb-a84b-bcc739689a41,instance.created_from_detection,"{'instanceId': '1939f603-2d6e-42fb-a84b-bcc739689a41', 'label': 'Hat', 'originalObjectLabel': 'sports ball', 'session_id': '9f6ed6d6-aca3-4e0a-9f55-fd2d1f73ef64', 'user_id': 'P11'}",11
744,2000-01-01 09:08:25,instance-6e1d901d-fb7e-4ad2-a083-f795f52064a3,layout.node.moved,"{'nodeId': 'instance-6e1d901d-fb7e-4ad2-a083-f795f52064a3', 'newPos': {'x': 155.83823776245117, 'y': 236.83823776245117}, 'session_id': '9f6ed6d6-aca3-4e0a-9f55-fd2d1f73ef64', 'user_id': 'P11'}",11
745,2000-01-01 09:09:03,df5bfd53-ff72-42a9-8252-39b4b47f2a58,instance.created_from_detection,"{'instanceId': 'df5bfd53-ff72-42a9-8252-39b4b47f2a58', 'label': 'Suitcase', 'originalObjectLabel': 'suitcase', 'session_id': '9f6ed6d6-aca3-4e0a-9f55-fd2d1f73ef64', 'user_id': 'P11'}",11
746,2000-01-01 09:09:03,instance-91ffdabe-7fca-4de6-9f6f-5f74449d0cfd,layout.node.moved,"{'nodeId': 'instance-91ffdabe-7fca-4de6-9f6f-5f74449d0cfd', 'newPos': {'x': 361, 'y': 236}, 'session_id': '9f6ed6d6-aca3-4e0a-9f55-fd2d1f73ef64', 'user_id': 'P11'}",11
747,2000-01-01 09:09:07,df5bfd53-ff72-42a9-8252-39b4b47f2a58-resizable,layout.node.moved,"{'nodeId': 'df5bfd53-ff72-42a9-8252-39b4b47f2a58-resizable', 'newPos': {'x': 193.83823776245117, 'y': 370.83823585510254}, 'session_id': '9f6ed6d6-aca3-4e0a-9f55-fd2d1f73ef64', 'user_id': 'P11'}",11
748,2000-01-01 09:09:08,df5bfd53-ff72-42a9-8252-39b4b47f2a58-resizable,layout.node.moved,"{'nodeId': 'df5bfd53-ff72-42a9-8252-39b4b47f2a58-resizable', 'newPos': {'x': 431.8382377624512, 'y': 353.83823585510254}, 'session_id': '9f6ed6d6-aca3-4e0a-9f55-fd2d1f73ef64', 'user_id': 'P11'}",11
749,2000-01-01 09:09:11,df5bfd53-ff72-42a9-8252-39b4b47f2a58-resizable,layout.node.moved,"{'nodeId': 'df5bfd53-ff72-42a9-8252-39b4b47f2a58-resizable', 'newPos': {'x': 425.8382377624512, 'y': 353.83823585510254}, 'session_id': '9f6ed6d6-aca3-4e0a-9f55-fd2d1f73ef64', 'user_id': 'P11'}",11
750,2000-01-01 09:09:12,df5bfd53-ff72-42a9-8252-39b4b47f2a58-resizable,layout.node.moved,"{'nodeId': 'df5bfd53-ff72-42a9-8252-39b4b47f2a58-resizable', 'newPos': {'x': 422.8382377624512, 'y': 352.83823585510254}, 'session_id': '9f6ed6d6-aca3-4e0a-9f55-fd2d1f73ef64', 'user_id': 'P11'}",11
751,2000-01-01 09:09:12,df5bfd53-ff72-42a9-8252-39b4b47f2a58-resizable,layout.node.moved,"{'nodeId': 'df5bfd53-ff72-42a9-8252-39b4b47f2a58-resizable', 'newPos': {'x': 389.8382377624512, 'y': 355.83823585510254}, 'session_id': '9f6ed6d6-aca3-4e0a-9f55-fd2d1f73ef64', 'user_id': 'P11'}",11
752,2000-01-01 09:09:19,a7dd8989-4b78-4b6b-8e81-9701cffcfc24,instance.created_from_detection,"{'instanceId': 'a7dd8989-4b78-4b6b-8e81-9701cffcfc24', 'label': 'Suitcase', 'originalObjectLabel': 'suitcase', 'session_id': '9f6ed6d6-aca3-4e0a-9f55-fd2d1f73ef64', 'user_id': 'P11'}",11
753,2000-01-01 09:09:24,a7dd8989-4b78-4b6b-8e81-9701cffcfc24,instance.deleted,"{'instance_id': 'a7dd8989-4b78-4b6b-8e81-9701cffcfc24', 'instance_label': 'Suitcase', 'is_from_class': False, 'class_id': None, 'session_id': '9f6ed6d6-aca3-4e0a-9f55-fd2d1f73ef64', 'user_id': 'P11'}",11
754,2000-01-01 09:09:36,298b53c2-98cc-4450-811e-f666cbf27ce5,instance.created_from_detection,"{'instanceId': '298b53c2-98cc-4450-811e-f666cbf27ce5', 'label': 'Suitcase', 'originalObjectLabel': 'suitcase', 'session_id': '9f6ed6d6-aca3-4e0a-9f55-fd2d1f73ef64', 'user_id': 'P11'}",11
755,2000-01-01 09:09:39,df5bfd53-ff72-42a9-8252-39b4b47f2a58,instance.deleted,"{'instance_id': 'df5bfd53-ff72-42a9-8252-39b4b47f2a58', 'instance_label': 'Suitcase', 'is_from_class': False, 'class_id': None, 'session_id': '9f6ed6d6-aca3-4e0a-9f55-fd2d1f73ef64', 'user_id': 'P11'}",11
756,2000-01-01 09:09:51,298b53c2-98cc-4450-811e-f666cbf27ce5,layout.node.moved,"{'nodeId': '298b53c2-98cc-4450-811e-f666cbf27ce5', 'newPos': {'x': 180.83823776245117, 'y': 342.83823585510254}, 'session_id': '9f6ed6d6-aca3-4e0a-9f55-fd2d1f73ef64', 'user_id': 'P11'}",11
757,2000-01-01 09:09:54,1939f603-2d6e-42fb-a84b-bcc739689a41,layout.node.moved,"{'nodeId': '1939f603-2d6e-42fb-a84b-bcc739689a41', 'newPos': {'x': 406, 'y': 346.8382377624512}, 'session_id': '9f6ed6d6-aca3-4e0a-9f55-fd2d1f73ef64', 'user_id': 'P11'}",11
758,2000-01-01 09:09:56,298b53c2-98cc-4450-811e-f666cbf27ce5,layout.node.moved,"{'nodeId': '298b53c2-98cc-4450-811e-f666cbf27ce5', 'newPos': {'x': 182.83823776245117, 'y': 347.83823585510254}, 'session_id': '9f6ed6d6-aca3-4e0a-9f55-fd2d1f73ef64', 'user_id': 'P11'}",11
759,2000-01-01 09:09:59,instance-6e1d901d-fb7e-4ad2-a083-f795f52064a3-resizable,layout.node.moved,"{'nodeId': 'instance-6e1d901d-fb7e-4ad2-a083-f795f52064a3-resizable', 'newPos': {'x': 147.83823776245117, 'y': 238.83823776245117}, 'session_id': '9f6ed6d6-aca3-4e0a-9f55-fd2d1f73ef64', 'user_id': 'P11'}",11
760,2000-01-01 09:10:05,da49aa2c-1957-49bc-8b85-ab607054aae2,instance.created_from_detection,"{'instanceId': 'da49aa2c-1957-49bc-8b85-ab607054aae2', 'label': 'Suitcase', 'originalObjectLabel': 'suitcase', 'session_id': '9f6ed6d6-aca3-4e0a-9f55-fd2d1f73ef64', 'user_id': 'P11'}",11
761,2000-01-01 09:10:13,da49aa2c-1957-49bc-8b85-ab607054aae2,layout.node.moved,"{'nodeId': 'da49aa2c-1957-49bc-8b85-ab607054aae2', 'newPos': {'x': 89.83823776245117, 'y': 366.83823585510254}, 'session_id': '9f6ed6d6-aca3-4e0a-9f55-fd2d1f73ef64', 'user_id': 'P11'}",11
762,2000-01-01 09:10:19,da49aa2c-1957-49bc-8b85-ab607054aae2,instance.deleted,"{'instance_id': 'da49aa2c-1957-49bc-8b85-ab607054aae2', 'instance_label': 'Suitcase', 'is_from_class': False, 'class_id': None, 'session_id': '9f6ed6d6-aca3-4e0a-9f55-fd2d1f73ef64', 'user_id': 'P11'}",11
763,2000-01-01 09:10:58,,api.generate_image.succeeded,"{'global_caption': 'a scene featuring a man wearing a white shirt, wearing sunglasses, holding a map, wearing black shoes, brown pants, and a silver watch on his left wrist, with his hands in his pockets; a man wearing a green t-shirt, brown shorts, and black shoes, with a silver watch on his left wrist and his hands in his pockets; a woman with long brown hair wearing a shirt with flower patterns on it, wearing short blue pants, holding a cup of coffee in her left hand, dragging a silver trunk in her right hand, wearing slippers and a little fat; a short, average-height woman with black hair wearing a light blue one-piece dress and sandals, looking up while holding a black camera in her right hand, positioned up to her face, and dragging a beige straw hat in her left hand; a wide-brimmed hat with a black ribbon; and a shiny silver suitcase with vertical grooves and a retractable handle.', 'region_count': 6, 'has_image': True, 'detected_objects_count': 5, 'image_path': 'output/P11/2025-08-23_09-10-57/image.png', 'image_with_layout_path': 'output/P11/2025-08-23_09-10-57/image_with_layout.png', 'timestamp_dir': 'output/P11/2025-08-23_09-10-57', 'session_id': '9f6ed6d6-aca3-4e0a-9f55-fd2d1f73ef64', 'user_id': 'P11'}",11
764,2000-01-01 09:11:54,instance-b9632b4c-dea8-4202-9193-1620a57683c6,object_node.extract.confirmed,"{'object_id': 'object4', 'object_name': 'map', 'parent_instance_id': 'instance-b9632b4c-dea8-4202-9193-1620a57683c6', 'session_id': '9f6ed6d6-aca3-4e0a-9f55-fd2d1f73ef64', 'user_id': 'P11'}",11
765,2000-01-01 09:12:03,instance-ab5a3274-bcf4-4a68-97e8-3f8cebd0e256,layout.node.moved,"{'nodeId': 'instance-ab5a3274-bcf4-4a68-97e8-3f8cebd0e256', 'newPos': {'x': 19, 'y': 336}, 'session_id': '9f6ed6d6-aca3-4e0a-9f55-fd2d1f73ef64', 'user_id': 'P11'}",11
766,2000-01-01 09:12:04,instance-ab5a3274-bcf4-4a68-97e8-3f8cebd0e256,layout.node.moved,"{'nodeId': 'instance-ab5a3274-bcf4-4a68-97e8-3f8cebd0e256', 'newPos': {'x': 3, 'y': 365}, 'session_id': '9f6ed6d6-aca3-4e0a-9f55-fd2d1f73ef64', 'user_id': 'P11'}",11
767,2000-01-01 09:12:16,instance-6e1d901d-fb7e-4ad2-a083-f795f52064a3,object_node.extract.confirmed,"{'object_id': 'object4', 'object_name': 'cup', 'parent_instance_id': 'instance-6e1d901d-fb7e-4ad2-a083-f795f52064a3', 'session_id': '9f6ed6d6-aca3-4e0a-9f55-fd2d1f73ef64', 'user_id': 'P11'}",11
768,2000-01-01 09:12:20,instance-2cd718fe-d2c6-475d-b0c5-f26a932f74f0,layout.node.moved,"{'nodeId': 'instance-2cd718fe-d2c6-475d-b0c5-f26a932f74f0', 'newPos': {'x': 116, 'y': 337}, 'session_id': '9f6ed6d6-aca3-4e0a-9f55-fd2d1f73ef64', 'user_id': 'P11'}",11
769,2000-01-01 09:12:26,instance-2cd718fe-d2c6-475d-b0c5-f26a932f74f0,layout.node.moved,"{'nodeId': 'instance-2cd718fe-d2c6-475d-b0c5-f26a932f74f0', 'newPos': {'x': 118, 'y': 347}, 'session_id': '9f6ed6d6-aca3-4e0a-9f55-fd2d1f73ef64', 'user_id': 'P11'}",11
770,2000-01-01 09:12:48,instance-6e1d901d-fb7e-4ad2-a083-f795f52064a3,object_node.extract.confirmed,"{'object_id': 'object5', 'object_name': 'trunk', 'parent_instance_id': 'instance-6e1d901d-fb7e-4ad2-a083-f795f52064a3', 'session_id': '9f6ed6d6-aca3-4e0a-9f55-fd2d1f73ef64', 'user_id': 'P11'}",11
771,2000-01-01 09:12:53,instance-bfce2eb8-53bd-4680-8324-467ec120c842,layout.node.moved,"{'nodeId': 'instance-bfce2eb8-53bd-4680-8324-467ec120c842', 'newPos': {'x': 151, 'y': 406}, 'session_id': '9f6ed6d6-aca3-4e0a-9f55-fd2d1f73ef64', 'user_id': 'P11'}",11
772,2000-01-01 09:12:55,instance-bfce2eb8-53bd-4680-8324-467ec120c842,layout.node.moved,"{'nodeId': 'instance-bfce2eb8-53bd-4680-8324-467ec120c842', 'newPos': {'x': 164, 'y': 406}, 'session_id': '9f6ed6d6-aca3-4e0a-9f55-fd2d1f73ef64', 'user_id': 'P11'}",11
773,2000-01-01 09:12:57,instance-bfce2eb8-53bd-4680-8324-467ec120c842,layout.node.moved,"{'nodeId': 'instance-bfce2eb8-53bd-4680-8324-467ec120c842', 'newPos': {'x': 171, 'y': 407}, 'session_id': '9f6ed6d6-aca3-4e0a-9f55-fd2d1f73ef64', 'user_id': 'P11'}",11
774,2000-01-01 09:13:02,instance-bfce2eb8-53bd-4680-8324-467ec120c842,layout.node.moved,"{'nodeId': 'instance-bfce2eb8-53bd-4680-8324-467ec120c842', 'newPos': {'x': 179, 'y': 407}, 'session_id': '9f6ed6d6-aca3-4e0a-9f55-fd2d1f73ef64', 'user_id': 'P11'}",11
775,2000-01-01 09:13:04,instance-bfce2eb8-53bd-4680-8324-467ec120c842,layout.node.moved,"{'nodeId': 'instance-bfce2eb8-53bd-4680-8324-467ec120c842', 'newPos': {'x': 177, 'y': 409}, 'session_id': '9f6ed6d6-aca3-4e0a-9f55-fd2d1f73ef64', 'user_id': 'P11'}",11
776,2000-01-01 09:13:37,,api.generate_image.succeeded,"{'global_caption': 'a scene featuring a man wearing a white shirt, brown pants, black shoes, and sunglasses, with a silver watch on his left wrist, and his hands in his pockets, holding a map; a man wearing a green t-shirt, brown shorts, and black shoes, with a silver watch on his left wrist and his hands in his pockets; a woman with long brown hair wearing a patterned flower shirt, short blue pants, and slippers, holding a cup of coffee in her left hand, and dragging a silver trunk in her right hand; a short, average-height woman with black hair wearing a light blue one-piece dress and sandals, looking up while holding a black camera in her right hand positioned up to her face, and dragging a beige straw hat in her left hand; a wide-brimmed hat with a black ribbon; and a shiny silver suitcase with vertical grooves and a retractable handle.', 'region_count': 9, 'has_image': True, 'detected_objects_count': 4, 'image_path': 'output/P11/2025-08-23_09-13-36/image.png', 'image_with_layout_path': 'output/P11/2025-08-23_09-13-36/image_with_layout.png', 'timestamp_dir': 'output/P11/2025-08-23_09-13-36', 'session_id': '9f6ed6d6-aca3-4e0a-9f55-fd2d1f73ef64', 'user_id': 'P11'}",11
777,2000-01-01 09:14:45,,api.generate_image.succeeded,"{'global_caption': 'a scene featuring a man wearing a white shirt, brown pants, black shoes, and sunglasses, with a silver watch on his left wrist, and his hands in his pockets, holding a map; a man wearing a green t-shirt, brown shorts, and black shoes, with a silver watch on his left wrist and his hands in his pockets; a woman with long brown hair wearing a patterned flower shirt, short blue pants, and slippers, holding a cup of coffee in her left hand, and dragging a silver trunk in her right hand; a short, average-height woman with black hair wearing a light blue one-piece dress and sandals, looking up while holding a black camera in her right hand positioned up to her face, and dragging a beige straw hat in her left hand; a wide-brimmed hat with a black ribbon; a shiny silver suitcase with vertical grooves and a retractable handle; a map; a cup of coffee; and a silver trunk.', 'region_count': 9, 'has_image': True, 'detected_objects_count': 9, 'image_path': 'output/P11/2025-08-23_09-14-44/image.png', 'image_with_layout_path': 'output/P11/2025-08-23_09-14-44/image_with_layout.png', 'timestamp_dir': 'output/P11/2025-08-23_09-14-44', 'session_id': '9f6ed6d6-aca3-4e0a-9f55-fd2d1f73ef64', 'user_id': 'P11'}",11
778,2000-01-01 09:15:02,instance-2cd718fe-d2c6-475d-b0c5-f26a932f74f0,layout.node.moved,"{'nodeId': 'instance-2cd718fe-d2c6-475d-b0c5-f26a932f74f0', 'newPos': {'x': 131, 'y': 360}, 'session_id': '9f6ed6d6-aca3-4e0a-9f55-fd2d1f73ef64', 'user_id': 'P11'}",11
779,2000-01-01 09:15:03,instance-6e1d901d-fb7e-4ad2-a083-f795f52064a3,layout.node.moved,"{'nodeId': 'instance-6e1d901d-fb7e-4ad2-a083-f795f52064a3', 'newPos': {'x': 142.83823776245117, 'y': 236.83823776245117}, 'session_id': '9f6ed6d6-aca3-4e0a-9f55-fd2d1f73ef64', 'user_id': 'P11'}",11
780,2000-01-01 01:35:33,,instance.created_from_text,"{'position': {'x': 43, 'y': 322}, 'screen_position': {'x': 106, 'y': 365}, 'board_type': 'advanced', 'session_id': '167a73b9-bd59-4e32-a1ab-b0de4c57ab2c', 'user_id': 'P12'}",12
781,2000-01-01 01:35:35,,instance.created_from_text,"{'position': {'x': 32, 'y': 315}, 'screen_position': {'x': 95, 'y': 358}, 'board_type': 'advanced', 'session_id': '167a73b9-bd59-4e32-a1ab-b0de4c57ab2c', 'user_id': 'P12'}",12
782,2000-01-01 01:35:41,class-798f7dec-c589-46ad-bf1a-caa91d48c76e,class.created,"{'class_id': 'class-798f7dec-c589-46ad-bf1a-caa91d48c76e', 'class_name': 'person Class', 'placeholder_count': 1, 'created_from': 'person', 'session_id': '167a73b9-bd59-4e32-a1ab-b0de4c57ab2c', 'user_id': 'P12'}",12
783,2000-01-01 01:36:58,instance-72d11b4f-49be-4414-ab8e-e99a9a16affb,instance.updated.graph,"{'instance_id': 'instance-72d11b4f-49be-4414-ab8e-e99a9a16affb', 'instance_label': 'person', 'text_changed': False, 'graph_changed': True, 'session_id': '167a73b9-bd59-4e32-a1ab-b0de4c57ab2c', 'user_id': 'P12'}",12
784,2000-01-01 01:39:31,instance-72d11b4f-49be-4414-ab8e-e99a9a16affb,instance.updated.graph,"{'instance_id': 'instance-72d11b4f-49be-4414-ab8e-e99a9a16affb', 'instance_label': 'person', 'text_changed': False, 'graph_changed': True, 'session_id': '167a73b9-bd59-4e32-a1ab-b0de4c57ab2c', 'user_id': 'P12'}",12
785,2000-01-01 01:39:45,class-798f7dec-c589-46ad-bf1a-caa91d48c76e,class_deleted,"{'class_id': 'class-798f7dec-c589-46ad-bf1a-caa91d48c76e', 'class_name': 'person Class', 'instance_count': 1, 'session_id': '167a73b9-bd59-4e32-a1ab-b0de4c57ab2c', 'user_id': 'P12'}",12
786,2000-01-01 01:39:45,class-798f7dec-c589-46ad-bf1a-caa91d48c76e,class.deleted,"{'class_id': 'class-798f7dec-c589-46ad-bf1a-caa91d48c76e', 'class_name': 'person Class', 'affected_instances_count': 1, 'placeholder_count': 1, 'session_id': '167a73b9-bd59-4e32-a1ab-b0de4c57ab2c', 'user_id': 'P12'}",12
787,2000-01-01 01:39:50,class-176466bf-76d6-4ad3-9291-05508653dda6,class.created,"{'class_id': 'class-176466bf-76d6-4ad3-9291-05508653dda6', 'class_name': 'person Class', 'placeholder_count': 1, 'created_from': 'person', 'session_id': '167a73b9-bd59-4e32-a1ab-b0de4c57ab2c', 'user_id': 'P12'}",12
788,2000-01-01 01:41:53,instance-0f7f81ab-cbed-4ab0-99b5-84f2dbf60965,instance.created_from_class,"{'instance_id': 'instance-0f7f81ab-cbed-4ab0-99b5-84f2dbf60965', 'class_id': 'class-176466bf-76d6-4ad3-9291-05508653dda6', 'instance_label': 'Woman', 'has_text_description': True, 'session_id': '167a73b9-bd59-4e32-a1ab-b0de4c57ab2c', 'user_id': 'P12'}",12
789,2000-01-01 01:42:00,instance-0f7f81ab-cbed-4ab0-99b5-84f2dbf60965,layout.node.moved,"{'nodeId': 'instance-0f7f81ab-cbed-4ab0-99b5-84f2dbf60965', 'newPos': {'x': 182, 'y': 341}, 'session_id': '167a73b9-bd59-4e32-a1ab-b0de4c57ab2c', 'user_id': 'P12'}",12
790,2000-01-01 01:42:39,instance-0f7f81ab-cbed-4ab0-99b5-84f2dbf60965,layout.node.moved,"{'nodeId': 'instance-0f7f81ab-cbed-4ab0-99b5-84f2dbf60965', 'newPos': {'x': 134, 'y': 299}, 'session_id': '167a73b9-bd59-4e32-a1ab-b0de4c57ab2c', 'user_id': 'P12'}",12
791,2000-01-01 01:43:09,instance-0f7f81ab-cbed-4ab0-99b5-84f2dbf60965,instance.updated.graph,"{'instance_id': 'instance-0f7f81ab-cbed-4ab0-99b5-84f2dbf60965', 'instance_label': 'Woman', 'text_changed': False, 'graph_changed': True, 'session_id': '167a73b9-bd59-4e32-a1ab-b0de4c57ab2c', 'user_id': 'P12'}",12
792,2000-01-01 01:45:07,instance-fa073d1b-4e8c-436d-8ec2-ee84dbeb7830,instance.created_from_class,"{'instance_id': 'instance-fa073d1b-4e8c-436d-8ec2-ee84dbeb7830', 'class_id': 'class-176466bf-76d6-4ad3-9291-05508653dda6', 'instance_label': 'Male', 'has_text_description': True, 'session_id': '167a73b9-bd59-4e32-a1ab-b0de4c57ab2c', 'user_id': 'P12'}",12
793,2000-01-01 01:45:35,instance-fa073d1b-4e8c-436d-8ec2-ee84dbeb7830,instance.updated.graph,"{'instance_id': 'instance-fa073d1b-4e8c-436d-8ec2-ee84dbeb7830', 'instance_label': 'Male', 'text_changed': False, 'graph_changed': True, 'session_id': '167a73b9-bd59-4e32-a1ab-b0de4c57ab2c', 'user_id': 'P12'}",12
794,2000-01-01 01:46:01,instance-0f7f81ab-cbed-4ab0-99b5-84f2dbf60965,instance.updated.graph,"{'instance_id': 'instance-0f7f81ab-cbed-4ab0-99b5-84f2dbf60965', 'instance_label': 'Woman', 'text_changed': False, 'graph_changed': True, 'session_id': '167a73b9-bd59-4e32-a1ab-b0de4c57ab2c', 'user_id': 'P12'}",12
795,2000-01-01 01:48:18,instance-cf6605bc-2548-41c3-acf8-8dc3ba6a4a66,instance.created_from_class,"{'instance_id': 'instance-cf6605bc-2548-41c3-acf8-8dc3ba6a4a66', 'class_id': 'class-176466bf-76d6-4ad3-9291-05508653dda6', 'instance_label': 'Girl', 'has_text_description': True, 'session_id': '167a73b9-bd59-4e32-a1ab-b0de4c57ab2c', 'user_id': 'P12'}",12
796,2000-01-01 01:48:40,instance-cf6605bc-2548-41c3-acf8-8dc3ba6a4a66,instance.updated.text,"{'instance_id': 'instance-cf6605bc-2548-41c3-acf8-8dc3ba6a4a66', 'instance_label': 'person', 'text_changed': True, 'graph_changed': False, 'session_id': '167a73b9-bd59-4e32-a1ab-b0de4c57ab2c', 'user_id': 'P12'}",12
797,2000-01-01 01:48:50,instance-cf6605bc-2548-41c3-acf8-8dc3ba6a4a66,layout.node.moved,"{'nodeId': 'instance-cf6605bc-2548-41c3-acf8-8dc3ba6a4a66', 'newPos': {'x': 349, 'y': 317}, 'session_id': '167a73b9-bd59-4e32-a1ab-b0de4c57ab2c', 'user_id': 'P12'}",12
798,2000-01-01 01:48:52,instance-72d11b4f-49be-4414-ab8e-e99a9a16affb-resizable,layoutboard.node.resizable.resized,"{'nodeId': 'instance-72d11b4f-49be-4414-ab8e-e99a9a16affb-resizable', 'prevSize': {'width': 50, 'height': 50}, 'newSize': {'width': 78, 'height': 203}, 'delta': {'width': 28, 'height': 153}, 'linkedSizeNodeIds': [], 'session_id': '167a73b9-bd59-4e32-a1ab-b0de4c57ab2c', 'user_id': 'P12'}",12
799,2000-01-01 01:48:55,instance-72d11b4f-49be-4414-ab8e-e99a9a16affb-resizable,layout.node.moved,"{'nodeId': 'instance-72d11b4f-49be-4414-ab8e-e99a9a16affb-resizable', 'newPos': {'x': 0, 'y': 309}, 'session_id': '167a73b9-bd59-4e32-a1ab-b0de4c57ab2c', 'user_id': 'P12'}",12
800,2000-01-01 01:48:57,instance-0f7f81ab-cbed-4ab0-99b5-84f2dbf60965,layout.node.moved,"{'nodeId': 'instance-0f7f81ab-cbed-4ab0-99b5-84f2dbf60965', 'newPos': {'x': 163, 'y': 329}, 'session_id': '167a73b9-bd59-4e32-a1ab-b0de4c57ab2c', 'user_id': 'P12'}",12
801,2000-01-01 01:48:59,instance-0f7f81ab-cbed-4ab0-99b5-84f2dbf60965-resizable,layoutboard.node.resizable.resized,"{'nodeId': 'instance-0f7f81ab-cbed-4ab0-99b5-84f2dbf60965-resizable', 'prevSize': {'width': 50, 'height': 50}, 'newSize': {'width': 88, 'height': 138}, 'delta': {'width': 38, 'height': 88}, 'linkedSizeNodeIds': [], 'session_id': '167a73b9-bd59-4e32-a1ab-b0de4c57ab2c', 'user_id': 'P12'}",12
802,2000-01-01 01:49:01,instance-0f7f81ab-cbed-4ab0-99b5-84f2dbf60965-resizable,layoutboard.node.resizable.resized,"{'nodeId': 'instance-0f7f81ab-cbed-4ab0-99b5-84f2dbf60965-resizable', 'prevSize': {'width': 50, 'height': 50}, 'newSize': {'width': 123, 'height': 305}, 'delta': {'width': 73, 'height': 255}, 'linkedSizeNodeIds': [], 'session_id': '167a73b9-bd59-4e32-a1ab-b0de4c57ab2c', 'user_id': 'P12'}",12
803,2000-01-01 01:49:04,instance-fa073d1b-4e8c-436d-8ec2-ee84dbeb7830,layout.node.moved,"{'nodeId': 'instance-fa073d1b-4e8c-436d-8ec2-ee84dbeb7830', 'newPos': {'x': 240, 'y': 266}, 'session_id': '167a73b9-bd59-4e32-a1ab-b0de4c57ab2c', 'user_id': 'P12'}",12
804,2000-01-01 01:49:05,instance-cf6605bc-2548-41c3-acf8-8dc3ba6a4a66,layout.node.moved,"{'nodeId': 'instance-cf6605bc-2548-41c3-acf8-8dc3ba6a4a66', 'newPos': {'x': 392, 'y': 387}, 'session_id': '167a73b9-bd59-4e32-a1ab-b0de4c57ab2c', 'user_id': 'P12'}",12
805,2000-01-01 01:49:09,instance-fa073d1b-4e8c-436d-8ec2-ee84dbeb7830-resizable,layoutboard.node.resizable.resized,"{'nodeId': 'instance-fa073d1b-4e8c-436d-8ec2-ee84dbeb7830-resizable', 'prevSize': {'width': 50, 'height': 50}, 'newSize': {'width': 107, 'height': 176}, 'delta': {'width': 57, 'height': 126}, 'linkedSizeNodeIds': [], 'session_id': '167a73b9-bd59-4e32-a1ab-b0de4c57ab2c', 'user_id': 'P12'}",12
806,2000-01-01 01:49:11,instance-fa073d1b-4e8c-436d-8ec2-ee84dbeb7830-resizable,layoutboard.node.resizable.resized,"{'nodeId': 'instance-fa073d1b-4e8c-436d-8ec2-ee84dbeb7830-resizable', 'prevSize': {'width': 50, 'height': 50}, 'newSize': {'width': 107, 'height': 176}, 'delta': {'width': 57, 'height': 126}, 'linkedSizeNodeIds': [], 'session_id': '167a73b9-bd59-4e32-a1ab-b0de4c57ab2c', 'user_id': 'P12'}",12
807,2000-01-01 01:49:14,instance-fa073d1b-4e8c-436d-8ec2-ee84dbeb7830-resizable,layout.node.moved,"{'nodeId': 'instance-fa073d1b-4e8c-436d-8ec2-ee84dbeb7830-resizable', 'newPos': {'x': 261, 'y': 169}, 'session_id': '167a73b9-bd59-4e32-a1ab-b0de4c57ab2c', 'user_id': 'P12'}",12
808,2000-01-01 01:49:16,instance-fa073d1b-4e8c-436d-8ec2-ee84dbeb7830-resizable,layoutboard.node.resizable.resized,"{'nodeId': 'instance-fa073d1b-4e8c-436d-8ec2-ee84dbeb7830-resizable', 'prevSize': {'width': 50, 'height': 50}, 'newSize': {'width': 142, 'height': 379}, 'delta': {'width': 92, 'height': 329}, 'linkedSizeNodeIds': [], 'session_id': '167a73b9-bd59-4e32-a1ab-b0de4c57ab2c', 'user_id': 'P12'}",12
809,2000-01-01 01:49:17,instance-cf6605bc-2548-41c3-acf8-8dc3ba6a4a66,layout.node.moved,"{'nodeId': 'instance-cf6605bc-2548-41c3-acf8-8dc3ba6a4a66', 'newPos': {'x': 392, 'y': 387}, 'session_id': '167a73b9-bd59-4e32-a1ab-b0de4c57ab2c', 'user_id': 'P12'}",12
810,2000-01-01 01:49:20,instance-fa073d1b-4e8c-436d-8ec2-ee84dbeb7830-resizable,layoutboard.node.resizable.resized,"{'nodeId': 'instance-fa073d1b-4e8c-436d-8ec2-ee84dbeb7830-resizable', 'prevSize': {'width': 50, 'height': 50}, 'newSize': {'width': 128, 'height': 379}, 'delta': {'width': 78, 'height': 329}, 'linkedSizeNodeIds': [], 'session_id': '167a73b9-bd59-4e32-a1ab-b0de4c57ab2c', 'user_id': 'P12'}",12
811,2000-01-01 01:49:22,instance-fa073d1b-4e8c-436d-8ec2-ee84dbeb7830-resizable,layoutboard.node.resizable.resized,"{'nodeId': 'instance-fa073d1b-4e8c-436d-8ec2-ee84dbeb7830-resizable', 'prevSize': {'width': 50, 'height': 50}, 'newSize': {'width': 95, 'height': 338}, 'delta': {'width': 45, 'height': 288}, 'linkedSizeNodeIds': [], 'session_id': '167a73b9-bd59-4e32-a1ab-b0de4c57ab2c', 'user_id': 'P12'}",12
812,2000-01-01 01:49:26,instance-cf6605bc-2548-41c3-acf8-8dc3ba6a4a66,layout.node.moved,"{'nodeId': 'instance-cf6605bc-2548-41c3-acf8-8dc3ba6a4a66', 'newPos': {'x': 381, 'y': 302}, 'session_id': '167a73b9-bd59-4e32-a1ab-b0de4c57ab2c', 'user_id': 'P12'}",12
813,2000-01-01 01:49:28,instance-cf6605bc-2548-41c3-acf8-8dc3ba6a4a66-resizable,layoutboard.node.resizable.resized,"{'nodeId': 'instance-cf6605bc-2548-41c3-acf8-8dc3ba6a4a66-resizable', 'prevSize': {'width': 50, 'height': 50}, 'newSize': {'width': 100, 'height': 122}, 'delta': {'width': 50, 'height': 72}, 'linkedSizeNodeIds': [], 'session_id': '167a73b9-bd59-4e32-a1ab-b0de4c57ab2c', 'user_id': 'P12'}",12
814,2000-01-01 01:49:31,instance-cf6605bc-2548-41c3-acf8-8dc3ba6a4a66-resizable,layout.node.moved,"{'nodeId': 'instance-cf6605bc-2548-41c3-acf8-8dc3ba6a4a66-resizable', 'newPos': {'x': 382, 'y': 390}, 'session_id': '167a73b9-bd59-4e32-a1ab-b0de4c57ab2c', 'user_id': 'P12'}",12
815,2000-01-01 01:49:42,,instance.created_from_text,"{'position': {'x': 471, 'y': 288}, 'screen_position': {'x': 534, 'y': 331}, 'board_type': 'advanced', 'session_id': '167a73b9-bd59-4e32-a1ab-b0de4c57ab2c', 'user_id': 'P12'}",12
816,2000-01-01 01:50:16,instance-470847a6-9e2b-4b7b-a62a-f5dd15e69fb2,layout.node.moved,"{'nodeId': 'instance-470847a6-9e2b-4b7b-a62a-f5dd15e69fb2', 'newPos': {'x': 392, 'y': 313}, 'session_id': '167a73b9-bd59-4e32-a1ab-b0de4c57ab2c', 'user_id': 'P12'}",12
817,2000-01-01 01:50:21,,relationship_node.created,"{'relationship_id': 'instance-470847a6-9e2b-4b7b-a62a-f5dd15e69fb2->instance-cf6605bc-2548-41c3-acf8-8dc3ba6a4a66:girl is holding balloon in she’s left hand', 'sourceId': 'instance-470847a6-9e2b-4b7b-a62a-f5dd15e69fb2', 'targetId': 'instance-cf6605bc-2548-41c3-acf8-8dc3ba6a4a66', 'relation': 'girl is holding balloon in she’s left hand', 'video_time': '30:30'}",12
818,2000-01-01 01:50:31,instance-470847a6-9e2b-4b7b-a62a-f5dd15e69fb2,layout.node.moved,"{'nodeId': 'instance-470847a6-9e2b-4b7b-a62a-f5dd15e69fb2', 'newPos': {'x': 392, 'y': 253}, 'session_id': '167a73b9-bd59-4e32-a1ab-b0de4c57ab2c', 'user_id': 'P12'}",12
819,2000-01-01 01:50:48,,relationship_node.edited,"{'relationship_id': 'instance-470847a6-9e2b-4b7b-a62a-f5dd15e69fb2-instance-cf6605bc-2548-41c3-acf8-8dc3ba6a4a66', 'source_object_id': 'instance-470847a6-9e2b-4b7b-a62a-f5dd15e69fb2', 'target_object_id': 'instance-cf6605bc-2548-41c3-acf8-8dc3ba6a4a66', 'old_relation': 'girl is holding ballon', 'new_relation': 'girl is holding ballon on shes left hand', 'source_object_name': 'balloon', 'target_object_name': 'Girl', 'session_id': '167a73b9-bd59-4e32-a1ab-b0de4c57ab2c', 'user_id': 'P12'}",12
820,2000-01-01 01:50:54,,instance.created_from_text,"{'position': {'x': 409, 'y': 178}, 'screen_position': {'x': 472, 'y': 221}, 'board_type': 'advanced', 'session_id': '167a73b9-bd59-4e32-a1ab-b0de4c57ab2c', 'user_id': 'P12'}",12
821,2000-01-01 01:51:13,instance-be533702-47bf-4ce5-8fc8-9354ce35bd3a,layout.node.moved,"{'nodeId': 'instance-be533702-47bf-4ce5-8fc8-9354ce35bd3a', 'newPos': {'x': 280, 'y': 31}, 'session_id': '167a73b9-bd59-4e32-a1ab-b0de4c57ab2c', 'user_id': 'P12'}",12
822,2000-01-01 01:51:22,,relationship_node.created,"{'relationship_id': 'instance-be533702-47bf-4ce5-8fc8-9354ce35bd3a->instance-cf6605bc-2548-41c3-acf8-8dc3ba6a4a66:holding teddy on she’s right hand', 'sourceId': 'instance-be533702-47bf-4ce5-8fc8-9354ce35bd3a', 'targetId': 'instance-cf6605bc-2548-41c3-acf8-8dc3ba6a4a66', 'relation': 'holding teddy on she’s right hand', 'video_time': '31:31'}",12
823,2000-01-01 01:51:33,instance-be533702-47bf-4ce5-8fc8-9354ce35bd3a,layout.node.moved,"{'nodeId': 'instance-be533702-47bf-4ce5-8fc8-9354ce35bd3a', 'newPos': {'x': 357, 'y': 445}, 'session_id': '167a73b9-bd59-4e32-a1ab-b0de4c57ab2c', 'user_id': 'P12'}",12
824,2000-01-01 01:51:36,instance-470847a6-9e2b-4b7b-a62a-f5dd15e69fb2-resizable,layout.node.moved,"{'nodeId': 'instance-470847a6-9e2b-4b7b-a62a-f5dd15e69fb2-resizable', 'newPos': {'x': 462, 'y': 275}, 'session_id': '167a73b9-bd59-4e32-a1ab-b0de4c57ab2c', 'user_id': 'P12'}",12
825,2000-01-01 01:51:44,,instance.created_from_text,"{'position': {'x': 198, 'y': 142}, 'screen_position': {'x': 261, 'y': 185}, 'board_type': 'advanced', 'session_id': '167a73b9-bd59-4e32-a1ab-b0de4c57ab2c', 'user_id': 'P12'}",12
826,2000-01-01 01:51:46,,instance.created_from_text,"{'position': {'x': 238, 'y': 170}, 'screen_position': {'x': 301, 'y': 213}, 'board_type': 'advanced', 'session_id': '167a73b9-bd59-4e32-a1ab-b0de4c57ab2c', 'user_id': 'P12'}",12
827,2000-01-01 01:52:22,instance-c5883550-072f-4f33-bfb3-17bf4500b647,layout.node.moved,"{'nodeId': 'instance-c5883550-072f-4f33-bfb3-17bf4500b647', 'newPos': {'x': 339, 'y': 296}, 'session_id': '167a73b9-bd59-4e32-a1ab-b0de4c57ab2c', 'user_id': 'P12'}",12
828,2000-01-01 01:52:36,,relationship_node.created,"{'relationship_id': 'instance-c5883550-072f-4f33-bfb3-17bf4500b647->instance-72d11b4f-49be-4414-ab8e-e99a9a16affb:put on his left hand', 'sourceId': 'instance-c5883550-072f-4f33-bfb3-17bf4500b647', 'targetId': 'instance-72d11b4f-49be-4414-ab8e-e99a9a16affb', 'relation': 'put on his left hand', 'video_time': '32:45'}",12
829,2000-01-01 01:53:06,,relationship_node.edited,"{'relationship_id': 'instance-c5883550-072f-4f33-bfb3-17bf4500b647-instance-fa073d1b-4e8c-436d-8ec2-ee84dbeb7830', 'source_object_id': 'instance-c5883550-072f-4f33-bfb3-17bf4500b647', 'target_object_id': 'instance-fa073d1b-4e8c-436d-8ec2-ee84dbeb7830', 'old_relation': 'holding on his left hand', 'new_relation': 'put on his left hand', 'source_object_name': 'tray', 'target_object_name': 'Male', 'session_id': '167a73b9-bd59-4e32-a1ab-b0de4c57ab2c', 'user_id': 'P12'}",12
830,2000-01-01 01:53:10,,instance.created_from_text,"{'position': {'x': 210, 'y': 172}, 'screen_position': {'x': 273, 'y': 215}, 'board_type': 'advanced', 'session_id': '167a73b9-bd59-4e32-a1ab-b0de4c57ab2c', 'user_id': 'P12'}",12
831,2000-01-01 01:53:41,instance-2edeb3dc-1b9c-4a71-a598-40ffe3fb5db1-resizable,layout.node.moved,"{'nodeId': 'instance-2edeb3dc-1b9c-4a71-a598-40ffe3fb5db1-resizable', 'newPos': {'x': 218, 'y': 355}, 'session_id': '167a73b9-bd59-4e32-a1ab-b0de4c57ab2c', 'user_id': 'P12'}",12
832,2000-01-01 01:53:51,,relationship_node.created,"{'relationship_id': 'instance-2edeb3dc-1b9c-4a71-a598-40ffe3fb5db1->instance-0f7f81ab-cbed-4ab0-99b5-84f2dbf60965:holding basket with the man', 'sourceId': 'instance-2edeb3dc-1b9c-4a71-a598-40ffe3fb5db1', 'targetId': 'instance-0f7f81ab-cbed-4ab0-99b5-84f2dbf60965', 'relation': 'holding basket with the man', 'video_time': '34:00'}",12
833,2000-01-01 01:54:11,,relationship_node.created,"{'relationship_id': 'instance-2edeb3dc-1b9c-4a71-a598-40ffe3fb5db1->instance-fa073d1b-4e8c-436d-8ec2-ee84dbeb7830:holding basket with the woman', 'sourceId': 'instance-2edeb3dc-1b9c-4a71-a598-40ffe3fb5db1', 'targetId': 'instance-fa073d1b-4e8c-436d-8ec2-ee84dbeb7830', 'relation': 'holding basket with the woman', 'video_time': '34:20'}",12
834,2000-01-01 01:54:16,instance-72d11b4f-49be-4414-ab8e-e99a9a16affb-resizable,layout.node.moved,"{'nodeId': 'instance-72d11b4f-49be-4414-ab8e-e99a9a16affb-resizable', 'newPos': {'x': 25, 'y': 307}, 'session_id': '167a73b9-bd59-4e32-a1ab-b0de4c57ab2c', 'user_id': 'P12'}",12
835,2000-01-01 01:54:18,instance-72d11b4f-49be-4414-ab8e-e99a9a16affb-resizable,layout.node.moved,"{'nodeId': 'instance-72d11b4f-49be-4414-ab8e-e99a9a16affb-resizable', 'newPos': {'x': 12, 'y': 307}, 'session_id': '167a73b9-bd59-4e32-a1ab-b0de4c57ab2c', 'user_id': 'P12'}",12
836,2000-01-01 01:54:32,instance-72d11b4f-49be-4414-ab8e-e99a9a16affb,instance.updated.graph,"{'instance_id': 'instance-72d11b4f-49be-4414-ab8e-e99a9a16affb', 'instance_label': 'person', 'text_changed': False, 'graph_changed': True, 'session_id': '167a73b9-bd59-4e32-a1ab-b0de4c57ab2c', 'user_id': 'P12'}",12
837,2000-01-01 01:54:56,instance-72d11b4f-49be-4414-ab8e-e99a9a16affb,instance.updated.text,"{'instance_id': 'instance-72d11b4f-49be-4414-ab8e-e99a9a16affb', 'instance_label': 'person', 'text_changed': True, 'graph_changed': False, 'session_id': '167a73b9-bd59-4e32-a1ab-b0de4c57ab2c', 'user_id': 'P12'}",12
838,2000-01-01 01:55:39,,api.generate_image.succeeded,"{'global_caption': ""a scene featuring an old person wearing a gray cardigan with 2 buttons on the shirt, black pants, and a beret, with short white hair, looking at a 35-year-old woman with medium-length wavy white hair wearing a beret, who is chubby and dressed in a short sleeve dress with a pink and blue flower pattern, and a 35-year-old male wearing a short-sleeved blue polo shirt, knee-length beige shorts, and black slippers. Nearby, there is a 7-year-old girl with short hair wearing a neon pink sleeveless top, a white puffy skirt, and pink sneakers, holding a yellow balloon with a white string in her left hand and a teddy bear in her right hand. Additionally, a tray full of disposable bottles of water is held in the male's left hand, and a basket with a few items in it is held by both the woman and the man."", 'region_count': 8, 'has_image': True, 'detected_objects_count': 5, 'image_path': 'output/P12/2025-08-22_01-55-38/image.png', 'image_with_layout_path': 'output/P12/2025-08-22_01-55-38/image_with_layout.png', 'timestamp_dir': 'output/P12/2025-08-22_01-55-38', 'session_id': '167a73b9-bd59-4e32-a1ab-b0de4c57ab2c', 'user_id': 'P12'}",12
839,2000-01-01 01:56:39,instance-72d11b4f-49be-4414-ab8e-e99a9a16affb,instance.updated.text,"{'instance_id': 'instance-72d11b4f-49be-4414-ab8e-e99a9a16affb', 'instance_label': 'man', 'text_changed': True, 'graph_changed': False, 'session_id': '167a73b9-bd59-4e32-a1ab-b0de4c57ab2c', 'user_id': 'P12'}",12
840,2000-01-01 01:57:11,instance-c5883550-072f-4f33-bfb3-17bf4500b647,layout.node.moved,"{'nodeId': 'instance-c5883550-072f-4f33-bfb3-17bf4500b647', 'newPos': {'x': 390, 'y': 202}, 'session_id': '167a73b9-bd59-4e32-a1ab-b0de4c57ab2c', 'user_id': 'P12'}",12
841,2000-01-01 01:57:27,instance-0f7f81ab-cbed-4ab0-99b5-84f2dbf60965,instance.updated.text,"{'instance_id': 'instance-0f7f81ab-cbed-4ab0-99b5-84f2dbf60965', 'instance_label': 'person', 'text_changed': True, 'graph_changed': False, 'session_id': '167a73b9-bd59-4e32-a1ab-b0de4c57ab2c', 'user_id': 'P12'}",12
842,2000-01-01 01:57:46,instance-0f7f81ab-cbed-4ab0-99b5-84f2dbf60965,instance.updated.text,"{'instance_id': 'instance-0f7f81ab-cbed-4ab0-99b5-84f2dbf60965', 'instance_label': 'person', 'text_changed': True, 'graph_changed': False, 'session_id': '167a73b9-bd59-4e32-a1ab-b0de4c57ab2c', 'user_id': 'P12'}",12
843,2000-01-01 01:58:09,instance-fa073d1b-4e8c-436d-8ec2-ee84dbeb7830,instance.updated.text,"{'instance_id': 'instance-fa073d1b-4e8c-436d-8ec2-ee84dbeb7830', 'instance_label': 'person', 'text_changed': True, 'graph_changed': False, 'session_id': '167a73b9-bd59-4e32-a1ab-b0de4c57ab2c', 'user_id': 'P12'}",12
844,2000-01-01 01:58:19,instance-fa073d1b-4e8c-436d-8ec2-ee84dbeb7830,instance.updated.text,"{'instance_id': 'instance-fa073d1b-4e8c-436d-8ec2-ee84dbeb7830', 'instance_label': 'person', 'text_changed': True, 'graph_changed': False, 'session_id': '167a73b9-bd59-4e32-a1ab-b0de4c57ab2c', 'user_id': 'P12'}",12
845,2000-01-01 01:58:50,instance-cf6605bc-2548-41c3-acf8-8dc3ba6a4a66,instance.updated.text,"{'instance_id': 'instance-cf6605bc-2548-41c3-acf8-8dc3ba6a4a66', 'instance_label': 'person', 'text_changed': True, 'graph_changed': False, 'session_id': '167a73b9-bd59-4e32-a1ab-b0de4c57ab2c', 'user_id': 'P12'}",12
846,2000-01-01 01:59:12,instance-be533702-47bf-4ce5-8fc8-9354ce35bd3a-resizable,layoutboard.node.resizable.resized,"{'nodeId': 'instance-be533702-47bf-4ce5-8fc8-9354ce35bd3a-resizable', 'prevSize': {'width': 50, 'height': 50}, 'newSize': {'width': 50, 'height': 49}, 'delta': {'width': 0, 'height': -1}, 'linkedSizeNodeIds': [], 'session_id': '167a73b9-bd59-4e32-a1ab-b0de4c57ab2c', 'user_id': 'P12'}",12
847,2000-01-01 01:59:44,,api.generate_image.succeeded,"{'global_caption': ""a scene featuring an old man wearing a gray cardigan with 2 buttons on the shirt, black pants, and a beret, with short white hair, around 150 cm tall, looking at a 35-year-old woman with medium-length wavy hair wearing a beret, who is chubby and dressed in a short sleeve ankle-length dress with a pink and blue flower pattern, and a 35-year-old male wearing a short-sleeved blue polo shirt, knee-length beige shorts, and black slippers. Nearby, there is a 7-year-old girl with short hair wearing a neon pink sleeveless top, a white puffy skirt, and pink sneakers, holding a yellow balloon with a white string in her left hand and a teddy bear in her right hand. Additionally, a tray full of disposable bottles of water is held in the man's left hand, and a basket with a few items in it is held by both the woman and the man."", 'region_count': 8, 'has_image': True, 'detected_objects_count': 5, 'image_path': 'output/P12/2025-08-22_01-59-43/image.png', 'image_with_layout_path': 'output/P12/2025-08-22_01-59-43/image_with_layout.png', 'timestamp_dir': 'output/P12/2025-08-22_01-59-43', 'session_id': '167a73b9-bd59-4e32-a1ab-b0de4c57ab2c', 'user_id': 'P12'}",12
