timestamp,id,event,details,id_group
2000-01-01 11:43:05,,instance.created_from_text,"{'position': {'x': 65.84375, 'y': 288}, 'screen_position': {'x': 127, 'y': 331}, 'board_type': 'advanced', 'session_id': 'f3a98b52-1140-468d-8d62-b41701528433', 'user_id': 'P1'}",1
2000-01-01 11:44:44,instance-7a1ebca4-f303-4497-87ae-c01929e70770,instance.updated,"{'instance_id': 'instance-7a1ebca4-f303-4497-87ae-c01929e70770', 'instance_label': 'grandpa', 'text_changed': True, 'graph_changed': False, 'session_id': 'f3a98b52-1140-468d-8d62-b41701528433', 'user_id': 'P1'}",1
2000-01-01 11:45:10,instance-7a1ebca4-f303-4497-87ae-c01929e70770,instance.updated,"{'instance_id': 'instance-7a1ebca4-f303-4497-87ae-c01929e70770', 'instance_label': 'grandpa', 'text_changed': True, 'graph_changed': False, 'session_id': 'f3a98b52-1140-468d-8d62-b41701528433', 'user_id': 'P1'}",1
2000-01-01 11:45:52,,instance.created_from_text,"{'position': {'x': 191.84375, 'y': 301}, 'screen_position': {'x': 253, 'y': 344}, 'board_type': 'advanced', 'session_id': 'f3a98b52-1140-468d-8d62-b41701528433', 'user_id': 'P1'}",1
2000-01-01 11:47:55,class-6a90e597-ae8b-4c2f-9c4a-b3afef6476ea,class.created,"{'class_id': 'class-6a90e597-ae8b-4c2f-9c4a-b3afef6476ea', 'class_name': 'woman Class', 'placeholder_count': 3, 'created_from': 'woman', 'session_id': 'f3a98b52-1140-468d-8d62-b41701528433', 'user_id': 'P1'}",1
2000-01-01 11:49:41,instance-df4f2a38-952c-4d4f-99ec-eb52cbbb0c0a,instance.created_from_class,"{'instance_id': 'instance-df4f2a38-952c-4d4f-99ec-eb52cbbb0c0a', 'class_id': 'class-6a90e597-ae8b-4c2f-9c4a-b3afef6476ea', 'instance_label': 'Male', 'has_text_description': True, 'session_id': 'f3a98b52-1140-468d-8d62-b41701528433', 'user_id': 'P1'}",1
2000-01-01 11:50:12,instance-df4f2a38-952c-4d4f-99ec-eb52cbbb0c0a,instance.updated,"{'instance_id': 'instance-df4f2a38-952c-4d4f-99ec-eb52cbbb0c0a', 'instance_label': 'male', 'text_changed': True, 'graph_changed': False, 'session_id': 'f3a98b52-1140-468d-8d62-b41701528433', 'user_id': 'P1'}",1
2000-01-01 11:52:18,instance-df4f2a38-952c-4d4f-99ec-eb52cbbb0c0a,instance.updated,"{'instance_id': 'instance-df4f2a38-952c-4d4f-99ec-eb52cbbb0c0a', 'instance_label': 'male', 'text_changed': False, 'graph_changed': True, 'session_id': 'f3a98b52-1140-468d-8d62-b41701528433', 'user_id': 'P1'}",1
2000-01-01 11:54:00,,instance.created_from_text,"{'position': {'x': 428.84375, 'y': 345}, 'screen_position': {'x': 490, 'y': 388}, 'board_type': 'advanced', 'session_id': 'f3a98b52-1140-468d-8d62-b41701528433', 'user_id': 'P1'}",1
2000-01-01 11:55:29,,instance.created_from_text,"{'position': {'x': 19.84375, 'y': 9}, 'screen_position': {'x': 81, 'y': 52}, 'board_type': 'advanced', 'session_id': 'f3a98b52-1140-468d-8d62-b41701528433', 'user_id': 'P1'}",1
2000-01-01 11:56:34,,api.generate_image.succeeded,"{'global_caption': 'A scene featuring a grandpa with white hair wearing a black cap, a white shirt, a grey cardigan, and black long pants, with a pair of black shoes; a woman with dark brown hair and slightly tanned skin, wearing a short sleeve long dress with small pink and light-blue flower patterns, holding a wooden basket and holding hands with a male; a dark, slightly tanned male wearing a short-sleeve blue shirt and beige short pants, holding a bunch of bottled water and having short, curly dark brown hair; a little girl wearing a hot-pink t-shirt with no sleeves, a white mid-length skirt, and pink sandals, holding a brown teddy bear in her right hand and a yellow balloon in her left hand; and a road with two black cars and a lot of trees with green leaves.', 'region_count': 5, 'has_image': True, 'detected_objects_count': 8, 'image_path': 'output/P1/2025-08-24_11-56-33/image.png', 'image_with_layout_path': 'output/P1/2025-08-24_11-56-33/image_with_layout.png', 'timestamp_dir': 'output/P1/2025-08-24_11-56-33', 'session_id': 'f3a98b52-1140-468d-8d62-b41701528433', 'user_id': 'P1'}",1
2000-01-01 11:58:25,instance-df4f2a38-952c-4d4f-99ec-eb52cbbb0c0a,object_node.extract.confirmed,"{'object_id': 'object3', 'object_name': 'bunch of bottled water', 'parent_instance_id': 'instance-df4f2a38-952c-4d4f-99ec-eb52cbbb0c0a', 'session_id': 'f3a98b52-1140-468d-8d62-b41701528433', 'user_id': 'P1'}",1
2000-01-01 11:58:48,instance-d01373cb-6088-4a7c-a7b4-fdc5b1627e8f,object_node.extract.confirmed,"{'object_id': 'object3', 'object_name': 'basket', 'parent_instance_id': 'instance-d01373cb-6088-4a7c-a7b4-fdc5b1627e8f', 'session_id': 'f3a98b52-1140-468d-8d62-b41701528433', 'user_id': 'P1'}",1
2000-01-01 11:59:21,instance-7d6736ec-8114-4862-8acd-e84a612d4936,object_node.extract.confirmed,"{'object_id': 'object6', 'object_name': 'balloon', 'parent_instance_id': 'instance-7d6736ec-8114-4862-8acd-e84a612d4936', 'session_id': 'f3a98b52-1140-468d-8d62-b41701528433', 'user_id': 'P1'}",1
2000-01-01 11:59:23,instance-7d6736ec-8114-4862-8acd-e84a612d4936,object_node.extract.confirmed,"{'object_id': 'object5', 'object_name': 'teddybear', 'parent_instance_id': 'instance-7d6736ec-8114-4862-8acd-e84a612d4936', 'session_id': 'f3a98b52-1140-468d-8d62-b41701528433', 'user_id': 'P1'}",1
2000-01-01 12:00:04,ec15b208-f034-4d74-b4ac-957e1b033274,instance.created_from_detection,"{'instanceId': 'ec15b208-f034-4d74-b4ac-957e1b033274', 'label': 'Teddy bear', 'originalObjectLabel': 'teddy bear', 'session_id': 'f3a98b52-1140-468d-8d62-b41701528433', 'user_id': 'P1'}",1
2000-01-01 12:00:46,ec15b208-f034-4d74-b4ac-957e1b033274,instance.updated,"{'instance_id': 'ec15b208-f034-4d74-b4ac-957e1b033274', 'instance_label': 'Teddy bear', 'text_changed': False, 'graph_changed': True, 'session_id': 'f3a98b52-1140-468d-8d62-b41701528433', 'user_id': 'P1'}",1
2000-01-01 12:01:04,ec15b208-f034-4d74-b4ac-957e1b033274,instance.updated,"{'instance_id': 'ec15b208-f034-4d74-b4ac-957e1b033274', 'instance_label': 'Teddy bear', 'text_changed': False, 'graph_changed': True, 'session_id': 'f3a98b52-1140-468d-8d62-b41701528433', 'user_id': 'P1'}",1
2000-01-01 12:02:53,,api.generate_image.succeeded,"{'global_caption': 'a scene featuring a grandpa with white hair wearing a black cap, a white shirt, a grey cardigan, and black long pants, with a pair of black shoes, watching a girl; a woman with dark brown hair and slightly tanned skin wearing a short-sleeved dress with small pink and light-blue flower patterns, holding hands with a male and holding a wooden basket; a dark, slightly tanned male with short, curly dark brown hair wearing a short-sleeve blue shirt and beige shorts, holding a bunch of bottled water; a little girl wearing a hot-pink no-sleeve t-shirt, a white mid-length skirt, and pink sandals, holding a small brown teddy bear with black eyes in her right hand and a yellow balloon in her left hand; and a road with two black cars and a lot of trees with green leaves.', 'region_count': 9, 'has_image': True, 'detected_objects_count': 6, 'image_path': 'output/P1/2025-08-24_12-02-52/image.png', 'image_with_layout_path': 'output/P1/2025-08-24_12-02-52/image_with_layout.png', 'timestamp_dir': 'output/P1/2025-08-24_12-02-52', 'session_id': 'f3a98b52-1140-468d-8d62-b41701528433', 'user_id': 'P1'}",1
2000-01-01 12:04:10,,api.generate_image.succeeded,"{'global_caption': 'a scene featuring a grandpa with white hair wearing a black cap, a white shirt, a grey cardigan, and black long pants, with a pair of black shoes, watching a girl; a woman with dark brown hair and slightly tanned skin wearing a short-sleeved dress with small pink and light-blue flower patterns, holding hands with a male and holding a wooden basket; a dark, slightly tanned male with short, curly dark brown hair wearing a short-sleeve blue shirt and beige shorts, holding a bunch of bottled water; a little girl wearing a hot-pink no-sleeve t-shirt, a white mid-length skirt, and pink sandals, holding a small brown teddy bear with black eyes in her right hand and a yellow balloon in her left hand; and a road with two black cars and a lot of trees with green leaves.', 'region_count': 9, 'has_image': True, 'detected_objects_count': 5, 'image_path': 'output/P1/2025-08-24_12-04-10/image.png', 'image_with_layout_path': 'output/P1/2025-08-24_12-04-10/image_with_layout.png', 'timestamp_dir': 'output/P1/2025-08-24_12-04-10', 'session_id': 'f3a98b52-1140-468d-8d62-b41701528433', 'user_id': 'P1'}",1
2000-01-01 12:06:32,instance-df4f2a38-952c-4d4f-99ec-eb52cbbb0c0a,instance.updated,"{'instance_id': 'instance-df4f2a38-952c-4d4f-99ec-eb52cbbb0c0a', 'instance_label': 'male', 'text_changed': True, 'graph_changed': False, 'session_id': 'f3a98b52-1140-468d-8d62-b41701528433', 'user_id': 'P1'}",1
2000-01-01 12:06:47,instance-df4f2a38-952c-4d4f-99ec-eb52cbbb0c0a,instance.updated,"{'instance_id': 'instance-df4f2a38-952c-4d4f-99ec-eb52cbbb0c0a', 'instance_label': 'male', 'text_changed': True, 'graph_changed': False, 'session_id': 'f3a98b52-1140-468d-8d62-b41701528433', 'user_id': 'P1'}",1
2000-01-01 12:07:17,instance-d01373cb-6088-4a7c-a7b4-fdc5b1627e8f,instance.updated,"{'instance_id': 'instance-d01373cb-6088-4a7c-a7b4-fdc5b1627e8f', 'instance_label': 'woman', 'text_changed': True, 'graph_changed': False, 'session_id': 'f3a98b52-1140-468d-8d62-b41701528433', 'user_id': 'P1'}",1
2000-01-01 12:07:35,instance-d01373cb-6088-4a7c-a7b4-fdc5b1627e8f,instance.updated,"{'instance_id': 'instance-d01373cb-6088-4a7c-a7b4-fdc5b1627e8f', 'instance_label': 'woman', 'text_changed': False, 'graph_changed': True, 'session_id': 'f3a98b52-1140-468d-8d62-b41701528433', 'user_id': 'P1'}",1
2000-01-01 12:08:34,,api.generate_image.succeeded,"{'global_caption': 'a scene featuring a grandpa with white hair wearing a black cap, a white shirt, a grey cardigan, and black long pants, with a pair of black shoes, watching a girl; a woman with dark brown, slightly tanned skin wearing a short-sleeved dress that has long small pink and light-blue flower patterns, looking front, holding hands with a male and holding a wooden basket; a dark brown, slightly tanned male with short, curly dark brown hair wearing a short-sleeve blue shirt and beige shorts, looking front, holding a bunch of bottled water; a little girl wearing a hot-pink no-sleeve t-shirt, a white mid-length skirt, and pink sandals, holding a yellow balloon in her left hand and a small brown teddy bear with black eyes in her right hand; and a road with two black cars and a lot of trees with green leaves.', 'region_count': 9, 'has_image': True, 'detected_objects_count': 6, 'image_path': 'output/P1/2025-08-24_12-08-34/image.png', 'image_with_layout_path': 'output/P1/2025-08-24_12-08-34/image_with_layout.png', 'timestamp_dir': 'output/P1/2025-08-24_12-08-34', 'session_id': 'f3a98b52-1140-468d-8d62-b41701528433', 'user_id': 'P1'}",1
2000-01-01 12:09:42,instance-df4f2a38-952c-4d4f-99ec-eb52cbbb0c0a,instance.updated,"{'instance_id': 'instance-df4f2a38-952c-4d4f-99ec-eb52cbbb0c0a', 'instance_label': 'male', 'text_changed': True, 'graph_changed': False, 'session_id': 'f3a98b52-1140-468d-8d62-b41701528433', 'user_id': 'P1'}",1
2000-01-01 12:09:56,instance-d01373cb-6088-4a7c-a7b4-fdc5b1627e8f,instance.updated,"{'instance_id': 'instance-d01373cb-6088-4a7c-a7b4-fdc5b1627e8f', 'instance_label': 'woman', 'text_changed': True, 'graph_changed': False, 'session_id': 'f3a98b52-1140-468d-8d62-b41701528433', 'user_id': 'P1'}",1
2000-01-01 12:10:25,,api.generate_image.succeeded,"{'global_caption': 'a scene featuring a grandpa with white hair wearing a black cap, a white shirt, a grey cardigan, and black long pants, with a pair of black shoes, watching a girl; a woman with dark brown, slightly tanned skin wearing a short-sleeved dress that has long small pink and light-blue flower patterns, looking backward, holding hands with a male and holding a wooden basket; a dark brown, slightly tanned male with short, curly dark brown hair wearing a short-sleeve blue shirt and beige shorts, looking backward, holding a bunch of bottled water; a little girl wearing a hot-pink no-sleeve t-shirt, a white mid-length skirt, and pink sandals, holding a yellow balloon in her left hand and a small brown teddy bear with black eyes in her right hand; and a road with two black cars and a lot of trees with green leaves.', 'region_count': 9, 'has_image': True, 'detected_objects_count': 6, 'image_path': 'output/P1/2025-08-24_12-10-24/image.png', 'image_with_layout_path': 'output/P1/2025-08-24_12-10-24/image_with_layout.png', 'timestamp_dir': 'output/P1/2025-08-24_12-10-24', 'session_id': 'f3a98b52-1140-468d-8d62-b41701528433', 'user_id': 'P1'}",1
2000-01-01 01:17:00,,instance.created_from_text,"{'position': {'x': 71.0390625, 'y': 324}, 'screen_position': {'x': 132, 'y': 347}, 'board_type': 'advanced', 'session_id': '319db85e-7d37-4224-a79e-d77ee523d8c7', 'user_id': 'p2'}",2
2000-01-01 01:17:12,,instance.created_from_text,"{'position': {'x': 29.0390625, 'y': 385}, 'screen_position': {'x': 90, 'y': 428}, 'board_type': 'advanced', 'session_id': '319db85e-7d37-4224-a79e-d77ee523d8c7', 'user_id': 'p2'}",2
2000-01-01 01:17:49,class-2c0f1381-0dda-4924-b348-6b8e84c93d5b,class.created,"{'class_id': 'class-2c0f1381-0dda-4924-b348-6b8e84c93d5b', 'class_name': 'man Class', 'placeholder_count': 4, 'created_from': 'man', 'session_id': '319db85e-7d37-4224-a79e-d77ee523d8c7', 'user_id': 'p2'}",2
2000-01-01 01:18:59,instance-f168b841-236d-4c55-b7f9-158a9b50661a,instance.created_from_class,"{'instance_id': 'instance-f168b841-236d-4c55-b7f9-158a9b50661a', 'class_id': 'class-2c0f1381-0dda-4924-b348-6b8e84c93d5b', 'instance_label': 'Man', 'has_text_description': True, 'session_id': '319db85e-7d37-4224-a79e-d77ee523d8c7', 'user_id': 'p2'}",2
2000-01-01 01:19:27,instance-f168b841-236d-4c55-b7f9-158a9b50661a,instance.updated,"{'instance_id': 'instance-f168b841-236d-4c55-b7f9-158a9b50661a', 'instance_label': 'man', 'text_changed': True, 'graph_changed': False, 'session_id': '319db85e-7d37-4224-a79e-d77ee523d8c7', 'user_id': 'p2'}",2
2000-01-01 01:20:05,instance-e302c54a-73b6-459c-bbf8-7e4190fbc178,instance.created_from_class,"{'instance_id': 'instance-e302c54a-73b6-459c-bbf8-7e4190fbc178', 'class_id': 'class-2c0f1381-0dda-4924-b348-6b8e84c93d5b', 'instance_label': 'Female', 'has_text_description': True, 'session_id': '319db85e-7d37-4224-a79e-d77ee523d8c7', 'user_id': 'p2'}",2
2000-01-01 01:20:40,,instance.created_from_text,"{'position': {'x': 190.0390625, 'y': 299}, 'screen_position': {'x': 251, 'y': 322}, 'board_type': 'advanced', 'session_id': '319db85e-7d37-4224-a79e-d77ee523d8c7', 'user_id': 'p2'}",2
2000-01-01 01:21:27,,instance.created_from_text,"{'position': {'x': 361.0390625, 'y': 211}, 'screen_position': {'x': 422, 'y': 234}, 'board_type': 'advanced', 'session_id': '319db85e-7d37-4224-a79e-d77ee523d8c7', 'user_id': 'p2'}",2
2000-01-01 01:22:18,,instance.created_from_text,"{'position': {'x': 379.0390625, 'y': 157}, 'screen_position': {'x': 440, 'y': 180}, 'board_type': 'advanced', 'session_id': '319db85e-7d37-4224-a79e-d77ee523d8c7', 'user_id': 'p2'}",2
2000-01-01 01:23:07,instance-250254db-a095-4413-ad27-632062feffef,instance.created_from_class,"{'instance_id': 'instance-250254db-a095-4413-ad27-632062feffef', 'class_id': 'class-2c0f1381-0dda-4924-b348-6b8e84c93d5b', 'instance_label': 'Child', 'has_text_description': True, 'session_id': '319db85e-7d37-4224-a79e-d77ee523d8c7', 'user_id': 'p2'}",2
2000-01-01 01:23:34,instance-250254db-a095-4413-ad27-632062feffef,instance.updated,"{'instance_id': 'instance-250254db-a095-4413-ad27-632062feffef', 'instance_label': 'female', 'text_changed': True, 'graph_changed': False, 'session_id': '319db85e-7d37-4224-a79e-d77ee523d8c7', 'user_id': 'p2'}",2
2000-01-01 01:23:39,,instance.created_from_text,"{'position': {'x': 478.0390625, 'y': 276}, 'screen_position': {'x': 539, 'y': 299}, 'board_type': 'advanced', 'session_id': '319db85e-7d37-4224-a79e-d77ee523d8c7', 'user_id': 'p2'}",2
2000-01-01 01:24:15,instance-d31cbe9d-2d5c-420d-bf3d-59c3a84b70be,instance.updated,"{'instance_id': 'instance-d31cbe9d-2d5c-420d-bf3d-59c3a84b70be', 'instance_label': 'balloon', 'text_changed': True, 'graph_changed': False, 'session_id': '319db85e-7d37-4224-a79e-d77ee523d8c7', 'user_id': 'p2'}",2
2000-01-01 01:24:21,,instance.created_from_text,"{'position': {'x': 364.0390625, 'y': 388}, 'screen_position': {'x': 425, 'y': 411}, 'board_type': 'advanced', 'session_id': '319db85e-7d37-4224-a79e-d77ee523d8c7', 'user_id': 'p2'}",2
2000-01-01 01:25:05,,api.generate_image.succeeded,"{'global_caption': 'a scene featuring an old man wearing a beret, a gray shirt, and black pants, an adult man wearing a blue shirt and beige pants holding a basket and holding up a pan with one hand, an adult female wearing a floral dress, black pants, and a beret holding hands with a man and holding a basket, a picnic basket, a pan, bottles of water on the pan, a female child wearing a pink shirt and a white skirt holding a yellow balloon and a brown teddy bear.', 'region_count': 9, 'has_image': True, 'detected_objects_count': 4, 'image_path': 'output/p2/2025-08-14_01-25-04/image.png', 'image_with_layout_path': 'output/p2/2025-08-14_01-25-04/image_with_layout.png', 'timestamp_dir': 'output/p2/2025-08-14_01-25-04', 'session_id': '319db85e-7d37-4224-a79e-d77ee523d8c7', 'user_id': 'p2'}",2
2000-01-01 01:26:07,class-2c0f1381-0dda-4924-b348-6b8e84c93d5b,class.updated,"{'class_id': 'class-2c0f1381-0dda-4924-b348-6b8e84c93d5b', 'class_name': 'man Class', 'placeholder_count': 4, 'object_count': 3, 'session_id': '319db85e-7d37-4224-a79e-d77ee523d8c7', 'user_id': 'p2'}",2
2000-01-01 01:26:54,instance-4070c3dc-fb3f-4a4b-8de8-dfd94624249c,instance.updated,"{'instance_id': 'instance-4070c3dc-fb3f-4a4b-8de8-dfd94624249c', 'instance_label': 'man', 'text_changed': False, 'graph_changed': True, 'session_id': '319db85e-7d37-4224-a79e-d77ee523d8c7', 'user_id': 'p2'}",2
2000-01-01 01:28:13,class-2c0f1381-0dda-4924-b348-6b8e84c93d5b,class.updated,"{'class_id': 'class-2c0f1381-0dda-4924-b348-6b8e84c93d5b', 'class_name': 'man Class', 'placeholder_count': 4, 'object_count': 3, 'session_id': '319db85e-7d37-4224-a79e-d77ee523d8c7', 'user_id': 'p2'}",2
2000-01-01 01:29:33,,api.generate_image.succeeded,"{'global_caption': 'a scene featuring an old man wearing a beret, a gray shirt, and black pants, facing right, an adult man wearing a blue shirt and beige pants holding a basket and holding up a pan with one hand, an adult female wearing a floral dress and black pants, facing forward with black hair, holding hands with a man and holding a basket, a picnic basket, a pan, bottles of water on the pan, a female child wearing a pink shirt and a white skirt holding a yellow balloon and a brown teddy bear.', 'region_count': 9, 'has_image': True, 'detected_objects_count': 7, 'image_path': 'output/p2/2025-08-14_01-29-33/image.png', 'image_with_layout_path': 'output/p2/2025-08-14_01-29-33/image_with_layout.png', 'timestamp_dir': 'output/p2/2025-08-14_01-29-33', 'session_id': '319db85e-7d37-4224-a79e-d77ee523d8c7', 'user_id': 'p2'}",2
2000-01-01 01:31:05,instance-f168b841-236d-4c55-b7f9-158a9b50661a,instance.updated,"{'instance_id': 'instance-f168b841-236d-4c55-b7f9-158a9b50661a', 'instance_label': 'man', 'text_changed': True, 'graph_changed': False, 'session_id': '319db85e-7d37-4224-a79e-d77ee523d8c7', 'user_id': 'p2'}",2
2000-01-01 01:31:32,instance-f168b841-236d-4c55-b7f9-158a9b50661a,instance.updated,"{'instance_id': 'instance-f168b841-236d-4c55-b7f9-158a9b50661a', 'instance_label': 'man', 'text_changed': True, 'graph_changed': False, 'session_id': '319db85e-7d37-4224-a79e-d77ee523d8c7', 'user_id': 'p2'}",2
2000-01-01 01:32:17,,api.generate_image.succeeded,"{'global_caption': 'a scene featuring an old man wearing a beret, a gray shirt, and black pants, facing right, a young adult man facing forward, wearing a blue shirt and beige pants, holding a basket and holding up a pan with one hand, an adult female wearing a floral dress and black pants, facing forward with black hair, holding hands with a man and holding a basket, a picnic basket, a pan, bottles of water on the pan, a female child wearing a pink shirt and a white skirt, holding a yellow balloon and a brown teddy bear.', 'region_count': 9, 'has_image': True, 'detected_objects_count': 5, 'image_path': 'output/p2/2025-08-14_01-32-16/image.png', 'image_with_layout_path': 'output/p2/2025-08-14_01-32-16/image_with_layout.png', 'timestamp_dir': 'output/p2/2025-08-14_01-32-16', 'session_id': '319db85e-7d37-4224-a79e-d77ee523d8c7', 'user_id': 'p2'}",2
2000-01-01 01:34:21,,api.generate_image.succeeded,"{'global_caption': 'a scene featuring an old man wearing a beret, a gray shirt, and black pants, facing right, a young adult man facing forward, wearing a blue shirt and beige pants, holding a basket and holding up a pan with one hand, an adult female wearing a floral dress and black pants, facing forward with black hair, holding a basket, a picnic basket, a pan, bottles of water on the pan, a female child wearing a pink shirt and a white skirt, holding a yellow balloon and a brown teddy bear.', 'region_count': 9, 'has_image': True, 'detected_objects_count': 7, 'image_path': 'output/p2/2025-08-14_01-34-21/image.png', 'image_with_layout_path': 'output/p2/2025-08-14_01-34-21/image_with_layout.png', 'timestamp_dir': 'output/p2/2025-08-14_01-34-21', 'session_id': '319db85e-7d37-4224-a79e-d77ee523d8c7', 'user_id': 'p2'}",2
2000-01-01 04:08:42,,instance.created_from_text,"{'position': {'x': 25.890625, 'y': 261}, 'screen_position': {'x': 88, 'y': 304}, 'board_type': 'advanced', 'session_id': '5c80c448-3160-44a9-a933-407b23b40792', 'user_id': 'P3'}",3
2000-01-01 04:08:57,,instance.created_from_text,"{'position': {'x': 194.890625, 'y': 242}, 'screen_position': {'x': 257, 'y': 285}, 'board_type': 'advanced', 'session_id': '5c80c448-3160-44a9-a933-407b23b40792', 'user_id': 'P3'}",3
2000-01-01 04:09:18,,instance.created_from_text,"{'position': {'x': 275.890625, 'y': 281}, 'screen_position': {'x': 338, 'y': 324}, 'board_type': 'advanced', 'session_id': '5c80c448-3160-44a9-a933-407b23b40792', 'user_id': 'P3'}",3
2000-01-01 04:09:44,,instance.created_from_text,"{'position': {'x': 419.890625, 'y': 253}, 'screen_position': {'x': 482, 'y': 296}, 'board_type': 'advanced', 'session_id': '5c80c448-3160-44a9-a933-407b23b40792', 'user_id': 'P3'}",3
2000-01-01 04:09:47,,instance.created_from_text,"{'position': {'x': 403.890625, 'y': 259}, 'screen_position': {'x': 466, 'y': 302}, 'board_type': 'advanced', 'session_id': '5c80c448-3160-44a9-a933-407b23b40792', 'user_id': 'P3'}",3
2000-01-01 04:09:54,class-457fed5d-c6db-48b9-ace5-09e19b32a589,class.created,"{'class_id': 'class-457fed5d-c6db-48b9-ace5-09e19b32a589', 'class_name': 'woman Class', 'placeholder_count': 1, 'created_from': 'woman', 'session_id': '5c80c448-3160-44a9-a933-407b23b40792', 'user_id': 'P3'}",3
2000-01-01 04:10:27,class-457fed5d-c6db-48b9-ace5-09e19b32a589,class.updated,"{'class_id': 'class-457fed5d-c6db-48b9-ace5-09e19b32a589', 'class_name': 'woman Class', 'placeholder_count': 1, 'object_count': 1, 'session_id': '5c80c448-3160-44a9-a933-407b23b40792', 'user_id': 'P3'}",3
2000-01-01 04:10:35,class-457fed5d-c6db-48b9-ace5-09e19b32a589,class.updated,"{'class_id': 'class-457fed5d-c6db-48b9-ace5-09e19b32a589', 'class_name': 'woman Class', 'placeholder_count': 1, 'object_count': 1, 'session_id': '5c80c448-3160-44a9-a933-407b23b40792', 'user_id': 'P3'}",3
2000-01-01 04:10:41,class-457fed5d-c6db-48b9-ace5-09e19b32a589,class.instances_reset,"{'class_id': 'class-457fed5d-c6db-48b9-ace5-09e19b32a589', 'instance_count': 1, 'class_name': 'woman Class', 'session_id': '5c80c448-3160-44a9-a933-407b23b40792', 'user_id': 'P3'}",3
2000-01-01 04:11:56,instance-1a35142f-cd02-449a-8632-5189b2bc31b9,instance.updated,"{'instance_id': 'instance-1a35142f-cd02-449a-8632-5189b2bc31b9', 'instance_label': 'woman', 'text_changed': False, 'graph_changed': True, 'session_id': '5c80c448-3160-44a9-a933-407b23b40792', 'user_id': 'P3'}",3
2000-01-01 04:12:27,instance-1a35142f-cd02-449a-8632-5189b2bc31b9,instance.updated,"{'instance_id': 'instance-1a35142f-cd02-449a-8632-5189b2bc31b9', 'instance_label': 'woman', 'text_changed': False, 'graph_changed': True, 'session_id': '5c80c448-3160-44a9-a933-407b23b40792', 'user_id': 'P3'}",3
2000-01-01 04:12:49,instance-1a35142f-cd02-449a-8632-5189b2bc31b9,instance.updated,"{'instance_id': 'instance-1a35142f-cd02-449a-8632-5189b2bc31b9', 'instance_label': 'woman', 'text_changed': False, 'graph_changed': True, 'session_id': '5c80c448-3160-44a9-a933-407b23b40792', 'user_id': 'P3'}",3
2000-01-01 04:13:17,instance-4e8d30be-57f4-4647-b18f-883737552f5e,instance.created_from_class,"{'instance_id': 'instance-4e8d30be-57f4-4647-b18f-883737552f5e', 'class_id': 'class-457fed5d-c6db-48b9-ace5-09e19b32a589', 'instance_label': 'Female', 'has_text_description': True, 'session_id': '5c80c448-3160-44a9-a933-407b23b40792', 'user_id': 'P3'}",3
2000-01-01 04:15:24,instance-4e8d30be-57f4-4647-b18f-883737552f5e,instance.updated,"{'instance_id': 'instance-4e8d30be-57f4-4647-b18f-883737552f5e', 'instance_label': 'Female', 'text_changed': False, 'graph_changed': True, 'session_id': '5c80c448-3160-44a9-a933-407b23b40792', 'user_id': 'P3'}",3
2000-01-01 04:15:31,class-578c63ff-3d9c-4291-bf99-f212107f902d,class.created,"{'class_id': 'class-578c63ff-3d9c-4291-bf99-f212107f902d', 'class_name': 'man Class', 'placeholder_count': 1, 'created_from': 'man', 'session_id': '5c80c448-3160-44a9-a933-407b23b40792', 'user_id': 'P3'}",3
2000-01-01 04:16:25,class-457fed5d-c6db-48b9-ace5-09e19b32a589,class.updated,"{'class_id': 'class-457fed5d-c6db-48b9-ace5-09e19b32a589', 'class_name': 'woman Class', 'placeholder_count': 1, 'object_count': 1, 'session_id': '5c80c448-3160-44a9-a933-407b23b40792', 'user_id': 'P3'}",3
2000-01-01 04:18:35,instance-b7388952-8650-4a45-b674-10ac9282678a,instance.updated,"{'instance_id': 'instance-b7388952-8650-4a45-b674-10ac9282678a', 'instance_label': 'man', 'text_changed': True, 'graph_changed': False, 'session_id': '5c80c448-3160-44a9-a933-407b23b40792', 'user_id': 'P3'}",3
2000-01-01 04:19:13,instance-46bd879e-724b-4c20-b0f2-536313f86754,instance.created_from_class,"{'instance_id': 'instance-46bd879e-724b-4c20-b0f2-536313f86754', 'class_id': 'class-578c63ff-3d9c-4291-bf99-f212107f902d', 'instance_label': 'Man', 'has_text_description': True, 'session_id': '5c80c448-3160-44a9-a933-407b23b40792', 'user_id': 'P3'}",3
2000-01-01 04:20:41,instance-46bd879e-724b-4c20-b0f2-536313f86754,instance.updated,"{'instance_id': 'instance-46bd879e-724b-4c20-b0f2-536313f86754', 'instance_label': 'man', 'text_changed': True, 'graph_changed': False, 'session_id': '5c80c448-3160-44a9-a933-407b23b40792', 'user_id': 'P3'}",3
2000-01-01 04:21:05,instance-b7388952-8650-4a45-b674-10ac9282678a,instance.updated,"{'instance_id': 'instance-b7388952-8650-4a45-b674-10ac9282678a', 'instance_label': 'man', 'text_changed': True, 'graph_changed': False, 'session_id': '5c80c448-3160-44a9-a933-407b23b40792', 'user_id': 'P3'}",3
2000-01-01 04:22:03,,api.generate_image.succeeded,"{'global_caption': 'a scene featuring a man wearing a white short-sleeve shirt and beige pants, wearing sunglasses and holding a paper map in his right hand; a woman in a sky-blue dress, taking a picture of the sky, wearing brown sandals and holding a brown hat; a female with a flower pattern top and short jeans, holding a coffee cup in her left hand and a gray suitcase in her right hand; and a man wearing a light green T-shirt, beige shorts, and black shoes, with his hands in his pockets.', 'region_count': 4, 'has_image': True, 'detected_objects_count': 4, 'image_path': 'output/P3/2025-08-14_04-22-01/image.png', 'image_with_layout_path': 'output/P3/2025-08-14_04-22-01/image_with_layout.png', 'timestamp_dir': 'output/P3/2025-08-14_04-22-01', 'session_id': '5c80c448-3160-44a9-a933-407b23b40792', 'user_id': 'P3'}",3
2000-01-01 04:23:43,instance-4e8d30be-57f4-4647-b18f-883737552f5e,instance.updated,"{'instance_id': 'instance-4e8d30be-57f4-4647-b18f-883737552f5e', 'instance_label': 'female', 'text_changed': True, 'graph_changed': False, 'session_id': '5c80c448-3160-44a9-a933-407b23b40792', 'user_id': 'P3'}",3
2000-01-01 04:24:28,instance-4e8d30be-57f4-4647-b18f-883737552f5e,instance.updated,"{'instance_id': 'instance-4e8d30be-57f4-4647-b18f-883737552f5e', 'instance_label': 'female', 'text_changed': True, 'graph_changed': False, 'session_id': '5c80c448-3160-44a9-a933-407b23b40792', 'user_id': 'P3'}",3
2000-01-01 04:24:50,instance-4e8d30be-57f4-4647-b18f-883737552f5e,instance.updated,"{'instance_id': 'instance-4e8d30be-57f4-4647-b18f-883737552f5e', 'instance_label': 'female', 'text_changed': True, 'graph_changed': False, 'session_id': '5c80c448-3160-44a9-a933-407b23b40792', 'user_id': 'P3'}",3
2000-01-01 04:25:22,instance-1a35142f-cd02-449a-8632-5189b2bc31b9,instance.updated,"{'instance_id': 'instance-1a35142f-cd02-449a-8632-5189b2bc31b9', 'instance_label': 'woman', 'text_changed': True, 'graph_changed': False, 'session_id': '5c80c448-3160-44a9-a933-407b23b40792', 'user_id': 'P3'}",3
2000-01-01 04:26:12,instance-b7388952-8650-4a45-b674-10ac9282678a,instance.updated,"{'instance_id': 'instance-b7388952-8650-4a45-b674-10ac9282678a', 'instance_label': 'man', 'text_changed': True, 'graph_changed': False, 'session_id': '5c80c448-3160-44a9-a933-407b23b40792', 'user_id': 'P3'}",3
2000-01-01 04:26:32,instance-b7388952-8650-4a45-b674-10ac9282678a,instance.updated,"{'instance_id': 'instance-b7388952-8650-4a45-b674-10ac9282678a', 'instance_label': 'man', 'text_changed': False, 'graph_changed': True, 'session_id': '5c80c448-3160-44a9-a933-407b23b40792', 'user_id': 'P3'}",3
2000-01-01 04:27:01,instance-46bd879e-724b-4c20-b0f2-536313f86754,instance.updated,"{'instance_id': 'instance-46bd879e-724b-4c20-b0f2-536313f86754', 'instance_label': 'man', 'text_changed': True, 'graph_changed': False, 'session_id': '5c80c448-3160-44a9-a933-407b23b40792', 'user_id': 'P3'}",3
2000-01-01 04:27:20,instance-1a35142f-cd02-449a-8632-5189b2bc31b9,instance.updated,"{'instance_id': 'instance-1a35142f-cd02-449a-8632-5189b2bc31b9', 'instance_label': 'woman', 'text_changed': True, 'graph_changed': False, 'session_id': '5c80c448-3160-44a9-a933-407b23b40792', 'user_id': 'P3'}",3
2000-01-01 04:28:03,instance-1a35142f-cd02-449a-8632-5189b2bc31b9,instance.updated,"{'instance_id': 'instance-1a35142f-cd02-449a-8632-5189b2bc31b9', 'instance_label': 'woman', 'text_changed': True, 'graph_changed': False, 'session_id': '5c80c448-3160-44a9-a933-407b23b40792', 'user_id': 'P3'}",3
2000-01-01 04:28:47,,api.generate_image.succeeded,"{'global_caption': 'a scene featuring a man wearing a white short-sleeve shirt and beige pants, wearing sunglasses and holding a paper map in his right hand, staring to the left; a woman wearing a sky-blue dress, brown sandals, and holding a brown hat in her left hand, taking a picture of the sky with a camera; a female wearing a flower pattern top and short jeans, holding a coffee cup in her left hand and a gray suitcase in her right hand; and a man wearing a light green T-shirt, beige shorts, and black shoes, with his hands in his pockets and staring to the left.', 'region_count': 4, 'has_image': True, 'detected_objects_count': 5, 'image_path': 'output/P3/2025-08-14_04-28-46/image.png', 'image_with_layout_path': 'output/P3/2025-08-14_04-28-46/image_with_layout.png', 'timestamp_dir': 'output/P3/2025-08-14_04-28-46', 'session_id': '5c80c448-3160-44a9-a933-407b23b40792', 'user_id': 'P3'}",3
2000-01-01 04:30:34,instance-4e8d30be-57f4-4647-b18f-883737552f5e,object_node.extract.confirmed,"{'object_id': 'object3', 'object_name': 'suitcase', 'parent_instance_id': 'instance-4e8d30be-57f4-4647-b18f-883737552f5e', 'session_id': '5c80c448-3160-44a9-a933-407b23b40792', 'user_id': 'P3'}",3
2000-01-01 04:30:56,instance-4e8d30be-57f4-4647-b18f-883737552f5e,object_node.extract.confirmed,"{'object_id': 'object2', 'object_name': 'coffee cup', 'parent_instance_id': 'instance-4e8d30be-57f4-4647-b18f-883737552f5e', 'session_id': '5c80c448-3160-44a9-a933-407b23b40792', 'user_id': 'P3'}",3
2000-01-01 04:31:42,instance-b7388952-8650-4a45-b674-10ac9282678a,instance.updated,"{'instance_id': 'instance-b7388952-8650-4a45-b674-10ac9282678a', 'instance_label': 'man', 'text_changed': False, 'graph_changed': True, 'session_id': '5c80c448-3160-44a9-a933-407b23b40792', 'user_id': 'P3'}",3
2000-01-01 04:31:56,instance-46bd879e-724b-4c20-b0f2-536313f86754,instance.updated,"{'instance_id': 'instance-46bd879e-724b-4c20-b0f2-536313f86754', 'instance_label': 'man', 'text_changed': False, 'graph_changed': True, 'session_id': '5c80c448-3160-44a9-a933-407b23b40792', 'user_id': 'P3'}",3
2000-01-01 04:32:20,instance-1a35142f-cd02-449a-8632-5189b2bc31b9,object_node.extract.confirmed,"{'object_id': 'object2', 'object_name': 'camera', 'parent_instance_id': 'instance-1a35142f-cd02-449a-8632-5189b2bc31b9', 'session_id': '5c80c448-3160-44a9-a933-407b23b40792', 'user_id': 'P3'}",3
2000-01-01 04:32:48,,instance.created_from_text,"{'position': {'x': 32.890625, 'y': 26}, 'screen_position': {'x': 95, 'y': 69}, 'board_type': 'advanced', 'session_id': '5c80c448-3160-44a9-a933-407b23b40792', 'user_id': 'P3'}",3
2000-01-01 04:34:33,instance-0c170704-6e19-4fd5-9284-3a8771d08364,instance.updated,"{'instance_id': 'instance-0c170704-6e19-4fd5-9284-3a8771d08364', 'instance_label': 'background', 'text_changed': True, 'graph_changed': False, 'session_id': '5c80c448-3160-44a9-a933-407b23b40792', 'user_id': 'P3'}",3
2000-01-01 04:34:44,instance-1a35142f-cd02-449a-8632-5189b2bc31b9,object_node.extract.confirmed,"{'object_id': 'object5', 'object_name': 'hat', 'parent_instance_id': 'instance-1a35142f-cd02-449a-8632-5189b2bc31b9', 'session_id': '5c80c448-3160-44a9-a933-407b23b40792', 'user_id': 'P3'}",3
2000-01-01 04:35:21,instance-b7388952-8650-4a45-b674-10ac9282678a,instance.updated,"{'instance_id': 'instance-b7388952-8650-4a45-b674-10ac9282678a', 'instance_label': 'man', 'text_changed': True, 'graph_changed': False, 'session_id': '5c80c448-3160-44a9-a933-407b23b40792', 'user_id': 'P3'}",3
2000-01-01 04:36:01,,api.generate_image.succeeded,"{'global_caption': 'a scene featuring a man wearing a white short-sleeve shirt and beige pants, wearing sunglasses and holding a paper map in his right hand, with his foot in the frame of the image; a woman in a sky-blue dress, wearing brown sandals, with her left hand on her side, taking a picture of the sky with a camera, and holding a brown hat; a female wearing a top with a flower pattern and short jeans, holding a gray suitcase in her right hand and a coffee cup in her left hand; and a man wearing a light green T-shirt, beige shorts, and black shoes, with his hands in his pockets; all set against a background featuring yellow buildings and white street lamps.', 'region_count': 9, 'has_image': True, 'detected_objects_count': 6, 'image_path': 'output/P3/2025-08-14_04-36-00/image.png', 'image_with_layout_path': 'output/P3/2025-08-14_04-36-00/image_with_layout.png', 'timestamp_dir': 'output/P3/2025-08-14_04-36-00', 'session_id': '5c80c448-3160-44a9-a933-407b23b40792', 'user_id': 'P3'}",3
2000-01-01 14:03:52,,instance.created_from_text,"{'position': {'x': 48.974998474121094, 'y': 190.19999885559082}, 'screen_position': {'x': 111, 'y': 213}, 'board_type': 'advanced', 'session_id': '4063f7b6-6eee-437c-9525-71078de215db', 'user_id': 'P4'}",4
2000-01-01 14:07:48,,instance.created_from_text,"{'position': {'x': 199.9749984741211, 'y': 327.1999988555908}, 'screen_position': {'x': 262, 'y': 350}, 'board_type': 'advanced', 'session_id': '4063f7b6-6eee-437c-9525-71078de215db', 'user_id': 'P4'}",4
2000-01-01 14:10:39,,instance.created_from_text,"{'position': {'x': 288.9749984741211, 'y': 227.19999885559082}, 'screen_position': {'x': 351, 'y': 250}, 'board_type': 'advanced', 'session_id': '4063f7b6-6eee-437c-9525-71078de215db', 'user_id': 'P4'}",4
2000-01-01 14:11:19,class-be73cce4-f41a-4370-8fe0-574833995fd2,class.created,"{'class_id': 'class-be73cce4-f41a-4370-8fe0-574833995fd2', 'class_name': 'man Class', 'placeholder_count': 9, 'created_from': 'man', 'session_id': '4063f7b6-6eee-437c-9525-71078de215db', 'user_id': 'P4'}",4
2000-01-01 14:15:10,instance-cc66915c-c726-49e1-ac77-fba7c0296fff,instance.created_from_class,"{'instance_id': 'instance-cc66915c-c726-49e1-ac77-fba7c0296fff', 'class_id': 'class-be73cce4-f41a-4370-8fe0-574833995fd2', 'instance_label': 'Young man', 'has_text_description': True, 'session_id': '4063f7b6-6eee-437c-9525-71078de215db', 'user_id': 'P4'}",4
2000-01-01 14:17:02,instance-b96034a2-a9c6-436d-aa59-e24e04e6e019,instance.updated,"{'instance_id': 'instance-b96034a2-a9c6-436d-aa59-e24e04e6e019', 'instance_label': 'man', 'text_changed': True, 'graph_changed': False, 'session_id': '4063f7b6-6eee-437c-9525-71078de215db', 'user_id': 'P4'}",4
2000-01-01 14:17:26,instance-ace02351-28c3-4cbb-a665-bc45d5a6557d,instance.updated,"{'instance_id': 'instance-ace02351-28c3-4cbb-a665-bc45d5a6557d', 'instance_label': 'woman', 'text_changed': True, 'graph_changed': False, 'session_id': '4063f7b6-6eee-437c-9525-71078de215db', 'user_id': 'P4'}",4
2000-01-01 14:17:45,instance-cc66915c-c726-49e1-ac77-fba7c0296fff,instance.updated,"{'instance_id': 'instance-cc66915c-c726-49e1-ac77-fba7c0296fff', 'instance_label': 'man', 'text_changed': True, 'graph_changed': False, 'session_id': '4063f7b6-6eee-437c-9525-71078de215db', 'user_id': 'P4'}",4
2000-01-01 14:17:53,class-0ed5dc61-2fbb-413e-9985-6d0426ff5846,class.created,"{'class_id': 'class-0ed5dc61-2fbb-413e-9985-6d0426ff5846', 'class_name': 'woman Class', 'placeholder_count': 10, 'created_from': 'woman', 'session_id': '4063f7b6-6eee-437c-9525-71078de215db', 'user_id': 'P4'}",4
2000-01-01 14:20:29,instance-025eadff-cb88-47b1-b137-4487216e9643,instance.created_from_class,"{'instance_id': 'instance-025eadff-cb88-47b1-b137-4487216e9643', 'class_id': 'class-0ed5dc61-2fbb-413e-9985-6d0426ff5846', 'instance_label': 'Woman', 'has_text_description': True, 'session_id': '4063f7b6-6eee-437c-9525-71078de215db', 'user_id': 'P4'}",4
2000-01-01 14:22:29,instance-025eadff-cb88-47b1-b137-4487216e9643,instance.updated,"{'instance_id': 'instance-025eadff-cb88-47b1-b137-4487216e9643', 'instance_label': 'woman', 'text_changed': True, 'graph_changed': False, 'session_id': '4063f7b6-6eee-437c-9525-71078de215db', 'user_id': 'P4'}",4
2000-01-01 14:23:53,instance-b96034a2-a9c6-436d-aa59-e24e04e6e019,instance.updated,"{'instance_id': 'instance-b96034a2-a9c6-436d-aa59-e24e04e6e019', 'instance_label': 'man', 'text_changed': True, 'graph_changed': False, 'session_id': '4063f7b6-6eee-437c-9525-71078de215db', 'user_id': 'P4'}",4
2000-01-01 14:24:52,instance-cc66915c-c726-49e1-ac77-fba7c0296fff,instance.updated,"{'instance_id': 'instance-cc66915c-c726-49e1-ac77-fba7c0296fff', 'instance_label': 'man', 'text_changed': True, 'graph_changed': False, 'session_id': '4063f7b6-6eee-437c-9525-71078de215db', 'user_id': 'P4'}",4
2000-01-01 14:26:37,instance-ace02351-28c3-4cbb-a665-bc45d5a6557d,instance.updated,"{'instance_id': 'instance-ace02351-28c3-4cbb-a665-bc45d5a6557d', 'instance_label': 'woman', 'text_changed': True, 'graph_changed': False, 'session_id': '4063f7b6-6eee-437c-9525-71078de215db', 'user_id': 'P4'}",4
2000-01-01 14:27:23,instance-ace02351-28c3-4cbb-a665-bc45d5a6557d,instance.updated,"{'instance_id': 'instance-ace02351-28c3-4cbb-a665-bc45d5a6557d', 'instance_label': 'woman', 'text_changed': True, 'graph_changed': False, 'session_id': '4063f7b6-6eee-437c-9525-71078de215db', 'user_id': 'P4'}",4
2000-01-01 14:28:00,,api.generate_image.succeeded,"{'global_caption': 'a scene featuring a young man wearing a white shirt, black sunglasses, beige pants, and black shoes looking at a woman holding a camera, a fatty woman with long hair holding a cup of coffee in her left hand and luggage in her right hand, a young man wearing a green T-shirt, beige short pants, and black sneakers with a gray watch on his left wrist holding something in both hands and watching the girl who holds the camera, and a woman with long hair wearing a bright blue-colored one-piece holding a camera in her left hand and taking a photo while holding a hat in her right hand.', 'region_count': 4, 'has_image': True, 'detected_objects_count': 6, 'image_path': 'output/P4/2025-08-14_14-27-59/image.png', 'image_with_layout_path': 'output/P4/2025-08-14_14-27-59/image_with_layout.png', 'timestamp_dir': 'output/P4/2025-08-14_14-27-59', 'session_id': '4063f7b6-6eee-437c-9525-71078de215db', 'user_id': 'P4'}",4
2000-01-01 14:32:32,instance-025eadff-cb88-47b1-b137-4487216e9643,instance.updated,"{'instance_id': 'instance-025eadff-cb88-47b1-b137-4487216e9643', 'instance_label': 'woman', 'text_changed': True, 'graph_changed': False, 'session_id': '4063f7b6-6eee-437c-9525-71078de215db', 'user_id': 'P4'}",4
2000-01-01 14:34:00,instance-ace02351-28c3-4cbb-a665-bc45d5a6557d,instance.updated,"{'instance_id': 'instance-ace02351-28c3-4cbb-a665-bc45d5a6557d', 'instance_label': 'woman', 'text_changed': True, 'graph_changed': False, 'session_id': '4063f7b6-6eee-437c-9525-71078de215db', 'user_id': 'P4'}",4
2000-01-01 14:34:22,instance-025eadff-cb88-47b1-b137-4487216e9643,object_node.extract.confirmed,"{'object_id': 'object6', 'object_name': 'hat', 'parent_instance_id': 'instance-025eadff-cb88-47b1-b137-4487216e9643', 'session_id': '4063f7b6-6eee-437c-9525-71078de215db', 'user_id': 'P4'}",4
2000-01-01 14:35:18,instance-025eadff-cb88-47b1-b137-4487216e9643,instance.updated,"{'instance_id': 'instance-025eadff-cb88-47b1-b137-4487216e9643', 'instance_label': 'woman', 'text_changed': True, 'graph_changed': False, 'session_id': '4063f7b6-6eee-437c-9525-71078de215db', 'user_id': 'P4'}",4
2000-01-01 14:35:53,instance-b96034a2-a9c6-436d-aa59-e24e04e6e019,object_node.extract.confirmed,"{'object_id': 'object6', 'object_name': 'map', 'parent_instance_id': 'instance-b96034a2-a9c6-436d-aa59-e24e04e6e019', 'session_id': '4063f7b6-6eee-437c-9525-71078de215db', 'user_id': 'P4'}",4
2000-01-01 14:36:44,instance-ace02351-28c3-4cbb-a665-bc45d5a6557d,object_node.extract.confirmed,"{'object_id': 'object4', 'object_name': 'cup', 'parent_instance_id': 'instance-ace02351-28c3-4cbb-a665-bc45d5a6557d', 'session_id': '4063f7b6-6eee-437c-9525-71078de215db', 'user_id': 'P4'}",4
2000-01-01 14:37:33,,api.generate_image.succeeded,"{'global_caption': 'a scene featuring a young man wearing a white shirt, black sunglasses, beige pants, and black shoes looking at a woman holding a camera, a fatty woman in a flower-patterned dress, jean shorts, and sandals holding a cup of coffee in her left hand and luggage in her right hand while looking at another woman who is holding a camera, a young man wearing a green T-shirt, beige short pants, and black sneakers with a gray watch on his left wrist holding something in both hands and interestingly watching the girl who holds a camera, a woman with long hair wearing a bright blue one-piece dress taking a photo with a camera in her right hand while holding a hat in her left hand, a hat on the woman, a map, and a coffee cup on the woman.', 'region_count': 7, 'has_image': True, 'detected_objects_count': 6, 'image_path': 'output/P4/2025-08-14_14-37-32/image.png', 'image_with_layout_path': 'output/P4/2025-08-14_14-37-32/image_with_layout.png', 'timestamp_dir': 'output/P4/2025-08-14_14-37-32', 'session_id': '4063f7b6-6eee-437c-9525-71078de215db', 'user_id': 'P4'}",4
2000-01-01 07:08:40,,instance.created_from_text,"{'position': {'x': 51.109375, 'y': 230}, 'screen_position': {'x': 113, 'y': 253}, 'board_type': 'advanced', 'session_id': '9b200cbe-6fff-4d2a-845e-ad426c3baeb2', 'user_id': 'P5'}",5
2000-01-01 07:11:00,,api.generate_image.succeeded,"{'global_caption': 'a scene featuring a male person wearing a white shirt, beige pants, black shoes, and a silver clock', 'region_count': 1, 'has_image': True, 'detected_objects_count': 4, 'image_path': 'output/P5/2025-08-19_07-10-59/image.png', 'image_with_layout_path': 'output/P5/2025-08-19_07-10-59/image_with_layout.png', 'timestamp_dir': 'output/P5/2025-08-19_07-10-59', 'session_id': '9b200cbe-6fff-4d2a-845e-ad426c3baeb2', 'user_id': 'P5'}",5
2000-01-01 07:12:48,,api.generate_image.succeeded,"{'global_caption': 'a scene featuring a male person wearing a white shirt, beige pants, black shoes, and a silver clock, facing forward', 'region_count': 1, 'has_image': True, 'detected_objects_count': 3, 'image_path': 'output/P5/2025-08-19_07-12-47/image.png', 'image_with_layout_path': 'output/P5/2025-08-19_07-12-47/image_with_layout.png', 'timestamp_dir': 'output/P5/2025-08-19_07-12-47', 'session_id': '9b200cbe-6fff-4d2a-845e-ad426c3baeb2', 'user_id': 'P5'}",5
2000-01-01 07:14:01,,instance.created_from_text,"{'position': {'x': 174.109375, 'y': 197}, 'screen_position': {'x': 236, 'y': 239}, 'board_type': 'advanced', 'session_id': '9b200cbe-6fff-4d2a-845e-ad426c3baeb2', 'user_id': 'P5'}",5
2000-01-01 07:14:05,,instance.created_from_text,"{'position': {'x': 246.109375, 'y': 330}, 'screen_position': {'x': 308, 'y': 372}, 'board_type': 'advanced', 'session_id': '9b200cbe-6fff-4d2a-845e-ad426c3baeb2', 'user_id': 'P5'}",5
2000-01-01 07:14:39,class-2569d872-0c84-4f89-82e9-2c9e5bc114c8,class.created,"{'class_id': 'class-2569d872-0c84-4f89-82e9-2c9e5bc114c8', 'class_name': 'person Class', 'placeholder_count': 5, 'created_from': 'person', 'session_id': '9b200cbe-6fff-4d2a-845e-ad426c3baeb2', 'user_id': 'P5'}",5
2000-01-01 07:17:52,instance-15559327-52cc-4496-ab52-ae8803443865,instance.created_from_class,"{'instance_id': 'instance-15559327-52cc-4496-ab52-ae8803443865', 'class_id': 'class-2569d872-0c84-4f89-82e9-2c9e5bc114c8', 'instance_label': 'Female', 'has_text_description': True, 'session_id': '9b200cbe-6fff-4d2a-845e-ad426c3baeb2', 'user_id': 'P5'}",5
2000-01-01 07:18:00,class-2569d872-0c84-4f89-82e9-2c9e5bc114c8,class.updated,"{'class_id': 'class-2569d872-0c84-4f89-82e9-2c9e5bc114c8', 'class_name': 'person Class', 'placeholder_count': 5, 'object_count': 5, 'session_id': '9b200cbe-6fff-4d2a-845e-ad426c3baeb2', 'user_id': 'P5'}",5
2000-01-01 07:20:18,instance-15559327-52cc-4496-ab52-ae8803443865,instance.updated,"{'instance_id': 'instance-15559327-52cc-4496-ab52-ae8803443865', 'instance_label': 'Female', 'text_changed': False, 'graph_changed': True, 'session_id': '9b200cbe-6fff-4d2a-845e-ad426c3baeb2', 'user_id': 'P5'}",5
2000-01-01 07:21:07,,api.generate_image.succeeded,"{'global_caption': 'a scene featuring a male person wearing a white shirt, beige pants, black shoes, and a silver clock, facing forward, and a forward-facing female wearing a white shirt, blue shorts, black slippers, and carrying a silver carrier', 'region_count': 2, 'has_image': True, 'detected_objects_count': 11, 'image_path': 'output/P5/2025-08-19_07-21-06/image.png', 'image_with_layout_path': 'output/P5/2025-08-19_07-21-06/image_with_layout.png', 'timestamp_dir': 'output/P5/2025-08-19_07-21-06', 'session_id': '9b200cbe-6fff-4d2a-845e-ad426c3baeb2', 'user_id': 'P5'}",5
2000-01-01 07:21:28,class-778ca8ae-d3f4-4def-bb32-1e404bbdfc7e,class.created,"{'class_id': 'class-778ca8ae-d3f4-4def-bb32-1e404bbdfc7e', 'class_name': 'Female Class', 'placeholder_count': 5, 'created_from': 'Female', 'session_id': '9b200cbe-6fff-4d2a-845e-ad426c3baeb2', 'user_id': 'P5'}",5
2000-01-01 07:22:02,instance-15559327-52cc-4496-ab52-ae8803443865,instance.updated,"{'instance_id': 'instance-15559327-52cc-4496-ab52-ae8803443865', 'instance_label': 'Female', 'text_changed': False, 'graph_changed': True, 'session_id': '9b200cbe-6fff-4d2a-845e-ad426c3baeb2', 'user_id': 'P5'}",5
2000-01-01 07:22:12,,instance.created_from_text,"{'position': {'x': 374.109375, 'y': 199}, 'screen_position': {'x': 436, 'y': 242}, 'board_type': 'advanced', 'session_id': '9b200cbe-6fff-4d2a-845e-ad426c3baeb2', 'user_id': 'P5'}",5
2000-01-01 07:22:30,,api.generate_image.succeeded,"{'global_caption': 'a scene featuring a male person wearing a white shirt, beige pants, black shoes, and a silver clock, facing forward, and a forward-facing female wearing a white, flower-covered shirt, blue shorts, black slippers, and carrying a silver carrier', 'region_count': 2, 'has_image': True, 'detected_objects_count': 3, 'image_path': 'output/P5/2025-08-19_07-22-29/image.png', 'image_with_layout_path': 'output/P5/2025-08-19_07-22-29/image_with_layout.png', 'timestamp_dir': 'output/P5/2025-08-19_07-22-29', 'session_id': '9b200cbe-6fff-4d2a-845e-ad426c3baeb2', 'user_id': 'P5'}",5
2000-01-01 07:22:51,class-59be96c0-22b2-4727-94f1-61a2b0c00141,class.created,"{'class_id': 'class-59be96c0-22b2-4727-94f1-61a2b0c00141', 'class_name': 'Female Class', 'placeholder_count': 5, 'created_from': 'Female', 'session_id': '9b200cbe-6fff-4d2a-845e-ad426c3baeb2', 'user_id': 'P5'}",5
2000-01-01 07:24:36,instance-e364bfa7-b476-4fbb-9fe8-3e11881dde1a,instance.created_from_class,"{'instance_id': 'instance-e364bfa7-b476-4fbb-9fe8-3e11881dde1a', 'class_id': 'class-59be96c0-22b2-4727-94f1-61a2b0c00141', 'instance_label': 'Person', 'has_text_description': True, 'session_id': '9b200cbe-6fff-4d2a-845e-ad426c3baeb2', 'user_id': 'P5'}",5
2000-01-01 07:26:32,instance-e364bfa7-b476-4fbb-9fe8-3e11881dde1a,instance.updated,"{'instance_id': 'instance-e364bfa7-b476-4fbb-9fe8-3e11881dde1a', 'instance_label': 'Person', 'text_changed': False, 'graph_changed': True, 'session_id': '9b200cbe-6fff-4d2a-845e-ad426c3baeb2', 'user_id': 'P5'}",5
2000-01-01 07:27:09,instance-e364bfa7-b476-4fbb-9fe8-3e11881dde1a,instance.updated,"{'instance_id': 'instance-e364bfa7-b476-4fbb-9fe8-3e11881dde1a', 'instance_label': 'person', 'text_changed': True, 'graph_changed': False, 'session_id': '9b200cbe-6fff-4d2a-845e-ad426c3baeb2', 'user_id': 'P5'}",5
2000-01-01 07:27:45,,api.generate_image.succeeded,"{'global_caption': 'a scene featuring a male person wearing a white shirt, beige pants, black shoes, and a silver clock, facing forward, a forward-facing female wearing a white, flower-covered shirt, blue shorts, black slippers, and carrying a silver carrier, and a male person wearing beige shorts and black sneakers while facing forward, with his hands in the pockets of his shorts', 'region_count': 3, 'has_image': True, 'detected_objects_count': 4, 'image_path': 'output/P5/2025-08-19_07-27-44/image.png', 'image_with_layout_path': 'output/P5/2025-08-19_07-27-44/image_with_layout.png', 'timestamp_dir': 'output/P5/2025-08-19_07-27-44', 'session_id': '9b200cbe-6fff-4d2a-845e-ad426c3baeb2', 'user_id': 'P5'}",5
2000-01-01 07:28:23,instance-e364bfa7-b476-4fbb-9fe8-3e11881dde1a,instance.updated,"{'instance_id': 'instance-e364bfa7-b476-4fbb-9fe8-3e11881dde1a', 'instance_label': 'person', 'text_changed': True, 'graph_changed': False, 'session_id': '9b200cbe-6fff-4d2a-845e-ad426c3baeb2', 'user_id': 'P5'}",5
2000-01-01 07:28:52,instance-15559327-52cc-4496-ab52-ae8803443865,instance.updated,"{'instance_id': 'instance-15559327-52cc-4496-ab52-ae8803443865', 'instance_label': 'Female', 'text_changed': False, 'graph_changed': True, 'session_id': '9b200cbe-6fff-4d2a-845e-ad426c3baeb2', 'user_id': 'P5'}",5
2000-01-01 07:29:35,instance-15559327-52cc-4496-ab52-ae8803443865,instance.updated,"{'instance_id': 'instance-15559327-52cc-4496-ab52-ae8803443865', 'instance_label': 'person', 'text_changed': True, 'graph_changed': False, 'session_id': '9b200cbe-6fff-4d2a-845e-ad426c3baeb2', 'user_id': 'P5'}",5
2000-01-01 07:30:07,,api.generate_image.succeeded,"{'global_caption': 'a scene featuring a male person wearing a white shirt, beige pants, black shoes, and a silver clock, facing forward, a forward-facing female wearing a white, flower-covered shirt, blue shorts, black slippers, and carrying silver luggage with her right hand, and a male person wearing beige shorts and a blue shirt and black sneakers while facing forward, with his hands in the pockets of his shorts', 'region_count': 3, 'has_image': True, 'detected_objects_count': 4, 'image_path': 'output/P5/2025-08-19_07-30-06/image.png', 'image_with_layout_path': 'output/P5/2025-08-19_07-30-06/image_with_layout.png', 'timestamp_dir': 'output/P5/2025-08-19_07-30-06', 'session_id': '9b200cbe-6fff-4d2a-845e-ad426c3baeb2', 'user_id': 'P5'}",5
2000-01-01 07:31:53,instance-0a5ac473-44cc-412c-bafb-cf414c799b3c,instance.created_from_class,"{'instance_id': 'instance-0a5ac473-44cc-412c-bafb-cf414c799b3c', 'class_id': 'class-59be96c0-22b2-4727-94f1-61a2b0c00141', 'instance_label': 'Female person', 'has_text_description': True, 'session_id': '9b200cbe-6fff-4d2a-845e-ad426c3baeb2', 'user_id': 'P5'}",5
2000-01-01 07:32:26,instance-0a5ac473-44cc-412c-bafb-cf414c799b3c,instance.updated,"{'instance_id': 'instance-0a5ac473-44cc-412c-bafb-cf414c799b3c', 'instance_label': 'Female person', 'text_changed': False, 'graph_changed': True, 'session_id': '9b200cbe-6fff-4d2a-845e-ad426c3baeb2', 'user_id': 'P5'}",5
2000-01-01 07:33:18,,instance.created_from_text,"{'position': {'x': 375.109375, 'y': 81}, 'screen_position': {'x': 437, 'y': 104}, 'board_type': 'advanced', 'session_id': '9b200cbe-6fff-4d2a-845e-ad426c3baeb2', 'user_id': 'P5'}",5
2000-01-01 07:34:30,,instance.created_from_text,"{'position': {'x': 258.109375, 'y': 93}, 'screen_position': {'x': 320, 'y': 116}, 'board_type': 'advanced', 'session_id': '9b200cbe-6fff-4d2a-845e-ad426c3baeb2', 'user_id': 'P5'}",5
2000-01-01 07:35:43,instance-15559327-52cc-4496-ab52-ae8803443865,instance.updated,"{'instance_id': 'instance-15559327-52cc-4496-ab52-ae8803443865', 'instance_label': 'person', 'text_changed': False, 'graph_changed': True, 'session_id': '9b200cbe-6fff-4d2a-845e-ad426c3baeb2', 'user_id': 'P5'}",5
2000-01-01 07:35:47,,instance.created_from_text,"{'position': {'x': 167.109375, 'y': 87}, 'screen_position': {'x': 229, 'y': 130}, 'board_type': 'advanced', 'session_id': '9b200cbe-6fff-4d2a-845e-ad426c3baeb2', 'user_id': 'P5'}",5
2000-01-01 07:35:52,,instance.created_from_text,"{'position': {'x': 128.109375, 'y': 51}, 'screen_position': {'x': 190, 'y': 94}, 'board_type': 'advanced', 'session_id': '9b200cbe-6fff-4d2a-845e-ad426c3baeb2', 'user_id': 'P5'}",5
2000-01-01 07:36:30,,instance.created_from_text,"{'position': {'x': 161.109375, 'y': 88}, 'screen_position': {'x': 223, 'y': 131}, 'board_type': 'advanced', 'session_id': '9b200cbe-6fff-4d2a-845e-ad426c3baeb2', 'user_id': 'P5'}",5
2000-01-01 07:37:26,,api.generate_image.succeeded,"{'global_caption': 'a scene featuring a male person wearing a white shirt, beige pants, black shoes, and a silver clock, facing forward, a forward-facing female wearing a white, flower-covered shirt, blue shorts, and black slippers, holding silver luggage with her right hand and take-out coffee with her left hand, a male person wearing beige shorts and a blue shirt and black sneakers while facing forward with his hands in the pockets of his shorts, a forward-facing female person wearing a flower-covered dress and brown slippers, holding a black camera with her right hand and a beige hat with her left hand, a black camera, a beige hat, silver luggage, and take-out coffee.', 'region_count': 8, 'has_image': True, 'detected_objects_count': 4, 'image_path': 'output/P5/2025-08-19_07-37-26/image.png', 'image_with_layout_path': 'output/P5/2025-08-19_07-37-26/image_with_layout.png', 'timestamp_dir': 'output/P5/2025-08-19_07-37-26', 'session_id': '9b200cbe-6fff-4d2a-845e-ad426c3baeb2', 'user_id': 'P5'}",5
2000-01-01 07:38:21,instance-0a5ac473-44cc-412c-bafb-cf414c799b3c,instance.updated,"{'instance_id': 'instance-0a5ac473-44cc-412c-bafb-cf414c799b3c', 'instance_label': 'Female person', 'text_changed': False, 'graph_changed': True, 'session_id': '9b200cbe-6fff-4d2a-845e-ad426c3baeb2', 'user_id': 'P5'}",5
2000-01-01 07:38:50,,api.generate_image.succeeded,"{'global_caption': 'a scene featuring a male person wearing a white shirt, beige pants, black shoes, and a silver clock, facing forward, a forward-facing female wearing a white, flower-covered shirt, blue shorts, and black slippers, holding silver luggage with her right hand and take-out coffee with her left hand, a male person wearing beige shorts and a blue shirt and black sneakers while facing forward with his hands in the pockets of his shorts, a forward-facing female person wearing a blue dress and brown slippers, holding a black camera with her right hand and a beige hat with her left hand, together with a black camera, a beige hat, silver luggage, and take-out coffee.', 'region_count': 8, 'has_image': True, 'detected_objects_count': 4, 'image_path': 'output/P5/2025-08-19_07-38-50/image.png', 'image_with_layout_path': 'output/P5/2025-08-19_07-38-50/image_with_layout.png', 'timestamp_dir': 'output/P5/2025-08-19_07-38-50', 'session_id': '9b200cbe-6fff-4d2a-845e-ad426c3baeb2', 'user_id': 'P5'}",5
2000-01-01 05:31:30,,instance.created_from_text,"{'position': {'x': 123.8125, 'y': 437.5}, 'screen_position': {'x': 182, 'y': 473}, 'board_type': 'advanced', 'session_id': '068230a3-a4f5-4548-a76e-f1f14dd2eb25', 'user_id': 'P6'}",6
2000-01-01 05:31:49,,instance.created_from_text,"{'position': {'x': 164.8125, 'y': 190.5}, 'screen_position': {'x': 223, 'y': 226}, 'board_type': 'advanced', 'session_id': '068230a3-a4f5-4548-a76e-f1f14dd2eb25', 'user_id': 'P6'}",6
2000-01-01 05:32:23,,instance.created_from_text,"{'position': {'x': 358.8125, 'y': 347.5}, 'screen_position': {'x': 417, 'y': 383}, 'board_type': 'advanced', 'session_id': '068230a3-a4f5-4548-a76e-f1f14dd2eb25', 'user_id': 'P6'}",6
2000-01-01 05:32:58,,instance.created_from_text,"{'position': {'x': 404.8125, 'y': 311.5}, 'screen_position': {'x': 463, 'y': 347}, 'board_type': 'advanced', 'session_id': '068230a3-a4f5-4548-a76e-f1f14dd2eb25', 'user_id': 'P6'}",6
2000-01-01 05:33:51,,instance.created_from_text,"{'position': {'x': 382.8125, 'y': 223.5}, 'screen_position': {'x': 441, 'y': 259}, 'board_type': 'advanced', 'session_id': '068230a3-a4f5-4548-a76e-f1f14dd2eb25', 'user_id': 'P6'}",6
2000-01-01 05:35:09,,instance.created_from_text,"{'position': {'x': 221.8125, 'y': 448.5}, 'screen_position': {'x': 280, 'y': 484}, 'board_type': 'advanced', 'session_id': '068230a3-a4f5-4548-a76e-f1f14dd2eb25', 'user_id': 'P6'}",6
2000-01-01 05:35:15,,api.generate_image.succeeded,"{'global_caption': 'a scene featuring an old guy wearing a black hat, a woman wearing a dress, a man wearing a blue shirt and beige shorts, a girl wearing a pink shirt and white pants holding a brown teddy bear and a yellow balloon, and a black sedan car.', 'region_count': 5, 'has_image': True, 'detected_objects_count': 6, 'image_path': 'output/P6/2025-08-20_05-35-13/image.png', 'image_with_layout_path': 'output/P6/2025-08-20_05-35-13/image_with_layout.png', 'timestamp_dir': 'output/P6/2025-08-20_05-35-13', 'session_id': '068230a3-a4f5-4548-a76e-f1f14dd2eb25', 'user_id': 'P6'}",6
2000-01-01 05:35:41,,instance.created_from_text,"{'position': {'x': 304.8125, 'y': 202.5}, 'screen_position': {'x': 363, 'y': 238}, 'board_type': 'advanced', 'session_id': '068230a3-a4f5-4548-a76e-f1f14dd2eb25', 'user_id': 'P6'}",6
2000-01-01 05:36:25,9bb23018-1bb1-42f9-bcf3-b1f8a4b96c0d,instance.created_from_detection,"{'instanceId': '9bb23018-1bb1-42f9-bcf3-b1f8a4b96c0d', 'label': 'Balloon', 'originalObjectLabel': 'sports ball', 'session_id': '068230a3-a4f5-4548-a76e-f1f14dd2eb25', 'user_id': 'P6'}",6
2000-01-01 05:38:24,instance-21690d00-88f8-42d5-a3ef-bb763b170ad6,instance.updated,"{'instance_id': 'instance-21690d00-88f8-42d5-a3ef-bb763b170ad6', 'instance_label': 'woman', 'text_changed': False, 'graph_changed': True, 'session_id': '068230a3-a4f5-4548-a76e-f1f14dd2eb25', 'user_id': 'P6'}",6
2000-01-01 05:38:35,instance-21690d00-88f8-42d5-a3ef-bb763b170ad6,instance.updated,"{'instance_id': 'instance-21690d00-88f8-42d5-a3ef-bb763b170ad6', 'instance_label': 'woman', 'text_changed': True, 'graph_changed': False, 'session_id': '068230a3-a4f5-4548-a76e-f1f14dd2eb25', 'user_id': 'P6'}",6
2000-01-01 05:38:46,instance-21690d00-88f8-42d5-a3ef-bb763b170ad6,instance.updated,"{'instance_id': 'instance-21690d00-88f8-42d5-a3ef-bb763b170ad6', 'instance_label': 'woman', 'text_changed': True, 'graph_changed': False, 'session_id': '068230a3-a4f5-4548-a76e-f1f14dd2eb25', 'user_id': 'P6'}",6
2000-01-01 05:39:07,instance-4365bf88-167a-4de5-b58e-9145d8d18d10,instance.updated,"{'instance_id': 'instance-4365bf88-167a-4de5-b58e-9145d8d18d10', 'instance_label': 'man', 'text_changed': True, 'graph_changed': False, 'session_id': '068230a3-a4f5-4548-a76e-f1f14dd2eb25', 'user_id': 'P6'}",6
2000-01-01 05:39:44,,api.generate_image.succeeded,"{'global_caption': 'a scene featuring an old guy wearing a black hat, a young adult woman wearing a dress facing front, a young adult man wearing a blue shirt and beige shorts facing front, wearing sandals, holding a basket and a bottle, a girl holding a brown teddy bear and a yellow balloon wearing a pink shirt and white pants, a black sedan car, a basket, water bottles, and a bright yellow balloon with a smooth surface.', 'region_count': 8, 'has_image': True, 'detected_objects_count': 9, 'image_path': 'output/P6/2025-08-20_05-39-43/image.png', 'image_with_layout_path': 'output/P6/2025-08-20_05-39-43/image_with_layout.png', 'timestamp_dir': 'output/P6/2025-08-20_05-39-43', 'session_id': '068230a3-a4f5-4548-a76e-f1f14dd2eb25', 'user_id': 'P6'}",6
2000-01-01 05:41:04,instance-5b743006-4108-45c6-8509-a9b5d437a671,instance.updated,"{'instance_id': 'instance-5b743006-4108-45c6-8509-a9b5d437a671', 'instance_label': 'car', 'text_changed': True, 'graph_changed': False, 'session_id': '068230a3-a4f5-4548-a76e-f1f14dd2eb25', 'user_id': 'P6'}",6
2000-01-01 05:41:35,,api.generate_image.succeeded,"{'global_caption': 'a scene featuring an old guy wearing a black hat walking, a young adult woman wearing a dress facing front, a young adult man wearing a blue shirt and beige shorts facing front, wearing sandals, holding a basket and a bottle, a girl holding a brown teddy bear and a yellow balloon, wearing a pink shirt and white pants, a black sedan car parked facing right, a basket, water bottles, and a bright yellow balloon with a smooth surface.', 'region_count': 8, 'has_image': True, 'detected_objects_count': 8, 'image_path': 'output/P6/2025-08-20_05-41-34/image.png', 'image_with_layout_path': 'output/P6/2025-08-20_05-41-34/image_with_layout.png', 'timestamp_dir': 'output/P6/2025-08-20_05-41-34', 'session_id': '068230a3-a4f5-4548-a76e-f1f14dd2eb25', 'user_id': 'P6'}",6
2000-01-01 05:42:12,instance-e3a15c33-9cc1-4d0f-a07f-f4516ea6d13c,object_node.extract.confirmed,"{'object_id': 'object2', 'object_name': 'teddy bear', 'parent_instance_id': 'instance-e3a15c33-9cc1-4d0f-a07f-f4516ea6d13c', 'session_id': '068230a3-a4f5-4548-a76e-f1f14dd2eb25', 'user_id': 'P6'}",6
2000-01-01 05:43:05,,api.generate_image.succeeded,"{'global_caption': 'a scene featuring an old guy wearing a black hat walking, a young adult woman wearing a dress facing front, a young adult man wearing a blue shirt and beige shorts facing front, wearing sandals, holding a basket and a bottle, a girl wearing a pink shirt and white pants holding a yellow balloon and a brown teddy bear, a black sedan car parked facing right, a basket, water bottles, and a bright yellow balloon with a smooth surface.', 'region_count': 9, 'has_image': True, 'detected_objects_count': 6, 'image_path': 'output/P6/2025-08-20_05-43-03/image.png', 'image_with_layout_path': 'output/P6/2025-08-20_05-43-03/image_with_layout.png', 'timestamp_dir': 'output/P6/2025-08-20_05-43-03', 'session_id': '068230a3-a4f5-4548-a76e-f1f14dd2eb25', 'user_id': 'P6'}",6
2000-01-01 05:43:38,instance-49cff053-e1ac-4608-9a54-49b3f60e27c8,instance.updated,"{'instance_id': 'instance-49cff053-e1ac-4608-9a54-49b3f60e27c8', 'instance_label': 'bottle', 'text_changed': True, 'graph_changed': False, 'session_id': '068230a3-a4f5-4548-a76e-f1f14dd2eb25', 'user_id': 'P6'}",6
2000-01-01 05:43:52,instance-49cff053-e1ac-4608-9a54-49b3f60e27c8,instance.updated,"{'instance_id': 'instance-49cff053-e1ac-4608-9a54-49b3f60e27c8', 'instance_label': 'bottle', 'text_changed': True, 'graph_changed': False, 'session_id': '068230a3-a4f5-4548-a76e-f1f14dd2eb25', 'user_id': 'P6'}",6
2000-01-01 05:44:03,instance-49cff053-e1ac-4608-9a54-49b3f60e27c8,object_node.extract.confirmed,"{'object_id': 'object3', 'object_name': 'tray', 'parent_instance_id': 'instance-49cff053-e1ac-4608-9a54-49b3f60e27c8', 'session_id': '068230a3-a4f5-4548-a76e-f1f14dd2eb25', 'user_id': 'P6'}",6
2000-01-01 05:45:01,,api.generate_image.succeeded,"{'global_caption': 'a scene featuring an old guy wearing a black hat walking, a young adult woman wearing a dress facing front, a young adult man wearing a blue shirt and beige shorts facing front, wearing sandals, holding a basket and a tray, a girl wearing a pink shirt and white pants holding a yellow balloon and a brown teddy bear, a parked black sedan car facing right, a basket, a set with a bottle of water on a tray, and a bright yellow balloon with a smooth surface.', 'region_count': 10, 'has_image': True, 'detected_objects_count': 5, 'image_path': 'output/P6/2025-08-20_05-45-00/image.png', 'image_with_layout_path': 'output/P6/2025-08-20_05-45-00/image_with_layout.png', 'timestamp_dir': 'output/P6/2025-08-20_05-45-00', 'session_id': '068230a3-a4f5-4548-a76e-f1f14dd2eb25', 'user_id': 'P6'}",6
2000-01-01 05:46:11,class-a9bddebf-4e88-44cf-a7a2-5893508a6b92,class.created,"{'class_id': 'class-a9bddebf-4e88-44cf-a7a2-5893508a6b92', 'class_name': 'girl Class', 'placeholder_count': 4, 'created_from': 'girl', 'session_id': '068230a3-a4f5-4548-a76e-f1f14dd2eb25', 'user_id': 'P6'}",6
2000-01-01 05:46:43,class-4d379b48-bcaf-45ea-acf4-6efaad0e7a71,class.created,"{'class_id': 'class-4d379b48-bcaf-45ea-acf4-6efaad0e7a71', 'class_name': 'man Class', 'placeholder_count': 4, 'created_from': 'man', 'session_id': '068230a3-a4f5-4548-a76e-f1f14dd2eb25', 'user_id': 'P6'}",6
2000-01-01 05:47:50,instance-ecb85f69-9f7b-41a1-b95b-d4b4fb39f31f,instance.created_from_class,"{'instance_id': 'instance-ecb85f69-9f7b-41a1-b95b-d4b4fb39f31f', 'class_id': 'class-4d379b48-bcaf-45ea-acf4-6efaad0e7a71', 'instance_label': 'Old man', 'has_text_description': True, 'session_id': '068230a3-a4f5-4548-a76e-f1f14dd2eb25', 'user_id': 'P6'}",6
2000-01-01 05:48:18,instance-ecb85f69-9f7b-41a1-b95b-d4b4fb39f31f,instance.updated,"{'instance_id': 'instance-ecb85f69-9f7b-41a1-b95b-d4b4fb39f31f', 'instance_label': 'Old man', 'text_changed': False, 'graph_changed': True, 'session_id': '068230a3-a4f5-4548-a76e-f1f14dd2eb25', 'user_id': 'P6'}",6
2000-01-01 05:48:53,,api.generate_image.succeeded,"{'global_caption': 'a scene featuring an old man wearing a gray vest, black pants, and black shoes facing front, a young adult woman wearing a dress facing front, a young adult man wearing a blue shirt and beige shorts facing front, wearing sandals, holding a basket and a tray, a girl wearing a pink shirt and white pants holding a yellow balloon and a brown teddy bear, a parked black sedan car facing right, a basket, a set with a bottle of water on a tray, a bright yellow balloon with a smooth surface, and a brown teddy bear.', 'region_count': 10, 'has_image': True, 'detected_objects_count': 5, 'image_path': 'output/P6/2025-08-20_05-48-52/image.png', 'image_with_layout_path': 'output/P6/2025-08-20_05-48-52/image_with_layout.png', 'timestamp_dir': 'output/P6/2025-08-20_05-48-52', 'session_id': '068230a3-a4f5-4548-a76e-f1f14dd2eb25', 'user_id': 'P6'}",6
2000-01-01 05:49:24,instance-ecb85f69-9f7b-41a1-b95b-d4b4fb39f31f,instance.updated,"{'instance_id': 'instance-ecb85f69-9f7b-41a1-b95b-d4b4fb39f31f', 'instance_label': 'Old man', 'text_changed': False, 'graph_changed': True, 'session_id': '068230a3-a4f5-4548-a76e-f1f14dd2eb25', 'user_id': 'P6'}",6
2000-01-01 11:08:24,,instance.created_from_text,"{'position': {'x': 57.447914123535156, 'y': 304.44791412353516}, 'screen_position': {'x': 120, 'y': 347}, 'board_type': 'advanced', 'session_id': 'f4f51ef5-bb84-4469-a68f-04a3780fd0af', 'user_id': 'P7'}",7
2000-01-01 11:12:28,instance-e31a7f32-eead-426d-b28e-f76cad91bda6,instance.updated,"{'instance_id': 'instance-e31a7f32-eead-426d-b28e-f76cad91bda6', 'instance_label': 'man', 'text_changed': False, 'graph_changed': True, 'session_id': 'f4f51ef5-bb84-4469-a68f-04a3780fd0af', 'user_id': 'P7'}",7
2000-01-01 11:12:33,class-2773a934-f8f1-4be0-b7ea-b898f9402485,class.created,"{'class_id': 'class-2773a934-f8f1-4be0-b7ea-b898f9402485', 'class_name': 'man Class', 'placeholder_count': 5, 'created_from': 'man', 'session_id': 'f4f51ef5-bb84-4469-a68f-04a3780fd0af', 'user_id': 'P7'}",7
2000-01-01 11:14:20,instance-45b6c4d0-7b0f-467c-8c05-028ebf2b7812,instance.created_from_class,"{'instance_id': 'instance-45b6c4d0-7b0f-467c-8c05-028ebf2b7812', 'class_id': 'class-2773a934-f8f1-4be0-b7ea-b898f9402485', 'instance_label': 'Woman', 'has_text_description': True, 'session_id': 'f4f51ef5-bb84-4469-a68f-04a3780fd0af', 'user_id': 'P7'}",7
2000-01-01 11:16:13,instance-329fa7cb-e216-4f66-a5a4-7381a3751f8f,instance.created_from_class,"{'instance_id': 'instance-329fa7cb-e216-4f66-a5a4-7381a3751f8f', 'class_id': 'class-2773a934-f8f1-4be0-b7ea-b898f9402485', 'instance_label': 'Man', 'has_text_description': True, 'session_id': 'f4f51ef5-bb84-4469-a68f-04a3780fd0af', 'user_id': 'P7'}",7
2000-01-01 11:18:17,instance-329fa7cb-e216-4f66-a5a4-7381a3751f8f,instance.updated,"{'instance_id': 'instance-329fa7cb-e216-4f66-a5a4-7381a3751f8f', 'instance_label': 'Man', 'text_changed': False, 'graph_changed': True, 'session_id': 'f4f51ef5-bb84-4469-a68f-04a3780fd0af', 'user_id': 'P7'}",7
2000-01-01 11:20:44,instance-40a5bd78-e6a3-4927-bc48-c5e3ba5410b9,instance.created_from_class,"{'instance_id': 'instance-40a5bd78-e6a3-4927-bc48-c5e3ba5410b9', 'class_id': 'class-2773a934-f8f1-4be0-b7ea-b898f9402485', 'instance_label': 'Girl', 'has_text_description': True, 'session_id': 'f4f51ef5-bb84-4469-a68f-04a3780fd0af', 'user_id': 'P7'}",7
2000-01-01 11:22:18,instance-40a5bd78-e6a3-4927-bc48-c5e3ba5410b9,instance.updated,"{'instance_id': 'instance-40a5bd78-e6a3-4927-bc48-c5e3ba5410b9', 'instance_label': 'Girl', 'text_changed': False, 'graph_changed': True, 'session_id': 'f4f51ef5-bb84-4469-a68f-04a3780fd0af', 'user_id': 'P7'}",7
2000-01-01 11:23:24,,instance.created_from_text,"{'position': {'x': 175.44791412353516, 'y': 109.44791412353516}, 'screen_position': {'x': 238, 'y': 152}, 'board_type': 'advanced', 'session_id': 'f4f51ef5-bb84-4469-a68f-04a3780fd0af', 'user_id': 'P7'}",7
2000-01-01 11:23:27,,instance.created_from_text,"{'position': {'x': 186.44791412353516, 'y': 146.44791412353516}, 'screen_position': {'x': 249, 'y': 189}, 'board_type': 'advanced', 'session_id': 'f4f51ef5-bb84-4469-a68f-04a3780fd0af', 'user_id': 'P7'}",7
2000-01-01 11:24:55,,instance.created_from_text,"{'position': {'x': 38.447914123535156, 'y': 41.447914123535156}, 'screen_position': {'x': 101, 'y': 84}, 'board_type': 'advanced', 'session_id': 'f4f51ef5-bb84-4469-a68f-04a3780fd0af', 'user_id': 'P7'}",7
2000-01-01 11:26:17,instance-558efcbb-ae2f-4733-a049-1a3fa61f3557,object_node.extract.confirmed,"{'object_id': 'object3', 'object_name': 'car', 'parent_instance_id': 'instance-558efcbb-ae2f-4733-a049-1a3fa61f3557', 'session_id': 'f4f51ef5-bb84-4469-a68f-04a3780fd0af', 'user_id': 'P7'}",7
2000-01-01 11:26:34,instance-558efcbb-ae2f-4733-a049-1a3fa61f3557,object_node.extract.confirmed,"{'object_id': 'object4', 'object_name': 'lamp', 'parent_instance_id': 'instance-558efcbb-ae2f-4733-a049-1a3fa61f3557', 'session_id': 'f4f51ef5-bb84-4469-a68f-04a3780fd0af', 'user_id': 'P7'}",7
2000-01-01 11:27:44,,api.generate_image.succeeded,"{'global_caption': 'a scene featuring an old white man wearing a grey cardigan, a white shirt, black pants, and a black artist-style hat, looking at a girl related to a woman, a brown-haired woman in a flower-patterned dress holding a box, a brown-haired man in a bright blue polo T-shirt and brown short pants holding a tray with a bunch of water bottles and a box, a black-haired girl in a bright pink tank top and a white dress wearing pink shoes and holding a yellow balloon connected to a cute teddy bear, a brown picnic box, a street with a black lot tree, a black car, and a lamp on the street.', 'region_count': 8, 'has_image': True, 'detected_objects_count': 8, 'image_path': 'output/P7/2025-08-20_11-27-44/image.png', 'image_with_layout_path': 'output/P7/2025-08-20_11-27-44/image_with_layout.png', 'timestamp_dir': 'output/P7/2025-08-20_11-27-44', 'session_id': 'f4f51ef5-bb84-4469-a68f-04a3780fd0af', 'user_id': 'P7'}",7
2000-01-01 11:30:06,instance-40a5bd78-e6a3-4927-bc48-c5e3ba5410b9,instance.updated,"{'instance_id': 'instance-40a5bd78-e6a3-4927-bc48-c5e3ba5410b9', 'instance_label': 'Girl', 'text_changed': False, 'graph_changed': True, 'session_id': 'f4f51ef5-bb84-4469-a68f-04a3780fd0af', 'user_id': 'P7'}",7
2000-01-01 11:30:45,instance-6ffd5387-af2a-4369-9be4-335c324b442f,instance.updated,"{'instance_id': 'instance-6ffd5387-af2a-4369-9be4-335c324b442f', 'instance_label': 'car', 'text_changed': False, 'graph_changed': True, 'session_id': 'f4f51ef5-bb84-4469-a68f-04a3780fd0af', 'user_id': 'P7'}",7
2000-01-01 11:31:18,instance-329fa7cb-e216-4f66-a5a4-7381a3751f8f,instance.updated,"{'instance_id': 'instance-329fa7cb-e216-4f66-a5a4-7381a3751f8f', 'instance_label': 'Man', 'text_changed': False, 'graph_changed': True, 'session_id': 'f4f51ef5-bb84-4469-a68f-04a3780fd0af', 'user_id': 'P7'}",7
2000-01-01 11:31:53,instance-e31a7f32-eead-426d-b28e-f76cad91bda6,instance.updated,"{'instance_id': 'instance-e31a7f32-eead-426d-b28e-f76cad91bda6', 'instance_label': 'man', 'text_changed': True, 'graph_changed': False, 'session_id': 'f4f51ef5-bb84-4469-a68f-04a3780fd0af', 'user_id': 'P7'}",7
2000-01-01 11:32:22,instance-329fa7cb-e216-4f66-a5a4-7381a3751f8f,instance.updated,"{'instance_id': 'instance-329fa7cb-e216-4f66-a5a4-7381a3751f8f', 'instance_label': 'Man', 'text_changed': False, 'graph_changed': True, 'session_id': 'f4f51ef5-bb84-4469-a68f-04a3780fd0af', 'user_id': 'P7'}",7
2000-01-01 11:32:51,instance-558efcbb-ae2f-4733-a049-1a3fa61f3557,instance.updated,"{'instance_id': 'instance-558efcbb-ae2f-4733-a049-1a3fa61f3557', 'instance_label': 'street', 'text_changed': False, 'graph_changed': True, 'session_id': 'f4f51ef5-bb84-4469-a68f-04a3780fd0af', 'user_id': 'P7'}",7
2000-01-01 11:33:21,,api.generate_image.succeeded,"{'global_caption': 'a scene featuring an old white man wearing a grey cardigan, a white shirt, black pants, and a black artist-style hat, holding nothing related to a woman while looking at a girl, a brown-haired woman in a flower-patterned dress holding a box, a young brown-haired man in a bright blue polo T-shirt and brown short pants holding a tray with a bunch of water bottles in one hand, wearing brown sandals, while holding a box, a black-haired girl in a bright pink tank top and a white skirt wearing pink shoes and holding a yellow balloon connected to a cute teddy bear, a brown picnic box, a street with a black tree, a black car parked beside the street and viewed from the side, and a lamp on the street.', 'region_count': 8, 'has_image': True, 'detected_objects_count': 5, 'image_path': 'output/P7/2025-08-20_11-33-21/image.png', 'image_with_layout_path': 'output/P7/2025-08-20_11-33-21/image_with_layout.png', 'timestamp_dir': 'output/P7/2025-08-20_11-33-21', 'session_id': 'f4f51ef5-bb84-4469-a68f-04a3780fd0af', 'user_id': 'P7'}",7
2000-01-01 11:35:32,instance-558efcbb-ae2f-4733-a049-1a3fa61f3557,instance.updated,"{'instance_id': 'instance-558efcbb-ae2f-4733-a049-1a3fa61f3557', 'instance_label': 'street', 'text_changed': False, 'graph_changed': True, 'session_id': 'f4f51ef5-bb84-4469-a68f-04a3780fd0af', 'user_id': 'P7'}",7
2000-01-01 11:36:52,instance-40a5bd78-e6a3-4927-bc48-c5e3ba5410b9,object_node.extract.confirmed,"{'object_id': 'object6', 'object_name': 'teddy bear', 'parent_instance_id': 'instance-40a5bd78-e6a3-4927-bc48-c5e3ba5410b9', 'session_id': 'f4f51ef5-bb84-4469-a68f-04a3780fd0af', 'user_id': 'P7'}",7
2000-01-01 11:37:05,instance-40a5bd78-e6a3-4927-bc48-c5e3ba5410b9,object_node.extract.confirmed,"{'object_id': 'object4', 'object_name': 'balloon', 'parent_instance_id': 'instance-40a5bd78-e6a3-4927-bc48-c5e3ba5410b9', 'session_id': 'f4f51ef5-bb84-4469-a68f-04a3780fd0af', 'user_id': 'P7'}",7
2000-01-01 11:38:19,instance-e31a7f32-eead-426d-b28e-f76cad91bda6,instance.updated,"{'instance_id': 'instance-e31a7f32-eead-426d-b28e-f76cad91bda6', 'instance_label': 'man', 'text_changed': False, 'graph_changed': True, 'session_id': 'f4f51ef5-bb84-4469-a68f-04a3780fd0af', 'user_id': 'P7'}",7
2000-01-01 11:38:49,,api.generate_image.succeeded,"{'global_caption': 'a scene featuring a brown-haired woman in a flower-patterned dress holding a box, a young brown-haired man in a bright blue polo T-shirt and brown short pants holding a tray with a bunch of water bottles with one hand, and wearing brown sandals while holding a box, a black-haired girl in a bright pink tank top and a white skirt wearing pink shoes holding a cute teddy bear and a yellow balloon, a brown picnic box, a street with many trees, a black car parked beside the street and viewed from the side, and a lamp on the street.', 'region_count': 9, 'has_image': True, 'detected_objects_count': 6, 'image_path': 'output/P7/2025-08-20_11-38-48/image.png', 'image_with_layout_path': 'output/P7/2025-08-20_11-38-48/image_with_layout.png', 'timestamp_dir': 'output/P7/2025-08-20_11-38-48', 'session_id': 'f4f51ef5-bb84-4469-a68f-04a3780fd0af', 'user_id': 'P7'}",7
2000-01-01 11:40:25,,api.generate_image.succeeded,"{'global_caption': 'a scene featuring a brown-haired woman in a flower-patterned dress holding a box, a young brown-haired man in a bright blue polo T-shirt and brown short pants holding a tray with a bunch of water bottles with one hand, and wearing brown sandals while holding a box, a black-haired girl in a bright pink tank top and a white skirt wearing pink shoes holding a cute teddy bear and a yellow balloon, a brown picnic box, a street with many trees, a black car parked beside the street and viewed from the side, and a lamp on the street.', 'region_count': 9, 'has_image': True, 'detected_objects_count': 8, 'image_path': 'output/P7/2025-08-20_11-40-24/image.png', 'image_with_layout_path': 'output/P7/2025-08-20_11-40-24/image_with_layout.png', 'timestamp_dir': 'output/P7/2025-08-20_11-40-24', 'session_id': 'f4f51ef5-bb84-4469-a68f-04a3780fd0af', 'user_id': 'P7'}",7
2000-01-01 01:57:30,,instance.created_from_text,"{'position': {'x': 215.1433868408203, 'y': 401.83823585510254}, 'screen_position': {'x': 277, 'y': 425}, 'board_type': 'advanced', 'session_id': 'd0d84f7d-149a-4397-8b5d-f46fc4be03ed', 'user_id': 'P8'}",8
2000-01-01 02:01:35,instance-7e23c39d-2035-4297-84b7-23cc3107a123,instance.updated,"{'instance_id': 'instance-7e23c39d-2035-4297-84b7-23cc3107a123', 'instance_label': 'woman', 'text_changed': False, 'graph_changed': True, 'session_id': 'd0d84f7d-149a-4397-8b5d-f46fc4be03ed', 'user_id': 'P8'}",8
2000-01-01 02:01:38,class-c2170d6a-2c5a-4f2c-b1a3-49d2788b2098,class.created,"{'class_id': 'class-c2170d6a-2c5a-4f2c-b1a3-49d2788b2098', 'class_name': 'woman Class', 'placeholder_count': 6, 'created_from': 'woman', 'session_id': 'd0d84f7d-149a-4397-8b5d-f46fc4be03ed', 'user_id': 'P8'}",8
2000-01-01 02:03:04,,instance.created_from_text,"{'position': {'x': 205.71323776245117, 'y': 435.83823585510254}, 'screen_position': {'x': 267, 'y': 459}, 'board_type': 'advanced', 'session_id': 'd0d84f7d-149a-4397-8b5d-f46fc4be03ed', 'user_id': 'P8'}",8
2000-01-01 02:06:57,instance-d3274642-0337-44f0-a41e-92f277f500d8,instance.updated,"{'instance_id': 'instance-d3274642-0337-44f0-a41e-92f277f500d8', 'instance_label': 'man', 'text_changed': False, 'graph_changed': True, 'session_id': 'd0d84f7d-149a-4397-8b5d-f46fc4be03ed', 'user_id': 'P8'}",8
2000-01-01 02:07:35,class-22d2d68c-d352-4b54-a34d-e9a3be560bac,class.created,"{'class_id': 'class-22d2d68c-d352-4b54-a34d-e9a3be560bac', 'class_name': 'man Class', 'placeholder_count': 7, 'created_from': 'man', 'session_id': 'd0d84f7d-149a-4397-8b5d-f46fc4be03ed', 'user_id': 'P8'}",8
2000-01-01 02:08:36,instance-d4182ba4-5575-43ff-a6d6-42af1b4144aa,instance.created_from_class,"{'instance_id': 'instance-d4182ba4-5575-43ff-a6d6-42af1b4144aa', 'class_id': 'class-22d2d68c-d352-4b54-a34d-e9a3be560bac', 'instance_label': 'Man', 'has_text_description': True, 'session_id': 'd0d84f7d-149a-4397-8b5d-f46fc4be03ed', 'user_id': 'P8'}",8
2000-01-01 02:10:00,instance-d4182ba4-5575-43ff-a6d6-42af1b4144aa,instance.updated,"{'instance_id': 'instance-d4182ba4-5575-43ff-a6d6-42af1b4144aa', 'instance_label': 'Man', 'text_changed': False, 'graph_changed': True, 'session_id': 'd0d84f7d-149a-4397-8b5d-f46fc4be03ed', 'user_id': 'P8'}",8
2000-01-01 02:12:42,instance-2d3487c7-3a18-45ab-85ab-b65b4ceaa1ba,instance.created_from_class,"{'instance_id': 'instance-2d3487c7-3a18-45ab-85ab-b65b4ceaa1ba', 'class_id': 'class-22d2d68c-d352-4b54-a34d-e9a3be560bac', 'instance_label': 'Woman', 'has_text_description': True, 'session_id': 'd0d84f7d-149a-4397-8b5d-f46fc4be03ed', 'user_id': 'P8'}",8
2000-01-01 02:13:34,instance-2d3487c7-3a18-45ab-85ab-b65b4ceaa1ba,instance.updated,"{'instance_id': 'instance-2d3487c7-3a18-45ab-85ab-b65b4ceaa1ba', 'instance_label': 'Woman', 'text_changed': False, 'graph_changed': True, 'session_id': 'd0d84f7d-149a-4397-8b5d-f46fc4be03ed', 'user_id': 'P8'}",8
2000-01-01 02:14:52,,instance.created_from_text,"{'position': {'x': 81.71323776245117, 'y': 32.83823585510254}, 'screen_position': {'x': 143, 'y': 56}, 'board_type': 'advanced', 'session_id': 'd0d84f7d-149a-4397-8b5d-f46fc4be03ed', 'user_id': 'P8'}",8
2000-01-01 02:17:12,,api.generate_image.succeeded,"{'global_caption': 'a scene featuring a woman taking a picture with her camera, wearing a sky blue sleeveless one-piece and white slippers, holding a new object; a man wearing sunglasses and a white shirt, beige pants, black shoes, and a wristwatch holding a paper map, looking at the woman; a man wearing sunglasses, a green t-shirt, beige short pants, and black shoes with his hands in the pockets of his pants and wearing a wristwatch, looking at the woman; a woman wearing sunglasses, a pink and sky blue flower-patterned blouse, jeans, and black slippers holding a red coffee cup and luggage, looking at the woman; and a street of a European city with yellow buildings, a palm tree in the corner, and some parasols.', 'region_count': 5, 'has_image': True, 'detected_objects_count': 5, 'image_path': 'output/P8/2025-08-21_02-17-11/image.png', 'image_with_layout_path': 'output/P8/2025-08-21_02-17-11/image_with_layout.png', 'timestamp_dir': 'output/P8/2025-08-21_02-17-11', 'session_id': 'd0d84f7d-149a-4397-8b5d-f46fc4be03ed', 'user_id': 'P8'}",8
2000-01-01 02:18:44,instance-7e23c39d-2035-4297-84b7-23cc3107a123,instance.updated,"{'instance_id': 'instance-7e23c39d-2035-4297-84b7-23cc3107a123', 'instance_label': 'woman', 'text_changed': False, 'graph_changed': True, 'session_id': 'd0d84f7d-149a-4397-8b5d-f46fc4be03ed', 'user_id': 'P8'}",8
2000-01-01 02:19:12,instance-7e23c39d-2035-4297-84b7-23cc3107a123,instance.updated,"{'instance_id': 'instance-7e23c39d-2035-4297-84b7-23cc3107a123', 'instance_label': 'woman', 'text_changed': False, 'graph_changed': True, 'session_id': 'd0d84f7d-149a-4397-8b5d-f46fc4be03ed', 'user_id': 'P8'}",8
2000-01-01 02:20:42,instance-7e23c39d-2035-4297-84b7-23cc3107a123,instance.updated,"{'instance_id': 'instance-7e23c39d-2035-4297-84b7-23cc3107a123', 'instance_label': 'woman', 'text_changed': False, 'graph_changed': True, 'session_id': 'd0d84f7d-149a-4397-8b5d-f46fc4be03ed', 'user_id': 'P8'}",8
2000-01-01 02:21:54,instance-d3274642-0337-44f0-a41e-92f277f500d8,instance.updated,"{'instance_id': 'instance-d3274642-0337-44f0-a41e-92f277f500d8', 'instance_label': 'man', 'text_changed': True, 'graph_changed': False, 'session_id': 'd0d84f7d-149a-4397-8b5d-f46fc4be03ed', 'user_id': 'P8'}",8
2000-01-01 02:22:09,instance-d3274642-0337-44f0-a41e-92f277f500d8,object_node.extract.confirmed,"{'object_id': 'object7', 'object_name': 'paper map', 'parent_instance_id': 'instance-d3274642-0337-44f0-a41e-92f277f500d8', 'session_id': 'd0d84f7d-149a-4397-8b5d-f46fc4be03ed', 'user_id': 'P8'}",8
2000-01-01 02:24:01,instance-d3274642-0337-44f0-a41e-92f277f500d8,instance.updated,"{'instance_id': 'instance-d3274642-0337-44f0-a41e-92f277f500d8', 'instance_label': 'man', 'text_changed': True, 'graph_changed': False, 'session_id': 'd0d84f7d-149a-4397-8b5d-f46fc4be03ed', 'user_id': 'P8'}",8
2000-01-01 02:26:21,instance-d3274642-0337-44f0-a41e-92f277f500d8,instance.updated,"{'instance_id': 'instance-d3274642-0337-44f0-a41e-92f277f500d8', 'instance_label': 'man', 'text_changed': True, 'graph_changed': False, 'session_id': 'd0d84f7d-149a-4397-8b5d-f46fc4be03ed', 'user_id': 'P8'}",8
2000-01-01 02:27:36,instance-d3274642-0337-44f0-a41e-92f277f500d8,instance.updated,"{'instance_id': 'instance-d3274642-0337-44f0-a41e-92f277f500d8', 'instance_label': 'man', 'text_changed': False, 'graph_changed': True, 'session_id': 'd0d84f7d-149a-4397-8b5d-f46fc4be03ed', 'user_id': 'P8'}",8
2000-01-01 02:30:25,instance-2d3487c7-3a18-45ab-85ab-b65b4ceaa1ba,instance.updated,"{'instance_id': 'instance-2d3487c7-3a18-45ab-85ab-b65b4ceaa1ba', 'instance_label': 'woman', 'text_changed': True, 'graph_changed': False, 'session_id': 'd0d84f7d-149a-4397-8b5d-f46fc4be03ed', 'user_id': 'P8'}",8
2000-01-01 02:31:21,instance-2d3487c7-3a18-45ab-85ab-b65b4ceaa1ba,instance.updated,"{'instance_id': 'instance-2d3487c7-3a18-45ab-85ab-b65b4ceaa1ba', 'instance_label': 'woman', 'text_changed': True, 'graph_changed': False, 'session_id': 'd0d84f7d-149a-4397-8b5d-f46fc4be03ed', 'user_id': 'P8'}",8
2000-01-01 02:32:45,instance-d4182ba4-5575-43ff-a6d6-42af1b4144aa,instance.updated,"{'instance_id': 'instance-d4182ba4-5575-43ff-a6d6-42af1b4144aa', 'instance_label': 'man', 'text_changed': True, 'graph_changed': False, 'session_id': 'd0d84f7d-149a-4397-8b5d-f46fc4be03ed', 'user_id': 'P8'}",8
2000-01-01 02:33:01,instance-d4182ba4-5575-43ff-a6d6-42af1b4144aa,instance.updated,"{'instance_id': 'instance-d4182ba4-5575-43ff-a6d6-42af1b4144aa', 'instance_label': 'man', 'text_changed': False, 'graph_changed': True, 'session_id': 'd0d84f7d-149a-4397-8b5d-f46fc4be03ed', 'user_id': 'P8'}",8
2000-01-01 02:34:06,,api.generate_image.succeeded,"{'global_caption': ""a scene featuring a woman taking a picture of the sky with her camera, wearing a sky blue sleeveless one-piece dress and white slippers, holding a vacation hat and smiling; a cool man with a muscular build wearing sunglasses, a white shirt, beige pants, black men's formal shoes, and a wristwatch, with one hand in his pocket, looking at the woman while holding a paper map; a man wearing a green t-shirt, beige short pants, and black men's formal shoes with his hands in the pockets of his pants and wearing a wristwatch, looking at the woman; a woman wearing a pink and sky blue flower-patterned short-sleeves blouse, short jeans, and black slippers, holding a red coffee cup and luggage, looking at the woman; and a street of a European city with yellow buildings, a palm tree in the corner, and some parasols."", 'region_count': 6, 'has_image': True, 'detected_objects_count': 7, 'image_path': 'output/P8/2025-08-21_02-34-05/image.png', 'image_with_layout_path': 'output/P8/2025-08-21_02-34-05/image_with_layout.png', 'timestamp_dir': 'output/P8/2025-08-21_02-34-05', 'session_id': 'd0d84f7d-149a-4397-8b5d-f46fc4be03ed', 'user_id': 'P8'}",8
2000-01-01 02:35:07,,api.generate_image.succeeded,"{'global_caption': ""a scene featuring a woman taking a picture of the sky with her camera, wearing a sky blue sleeveless one-piece dress and white slippers, holding a vacation hat and smiling; a cool man with a muscular build wearing sunglasses, a white shirt, beige pants, black men's formal shoes, and a wristwatch, with one hand in the pocket of his pants, looking at the woman while holding a paper map; a man wearing a green t-shirt, beige short pants, and black men's formal shoes with his hands in the pockets of his pants and wearing a wristwatch, looking at the woman; a woman wearing a pink and sky blue flower-patterned short-sleeves blouse, short jeans, and black slippers, holding a red coffee cup and luggage, looking at the woman; a street of a European city with yellow buildings, a palm tree in the corner, and some parasols; and a paper map."", 'region_count': 6, 'has_image': True, 'detected_objects_count': 4, 'image_path': 'output/P8/2025-08-21_02-35-06/image.png', 'image_with_layout_path': 'output/P8/2025-08-21_02-35-06/image_with_layout.png', 'timestamp_dir': 'output/P8/2025-08-21_02-35-06', 'session_id': 'd0d84f7d-149a-4397-8b5d-f46fc4be03ed', 'user_id': 'P8'}",8
2000-01-01 13:41:36,,instance.created_from_text,"{'position': {'x': 40.974998474121094, 'y': 310.1999988555908}, 'screen_position': {'x': 103, 'y': 333}, 'board_type': 'advanced', 'session_id': 'b5608c2c-7952-4684-8ef2-38230f78517d', 'user_id': 'P9'}",9
2000-01-01 13:43:59,instance-58d24376-a8cb-4591-b86f-e8bd54e6f01d,object_node.extract.confirmed,"{'object_id': 'object5', 'object_name': 'map', 'parent_instance_id': 'instance-58d24376-a8cb-4591-b86f-e8bd54e6f01d', 'session_id': 'b5608c2c-7952-4684-8ef2-38230f78517d', 'user_id': 'P9'}",9
2000-01-01 13:45:05,instance-58d24376-a8cb-4591-b86f-e8bd54e6f01d,instance.updated,"{'instance_id': 'instance-58d24376-a8cb-4591-b86f-e8bd54e6f01d', 'instance_label': 'man', 'text_changed': False, 'graph_changed': True, 'session_id': 'b5608c2c-7952-4684-8ef2-38230f78517d', 'user_id': 'P9'}",9
2000-01-01 13:45:11,class-4a9d08e5-4f46-4ce0-8d71-1960dfe0b1ef,class.created,"{'class_id': 'class-4a9d08e5-4f46-4ce0-8d71-1960dfe0b1ef', 'class_name': 'man Class', 'placeholder_count': 6, 'created_from': 'man', 'session_id': 'b5608c2c-7952-4684-8ef2-38230f78517d', 'user_id': 'P9'}",9
2000-01-01 13:52:50,instance-beef8619-fc28-46cd-b851-90a20e109c37,instance.created_from_class,"{'instance_id': 'instance-beef8619-fc28-46cd-b851-90a20e109c37', 'class_id': 'class-4a9d08e5-4f46-4ce0-8d71-1960dfe0b1ef', 'instance_label': 'Female', 'has_text_description': True, 'session_id': 'b5608c2c-7952-4684-8ef2-38230f78517d', 'user_id': 'P9'}",9
2000-01-01 13:54:51,instance-beef8619-fc28-46cd-b851-90a20e109c37,instance.updated,"{'instance_id': 'instance-beef8619-fc28-46cd-b851-90a20e109c37', 'instance_label': 'female', 'text_changed': True, 'graph_changed': False, 'session_id': 'b5608c2c-7952-4684-8ef2-38230f78517d', 'user_id': 'P9'}",9
2000-01-01 13:55:47,instance-2b6ddc82-86d6-4893-b115-c1296607becd,instance.created_from_class,"{'instance_id': 'instance-2b6ddc82-86d6-4893-b115-c1296607becd', 'class_id': 'class-4a9d08e5-4f46-4ce0-8d71-1960dfe0b1ef', 'instance_label': 'Man', 'has_text_description': True, 'session_id': 'b5608c2c-7952-4684-8ef2-38230f78517d', 'user_id': 'P9'}",9
2000-01-01 13:56:00,instance-58d24376-a8cb-4591-b86f-e8bd54e6f01d,instance.updated,"{'instance_id': 'instance-58d24376-a8cb-4591-b86f-e8bd54e6f01d', 'instance_label': 'man', 'text_changed': False, 'graph_changed': True, 'session_id': 'b5608c2c-7952-4684-8ef2-38230f78517d', 'user_id': 'P9'}",9
2000-01-01 13:57:07,instance-2b6ddc82-86d6-4893-b115-c1296607becd,instance.updated,"{'instance_id': 'instance-2b6ddc82-86d6-4893-b115-c1296607becd', 'instance_label': 'man', 'text_changed': True, 'graph_changed': False, 'session_id': 'b5608c2c-7952-4684-8ef2-38230f78517d', 'user_id': 'P9'}",9
2000-01-01 13:57:32,instance-beef8619-fc28-46cd-b851-90a20e109c37,object_node.extract.confirmed,"{'object_id': 'object5', 'object_name': 'carriage', 'parent_instance_id': 'instance-beef8619-fc28-46cd-b851-90a20e109c37', 'session_id': 'b5608c2c-7952-4684-8ef2-38230f78517d', 'user_id': 'P9'}",9
2000-01-01 13:59:21,instance-864a2a37-7197-4d2d-859d-609551b1d5d1,instance.created_from_class,"{'instance_id': 'instance-864a2a37-7197-4d2d-859d-609551b1d5d1', 'class_id': 'class-4a9d08e5-4f46-4ce0-8d71-1960dfe0b1ef', 'instance_label': 'Female', 'has_text_description': True, 'session_id': 'b5608c2c-7952-4684-8ef2-38230f78517d', 'user_id': 'P9'}",9
2000-01-01 14:00:32,instance-864a2a37-7197-4d2d-859d-609551b1d5d1,instance.updated,"{'instance_id': 'instance-864a2a37-7197-4d2d-859d-609551b1d5d1', 'instance_label': 'female', 'text_changed': True, 'graph_changed': False, 'session_id': 'b5608c2c-7952-4684-8ef2-38230f78517d', 'user_id': 'P9'}",9
2000-01-01 14:01:15,,api.generate_image.succeeded,"{'global_caption': ""A scene featuring a man wearing a white short-sleeved shirt, reddish-brown pants, and black shoes, with a watch on his left hand and black sunglasses, holding a big map; a female with long hair in a white, short-sleeved, flowery patterned shirt, short jeans, and black sandals, holding a brown passport and carrying a blue carriage; a man in a green short-sleeved t-shirt, reddish-brown pants, and black shoes, with his two hands in his pant's pockets; and a female in a blue sleeveless dress and brown sandals, taking photos with a camera held in her left hand while holding a big straw hat in her right hand."", 'region_count': 6, 'has_image': True, 'detected_objects_count': 4, 'image_path': 'output/P9/2025-08-22_14-01-14/image.png', 'image_with_layout_path': 'output/P9/2025-08-22_14-01-14/image_with_layout.png', 'timestamp_dir': 'output/P9/2025-08-22_14-01-14', 'session_id': 'b5608c2c-7952-4684-8ef2-38230f78517d', 'user_id': 'P9'}",9
2000-01-01 14:01:56,instance-58d24376-a8cb-4591-b86f-e8bd54e6f01d,instance.updated,"{'instance_id': 'instance-58d24376-a8cb-4591-b86f-e8bd54e6f01d', 'instance_label': 'man', 'text_changed': True, 'graph_changed': False, 'session_id': 'b5608c2c-7952-4684-8ef2-38230f78517d', 'user_id': 'P9'}",9
2000-01-01 14:02:19,instance-2b6ddc82-86d6-4893-b115-c1296607becd,instance.updated,"{'instance_id': 'instance-2b6ddc82-86d6-4893-b115-c1296607becd', 'instance_label': 'man', 'text_changed': False, 'graph_changed': True, 'session_id': 'b5608c2c-7952-4684-8ef2-38230f78517d', 'user_id': 'P9'}",9
2000-01-01 14:02:50,instance-2b6ddc82-86d6-4893-b115-c1296607becd,instance.updated,"{'instance_id': 'instance-2b6ddc82-86d6-4893-b115-c1296607becd', 'instance_label': 'man', 'text_changed': True, 'graph_changed': False, 'session_id': 'b5608c2c-7952-4684-8ef2-38230f78517d', 'user_id': 'P9'}",9
2000-01-01 14:03:03,instance-2b6ddc82-86d6-4893-b115-c1296607becd,instance.updated,"{'instance_id': 'instance-2b6ddc82-86d6-4893-b115-c1296607becd', 'instance_label': 'man', 'text_changed': False, 'graph_changed': True, 'session_id': 'b5608c2c-7952-4684-8ef2-38230f78517d', 'user_id': 'P9'}",9
2000-01-01 14:03:20,instance-139cf6dc-f64d-43f7-bbd4-5132db5f632e,instance.updated,"{'instance_id': 'instance-139cf6dc-f64d-43f7-bbd4-5132db5f632e', 'instance_label': 'carriage', 'text_changed': True, 'graph_changed': False, 'session_id': 'b5608c2c-7952-4684-8ef2-38230f78517d', 'user_id': 'P9'}",9
2000-01-01 14:03:30,instance-139cf6dc-f64d-43f7-bbd4-5132db5f632e,instance.updated,"{'instance_id': 'instance-139cf6dc-f64d-43f7-bbd4-5132db5f632e', 'instance_label': 'luggage', 'text_changed': True, 'graph_changed': False, 'session_id': 'b5608c2c-7952-4684-8ef2-38230f78517d', 'user_id': 'P9'}",9
2000-01-01 14:03:56,instance-864a2a37-7197-4d2d-859d-609551b1d5d1,object_node.extract.confirmed,"{'object_id': 'object6', 'object_name': 'hat', 'parent_instance_id': 'instance-864a2a37-7197-4d2d-859d-609551b1d5d1', 'session_id': 'b5608c2c-7952-4684-8ef2-38230f78517d', 'user_id': 'P9'}",9
2000-01-01 14:04:22,instance-864a2a37-7197-4d2d-859d-609551b1d5d1,instance.updated,"{'instance_id': 'instance-864a2a37-7197-4d2d-859d-609551b1d5d1', 'instance_label': 'female', 'text_changed': False, 'graph_changed': True, 'session_id': 'b5608c2c-7952-4684-8ef2-38230f78517d', 'user_id': 'P9'}",9
2000-01-01 14:04:59,,api.generate_image.succeeded,"{'global_caption': ""a scene featuring a man wearing a white short-sleeved shirt, brown pants, and black shoes, with a watch on his left hand and black sunglasses, holding a big map; a female with long hair wearing a white, short-sleeved, flowery patterned shirt, short jeans, and black sandals, holding a brown passport and carrying blue luggage; a man wearing a green short-sleeved t-shirt, brown short pants, and black shoes, putting his two hands in his pant's pockets, not wearing sunglasses; and a female wearing a sky blue sleeveless dress and brown sandals, holding a camera in her hands while holding a big straw hat."", 'region_count': 7, 'has_image': True, 'detected_objects_count': 4, 'image_path': 'output/P9/2025-08-22_14-04-58/image.png', 'image_with_layout_path': 'output/P9/2025-08-22_14-04-58/image_with_layout.png', 'timestamp_dir': 'output/P9/2025-08-22_14-04-58', 'session_id': 'b5608c2c-7952-4684-8ef2-38230f78517d', 'user_id': 'P9'}",9
2000-01-01 14:06:03,instance-2b6ddc82-86d6-4893-b115-c1296607becd,instance.updated,"{'instance_id': 'instance-2b6ddc82-86d6-4893-b115-c1296607becd', 'instance_label': 'man', 'text_changed': True, 'graph_changed': False, 'session_id': 'b5608c2c-7952-4684-8ef2-38230f78517d', 'user_id': 'P9'}",9
2000-01-01 14:06:39,instance-864a2a37-7197-4d2d-859d-609551b1d5d1,instance.updated,"{'instance_id': 'instance-864a2a37-7197-4d2d-859d-609551b1d5d1', 'instance_label': 'female', 'text_changed': True, 'graph_changed': False, 'session_id': 'b5608c2c-7952-4684-8ef2-38230f78517d', 'user_id': 'P9'}",9
2000-01-01 14:07:11,instance-beef8619-fc28-46cd-b851-90a20e109c37,instance.updated,"{'instance_id': 'instance-beef8619-fc28-46cd-b851-90a20e109c37', 'instance_label': 'female', 'text_changed': True, 'graph_changed': False, 'session_id': 'b5608c2c-7952-4684-8ef2-38230f78517d', 'user_id': 'P9'}",9
2000-01-01 14:07:27,instance-58d24376-a8cb-4591-b86f-e8bd54e6f01d,instance.updated,"{'instance_id': 'instance-58d24376-a8cb-4591-b86f-e8bd54e6f01d', 'instance_label': 'man', 'text_changed': True, 'graph_changed': False, 'session_id': 'b5608c2c-7952-4684-8ef2-38230f78517d', 'user_id': 'P9'}",9
2000-01-01 14:07:42,instance-58d24376-a8cb-4591-b86f-e8bd54e6f01d,instance.updated,"{'instance_id': 'instance-58d24376-a8cb-4591-b86f-e8bd54e6f01d', 'instance_label': 'man', 'text_changed': True, 'graph_changed': False, 'session_id': 'b5608c2c-7952-4684-8ef2-38230f78517d', 'user_id': 'P9'}",9
2000-01-01 14:08:39,,api.generate_image.succeeded,"{'global_caption': ""a scene featuring a man wearing a white short-sleeved shirt, brown pants, and black shoes, with a watch on his left hand and black sunglasses, holding a big map; a female with long hair wearing a white, short-sleeved, flowery patterned shirt, short jeans, and black sandals, holding a brown passport and carrying blue luggage; a man wearing a green short-sleeved t-shirt, brown short pants, and black shoes, putting his two hands in his pant's pockets, not wearing sunglasses; and a female wearing a sky blue sleeveless dress and brown sandals, taking a photo with a camera held in her left hands while holding a big straw hat."", 'region_count': 7, 'has_image': True, 'detected_objects_count': 4, 'image_path': 'output/P9/2025-08-22_14-08-38/image.png', 'image_with_layout_path': 'output/P9/2025-08-22_14-08-38/image_with_layout.png', 'timestamp_dir': 'output/P9/2025-08-22_14-08-38', 'session_id': 'b5608c2c-7952-4684-8ef2-38230f78517d', 'user_id': 'P9'}",9
2000-01-01 09:51:39,,instance.created_from_text,"{'position': {'x': 64.578125, 'y': 145}, 'screen_position': {'x': 121, 'y': 188}, 'board_type': 'advanced', 'session_id': 'e840e74f-78da-492b-94cd-51b9fb96c1c0', 'user_id': 'p10'}",10
2000-01-01 09:52:21,,instance.created_from_text,"{'position': {'x': 211.578125, 'y': 138}, 'screen_position': {'x': 268, 'y': 181}, 'board_type': 'advanced', 'session_id': 'e840e74f-78da-492b-94cd-51b9fb96c1c0', 'user_id': 'p10'}",10
2000-01-01 09:53:07,instance-1a29833a-91e1-4761-b5b3-a1e372a67869,instance.updated,"{'instance_id': 'instance-1a29833a-91e1-4761-b5b3-a1e372a67869', 'instance_label': 'mother', 'text_changed': True, 'graph_changed': False, 'session_id': 'e840e74f-78da-492b-94cd-51b9fb96c1c0', 'user_id': 'p10'}",10
2000-01-01 09:54:00,instance-1a29833a-91e1-4761-b5b3-a1e372a67869,instance.updated,"{'instance_id': 'instance-1a29833a-91e1-4761-b5b3-a1e372a67869', 'instance_label': 'mother', 'text_changed': True, 'graph_changed': False, 'session_id': 'e840e74f-78da-492b-94cd-51b9fb96c1c0', 'user_id': 'p10'}",10
2000-01-01 09:54:26,class-51cb8ae1-86ec-41e1-b328-53d8bc56ae3a,class.created,"{'class_id': 'class-51cb8ae1-86ec-41e1-b328-53d8bc56ae3a', 'class_name': 'mother Class', 'placeholder_count': 4, 'created_from': 'mother', 'session_id': 'e840e74f-78da-492b-94cd-51b9fb96c1c0', 'user_id': 'p10'}",10
2000-01-01 09:56:59,instance-fee447db-cd2f-4f4c-a679-9311c569864b,instance.created_from_class,"{'instance_id': 'instance-fee447db-cd2f-4f4c-a679-9311c569864b', 'class_id': 'class-51cb8ae1-86ec-41e1-b328-53d8bc56ae3a', 'instance_label': 'Father', 'has_text_description': True, 'session_id': 'e840e74f-78da-492b-94cd-51b9fb96c1c0', 'user_id': 'p10'}",10
2000-01-01 09:59:47,instance-b5cc70bf-1351-401b-a970-ad568daa19fd,instance.updated,"{'instance_id': 'instance-b5cc70bf-1351-401b-a970-ad568daa19fd', 'instance_label': 'grandfather', 'text_changed': True, 'graph_changed': False, 'session_id': 'e840e74f-78da-492b-94cd-51b9fb96c1c0', 'user_id': 'p10'}",10
2000-01-01 10:00:29,instance-1a29833a-91e1-4761-b5b3-a1e372a67869,instance.updated,"{'instance_id': 'instance-1a29833a-91e1-4761-b5b3-a1e372a67869', 'instance_label': 'mother', 'text_changed': True, 'graph_changed': False, 'session_id': 'e840e74f-78da-492b-94cd-51b9fb96c1c0', 'user_id': 'p10'}",10
2000-01-01 10:00:41,instance-fee447db-cd2f-4f4c-a679-9311c569864b,instance.updated,"{'instance_id': 'instance-fee447db-cd2f-4f4c-a679-9311c569864b', 'instance_label': 'father', 'text_changed': True, 'graph_changed': False, 'session_id': 'e840e74f-78da-492b-94cd-51b9fb96c1c0', 'user_id': 'p10'}",10
2000-01-01 10:00:43,class-e22bbd12-5f32-44d3-af5b-67f05ed10302,class.created,"{'class_id': 'class-e22bbd12-5f32-44d3-af5b-67f05ed10302', 'class_name': 'grandfather Class', 'placeholder_count': 7, 'created_from': 'grandfather', 'session_id': 'e840e74f-78da-492b-94cd-51b9fb96c1c0', 'user_id': 'p10'}",10
2000-01-01 10:03:37,instance-51426e1e-d5ae-4e42-bfd1-9c77817b6610,instance.created_from_class,"{'instance_id': 'instance-51426e1e-d5ae-4e42-bfd1-9c77817b6610', 'class_id': 'class-e22bbd12-5f32-44d3-af5b-67f05ed10302', 'instance_label': 'Girl', 'has_text_description': True, 'session_id': 'e840e74f-78da-492b-94cd-51b9fb96c1c0', 'user_id': 'p10'}",10
2000-01-01 10:04:59,instance-51426e1e-d5ae-4e42-bfd1-9c77817b6610,instance.updated,"{'instance_id': 'instance-51426e1e-d5ae-4e42-bfd1-9c77817b6610', 'instance_label': 'Girl', 'text_changed': False, 'graph_changed': True, 'session_id': 'e840e74f-78da-492b-94cd-51b9fb96c1c0', 'user_id': 'p10'}",10
2000-01-01 10:05:35,,api.generate_image.succeeded,"{'global_caption': 'a scene featuring a grandfather wearing a black beret, a white shirt, a gray cardigan, black pants, and black shoes, watching the right side; a mother wearing a flower-patterned white one-piece dress, holding a brown basket, wearing sandals, seeing the front; a father wearing a blue short-sleeved shirt and beige shorts, holding a black plate with many water bottles, and wearing sandals, seeing the front; and a little girl wearing a sleeveless pink top and pink shoes while holding a yellow balloon and a white teddy bear, watching the front.', 'region_count': 4, 'has_image': True, 'detected_objects_count': 6, 'image_path': 'output/p10/2025-08-21_10-05-34/image.png', 'image_with_layout_path': 'output/p10/2025-08-21_10-05-34/image_with_layout.png', 'timestamp_dir': 'output/p10/2025-08-21_10-05-34', 'session_id': 'e840e74f-78da-492b-94cd-51b9fb96c1c0', 'user_id': 'p10'}",10
2000-01-01 10:06:53,instance-51426e1e-d5ae-4e42-bfd1-9c77817b6610,instance.updated,"{'instance_id': 'instance-51426e1e-d5ae-4e42-bfd1-9c77817b6610', 'instance_label': 'Girl', 'text_changed': False, 'graph_changed': True, 'session_id': 'e840e74f-78da-492b-94cd-51b9fb96c1c0', 'user_id': 'p10'}",10
2000-01-01 10:07:04,instance-1a29833a-91e1-4761-b5b3-a1e372a67869,object_node.extract.confirmed,"{'object_id': 'object3', 'object_name': 'basket', 'parent_instance_id': 'instance-1a29833a-91e1-4761-b5b3-a1e372a67869', 'session_id': 'e840e74f-78da-492b-94cd-51b9fb96c1c0', 'user_id': 'p10'}",10
2000-01-01 10:08:08,,api.generate_image.succeeded,"{'global_caption': 'a scene featuring a grandfather wearing a black beret, a white shirt, a gray cardigan, black pants, and black shoes, watching the right side; a mother wearing a white, flower-patterned one-piece dress and sandals, looking ahead while holding a brown basket; a father wearing a blue short-sleeved shirt and beige shorts, holding a black plate with many water bottles, and wearing sandals, seeing the front while holding a basket; and a little girl wearing a sleeveless pink top and pink shoes while holding a yellow balloon and a brown teddy bear, watching the front.', 'region_count': 5, 'has_image': True, 'detected_objects_count': 5, 'image_path': 'output/p10/2025-08-21_10-08-07/image.png', 'image_with_layout_path': 'output/p10/2025-08-21_10-08-07/image_with_layout.png', 'timestamp_dir': 'output/p10/2025-08-21_10-08-07', 'session_id': 'e840e74f-78da-492b-94cd-51b9fb96c1c0', 'user_id': 'p10'}",10
2000-01-01 10:09:39,instance-e3fe4e70-111a-4729-a976-3179b2eeeff7,instance.updated,"{'instance_id': 'instance-e3fe4e70-111a-4729-a976-3179b2eeeff7', 'instance_label': 'basket', 'text_changed': True, 'graph_changed': False, 'session_id': 'e840e74f-78da-492b-94cd-51b9fb96c1c0', 'user_id': 'p10'}",10
2000-01-01 10:10:09,,api.generate_image.succeeded,"{'global_caption': 'a scene featuring a grandfather wearing a black beret, a white shirt, a gray cardigan, black pants, and black shoes, watching the right side; a mother wearing a white, flower-patterned one-piece dress and sandals, looking ahead while holding a brown basket; a father wearing a blue short-sleeved shirt and beige shorts, holding a black plate with many water bottles, and wearing sandals, seeing the front while holding a basket; a little girl wearing a sleeveless pink top and pink shoes while holding a yellow balloon and a brown teddy bear, watching the front; and a brown basket, while the mother and father are holding the same basket.', 'region_count': 5, 'has_image': True, 'detected_objects_count': 6, 'image_path': 'output/p10/2025-08-21_10-10-09/image.png', 'image_with_layout_path': 'output/p10/2025-08-21_10-10-09/image_with_layout.png', 'timestamp_dir': 'output/p10/2025-08-21_10-10-09', 'session_id': 'e840e74f-78da-492b-94cd-51b9fb96c1c0', 'user_id': 'p10'}",10
2000-01-01 08:50:20,,instance.created_from_text,"{'position': {'x': 58.83823776245117, 'y': 244.83823585510254}, 'screen_position': {'x': 122, 'y': 268}, 'board_type': 'advanced', 'session_id': '9f6ed6d6-aca3-4e0a-9f55-fd2d1f73ef64', 'user_id': 'P11'}",11
2000-01-01 08:53:39,instance-b9632b4c-dea8-4202-9193-1620a57683c6,instance.updated,"{'instance_id': 'instance-b9632b4c-dea8-4202-9193-1620a57683c6', 'instance_label': 'man', 'text_changed': False, 'graph_changed': True, 'session_id': '9f6ed6d6-aca3-4e0a-9f55-fd2d1f73ef64', 'user_id': 'P11'}",11
2000-01-01 08:53:43,class-7bef0ae1-1aa2-4bbc-bb91-6edbec0996c7,class.created,"{'class_id': 'class-7bef0ae1-1aa2-4bbc-bb91-6edbec0996c7', 'class_name': 'man Class', 'placeholder_count': 7, 'created_from': 'man', 'session_id': '9f6ed6d6-aca3-4e0a-9f55-fd2d1f73ef64', 'user_id': 'P11'}",11
2000-01-01 08:55:01,instance-03a659ce-a448-41e9-8171-6858b25555f1,instance.created_from_class,"{'instance_id': 'instance-03a659ce-a448-41e9-8171-6858b25555f1', 'class_id': 'class-7bef0ae1-1aa2-4bbc-bb91-6edbec0996c7', 'instance_label': 'Man', 'has_text_description': True, 'session_id': '9f6ed6d6-aca3-4e0a-9f55-fd2d1f73ef64', 'user_id': 'P11'}",11
2000-01-01 08:56:28,class-7bef0ae1-1aa2-4bbc-bb91-6edbec0996c7,class.updated,"{'class_id': 'class-7bef0ae1-1aa2-4bbc-bb91-6edbec0996c7', 'class_name': 'man Class', 'placeholder_count': 8, 'object_count': 8, 'session_id': '9f6ed6d6-aca3-4e0a-9f55-fd2d1f73ef64', 'user_id': 'P11'}",11
2000-01-01 08:56:48,,instance.created_from_text,"{'position': {'x': 181.83823776245117, 'y': 240.83823776245117}, 'screen_position': {'x': 245, 'y': 284}, 'board_type': 'advanced', 'session_id': '9f6ed6d6-aca3-4e0a-9f55-fd2d1f73ef64', 'user_id': 'P11'}",11
2000-01-01 09:00:16,class-52e72cda-bf6b-4005-857a-1c2725c51de4,class.created,"{'class_id': 'class-52e72cda-bf6b-4005-857a-1c2725c51de4', 'class_name': 'woman Class', 'placeholder_count': 6, 'created_from': 'woman', 'session_id': '9f6ed6d6-aca3-4e0a-9f55-fd2d1f73ef64', 'user_id': 'P11'}",11
2000-01-01 09:03:41,instance-91ffdabe-7fca-4de6-9f6f-5f74449d0cfd,instance.created_from_class,"{'instance_id': 'instance-91ffdabe-7fca-4de6-9f6f-5f74449d0cfd', 'class_id': 'class-52e72cda-bf6b-4005-857a-1c2725c51de4', 'instance_label': 'Woman', 'has_text_description': True, 'session_id': '9f6ed6d6-aca3-4e0a-9f55-fd2d1f73ef64', 'user_id': 'P11'}",11
2000-01-01 09:05:32,instance-91ffdabe-7fca-4de6-9f6f-5f74449d0cfd,instance.updated,"{'instance_id': 'instance-91ffdabe-7fca-4de6-9f6f-5f74449d0cfd', 'instance_label': 'Woman', 'text_changed': False, 'graph_changed': True, 'session_id': '9f6ed6d6-aca3-4e0a-9f55-fd2d1f73ef64', 'user_id': 'P11'}",11
2000-01-01 09:06:01,,api.generate_image.succeeded,"{'global_caption': 'a scene featuring a man wearing a white shirt, wearing sunglasses, holding a map, wearing black shoes, brown pants, and a silver watch on his left wrist, with his hands in his pockets; a man wearing a green t-shirt, brown shorts, and black shoes, with a silver watch on his left wrist and his hands in his pockets; a woman with long brown hair wearing a shirt with flower patterns on it, wearing short blue pants, holding a cup of coffee in her left hand, dragging a silver trunk in her right hand, wearing slippers and a little fat; and a short, average-height woman with black hair wearing a light blue one-piece dress and sandals, holding a black camera in her left hand and dragging a beige straw hat in her right hand.', 'region_count': 4, 'has_image': True, 'detected_objects_count': 9, 'image_path': 'output/P11/2025-08-23_09-06-01/image.png', 'image_with_layout_path': 'output/P11/2025-08-23_09-06-01/image_with_layout.png', 'timestamp_dir': 'output/P11/2025-08-23_09-06-01', 'session_id': '9f6ed6d6-aca3-4e0a-9f55-fd2d1f73ef64', 'user_id': 'P11'}",11
2000-01-01 09:07:38,1939f603-2d6e-42fb-a84b-bcc739689a41,instance.created_from_detection,"{'instanceId': '1939f603-2d6e-42fb-a84b-bcc739689a41', 'label': 'Hat', 'originalObjectLabel': 'sports ball', 'session_id': '9f6ed6d6-aca3-4e0a-9f55-fd2d1f73ef64', 'user_id': 'P11'}",11
2000-01-01 09:09:36,298b53c2-98cc-4450-811e-f666cbf27ce5,instance.created_from_detection,"{'instanceId': '298b53c2-98cc-4450-811e-f666cbf27ce5', 'label': 'Suitcase', 'originalObjectLabel': 'suitcase', 'session_id': '9f6ed6d6-aca3-4e0a-9f55-fd2d1f73ef64', 'user_id': 'P11'}",11
2000-01-01 09:10:58,,api.generate_image.succeeded,"{'global_caption': 'a scene featuring a man wearing a white shirt, wearing sunglasses, holding a map, wearing black shoes, brown pants, and a silver watch on his left wrist, with his hands in his pockets; a man wearing a green t-shirt, brown shorts, and black shoes, with a silver watch on his left wrist and his hands in his pockets; a woman with long brown hair wearing a shirt with flower patterns on it, wearing short blue pants, holding a cup of coffee in her left hand, dragging a silver trunk in her right hand, wearing slippers and a little fat; a short, average-height woman with black hair wearing a light blue one-piece dress and sandals, looking up while holding a black camera in her right hand, positioned up to her face, and dragging a beige straw hat in her left hand; a wide-brimmed hat with a black ribbon; and a shiny silver suitcase with vertical grooves and a retractable handle.', 'region_count': 6, 'has_image': True, 'detected_objects_count': 5, 'image_path': 'output/P11/2025-08-23_09-10-57/image.png', 'image_with_layout_path': 'output/P11/2025-08-23_09-10-57/image_with_layout.png', 'timestamp_dir': 'output/P11/2025-08-23_09-10-57', 'session_id': '9f6ed6d6-aca3-4e0a-9f55-fd2d1f73ef64', 'user_id': 'P11'}",11
2000-01-01 09:11:54,instance-b9632b4c-dea8-4202-9193-1620a57683c6,object_node.extract.confirmed,"{'object_id': 'object4', 'object_name': 'map', 'parent_instance_id': 'instance-b9632b4c-dea8-4202-9193-1620a57683c6', 'session_id': '9f6ed6d6-aca3-4e0a-9f55-fd2d1f73ef64', 'user_id': 'P11'}",11
2000-01-01 09:12:16,instance-6e1d901d-fb7e-4ad2-a083-f795f52064a3,object_node.extract.confirmed,"{'object_id': 'object4', 'object_name': 'cup', 'parent_instance_id': 'instance-6e1d901d-fb7e-4ad2-a083-f795f52064a3', 'session_id': '9f6ed6d6-aca3-4e0a-9f55-fd2d1f73ef64', 'user_id': 'P11'}",11
2000-01-01 09:12:48,instance-6e1d901d-fb7e-4ad2-a083-f795f52064a3,object_node.extract.confirmed,"{'object_id': 'object5', 'object_name': 'trunk', 'parent_instance_id': 'instance-6e1d901d-fb7e-4ad2-a083-f795f52064a3', 'session_id': '9f6ed6d6-aca3-4e0a-9f55-fd2d1f73ef64', 'user_id': 'P11'}",11
2000-01-01 09:13:37,,api.generate_image.succeeded,"{'global_caption': 'a scene featuring a man wearing a white shirt, brown pants, black shoes, and sunglasses, with a silver watch on his left wrist, and his hands in his pockets, holding a map; a man wearing a green t-shirt, brown shorts, and black shoes, with a silver watch on his left wrist and his hands in his pockets; a woman with long brown hair wearing a patterned flower shirt, short blue pants, and slippers, holding a cup of coffee in her left hand, and dragging a silver trunk in her right hand; a short, average-height woman with black hair wearing a light blue one-piece dress and sandals, looking up while holding a black camera in her right hand positioned up to her face, and dragging a beige straw hat in her left hand; a wide-brimmed hat with a black ribbon; and a shiny silver suitcase with vertical grooves and a retractable handle.', 'region_count': 9, 'has_image': True, 'detected_objects_count': 4, 'image_path': 'output/P11/2025-08-23_09-13-36/image.png', 'image_with_layout_path': 'output/P11/2025-08-23_09-13-36/image_with_layout.png', 'timestamp_dir': 'output/P11/2025-08-23_09-13-36', 'session_id': '9f6ed6d6-aca3-4e0a-9f55-fd2d1f73ef64', 'user_id': 'P11'}",11
2000-01-01 09:14:45,,api.generate_image.succeeded,"{'global_caption': 'a scene featuring a man wearing a white shirt, brown pants, black shoes, and sunglasses, with a silver watch on his left wrist, and his hands in his pockets, holding a map; a man wearing a green t-shirt, brown shorts, and black shoes, with a silver watch on his left wrist and his hands in his pockets; a woman with long brown hair wearing a patterned flower shirt, short blue pants, and slippers, holding a cup of coffee in her left hand, and dragging a silver trunk in her right hand; a short, average-height woman with black hair wearing a light blue one-piece dress and sandals, looking up while holding a black camera in her right hand positioned up to her face, and dragging a beige straw hat in her left hand; a wide-brimmed hat with a black ribbon; a shiny silver suitcase with vertical grooves and a retractable handle; a map; a cup of coffee; and a silver trunk.', 'region_count': 9, 'has_image': True, 'detected_objects_count': 9, 'image_path': 'output/P11/2025-08-23_09-14-44/image.png', 'image_with_layout_path': 'output/P11/2025-08-23_09-14-44/image_with_layout.png', 'timestamp_dir': 'output/P11/2025-08-23_09-14-44', 'session_id': '9f6ed6d6-aca3-4e0a-9f55-fd2d1f73ef64', 'user_id': 'P11'}",11
2000-01-01 01:35:33,,instance.created_from_text,"{'position': {'x': 43, 'y': 322}, 'screen_position': {'x': 106, 'y': 365}, 'board_type': 'advanced', 'session_id': '167a73b9-bd59-4e32-a1ab-b0de4c57ab2c', 'user_id': 'P12'}",12
2000-01-01 01:35:35,,instance.created_from_text,"{'position': {'x': 32, 'y': 315}, 'screen_position': {'x': 95, 'y': 358}, 'board_type': 'advanced', 'session_id': '167a73b9-bd59-4e32-a1ab-b0de4c57ab2c', 'user_id': 'P12'}",12
2000-01-01 01:36:58,instance-72d11b4f-49be-4414-ab8e-e99a9a16affb,instance.updated,"{'instance_id': 'instance-72d11b4f-49be-4414-ab8e-e99a9a16affb', 'instance_label': 'person', 'text_changed': False, 'graph_changed': True, 'session_id': '167a73b9-bd59-4e32-a1ab-b0de4c57ab2c', 'user_id': 'P12'}",12
2000-01-01 01:39:31,instance-72d11b4f-49be-4414-ab8e-e99a9a16affb,instance.updated,"{'instance_id': 'instance-72d11b4f-49be-4414-ab8e-e99a9a16affb', 'instance_label': 'person', 'text_changed': False, 'graph_changed': True, 'session_id': '167a73b9-bd59-4e32-a1ab-b0de4c57ab2c', 'user_id': 'P12'}",12
2000-01-01 01:39:50,class-176466bf-76d6-4ad3-9291-05508653dda6,class.created,"{'class_id': 'class-176466bf-76d6-4ad3-9291-05508653dda6', 'class_name': 'person Class', 'placeholder_count': 1, 'created_from': 'person', 'session_id': '167a73b9-bd59-4e32-a1ab-b0de4c57ab2c', 'user_id': 'P12'}",12
2000-01-01 01:41:53,instance-0f7f81ab-cbed-4ab0-99b5-84f2dbf60965,instance.created_from_class,"{'instance_id': 'instance-0f7f81ab-cbed-4ab0-99b5-84f2dbf60965', 'class_id': 'class-176466bf-76d6-4ad3-9291-05508653dda6', 'instance_label': 'Woman', 'has_text_description': True, 'session_id': '167a73b9-bd59-4e32-a1ab-b0de4c57ab2c', 'user_id': 'P12'}",12
2000-01-01 01:43:09,instance-0f7f81ab-cbed-4ab0-99b5-84f2dbf60965,instance.updated,"{'instance_id': 'instance-0f7f81ab-cbed-4ab0-99b5-84f2dbf60965', 'instance_label': 'Woman', 'text_changed': False, 'graph_changed': True, 'session_id': '167a73b9-bd59-4e32-a1ab-b0de4c57ab2c', 'user_id': 'P12'}",12
2000-01-01 01:45:07,instance-fa073d1b-4e8c-436d-8ec2-ee84dbeb7830,instance.created_from_class,"{'instance_id': 'instance-fa073d1b-4e8c-436d-8ec2-ee84dbeb7830', 'class_id': 'class-176466bf-76d6-4ad3-9291-05508653dda6', 'instance_label': 'Male', 'has_text_description': True, 'session_id': '167a73b9-bd59-4e32-a1ab-b0de4c57ab2c', 'user_id': 'P12'}",12
2000-01-01 01:45:35,instance-fa073d1b-4e8c-436d-8ec2-ee84dbeb7830,instance.updated,"{'instance_id': 'instance-fa073d1b-4e8c-436d-8ec2-ee84dbeb7830', 'instance_label': 'Male', 'text_changed': False, 'graph_changed': True, 'session_id': '167a73b9-bd59-4e32-a1ab-b0de4c57ab2c', 'user_id': 'P12'}",12
2000-01-01 01:46:01,instance-0f7f81ab-cbed-4ab0-99b5-84f2dbf60965,instance.updated,"{'instance_id': 'instance-0f7f81ab-cbed-4ab0-99b5-84f2dbf60965', 'instance_label': 'Woman', 'text_changed': False, 'graph_changed': True, 'session_id': '167a73b9-bd59-4e32-a1ab-b0de4c57ab2c', 'user_id': 'P12'}",12
2000-01-01 01:48:18,instance-cf6605bc-2548-41c3-acf8-8dc3ba6a4a66,instance.created_from_class,"{'instance_id': 'instance-cf6605bc-2548-41c3-acf8-8dc3ba6a4a66', 'class_id': 'class-176466bf-76d6-4ad3-9291-05508653dda6', 'instance_label': 'Girl', 'has_text_description': True, 'session_id': '167a73b9-bd59-4e32-a1ab-b0de4c57ab2c', 'user_id': 'P12'}",12
2000-01-01 01:48:40,instance-cf6605bc-2548-41c3-acf8-8dc3ba6a4a66,instance.updated,"{'instance_id': 'instance-cf6605bc-2548-41c3-acf8-8dc3ba6a4a66', 'instance_label': 'person', 'text_changed': True, 'graph_changed': False, 'session_id': '167a73b9-bd59-4e32-a1ab-b0de4c57ab2c', 'user_id': 'P12'}",12
2000-01-01 01:49:42,,instance.created_from_text,"{'position': {'x': 471, 'y': 288}, 'screen_position': {'x': 534, 'y': 331}, 'board_type': 'advanced', 'session_id': '167a73b9-bd59-4e32-a1ab-b0de4c57ab2c', 'user_id': 'P12'}",12
2000-01-01 01:50:54,,instance.created_from_text,"{'position': {'x': 409, 'y': 178}, 'screen_position': {'x': 472, 'y': 221}, 'board_type': 'advanced', 'session_id': '167a73b9-bd59-4e32-a1ab-b0de4c57ab2c', 'user_id': 'P12'}",12
2000-01-01 01:51:44,,instance.created_from_text,"{'position': {'x': 198, 'y': 142}, 'screen_position': {'x': 261, 'y': 185}, 'board_type': 'advanced', 'session_id': '167a73b9-bd59-4e32-a1ab-b0de4c57ab2c', 'user_id': 'P12'}",12
2000-01-01 01:51:46,,instance.created_from_text,"{'position': {'x': 238, 'y': 170}, 'screen_position': {'x': 301, 'y': 213}, 'board_type': 'advanced', 'session_id': '167a73b9-bd59-4e32-a1ab-b0de4c57ab2c', 'user_id': 'P12'}",12
2000-01-01 01:53:10,,instance.created_from_text,"{'position': {'x': 210, 'y': 172}, 'screen_position': {'x': 273, 'y': 215}, 'board_type': 'advanced', 'session_id': '167a73b9-bd59-4e32-a1ab-b0de4c57ab2c', 'user_id': 'P12'}",12
2000-01-01 01:54:32,instance-72d11b4f-49be-4414-ab8e-e99a9a16affb,instance.updated,"{'instance_id': 'instance-72d11b4f-49be-4414-ab8e-e99a9a16affb', 'instance_label': 'person', 'text_changed': False, 'graph_changed': True, 'session_id': '167a73b9-bd59-4e32-a1ab-b0de4c57ab2c', 'user_id': 'P12'}",12
2000-01-01 01:54:56,instance-72d11b4f-49be-4414-ab8e-e99a9a16affb,instance.updated,"{'instance_id': 'instance-72d11b4f-49be-4414-ab8e-e99a9a16affb', 'instance_label': 'person', 'text_changed': True, 'graph_changed': False, 'session_id': '167a73b9-bd59-4e32-a1ab-b0de4c57ab2c', 'user_id': 'P12'}",12
2000-01-01 01:55:39,,api.generate_image.succeeded,"{'global_caption': ""a scene featuring an old person wearing a gray cardigan with 2 buttons on the shirt, black pants, and a beret, with short white hair, looking at a 35-year-old woman with medium-length wavy white hair wearing a beret, who is chubby and dressed in a short sleeve dress with a pink and blue flower pattern, and a 35-year-old male wearing a short-sleeved blue polo shirt, knee-length beige shorts, and black slippers. Nearby, there is a 7-year-old girl with short hair wearing a neon pink sleeveless top, a white puffy skirt, and pink sneakers, holding a yellow balloon with a white string in her left hand and a teddy bear in her right hand. Additionally, a tray full of disposable bottles of water is held in the male's left hand, and a basket with a few items in it is held by both the woman and the man."", 'region_count': 8, 'has_image': True, 'detected_objects_count': 5, 'image_path': 'output/P12/2025-08-22_01-55-38/image.png', 'image_with_layout_path': 'output/P12/2025-08-22_01-55-38/image_with_layout.png', 'timestamp_dir': 'output/P12/2025-08-22_01-55-38', 'session_id': '167a73b9-bd59-4e32-a1ab-b0de4c57ab2c', 'user_id': 'P12'}",12
2000-01-01 01:56:39,instance-72d11b4f-49be-4414-ab8e-e99a9a16affb,instance.updated,"{'instance_id': 'instance-72d11b4f-49be-4414-ab8e-e99a9a16affb', 'instance_label': 'man', 'text_changed': True, 'graph_changed': False, 'session_id': '167a73b9-bd59-4e32-a1ab-b0de4c57ab2c', 'user_id': 'P12'}",12
2000-01-01 01:57:27,instance-0f7f81ab-cbed-4ab0-99b5-84f2dbf60965,instance.updated,"{'instance_id': 'instance-0f7f81ab-cbed-4ab0-99b5-84f2dbf60965', 'instance_label': 'person', 'text_changed': True, 'graph_changed': False, 'session_id': '167a73b9-bd59-4e32-a1ab-b0de4c57ab2c', 'user_id': 'P12'}",12
2000-01-01 01:57:46,instance-0f7f81ab-cbed-4ab0-99b5-84f2dbf60965,instance.updated,"{'instance_id': 'instance-0f7f81ab-cbed-4ab0-99b5-84f2dbf60965', 'instance_label': 'person', 'text_changed': True, 'graph_changed': False, 'session_id': '167a73b9-bd59-4e32-a1ab-b0de4c57ab2c', 'user_id': 'P12'}",12
2000-01-01 01:58:09,instance-fa073d1b-4e8c-436d-8ec2-ee84dbeb7830,instance.updated,"{'instance_id': 'instance-fa073d1b-4e8c-436d-8ec2-ee84dbeb7830', 'instance_label': 'person', 'text_changed': True, 'graph_changed': False, 'session_id': '167a73b9-bd59-4e32-a1ab-b0de4c57ab2c', 'user_id': 'P12'}",12
2000-01-01 01:58:19,instance-fa073d1b-4e8c-436d-8ec2-ee84dbeb7830,instance.updated,"{'instance_id': 'instance-fa073d1b-4e8c-436d-8ec2-ee84dbeb7830', 'instance_label': 'person', 'text_changed': True, 'graph_changed': False, 'session_id': '167a73b9-bd59-4e32-a1ab-b0de4c57ab2c', 'user_id': 'P12'}",12
2000-01-01 01:58:50,instance-cf6605bc-2548-41c3-acf8-8dc3ba6a4a66,instance.updated,"{'instance_id': 'instance-cf6605bc-2548-41c3-acf8-8dc3ba6a4a66', 'instance_label': 'person', 'text_changed': True, 'graph_changed': False, 'session_id': '167a73b9-bd59-4e32-a1ab-b0de4c57ab2c', 'user_id': 'P12'}",12
2000-01-01 01:59:44,,api.generate_image.succeeded,"{'global_caption': ""a scene featuring an old man wearing a gray cardigan with 2 buttons on the shirt, black pants, and a beret, with short white hair, around 150 cm tall, looking at a 35-year-old woman with medium-length wavy hair wearing a beret, who is chubby and dressed in a short sleeve ankle-length dress with a pink and blue flower pattern, and a 35-year-old male wearing a short-sleeved blue polo shirt, knee-length beige shorts, and black slippers. Nearby, there is a 7-year-old girl with short hair wearing a neon pink sleeveless top, a white puffy skirt, and pink sneakers, holding a yellow balloon with a white string in her left hand and a teddy bear in her right hand. Additionally, a tray full of disposable bottles of water is held in the man's left hand, and a basket with a few items in it is held by both the woman and the man."", 'region_count': 8, 'has_image': True, 'detected_objects_count': 5, 'image_path': 'output/P12/2025-08-22_01-59-43/image.png', 'image_with_layout_path': 'output/P12/2025-08-22_01-59-43/image_with_layout.png', 'timestamp_dir': 'output/P12/2025-08-22_01-59-43', 'session_id': '167a73b9-bd59-4e32-a1ab-b0de4c57ab2c', 'user_id': 'P12'}",12
2000-01-01 11:43:05,,instance.created_from_text,"{'position': {'x': 65.84375, 'y': 288}, 'screen_position': {'x': 127, 'y': 331}, 'board_type': 'advanced', 'session_id': 'f3a98b52-1140-468d-8d62-b41701528433', 'user_id': 'P1'}",1
2000-01-01 11:44:44,instance-7a1ebca4-f303-4497-87ae-c01929e70770,instance.updated,"{'instance_id': 'instance-7a1ebca4-f303-4497-87ae-c01929e70770', 'instance_label': 'grandpa', 'text_changed': True, 'graph_changed': False, 'session_id': 'f3a98b52-1140-468d-8d62-b41701528433', 'user_id': 'P1'}",1
2000-01-01 11:45:10,instance-7a1ebca4-f303-4497-87ae-c01929e70770,instance.updated,"{'instance_id': 'instance-7a1ebca4-f303-4497-87ae-c01929e70770', 'instance_label': 'grandpa', 'text_changed': True, 'graph_changed': False, 'session_id': 'f3a98b52-1140-468d-8d62-b41701528433', 'user_id': 'P1'}",1
2000-01-01 11:45:52,,instance.created_from_text,"{'position': {'x': 191.84375, 'y': 301}, 'screen_position': {'x': 253, 'y': 344}, 'board_type': 'advanced', 'session_id': 'f3a98b52-1140-468d-8d62-b41701528433', 'user_id': 'P1'}",1
2000-01-01 11:47:55,class-6a90e597-ae8b-4c2f-9c4a-b3afef6476ea,class.created,"{'class_id': 'class-6a90e597-ae8b-4c2f-9c4a-b3afef6476ea', 'class_name': 'woman Class', 'placeholder_count': 3, 'created_from': 'woman', 'session_id': 'f3a98b52-1140-468d-8d62-b41701528433', 'user_id': 'P1'}",1
2000-01-01 11:49:41,instance-df4f2a38-952c-4d4f-99ec-eb52cbbb0c0a,instance.created_from_class,"{'instance_id': 'instance-df4f2a38-952c-4d4f-99ec-eb52cbbb0c0a', 'class_id': 'class-6a90e597-ae8b-4c2f-9c4a-b3afef6476ea', 'instance_label': 'Male', 'has_text_description': True, 'session_id': 'f3a98b52-1140-468d-8d62-b41701528433', 'user_id': 'P1'}",1
2000-01-01 11:50:12,instance-df4f2a38-952c-4d4f-99ec-eb52cbbb0c0a,instance.updated,"{'instance_id': 'instance-df4f2a38-952c-4d4f-99ec-eb52cbbb0c0a', 'instance_label': 'male', 'text_changed': True, 'graph_changed': False, 'session_id': 'f3a98b52-1140-468d-8d62-b41701528433', 'user_id': 'P1'}",1
2000-01-01 11:52:18,instance-df4f2a38-952c-4d4f-99ec-eb52cbbb0c0a,instance.updated,"{'instance_id': 'instance-df4f2a38-952c-4d4f-99ec-eb52cbbb0c0a', 'instance_label': 'male', 'text_changed': False, 'graph_changed': True, 'session_id': 'f3a98b52-1140-468d-8d62-b41701528433', 'user_id': 'P1'}",1
2000-01-01 11:54:00,,instance.created_from_text,"{'position': {'x': 428.84375, 'y': 345}, 'screen_position': {'x': 490, 'y': 388}, 'board_type': 'advanced', 'session_id': 'f3a98b52-1140-468d-8d62-b41701528433', 'user_id': 'P1'}",1
2000-01-01 11:55:29,,instance.created_from_text,"{'position': {'x': 19.84375, 'y': 9}, 'screen_position': {'x': 81, 'y': 52}, 'board_type': 'advanced', 'session_id': 'f3a98b52-1140-468d-8d62-b41701528433', 'user_id': 'P1'}",1
2000-01-01 11:56:34,,api.generate_image.succeeded,"{'global_caption': 'A scene featuring a grandpa with white hair wearing a black cap, a white shirt, a grey cardigan, and black long pants, with a pair of black shoes; a woman with dark brown hair and slightly tanned skin, wearing a short sleeve long dress with small pink and light-blue flower patterns, holding a wooden basket and holding hands with a male; a dark, slightly tanned male wearing a short-sleeve blue shirt and beige short pants, holding a bunch of bottled water and having short, curly dark brown hair; a little girl wearing a hot-pink t-shirt with no sleeves, a white mid-length skirt, and pink sandals, holding a brown teddy bear in her right hand and a yellow balloon in her left hand; and a road with two black cars and a lot of trees with green leaves.', 'region_count': 5, 'has_image': True, 'detected_objects_count': 8, 'image_path': 'output/P1/2025-08-24_11-56-33/image.png', 'image_with_layout_path': 'output/P1/2025-08-24_11-56-33/image_with_layout.png', 'timestamp_dir': 'output/P1/2025-08-24_11-56-33', 'session_id': 'f3a98b52-1140-468d-8d62-b41701528433', 'user_id': 'P1'}",1
2000-01-01 11:58:25,instance-df4f2a38-952c-4d4f-99ec-eb52cbbb0c0a,object_node.extract.confirmed,"{'object_id': 'object3', 'object_name': 'bunch of bottled water', 'parent_instance_id': 'instance-df4f2a38-952c-4d4f-99ec-eb52cbbb0c0a', 'session_id': 'f3a98b52-1140-468d-8d62-b41701528433', 'user_id': 'P1'}",1
2000-01-01 11:58:48,instance-d01373cb-6088-4a7c-a7b4-fdc5b1627e8f,object_node.extract.confirmed,"{'object_id': 'object3', 'object_name': 'basket', 'parent_instance_id': 'instance-d01373cb-6088-4a7c-a7b4-fdc5b1627e8f', 'session_id': 'f3a98b52-1140-468d-8d62-b41701528433', 'user_id': 'P1'}",1
2000-01-01 11:59:21,instance-7d6736ec-8114-4862-8acd-e84a612d4936,object_node.extract.confirmed,"{'object_id': 'object6', 'object_name': 'balloon', 'parent_instance_id': 'instance-7d6736ec-8114-4862-8acd-e84a612d4936', 'session_id': 'f3a98b52-1140-468d-8d62-b41701528433', 'user_id': 'P1'}",1
2000-01-01 11:59:23,instance-7d6736ec-8114-4862-8acd-e84a612d4936,object_node.extract.confirmed,"{'object_id': 'object5', 'object_name': 'teddybear', 'parent_instance_id': 'instance-7d6736ec-8114-4862-8acd-e84a612d4936', 'session_id': 'f3a98b52-1140-468d-8d62-b41701528433', 'user_id': 'P1'}",1
2000-01-01 12:00:04,ec15b208-f034-4d74-b4ac-957e1b033274,instance.created_from_detection,"{'instanceId': 'ec15b208-f034-4d74-b4ac-957e1b033274', 'label': 'Teddy bear', 'originalObjectLabel': 'teddy bear', 'session_id': 'f3a98b52-1140-468d-8d62-b41701528433', 'user_id': 'P1'}",1
2000-01-01 12:00:46,ec15b208-f034-4d74-b4ac-957e1b033274,instance.updated,"{'instance_id': 'ec15b208-f034-4d74-b4ac-957e1b033274', 'instance_label': 'Teddy bear', 'text_changed': False, 'graph_changed': True, 'session_id': 'f3a98b52-1140-468d-8d62-b41701528433', 'user_id': 'P1'}",1
2000-01-01 12:01:04,ec15b208-f034-4d74-b4ac-957e1b033274,instance.updated,"{'instance_id': 'ec15b208-f034-4d74-b4ac-957e1b033274', 'instance_label': 'Teddy bear', 'text_changed': False, 'graph_changed': True, 'session_id': 'f3a98b52-1140-468d-8d62-b41701528433', 'user_id': 'P1'}",1
2000-01-01 12:02:53,,api.generate_image.succeeded,"{'global_caption': 'a scene featuring a grandpa with white hair wearing a black cap, a white shirt, a grey cardigan, and black long pants, with a pair of black shoes, watching a girl; a woman with dark brown hair and slightly tanned skin wearing a short-sleeved dress with small pink and light-blue flower patterns, holding hands with a male and holding a wooden basket; a dark, slightly tanned male with short, curly dark brown hair wearing a short-sleeve blue shirt and beige shorts, holding a bunch of bottled water; a little girl wearing a hot-pink no-sleeve t-shirt, a white mid-length skirt, and pink sandals, holding a small brown teddy bear with black eyes in her right hand and a yellow balloon in her left hand; and a road with two black cars and a lot of trees with green leaves.', 'region_count': 9, 'has_image': True, 'detected_objects_count': 6, 'image_path': 'output/P1/2025-08-24_12-02-52/image.png', 'image_with_layout_path': 'output/P1/2025-08-24_12-02-52/image_with_layout.png', 'timestamp_dir': 'output/P1/2025-08-24_12-02-52', 'session_id': 'f3a98b52-1140-468d-8d62-b41701528433', 'user_id': 'P1'}",1
2000-01-01 12:04:10,,api.generate_image.succeeded,"{'global_caption': 'a scene featuring a grandpa with white hair wearing a black cap, a white shirt, a grey cardigan, and black long pants, with a pair of black shoes, watching a girl; a woman with dark brown hair and slightly tanned skin wearing a short-sleeved dress with small pink and light-blue flower patterns, holding hands with a male and holding a wooden basket; a dark, slightly tanned male with short, curly dark brown hair wearing a short-sleeve blue shirt and beige shorts, holding a bunch of bottled water; a little girl wearing a hot-pink no-sleeve t-shirt, a white mid-length skirt, and pink sandals, holding a small brown teddy bear with black eyes in her right hand and a yellow balloon in her left hand; and a road with two black cars and a lot of trees with green leaves.', 'region_count': 9, 'has_image': True, 'detected_objects_count': 5, 'image_path': 'output/P1/2025-08-24_12-04-10/image.png', 'image_with_layout_path': 'output/P1/2025-08-24_12-04-10/image_with_layout.png', 'timestamp_dir': 'output/P1/2025-08-24_12-04-10', 'session_id': 'f3a98b52-1140-468d-8d62-b41701528433', 'user_id': 'P1'}",1
2000-01-01 12:06:32,instance-df4f2a38-952c-4d4f-99ec-eb52cbbb0c0a,instance.updated,"{'instance_id': 'instance-df4f2a38-952c-4d4f-99ec-eb52cbbb0c0a', 'instance_label': 'male', 'text_changed': True, 'graph_changed': False, 'session_id': 'f3a98b52-1140-468d-8d62-b41701528433', 'user_id': 'P1'}",1
2000-01-01 12:06:47,instance-df4f2a38-952c-4d4f-99ec-eb52cbbb0c0a,instance.updated,"{'instance_id': 'instance-df4f2a38-952c-4d4f-99ec-eb52cbbb0c0a', 'instance_label': 'male', 'text_changed': True, 'graph_changed': False, 'session_id': 'f3a98b52-1140-468d-8d62-b41701528433', 'user_id': 'P1'}",1
2000-01-01 12:07:17,instance-d01373cb-6088-4a7c-a7b4-fdc5b1627e8f,instance.updated,"{'instance_id': 'instance-d01373cb-6088-4a7c-a7b4-fdc5b1627e8f', 'instance_label': 'woman', 'text_changed': True, 'graph_changed': False, 'session_id': 'f3a98b52-1140-468d-8d62-b41701528433', 'user_id': 'P1'}",1
2000-01-01 12:07:35,instance-d01373cb-6088-4a7c-a7b4-fdc5b1627e8f,instance.updated,"{'instance_id': 'instance-d01373cb-6088-4a7c-a7b4-fdc5b1627e8f', 'instance_label': 'woman', 'text_changed': False, 'graph_changed': True, 'session_id': 'f3a98b52-1140-468d-8d62-b41701528433', 'user_id': 'P1'}",1
2000-01-01 12:08:34,,api.generate_image.succeeded,"{'global_caption': 'a scene featuring a grandpa with white hair wearing a black cap, a white shirt, a grey cardigan, and black long pants, with a pair of black shoes, watching a girl; a woman with dark brown, slightly tanned skin wearing a short-sleeved dress that has long small pink and light-blue flower patterns, looking front, holding hands with a male and holding a wooden basket; a dark brown, slightly tanned male with short, curly dark brown hair wearing a short-sleeve blue shirt and beige shorts, looking front, holding a bunch of bottled water; a little girl wearing a hot-pink no-sleeve t-shirt, a white mid-length skirt, and pink sandals, holding a yellow balloon in her left hand and a small brown teddy bear with black eyes in her right hand; and a road with two black cars and a lot of trees with green leaves.', 'region_count': 9, 'has_image': True, 'detected_objects_count': 6, 'image_path': 'output/P1/2025-08-24_12-08-34/image.png', 'image_with_layout_path': 'output/P1/2025-08-24_12-08-34/image_with_layout.png', 'timestamp_dir': 'output/P1/2025-08-24_12-08-34', 'session_id': 'f3a98b52-1140-468d-8d62-b41701528433', 'user_id': 'P1'}",1
2000-01-01 12:09:42,instance-df4f2a38-952c-4d4f-99ec-eb52cbbb0c0a,instance.updated,"{'instance_id': 'instance-df4f2a38-952c-4d4f-99ec-eb52cbbb0c0a', 'instance_label': 'male', 'text_changed': True, 'graph_changed': False, 'session_id': 'f3a98b52-1140-468d-8d62-b41701528433', 'user_id': 'P1'}",1
2000-01-01 12:09:56,instance-d01373cb-6088-4a7c-a7b4-fdc5b1627e8f,instance.updated,"{'instance_id': 'instance-d01373cb-6088-4a7c-a7b4-fdc5b1627e8f', 'instance_label': 'woman', 'text_changed': True, 'graph_changed': False, 'session_id': 'f3a98b52-1140-468d-8d62-b41701528433', 'user_id': 'P1'}",1
2000-01-01 12:10:25,,api.generate_image.succeeded,"{'global_caption': 'a scene featuring a grandpa with white hair wearing a black cap, a white shirt, a grey cardigan, and black long pants, with a pair of black shoes, watching a girl; a woman with dark brown, slightly tanned skin wearing a short-sleeved dress that has long small pink and light-blue flower patterns, looking backward, holding hands with a male and holding a wooden basket; a dark brown, slightly tanned male with short, curly dark brown hair wearing a short-sleeve blue shirt and beige shorts, looking backward, holding a bunch of bottled water; a little girl wearing a hot-pink no-sleeve t-shirt, a white mid-length skirt, and pink sandals, holding a yellow balloon in her left hand and a small brown teddy bear with black eyes in her right hand; and a road with two black cars and a lot of trees with green leaves.', 'region_count': 9, 'has_image': True, 'detected_objects_count': 6, 'image_path': 'output/P1/2025-08-24_12-10-24/image.png', 'image_with_layout_path': 'output/P1/2025-08-24_12-10-24/image_with_layout.png', 'timestamp_dir': 'output/P1/2025-08-24_12-10-24', 'session_id': 'f3a98b52-1140-468d-8d62-b41701528433', 'user_id': 'P1'}",1
2000-01-01 01:17:00,,instance.created_from_text,"{'position': {'x': 71.0390625, 'y': 324}, 'screen_position': {'x': 132, 'y': 347}, 'board_type': 'advanced', 'session_id': '319db85e-7d37-4224-a79e-d77ee523d8c7', 'user_id': 'p2'}",2
2000-01-01 01:17:12,,instance.created_from_text,"{'position': {'x': 29.0390625, 'y': 385}, 'screen_position': {'x': 90, 'y': 428}, 'board_type': 'advanced', 'session_id': '319db85e-7d37-4224-a79e-d77ee523d8c7', 'user_id': 'p2'}",2
2000-01-01 01:17:49,class-2c0f1381-0dda-4924-b348-6b8e84c93d5b,class.created,"{'class_id': 'class-2c0f1381-0dda-4924-b348-6b8e84c93d5b', 'class_name': 'man Class', 'placeholder_count': 4, 'created_from': 'man', 'session_id': '319db85e-7d37-4224-a79e-d77ee523d8c7', 'user_id': 'p2'}",2
2000-01-01 01:18:59,instance-f168b841-236d-4c55-b7f9-158a9b50661a,instance.created_from_class,"{'instance_id': 'instance-f168b841-236d-4c55-b7f9-158a9b50661a', 'class_id': 'class-2c0f1381-0dda-4924-b348-6b8e84c93d5b', 'instance_label': 'Man', 'has_text_description': True, 'session_id': '319db85e-7d37-4224-a79e-d77ee523d8c7', 'user_id': 'p2'}",2
2000-01-01 01:19:27,instance-f168b841-236d-4c55-b7f9-158a9b50661a,instance.updated,"{'instance_id': 'instance-f168b841-236d-4c55-b7f9-158a9b50661a', 'instance_label': 'man', 'text_changed': True, 'graph_changed': False, 'session_id': '319db85e-7d37-4224-a79e-d77ee523d8c7', 'user_id': 'p2'}",2
2000-01-01 01:20:05,instance-e302c54a-73b6-459c-bbf8-7e4190fbc178,instance.created_from_class,"{'instance_id': 'instance-e302c54a-73b6-459c-bbf8-7e4190fbc178', 'class_id': 'class-2c0f1381-0dda-4924-b348-6b8e84c93d5b', 'instance_label': 'Female', 'has_text_description': True, 'session_id': '319db85e-7d37-4224-a79e-d77ee523d8c7', 'user_id': 'p2'}",2
2000-01-01 01:20:40,,instance.created_from_text,"{'position': {'x': 190.0390625, 'y': 299}, 'screen_position': {'x': 251, 'y': 322}, 'board_type': 'advanced', 'session_id': '319db85e-7d37-4224-a79e-d77ee523d8c7', 'user_id': 'p2'}",2
2000-01-01 01:21:27,,instance.created_from_text,"{'position': {'x': 361.0390625, 'y': 211}, 'screen_position': {'x': 422, 'y': 234}, 'board_type': 'advanced', 'session_id': '319db85e-7d37-4224-a79e-d77ee523d8c7', 'user_id': 'p2'}",2
2000-01-01 01:22:18,,instance.created_from_text,"{'position': {'x': 379.0390625, 'y': 157}, 'screen_position': {'x': 440, 'y': 180}, 'board_type': 'advanced', 'session_id': '319db85e-7d37-4224-a79e-d77ee523d8c7', 'user_id': 'p2'}",2
2000-01-01 01:23:07,instance-250254db-a095-4413-ad27-632062feffef,instance.created_from_class,"{'instance_id': 'instance-250254db-a095-4413-ad27-632062feffef', 'class_id': 'class-2c0f1381-0dda-4924-b348-6b8e84c93d5b', 'instance_label': 'Child', 'has_text_description': True, 'session_id': '319db85e-7d37-4224-a79e-d77ee523d8c7', 'user_id': 'p2'}",2
2000-01-01 01:23:34,instance-250254db-a095-4413-ad27-632062feffef,instance.updated,"{'instance_id': 'instance-250254db-a095-4413-ad27-632062feffef', 'instance_label': 'female', 'text_changed': True, 'graph_changed': False, 'session_id': '319db85e-7d37-4224-a79e-d77ee523d8c7', 'user_id': 'p2'}",2
2000-01-01 01:23:39,,instance.created_from_text,"{'position': {'x': 478.0390625, 'y': 276}, 'screen_position': {'x': 539, 'y': 299}, 'board_type': 'advanced', 'session_id': '319db85e-7d37-4224-a79e-d77ee523d8c7', 'user_id': 'p2'}",2
2000-01-01 01:24:15,instance-d31cbe9d-2d5c-420d-bf3d-59c3a84b70be,instance.updated,"{'instance_id': 'instance-d31cbe9d-2d5c-420d-bf3d-59c3a84b70be', 'instance_label': 'balloon', 'text_changed': True, 'graph_changed': False, 'session_id': '319db85e-7d37-4224-a79e-d77ee523d8c7', 'user_id': 'p2'}",2
2000-01-01 01:24:21,,instance.created_from_text,"{'position': {'x': 364.0390625, 'y': 388}, 'screen_position': {'x': 425, 'y': 411}, 'board_type': 'advanced', 'session_id': '319db85e-7d37-4224-a79e-d77ee523d8c7', 'user_id': 'p2'}",2
2000-01-01 01:25:05,,api.generate_image.succeeded,"{'global_caption': 'a scene featuring an old man wearing a beret, a gray shirt, and black pants, an adult man wearing a blue shirt and beige pants holding a basket and holding up a pan with one hand, an adult female wearing a floral dress, black pants, and a beret holding hands with a man and holding a basket, a picnic basket, a pan, bottles of water on the pan, a female child wearing a pink shirt and a white skirt holding a yellow balloon and a brown teddy bear.', 'region_count': 9, 'has_image': True, 'detected_objects_count': 4, 'image_path': 'output/p2/2025-08-14_01-25-04/image.png', 'image_with_layout_path': 'output/p2/2025-08-14_01-25-04/image_with_layout.png', 'timestamp_dir': 'output/p2/2025-08-14_01-25-04', 'session_id': '319db85e-7d37-4224-a79e-d77ee523d8c7', 'user_id': 'p2'}",2
2000-01-01 01:26:07,class-2c0f1381-0dda-4924-b348-6b8e84c93d5b,class.updated,"{'class_id': 'class-2c0f1381-0dda-4924-b348-6b8e84c93d5b', 'class_name': 'man Class', 'placeholder_count': 4, 'object_count': 3, 'session_id': '319db85e-7d37-4224-a79e-d77ee523d8c7', 'user_id': 'p2'}",2
2000-01-01 01:26:54,instance-4070c3dc-fb3f-4a4b-8de8-dfd94624249c,instance.updated,"{'instance_id': 'instance-4070c3dc-fb3f-4a4b-8de8-dfd94624249c', 'instance_label': 'man', 'text_changed': False, 'graph_changed': True, 'session_id': '319db85e-7d37-4224-a79e-d77ee523d8c7', 'user_id': 'p2'}",2
2000-01-01 01:28:13,class-2c0f1381-0dda-4924-b348-6b8e84c93d5b,class.updated,"{'class_id': 'class-2c0f1381-0dda-4924-b348-6b8e84c93d5b', 'class_name': 'man Class', 'placeholder_count': 4, 'object_count': 3, 'session_id': '319db85e-7d37-4224-a79e-d77ee523d8c7', 'user_id': 'p2'}",2
2000-01-01 01:29:33,,api.generate_image.succeeded,"{'global_caption': 'a scene featuring an old man wearing a beret, a gray shirt, and black pants, facing right, an adult man wearing a blue shirt and beige pants holding a basket and holding up a pan with one hand, an adult female wearing a floral dress and black pants, facing forward with black hair, holding hands with a man and holding a basket, a picnic basket, a pan, bottles of water on the pan, a female child wearing a pink shirt and a white skirt holding a yellow balloon and a brown teddy bear.', 'region_count': 9, 'has_image': True, 'detected_objects_count': 7, 'image_path': 'output/p2/2025-08-14_01-29-33/image.png', 'image_with_layout_path': 'output/p2/2025-08-14_01-29-33/image_with_layout.png', 'timestamp_dir': 'output/p2/2025-08-14_01-29-33', 'session_id': '319db85e-7d37-4224-a79e-d77ee523d8c7', 'user_id': 'p2'}",2
2000-01-01 01:31:05,instance-f168b841-236d-4c55-b7f9-158a9b50661a,instance.updated,"{'instance_id': 'instance-f168b841-236d-4c55-b7f9-158a9b50661a', 'instance_label': 'man', 'text_changed': True, 'graph_changed': False, 'session_id': '319db85e-7d37-4224-a79e-d77ee523d8c7', 'user_id': 'p2'}",2
2000-01-01 01:31:32,instance-f168b841-236d-4c55-b7f9-158a9b50661a,instance.updated,"{'instance_id': 'instance-f168b841-236d-4c55-b7f9-158a9b50661a', 'instance_label': 'man', 'text_changed': True, 'graph_changed': False, 'session_id': '319db85e-7d37-4224-a79e-d77ee523d8c7', 'user_id': 'p2'}",2
2000-01-01 01:32:17,,api.generate_image.succeeded,"{'global_caption': 'a scene featuring an old man wearing a beret, a gray shirt, and black pants, facing right, a young adult man facing forward, wearing a blue shirt and beige pants, holding a basket and holding up a pan with one hand, an adult female wearing a floral dress and black pants, facing forward with black hair, holding hands with a man and holding a basket, a picnic basket, a pan, bottles of water on the pan, a female child wearing a pink shirt and a white skirt, holding a yellow balloon and a brown teddy bear.', 'region_count': 9, 'has_image': True, 'detected_objects_count': 5, 'image_path': 'output/p2/2025-08-14_01-32-16/image.png', 'image_with_layout_path': 'output/p2/2025-08-14_01-32-16/image_with_layout.png', 'timestamp_dir': 'output/p2/2025-08-14_01-32-16', 'session_id': '319db85e-7d37-4224-a79e-d77ee523d8c7', 'user_id': 'p2'}",2
2000-01-01 01:34:21,,api.generate_image.succeeded,"{'global_caption': 'a scene featuring an old man wearing a beret, a gray shirt, and black pants, facing right, a young adult man facing forward, wearing a blue shirt and beige pants, holding a basket and holding up a pan with one hand, an adult female wearing a floral dress and black pants, facing forward with black hair, holding a basket, a picnic basket, a pan, bottles of water on the pan, a female child wearing a pink shirt and a white skirt, holding a yellow balloon and a brown teddy bear.', 'region_count': 9, 'has_image': True, 'detected_objects_count': 7, 'image_path': 'output/p2/2025-08-14_01-34-21/image.png', 'image_with_layout_path': 'output/p2/2025-08-14_01-34-21/image_with_layout.png', 'timestamp_dir': 'output/p2/2025-08-14_01-34-21', 'session_id': '319db85e-7d37-4224-a79e-d77ee523d8c7', 'user_id': 'p2'}",2
2000-01-01 04:08:42,,instance.created_from_text,"{'position': {'x': 25.890625, 'y': 261}, 'screen_position': {'x': 88, 'y': 304}, 'board_type': 'advanced', 'session_id': '5c80c448-3160-44a9-a933-407b23b40792', 'user_id': 'P3'}",3
2000-01-01 04:08:57,,instance.created_from_text,"{'position': {'x': 194.890625, 'y': 242}, 'screen_position': {'x': 257, 'y': 285}, 'board_type': 'advanced', 'session_id': '5c80c448-3160-44a9-a933-407b23b40792', 'user_id': 'P3'}",3
2000-01-01 04:09:18,,instance.created_from_text,"{'position': {'x': 275.890625, 'y': 281}, 'screen_position': {'x': 338, 'y': 324}, 'board_type': 'advanced', 'session_id': '5c80c448-3160-44a9-a933-407b23b40792', 'user_id': 'P3'}",3
2000-01-01 04:09:44,,instance.created_from_text,"{'position': {'x': 419.890625, 'y': 253}, 'screen_position': {'x': 482, 'y': 296}, 'board_type': 'advanced', 'session_id': '5c80c448-3160-44a9-a933-407b23b40792', 'user_id': 'P3'}",3
2000-01-01 04:09:47,,instance.created_from_text,"{'position': {'x': 403.890625, 'y': 259}, 'screen_position': {'x': 466, 'y': 302}, 'board_type': 'advanced', 'session_id': '5c80c448-3160-44a9-a933-407b23b40792', 'user_id': 'P3'}",3
2000-01-01 04:09:54,class-457fed5d-c6db-48b9-ace5-09e19b32a589,class.created,"{'class_id': 'class-457fed5d-c6db-48b9-ace5-09e19b32a589', 'class_name': 'woman Class', 'placeholder_count': 1, 'created_from': 'woman', 'session_id': '5c80c448-3160-44a9-a933-407b23b40792', 'user_id': 'P3'}",3
2000-01-01 04:10:27,class-457fed5d-c6db-48b9-ace5-09e19b32a589,class.updated,"{'class_id': 'class-457fed5d-c6db-48b9-ace5-09e19b32a589', 'class_name': 'woman Class', 'placeholder_count': 1, 'object_count': 1, 'session_id': '5c80c448-3160-44a9-a933-407b23b40792', 'user_id': 'P3'}",3
2000-01-01 04:10:35,class-457fed5d-c6db-48b9-ace5-09e19b32a589,class.updated,"{'class_id': 'class-457fed5d-c6db-48b9-ace5-09e19b32a589', 'class_name': 'woman Class', 'placeholder_count': 1, 'object_count': 1, 'session_id': '5c80c448-3160-44a9-a933-407b23b40792', 'user_id': 'P3'}",3
2000-01-01 04:10:41,class-457fed5d-c6db-48b9-ace5-09e19b32a589,class.instances_reset,"{'class_id': 'class-457fed5d-c6db-48b9-ace5-09e19b32a589', 'instance_count': 1, 'class_name': 'woman Class', 'session_id': '5c80c448-3160-44a9-a933-407b23b40792', 'user_id': 'P3'}",3
2000-01-01 04:11:56,instance-1a35142f-cd02-449a-8632-5189b2bc31b9,instance.updated,"{'instance_id': 'instance-1a35142f-cd02-449a-8632-5189b2bc31b9', 'instance_label': 'woman', 'text_changed': False, 'graph_changed': True, 'session_id': '5c80c448-3160-44a9-a933-407b23b40792', 'user_id': 'P3'}",3
2000-01-01 04:12:27,instance-1a35142f-cd02-449a-8632-5189b2bc31b9,instance.updated,"{'instance_id': 'instance-1a35142f-cd02-449a-8632-5189b2bc31b9', 'instance_label': 'woman', 'text_changed': False, 'graph_changed': True, 'session_id': '5c80c448-3160-44a9-a933-407b23b40792', 'user_id': 'P3'}",3
2000-01-01 04:12:49,instance-1a35142f-cd02-449a-8632-5189b2bc31b9,instance.updated,"{'instance_id': 'instance-1a35142f-cd02-449a-8632-5189b2bc31b9', 'instance_label': 'woman', 'text_changed': False, 'graph_changed': True, 'session_id': '5c80c448-3160-44a9-a933-407b23b40792', 'user_id': 'P3'}",3
2000-01-01 04:13:17,instance-4e8d30be-57f4-4647-b18f-883737552f5e,instance.created_from_class,"{'instance_id': 'instance-4e8d30be-57f4-4647-b18f-883737552f5e', 'class_id': 'class-457fed5d-c6db-48b9-ace5-09e19b32a589', 'instance_label': 'Female', 'has_text_description': True, 'session_id': '5c80c448-3160-44a9-a933-407b23b40792', 'user_id': 'P3'}",3
2000-01-01 04:15:24,instance-4e8d30be-57f4-4647-b18f-883737552f5e,instance.updated,"{'instance_id': 'instance-4e8d30be-57f4-4647-b18f-883737552f5e', 'instance_label': 'Female', 'text_changed': False, 'graph_changed': True, 'session_id': '5c80c448-3160-44a9-a933-407b23b40792', 'user_id': 'P3'}",3
2000-01-01 04:15:31,class-578c63ff-3d9c-4291-bf99-f212107f902d,class.created,"{'class_id': 'class-578c63ff-3d9c-4291-bf99-f212107f902d', 'class_name': 'man Class', 'placeholder_count': 1, 'created_from': 'man', 'session_id': '5c80c448-3160-44a9-a933-407b23b40792', 'user_id': 'P3'}",3
2000-01-01 04:16:25,class-457fed5d-c6db-48b9-ace5-09e19b32a589,class.updated,"{'class_id': 'class-457fed5d-c6db-48b9-ace5-09e19b32a589', 'class_name': 'woman Class', 'placeholder_count': 1, 'object_count': 1, 'session_id': '5c80c448-3160-44a9-a933-407b23b40792', 'user_id': 'P3'}",3
2000-01-01 04:18:35,instance-b7388952-8650-4a45-b674-10ac9282678a,instance.updated,"{'instance_id': 'instance-b7388952-8650-4a45-b674-10ac9282678a', 'instance_label': 'man', 'text_changed': True, 'graph_changed': False, 'session_id': '5c80c448-3160-44a9-a933-407b23b40792', 'user_id': 'P3'}",3
2000-01-01 04:19:13,instance-46bd879e-724b-4c20-b0f2-536313f86754,instance.created_from_class,"{'instance_id': 'instance-46bd879e-724b-4c20-b0f2-536313f86754', 'class_id': 'class-578c63ff-3d9c-4291-bf99-f212107f902d', 'instance_label': 'Man', 'has_text_description': True, 'session_id': '5c80c448-3160-44a9-a933-407b23b40792', 'user_id': 'P3'}",3
2000-01-01 04:20:41,instance-46bd879e-724b-4c20-b0f2-536313f86754,instance.updated,"{'instance_id': 'instance-46bd879e-724b-4c20-b0f2-536313f86754', 'instance_label': 'man', 'text_changed': True, 'graph_changed': False, 'session_id': '5c80c448-3160-44a9-a933-407b23b40792', 'user_id': 'P3'}",3
2000-01-01 04:21:05,instance-b7388952-8650-4a45-b674-10ac9282678a,instance.updated,"{'instance_id': 'instance-b7388952-8650-4a45-b674-10ac9282678a', 'instance_label': 'man', 'text_changed': True, 'graph_changed': False, 'session_id': '5c80c448-3160-44a9-a933-407b23b40792', 'user_id': 'P3'}",3
2000-01-01 04:22:03,,api.generate_image.succeeded,"{'global_caption': 'a scene featuring a man wearing a white short-sleeve shirt and beige pants, wearing sunglasses and holding a paper map in his right hand; a woman in a sky-blue dress, taking a picture of the sky, wearing brown sandals and holding a brown hat; a female with a flower pattern top and short jeans, holding a coffee cup in her left hand and a gray suitcase in her right hand; and a man wearing a light green T-shirt, beige shorts, and black shoes, with his hands in his pockets.', 'region_count': 4, 'has_image': True, 'detected_objects_count': 4, 'image_path': 'output/P3/2025-08-14_04-22-01/image.png', 'image_with_layout_path': 'output/P3/2025-08-14_04-22-01/image_with_layout.png', 'timestamp_dir': 'output/P3/2025-08-14_04-22-01', 'session_id': '5c80c448-3160-44a9-a933-407b23b40792', 'user_id': 'P3'}",3
2000-01-01 04:23:43,instance-4e8d30be-57f4-4647-b18f-883737552f5e,instance.updated,"{'instance_id': 'instance-4e8d30be-57f4-4647-b18f-883737552f5e', 'instance_label': 'female', 'text_changed': True, 'graph_changed': False, 'session_id': '5c80c448-3160-44a9-a933-407b23b40792', 'user_id': 'P3'}",3
2000-01-01 04:24:28,instance-4e8d30be-57f4-4647-b18f-883737552f5e,instance.updated,"{'instance_id': 'instance-4e8d30be-57f4-4647-b18f-883737552f5e', 'instance_label': 'female', 'text_changed': True, 'graph_changed': False, 'session_id': '5c80c448-3160-44a9-a933-407b23b40792', 'user_id': 'P3'}",3
2000-01-01 04:24:50,instance-4e8d30be-57f4-4647-b18f-883737552f5e,instance.updated,"{'instance_id': 'instance-4e8d30be-57f4-4647-b18f-883737552f5e', 'instance_label': 'female', 'text_changed': True, 'graph_changed': False, 'session_id': '5c80c448-3160-44a9-a933-407b23b40792', 'user_id': 'P3'}",3
2000-01-01 04:25:22,instance-1a35142f-cd02-449a-8632-5189b2bc31b9,instance.updated,"{'instance_id': 'instance-1a35142f-cd02-449a-8632-5189b2bc31b9', 'instance_label': 'woman', 'text_changed': True, 'graph_changed': False, 'session_id': '5c80c448-3160-44a9-a933-407b23b40792', 'user_id': 'P3'}",3
2000-01-01 04:26:12,instance-b7388952-8650-4a45-b674-10ac9282678a,instance.updated,"{'instance_id': 'instance-b7388952-8650-4a45-b674-10ac9282678a', 'instance_label': 'man', 'text_changed': True, 'graph_changed': False, 'session_id': '5c80c448-3160-44a9-a933-407b23b40792', 'user_id': 'P3'}",3
2000-01-01 04:26:32,instance-b7388952-8650-4a45-b674-10ac9282678a,instance.updated,"{'instance_id': 'instance-b7388952-8650-4a45-b674-10ac9282678a', 'instance_label': 'man', 'text_changed': False, 'graph_changed': True, 'session_id': '5c80c448-3160-44a9-a933-407b23b40792', 'user_id': 'P3'}",3
2000-01-01 04:27:01,instance-46bd879e-724b-4c20-b0f2-536313f86754,instance.updated,"{'instance_id': 'instance-46bd879e-724b-4c20-b0f2-536313f86754', 'instance_label': 'man', 'text_changed': True, 'graph_changed': False, 'session_id': '5c80c448-3160-44a9-a933-407b23b40792', 'user_id': 'P3'}",3
2000-01-01 04:27:20,instance-1a35142f-cd02-449a-8632-5189b2bc31b9,instance.updated,"{'instance_id': 'instance-1a35142f-cd02-449a-8632-5189b2bc31b9', 'instance_label': 'woman', 'text_changed': True, 'graph_changed': False, 'session_id': '5c80c448-3160-44a9-a933-407b23b40792', 'user_id': 'P3'}",3
2000-01-01 04:28:03,instance-1a35142f-cd02-449a-8632-5189b2bc31b9,instance.updated,"{'instance_id': 'instance-1a35142f-cd02-449a-8632-5189b2bc31b9', 'instance_label': 'woman', 'text_changed': True, 'graph_changed': False, 'session_id': '5c80c448-3160-44a9-a933-407b23b40792', 'user_id': 'P3'}",3
2000-01-01 04:28:47,,api.generate_image.succeeded,"{'global_caption': 'a scene featuring a man wearing a white short-sleeve shirt and beige pants, wearing sunglasses and holding a paper map in his right hand, staring to the left; a woman wearing a sky-blue dress, brown sandals, and holding a brown hat in her left hand, taking a picture of the sky with a camera; a female wearing a flower pattern top and short jeans, holding a coffee cup in her left hand and a gray suitcase in her right hand; and a man wearing a light green T-shirt, beige shorts, and black shoes, with his hands in his pockets and staring to the left.', 'region_count': 4, 'has_image': True, 'detected_objects_count': 5, 'image_path': 'output/P3/2025-08-14_04-28-46/image.png', 'image_with_layout_path': 'output/P3/2025-08-14_04-28-46/image_with_layout.png', 'timestamp_dir': 'output/P3/2025-08-14_04-28-46', 'session_id': '5c80c448-3160-44a9-a933-407b23b40792', 'user_id': 'P3'}",3
2000-01-01 04:30:34,instance-4e8d30be-57f4-4647-b18f-883737552f5e,object_node.extract.confirmed,"{'object_id': 'object3', 'object_name': 'suitcase', 'parent_instance_id': 'instance-4e8d30be-57f4-4647-b18f-883737552f5e', 'session_id': '5c80c448-3160-44a9-a933-407b23b40792', 'user_id': 'P3'}",3
2000-01-01 04:30:56,instance-4e8d30be-57f4-4647-b18f-883737552f5e,object_node.extract.confirmed,"{'object_id': 'object2', 'object_name': 'coffee cup', 'parent_instance_id': 'instance-4e8d30be-57f4-4647-b18f-883737552f5e', 'session_id': '5c80c448-3160-44a9-a933-407b23b40792', 'user_id': 'P3'}",3
2000-01-01 04:31:42,instance-b7388952-8650-4a45-b674-10ac9282678a,instance.updated,"{'instance_id': 'instance-b7388952-8650-4a45-b674-10ac9282678a', 'instance_label': 'man', 'text_changed': False, 'graph_changed': True, 'session_id': '5c80c448-3160-44a9-a933-407b23b40792', 'user_id': 'P3'}",3
2000-01-01 04:31:56,instance-46bd879e-724b-4c20-b0f2-536313f86754,instance.updated,"{'instance_id': 'instance-46bd879e-724b-4c20-b0f2-536313f86754', 'instance_label': 'man', 'text_changed': False, 'graph_changed': True, 'session_id': '5c80c448-3160-44a9-a933-407b23b40792', 'user_id': 'P3'}",3
2000-01-01 04:32:20,instance-1a35142f-cd02-449a-8632-5189b2bc31b9,object_node.extract.confirmed,"{'object_id': 'object2', 'object_name': 'camera', 'parent_instance_id': 'instance-1a35142f-cd02-449a-8632-5189b2bc31b9', 'session_id': '5c80c448-3160-44a9-a933-407b23b40792', 'user_id': 'P3'}",3
2000-01-01 04:32:48,,instance.created_from_text,"{'position': {'x': 32.890625, 'y': 26}, 'screen_position': {'x': 95, 'y': 69}, 'board_type': 'advanced', 'session_id': '5c80c448-3160-44a9-a933-407b23b40792', 'user_id': 'P3'}",3
2000-01-01 04:34:33,instance-0c170704-6e19-4fd5-9284-3a8771d08364,instance.updated,"{'instance_id': 'instance-0c170704-6e19-4fd5-9284-3a8771d08364', 'instance_label': 'background', 'text_changed': True, 'graph_changed': False, 'session_id': '5c80c448-3160-44a9-a933-407b23b40792', 'user_id': 'P3'}",3
2000-01-01 04:34:44,instance-1a35142f-cd02-449a-8632-5189b2bc31b9,object_node.extract.confirmed,"{'object_id': 'object5', 'object_name': 'hat', 'parent_instance_id': 'instance-1a35142f-cd02-449a-8632-5189b2bc31b9', 'session_id': '5c80c448-3160-44a9-a933-407b23b40792', 'user_id': 'P3'}",3
2000-01-01 04:35:21,instance-b7388952-8650-4a45-b674-10ac9282678a,instance.updated,"{'instance_id': 'instance-b7388952-8650-4a45-b674-10ac9282678a', 'instance_label': 'man', 'text_changed': True, 'graph_changed': False, 'session_id': '5c80c448-3160-44a9-a933-407b23b40792', 'user_id': 'P3'}",3
2000-01-01 04:36:01,,api.generate_image.succeeded,"{'global_caption': 'a scene featuring a man wearing a white short-sleeve shirt and beige pants, wearing sunglasses and holding a paper map in his right hand, with his foot in the frame of the image; a woman in a sky-blue dress, wearing brown sandals, with her left hand on her side, taking a picture of the sky with a camera, and holding a brown hat; a female wearing a top with a flower pattern and short jeans, holding a gray suitcase in her right hand and a coffee cup in her left hand; and a man wearing a light green T-shirt, beige shorts, and black shoes, with his hands in his pockets; all set against a background featuring yellow buildings and white street lamps.', 'region_count': 9, 'has_image': True, 'detected_objects_count': 6, 'image_path': 'output/P3/2025-08-14_04-36-00/image.png', 'image_with_layout_path': 'output/P3/2025-08-14_04-36-00/image_with_layout.png', 'timestamp_dir': 'output/P3/2025-08-14_04-36-00', 'session_id': '5c80c448-3160-44a9-a933-407b23b40792', 'user_id': 'P3'}",3
2000-01-01 14:03:52,,instance.created_from_text,"{'position': {'x': 48.974998474121094, 'y': 190.19999885559082}, 'screen_position': {'x': 111, 'y': 213}, 'board_type': 'advanced', 'session_id': '4063f7b6-6eee-437c-9525-71078de215db', 'user_id': 'P4'}",4
2000-01-01 14:07:48,,instance.created_from_text,"{'position': {'x': 199.9749984741211, 'y': 327.1999988555908}, 'screen_position': {'x': 262, 'y': 350}, 'board_type': 'advanced', 'session_id': '4063f7b6-6eee-437c-9525-71078de215db', 'user_id': 'P4'}",4
2000-01-01 14:10:39,,instance.created_from_text,"{'position': {'x': 288.9749984741211, 'y': 227.19999885559082}, 'screen_position': {'x': 351, 'y': 250}, 'board_type': 'advanced', 'session_id': '4063f7b6-6eee-437c-9525-71078de215db', 'user_id': 'P4'}",4
2000-01-01 14:11:19,class-be73cce4-f41a-4370-8fe0-574833995fd2,class.created,"{'class_id': 'class-be73cce4-f41a-4370-8fe0-574833995fd2', 'class_name': 'man Class', 'placeholder_count': 9, 'created_from': 'man', 'session_id': '4063f7b6-6eee-437c-9525-71078de215db', 'user_id': 'P4'}",4
2000-01-01 14:15:10,instance-cc66915c-c726-49e1-ac77-fba7c0296fff,instance.created_from_class,"{'instance_id': 'instance-cc66915c-c726-49e1-ac77-fba7c0296fff', 'class_id': 'class-be73cce4-f41a-4370-8fe0-574833995fd2', 'instance_label': 'Young man', 'has_text_description': True, 'session_id': '4063f7b6-6eee-437c-9525-71078de215db', 'user_id': 'P4'}",4
2000-01-01 14:17:02,instance-b96034a2-a9c6-436d-aa59-e24e04e6e019,instance.updated,"{'instance_id': 'instance-b96034a2-a9c6-436d-aa59-e24e04e6e019', 'instance_label': 'man', 'text_changed': True, 'graph_changed': False, 'session_id': '4063f7b6-6eee-437c-9525-71078de215db', 'user_id': 'P4'}",4
2000-01-01 14:17:26,instance-ace02351-28c3-4cbb-a665-bc45d5a6557d,instance.updated,"{'instance_id': 'instance-ace02351-28c3-4cbb-a665-bc45d5a6557d', 'instance_label': 'woman', 'text_changed': True, 'graph_changed': False, 'session_id': '4063f7b6-6eee-437c-9525-71078de215db', 'user_id': 'P4'}",4
2000-01-01 14:17:45,instance-cc66915c-c726-49e1-ac77-fba7c0296fff,instance.updated,"{'instance_id': 'instance-cc66915c-c726-49e1-ac77-fba7c0296fff', 'instance_label': 'man', 'text_changed': True, 'graph_changed': False, 'session_id': '4063f7b6-6eee-437c-9525-71078de215db', 'user_id': 'P4'}",4
2000-01-01 14:17:53,class-0ed5dc61-2fbb-413e-9985-6d0426ff5846,class.created,"{'class_id': 'class-0ed5dc61-2fbb-413e-9985-6d0426ff5846', 'class_name': 'woman Class', 'placeholder_count': 10, 'created_from': 'woman', 'session_id': '4063f7b6-6eee-437c-9525-71078de215db', 'user_id': 'P4'}",4
2000-01-01 14:20:29,instance-025eadff-cb88-47b1-b137-4487216e9643,instance.created_from_class,"{'instance_id': 'instance-025eadff-cb88-47b1-b137-4487216e9643', 'class_id': 'class-0ed5dc61-2fbb-413e-9985-6d0426ff5846', 'instance_label': 'Woman', 'has_text_description': True, 'session_id': '4063f7b6-6eee-437c-9525-71078de215db', 'user_id': 'P4'}",4
2000-01-01 14:22:29,instance-025eadff-cb88-47b1-b137-4487216e9643,instance.updated,"{'instance_id': 'instance-025eadff-cb88-47b1-b137-4487216e9643', 'instance_label': 'woman', 'text_changed': True, 'graph_changed': False, 'session_id': '4063f7b6-6eee-437c-9525-71078de215db', 'user_id': 'P4'}",4
2000-01-01 14:23:53,instance-b96034a2-a9c6-436d-aa59-e24e04e6e019,instance.updated,"{'instance_id': 'instance-b96034a2-a9c6-436d-aa59-e24e04e6e019', 'instance_label': 'man', 'text_changed': True, 'graph_changed': False, 'session_id': '4063f7b6-6eee-437c-9525-71078de215db', 'user_id': 'P4'}",4
2000-01-01 14:24:52,instance-cc66915c-c726-49e1-ac77-fba7c0296fff,instance.updated,"{'instance_id': 'instance-cc66915c-c726-49e1-ac77-fba7c0296fff', 'instance_label': 'man', 'text_changed': True, 'graph_changed': False, 'session_id': '4063f7b6-6eee-437c-9525-71078de215db', 'user_id': 'P4'}",4
2000-01-01 14:26:37,instance-ace02351-28c3-4cbb-a665-bc45d5a6557d,instance.updated,"{'instance_id': 'instance-ace02351-28c3-4cbb-a665-bc45d5a6557d', 'instance_label': 'woman', 'text_changed': True, 'graph_changed': False, 'session_id': '4063f7b6-6eee-437c-9525-71078de215db', 'user_id': 'P4'}",4
2000-01-01 14:27:23,instance-ace02351-28c3-4cbb-a665-bc45d5a6557d,instance.updated,"{'instance_id': 'instance-ace02351-28c3-4cbb-a665-bc45d5a6557d', 'instance_label': 'woman', 'text_changed': True, 'graph_changed': False, 'session_id': '4063f7b6-6eee-437c-9525-71078de215db', 'user_id': 'P4'}",4
2000-01-01 14:28:00,,api.generate_image.succeeded,"{'global_caption': 'a scene featuring a young man wearing a white shirt, black sunglasses, beige pants, and black shoes looking at a woman holding a camera, a fatty woman with long hair holding a cup of coffee in her left hand and luggage in her right hand, a young man wearing a green T-shirt, beige short pants, and black sneakers with a gray watch on his left wrist holding something in both hands and watching the girl who holds the camera, and a woman with long hair wearing a bright blue-colored one-piece holding a camera in her left hand and taking a photo while holding a hat in her right hand.', 'region_count': 4, 'has_image': True, 'detected_objects_count': 6, 'image_path': 'output/P4/2025-08-14_14-27-59/image.png', 'image_with_layout_path': 'output/P4/2025-08-14_14-27-59/image_with_layout.png', 'timestamp_dir': 'output/P4/2025-08-14_14-27-59', 'session_id': '4063f7b6-6eee-437c-9525-71078de215db', 'user_id': 'P4'}",4
2000-01-01 14:32:32,instance-025eadff-cb88-47b1-b137-4487216e9643,instance.updated,"{'instance_id': 'instance-025eadff-cb88-47b1-b137-4487216e9643', 'instance_label': 'woman', 'text_changed': True, 'graph_changed': False, 'session_id': '4063f7b6-6eee-437c-9525-71078de215db', 'user_id': 'P4'}",4
2000-01-01 14:34:00,instance-ace02351-28c3-4cbb-a665-bc45d5a6557d,instance.updated,"{'instance_id': 'instance-ace02351-28c3-4cbb-a665-bc45d5a6557d', 'instance_label': 'woman', 'text_changed': True, 'graph_changed': False, 'session_id': '4063f7b6-6eee-437c-9525-71078de215db', 'user_id': 'P4'}",4
2000-01-01 14:34:22,instance-025eadff-cb88-47b1-b137-4487216e9643,object_node.extract.confirmed,"{'object_id': 'object6', 'object_name': 'hat', 'parent_instance_id': 'instance-025eadff-cb88-47b1-b137-4487216e9643', 'session_id': '4063f7b6-6eee-437c-9525-71078de215db', 'user_id': 'P4'}",4
2000-01-01 14:35:18,instance-025eadff-cb88-47b1-b137-4487216e9643,instance.updated,"{'instance_id': 'instance-025eadff-cb88-47b1-b137-4487216e9643', 'instance_label': 'woman', 'text_changed': True, 'graph_changed': False, 'session_id': '4063f7b6-6eee-437c-9525-71078de215db', 'user_id': 'P4'}",4
2000-01-01 14:35:53,instance-b96034a2-a9c6-436d-aa59-e24e04e6e019,object_node.extract.confirmed,"{'object_id': 'object6', 'object_name': 'map', 'parent_instance_id': 'instance-b96034a2-a9c6-436d-aa59-e24e04e6e019', 'session_id': '4063f7b6-6eee-437c-9525-71078de215db', 'user_id': 'P4'}",4
2000-01-01 14:36:44,instance-ace02351-28c3-4cbb-a665-bc45d5a6557d,object_node.extract.confirmed,"{'object_id': 'object4', 'object_name': 'cup', 'parent_instance_id': 'instance-ace02351-28c3-4cbb-a665-bc45d5a6557d', 'session_id': '4063f7b6-6eee-437c-9525-71078de215db', 'user_id': 'P4'}",4
2000-01-01 14:37:33,,api.generate_image.succeeded,"{'global_caption': 'a scene featuring a young man wearing a white shirt, black sunglasses, beige pants, and black shoes looking at a woman holding a camera, a fatty woman in a flower-patterned dress, jean shorts, and sandals holding a cup of coffee in her left hand and luggage in her right hand while looking at another woman who is holding a camera, a young man wearing a green T-shirt, beige short pants, and black sneakers with a gray watch on his left wrist holding something in both hands and interestingly watching the girl who holds a camera, a woman with long hair wearing a bright blue one-piece dress taking a photo with a camera in her right hand while holding a hat in her left hand, a hat on the woman, a map, and a coffee cup on the woman.', 'region_count': 7, 'has_image': True, 'detected_objects_count': 6, 'image_path': 'output/P4/2025-08-14_14-37-32/image.png', 'image_with_layout_path': 'output/P4/2025-08-14_14-37-32/image_with_layout.png', 'timestamp_dir': 'output/P4/2025-08-14_14-37-32', 'session_id': '4063f7b6-6eee-437c-9525-71078de215db', 'user_id': 'P4'}",4
2000-01-01 07:08:40,,instance.created_from_text,"{'position': {'x': 51.109375, 'y': 230}, 'screen_position': {'x': 113, 'y': 253}, 'board_type': 'advanced', 'session_id': '9b200cbe-6fff-4d2a-845e-ad426c3baeb2', 'user_id': 'P5'}",5
2000-01-01 07:11:00,,api.generate_image.succeeded,"{'global_caption': 'a scene featuring a male person wearing a white shirt, beige pants, black shoes, and a silver clock', 'region_count': 1, 'has_image': True, 'detected_objects_count': 4, 'image_path': 'output/P5/2025-08-19_07-10-59/image.png', 'image_with_layout_path': 'output/P5/2025-08-19_07-10-59/image_with_layout.png', 'timestamp_dir': 'output/P5/2025-08-19_07-10-59', 'session_id': '9b200cbe-6fff-4d2a-845e-ad426c3baeb2', 'user_id': 'P5'}",5
2000-01-01 07:12:48,,api.generate_image.succeeded,"{'global_caption': 'a scene featuring a male person wearing a white shirt, beige pants, black shoes, and a silver clock, facing forward', 'region_count': 1, 'has_image': True, 'detected_objects_count': 3, 'image_path': 'output/P5/2025-08-19_07-12-47/image.png', 'image_with_layout_path': 'output/P5/2025-08-19_07-12-47/image_with_layout.png', 'timestamp_dir': 'output/P5/2025-08-19_07-12-47', 'session_id': '9b200cbe-6fff-4d2a-845e-ad426c3baeb2', 'user_id': 'P5'}",5
2000-01-01 07:14:01,,instance.created_from_text,"{'position': {'x': 174.109375, 'y': 197}, 'screen_position': {'x': 236, 'y': 239}, 'board_type': 'advanced', 'session_id': '9b200cbe-6fff-4d2a-845e-ad426c3baeb2', 'user_id': 'P5'}",5
2000-01-01 07:14:05,,instance.created_from_text,"{'position': {'x': 246.109375, 'y': 330}, 'screen_position': {'x': 308, 'y': 372}, 'board_type': 'advanced', 'session_id': '9b200cbe-6fff-4d2a-845e-ad426c3baeb2', 'user_id': 'P5'}",5
2000-01-01 07:14:39,class-2569d872-0c84-4f89-82e9-2c9e5bc114c8,class.created,"{'class_id': 'class-2569d872-0c84-4f89-82e9-2c9e5bc114c8', 'class_name': 'person Class', 'placeholder_count': 5, 'created_from': 'person', 'session_id': '9b200cbe-6fff-4d2a-845e-ad426c3baeb2', 'user_id': 'P5'}",5
2000-01-01 07:17:52,instance-15559327-52cc-4496-ab52-ae8803443865,instance.created_from_class,"{'instance_id': 'instance-15559327-52cc-4496-ab52-ae8803443865', 'class_id': 'class-2569d872-0c84-4f89-82e9-2c9e5bc114c8', 'instance_label': 'Female', 'has_text_description': True, 'session_id': '9b200cbe-6fff-4d2a-845e-ad426c3baeb2', 'user_id': 'P5'}",5
2000-01-01 07:18:00,class-2569d872-0c84-4f89-82e9-2c9e5bc114c8,class.updated,"{'class_id': 'class-2569d872-0c84-4f89-82e9-2c9e5bc114c8', 'class_name': 'person Class', 'placeholder_count': 5, 'object_count': 5, 'session_id': '9b200cbe-6fff-4d2a-845e-ad426c3baeb2', 'user_id': 'P5'}",5
2000-01-01 07:20:18,instance-15559327-52cc-4496-ab52-ae8803443865,instance.updated,"{'instance_id': 'instance-15559327-52cc-4496-ab52-ae8803443865', 'instance_label': 'Female', 'text_changed': False, 'graph_changed': True, 'session_id': '9b200cbe-6fff-4d2a-845e-ad426c3baeb2', 'user_id': 'P5'}",5
2000-01-01 07:21:07,,api.generate_image.succeeded,"{'global_caption': 'a scene featuring a male person wearing a white shirt, beige pants, black shoes, and a silver clock, facing forward, and a forward-facing female wearing a white shirt, blue shorts, black slippers, and carrying a silver carrier', 'region_count': 2, 'has_image': True, 'detected_objects_count': 11, 'image_path': 'output/P5/2025-08-19_07-21-06/image.png', 'image_with_layout_path': 'output/P5/2025-08-19_07-21-06/image_with_layout.png', 'timestamp_dir': 'output/P5/2025-08-19_07-21-06', 'session_id': '9b200cbe-6fff-4d2a-845e-ad426c3baeb2', 'user_id': 'P5'}",5
2000-01-01 07:21:28,class-778ca8ae-d3f4-4def-bb32-1e404bbdfc7e,class.created,"{'class_id': 'class-778ca8ae-d3f4-4def-bb32-1e404bbdfc7e', 'class_name': 'Female Class', 'placeholder_count': 5, 'created_from': 'Female', 'session_id': '9b200cbe-6fff-4d2a-845e-ad426c3baeb2', 'user_id': 'P5'}",5
2000-01-01 07:22:02,instance-15559327-52cc-4496-ab52-ae8803443865,instance.updated,"{'instance_id': 'instance-15559327-52cc-4496-ab52-ae8803443865', 'instance_label': 'Female', 'text_changed': False, 'graph_changed': True, 'session_id': '9b200cbe-6fff-4d2a-845e-ad426c3baeb2', 'user_id': 'P5'}",5
2000-01-01 07:22:12,,instance.created_from_text,"{'position': {'x': 374.109375, 'y': 199}, 'screen_position': {'x': 436, 'y': 242}, 'board_type': 'advanced', 'session_id': '9b200cbe-6fff-4d2a-845e-ad426c3baeb2', 'user_id': 'P5'}",5
2000-01-01 07:22:30,,api.generate_image.succeeded,"{'global_caption': 'a scene featuring a male person wearing a white shirt, beige pants, black shoes, and a silver clock, facing forward, and a forward-facing female wearing a white, flower-covered shirt, blue shorts, black slippers, and carrying a silver carrier', 'region_count': 2, 'has_image': True, 'detected_objects_count': 3, 'image_path': 'output/P5/2025-08-19_07-22-29/image.png', 'image_with_layout_path': 'output/P5/2025-08-19_07-22-29/image_with_layout.png', 'timestamp_dir': 'output/P5/2025-08-19_07-22-29', 'session_id': '9b200cbe-6fff-4d2a-845e-ad426c3baeb2', 'user_id': 'P5'}",5
2000-01-01 07:22:51,class-59be96c0-22b2-4727-94f1-61a2b0c00141,class.created,"{'class_id': 'class-59be96c0-22b2-4727-94f1-61a2b0c00141', 'class_name': 'Female Class', 'placeholder_count': 5, 'created_from': 'Female', 'session_id': '9b200cbe-6fff-4d2a-845e-ad426c3baeb2', 'user_id': 'P5'}",5
2000-01-01 07:24:36,instance-e364bfa7-b476-4fbb-9fe8-3e11881dde1a,instance.created_from_class,"{'instance_id': 'instance-e364bfa7-b476-4fbb-9fe8-3e11881dde1a', 'class_id': 'class-59be96c0-22b2-4727-94f1-61a2b0c00141', 'instance_label': 'Person', 'has_text_description': True, 'session_id': '9b200cbe-6fff-4d2a-845e-ad426c3baeb2', 'user_id': 'P5'}",5
2000-01-01 07:26:32,instance-e364bfa7-b476-4fbb-9fe8-3e11881dde1a,instance.updated,"{'instance_id': 'instance-e364bfa7-b476-4fbb-9fe8-3e11881dde1a', 'instance_label': 'Person', 'text_changed': False, 'graph_changed': True, 'session_id': '9b200cbe-6fff-4d2a-845e-ad426c3baeb2', 'user_id': 'P5'}",5
2000-01-01 07:27:09,instance-e364bfa7-b476-4fbb-9fe8-3e11881dde1a,instance.updated,"{'instance_id': 'instance-e364bfa7-b476-4fbb-9fe8-3e11881dde1a', 'instance_label': 'person', 'text_changed': True, 'graph_changed': False, 'session_id': '9b200cbe-6fff-4d2a-845e-ad426c3baeb2', 'user_id': 'P5'}",5
2000-01-01 07:27:45,,api.generate_image.succeeded,"{'global_caption': 'a scene featuring a male person wearing a white shirt, beige pants, black shoes, and a silver clock, facing forward, a forward-facing female wearing a white, flower-covered shirt, blue shorts, black slippers, and carrying a silver carrier, and a male person wearing beige shorts and black sneakers while facing forward, with his hands in the pockets of his shorts', 'region_count': 3, 'has_image': True, 'detected_objects_count': 4, 'image_path': 'output/P5/2025-08-19_07-27-44/image.png', 'image_with_layout_path': 'output/P5/2025-08-19_07-27-44/image_with_layout.png', 'timestamp_dir': 'output/P5/2025-08-19_07-27-44', 'session_id': '9b200cbe-6fff-4d2a-845e-ad426c3baeb2', 'user_id': 'P5'}",5
2000-01-01 07:28:23,instance-e364bfa7-b476-4fbb-9fe8-3e11881dde1a,instance.updated,"{'instance_id': 'instance-e364bfa7-b476-4fbb-9fe8-3e11881dde1a', 'instance_label': 'person', 'text_changed': True, 'graph_changed': False, 'session_id': '9b200cbe-6fff-4d2a-845e-ad426c3baeb2', 'user_id': 'P5'}",5
2000-01-01 07:28:52,instance-15559327-52cc-4496-ab52-ae8803443865,instance.updated,"{'instance_id': 'instance-15559327-52cc-4496-ab52-ae8803443865', 'instance_label': 'Female', 'text_changed': False, 'graph_changed': True, 'session_id': '9b200cbe-6fff-4d2a-845e-ad426c3baeb2', 'user_id': 'P5'}",5
2000-01-01 07:29:35,instance-15559327-52cc-4496-ab52-ae8803443865,instance.updated,"{'instance_id': 'instance-15559327-52cc-4496-ab52-ae8803443865', 'instance_label': 'person', 'text_changed': True, 'graph_changed': False, 'session_id': '9b200cbe-6fff-4d2a-845e-ad426c3baeb2', 'user_id': 'P5'}",5
2000-01-01 07:30:07,,api.generate_image.succeeded,"{'global_caption': 'a scene featuring a male person wearing a white shirt, beige pants, black shoes, and a silver clock, facing forward, a forward-facing female wearing a white, flower-covered shirt, blue shorts, black slippers, and carrying silver luggage with her right hand, and a male person wearing beige shorts and a blue shirt and black sneakers while facing forward, with his hands in the pockets of his shorts', 'region_count': 3, 'has_image': True, 'detected_objects_count': 4, 'image_path': 'output/P5/2025-08-19_07-30-06/image.png', 'image_with_layout_path': 'output/P5/2025-08-19_07-30-06/image_with_layout.png', 'timestamp_dir': 'output/P5/2025-08-19_07-30-06', 'session_id': '9b200cbe-6fff-4d2a-845e-ad426c3baeb2', 'user_id': 'P5'}",5
2000-01-01 07:31:53,instance-0a5ac473-44cc-412c-bafb-cf414c799b3c,instance.created_from_class,"{'instance_id': 'instance-0a5ac473-44cc-412c-bafb-cf414c799b3c', 'class_id': 'class-59be96c0-22b2-4727-94f1-61a2b0c00141', 'instance_label': 'Female person', 'has_text_description': True, 'session_id': '9b200cbe-6fff-4d2a-845e-ad426c3baeb2', 'user_id': 'P5'}",5
2000-01-01 07:32:26,instance-0a5ac473-44cc-412c-bafb-cf414c799b3c,instance.updated,"{'instance_id': 'instance-0a5ac473-44cc-412c-bafb-cf414c799b3c', 'instance_label': 'Female person', 'text_changed': False, 'graph_changed': True, 'session_id': '9b200cbe-6fff-4d2a-845e-ad426c3baeb2', 'user_id': 'P5'}",5
2000-01-01 07:33:18,,instance.created_from_text,"{'position': {'x': 375.109375, 'y': 81}, 'screen_position': {'x': 437, 'y': 104}, 'board_type': 'advanced', 'session_id': '9b200cbe-6fff-4d2a-845e-ad426c3baeb2', 'user_id': 'P5'}",5
2000-01-01 07:34:30,,instance.created_from_text,"{'position': {'x': 258.109375, 'y': 93}, 'screen_position': {'x': 320, 'y': 116}, 'board_type': 'advanced', 'session_id': '9b200cbe-6fff-4d2a-845e-ad426c3baeb2', 'user_id': 'P5'}",5
2000-01-01 07:35:43,instance-15559327-52cc-4496-ab52-ae8803443865,instance.updated,"{'instance_id': 'instance-15559327-52cc-4496-ab52-ae8803443865', 'instance_label': 'person', 'text_changed': False, 'graph_changed': True, 'session_id': '9b200cbe-6fff-4d2a-845e-ad426c3baeb2', 'user_id': 'P5'}",5
2000-01-01 07:35:47,,instance.created_from_text,"{'position': {'x': 167.109375, 'y': 87}, 'screen_position': {'x': 229, 'y': 130}, 'board_type': 'advanced', 'session_id': '9b200cbe-6fff-4d2a-845e-ad426c3baeb2', 'user_id': 'P5'}",5
2000-01-01 07:35:52,,instance.created_from_text,"{'position': {'x': 128.109375, 'y': 51}, 'screen_position': {'x': 190, 'y': 94}, 'board_type': 'advanced', 'session_id': '9b200cbe-6fff-4d2a-845e-ad426c3baeb2', 'user_id': 'P5'}",5
2000-01-01 07:36:30,,instance.created_from_text,"{'position': {'x': 161.109375, 'y': 88}, 'screen_position': {'x': 223, 'y': 131}, 'board_type': 'advanced', 'session_id': '9b200cbe-6fff-4d2a-845e-ad426c3baeb2', 'user_id': 'P5'}",5
2000-01-01 07:37:26,,api.generate_image.succeeded,"{'global_caption': 'a scene featuring a male person wearing a white shirt, beige pants, black shoes, and a silver clock, facing forward, a forward-facing female wearing a white, flower-covered shirt, blue shorts, and black slippers, holding silver luggage with her right hand and take-out coffee with her left hand, a male person wearing beige shorts and a blue shirt and black sneakers while facing forward with his hands in the pockets of his shorts, a forward-facing female person wearing a flower-covered dress and brown slippers, holding a black camera with her right hand and a beige hat with her left hand, a black camera, a beige hat, silver luggage, and take-out coffee.', 'region_count': 8, 'has_image': True, 'detected_objects_count': 4, 'image_path': 'output/P5/2025-08-19_07-37-26/image.png', 'image_with_layout_path': 'output/P5/2025-08-19_07-37-26/image_with_layout.png', 'timestamp_dir': 'output/P5/2025-08-19_07-37-26', 'session_id': '9b200cbe-6fff-4d2a-845e-ad426c3baeb2', 'user_id': 'P5'}",5
2000-01-01 07:38:21,instance-0a5ac473-44cc-412c-bafb-cf414c799b3c,instance.updated,"{'instance_id': 'instance-0a5ac473-44cc-412c-bafb-cf414c799b3c', 'instance_label': 'Female person', 'text_changed': False, 'graph_changed': True, 'session_id': '9b200cbe-6fff-4d2a-845e-ad426c3baeb2', 'user_id': 'P5'}",5
2000-01-01 07:38:50,,api.generate_image.succeeded,"{'global_caption': 'a scene featuring a male person wearing a white shirt, beige pants, black shoes, and a silver clock, facing forward, a forward-facing female wearing a white, flower-covered shirt, blue shorts, and black slippers, holding silver luggage with her right hand and take-out coffee with her left hand, a male person wearing beige shorts and a blue shirt and black sneakers while facing forward with his hands in the pockets of his shorts, a forward-facing female person wearing a blue dress and brown slippers, holding a black camera with her right hand and a beige hat with her left hand, together with a black camera, a beige hat, silver luggage, and take-out coffee.', 'region_count': 8, 'has_image': True, 'detected_objects_count': 4, 'image_path': 'output/P5/2025-08-19_07-38-50/image.png', 'image_with_layout_path': 'output/P5/2025-08-19_07-38-50/image_with_layout.png', 'timestamp_dir': 'output/P5/2025-08-19_07-38-50', 'session_id': '9b200cbe-6fff-4d2a-845e-ad426c3baeb2', 'user_id': 'P5'}",5
2000-01-01 05:31:30,,instance.created_from_text,"{'position': {'x': 123.8125, 'y': 437.5}, 'screen_position': {'x': 182, 'y': 473}, 'board_type': 'advanced', 'session_id': '068230a3-a4f5-4548-a76e-f1f14dd2eb25', 'user_id': 'P6'}",6
2000-01-01 05:31:49,,instance.created_from_text,"{'position': {'x': 164.8125, 'y': 190.5}, 'screen_position': {'x': 223, 'y': 226}, 'board_type': 'advanced', 'session_id': '068230a3-a4f5-4548-a76e-f1f14dd2eb25', 'user_id': 'P6'}",6
2000-01-01 05:32:23,,instance.created_from_text,"{'position': {'x': 358.8125, 'y': 347.5}, 'screen_position': {'x': 417, 'y': 383}, 'board_type': 'advanced', 'session_id': '068230a3-a4f5-4548-a76e-f1f14dd2eb25', 'user_id': 'P6'}",6
2000-01-01 05:32:58,,instance.created_from_text,"{'position': {'x': 404.8125, 'y': 311.5}, 'screen_position': {'x': 463, 'y': 347}, 'board_type': 'advanced', 'session_id': '068230a3-a4f5-4548-a76e-f1f14dd2eb25', 'user_id': 'P6'}",6
2000-01-01 05:33:51,,instance.created_from_text,"{'position': {'x': 382.8125, 'y': 223.5}, 'screen_position': {'x': 441, 'y': 259}, 'board_type': 'advanced', 'session_id': '068230a3-a4f5-4548-a76e-f1f14dd2eb25', 'user_id': 'P6'}",6
2000-01-01 05:35:09,,instance.created_from_text,"{'position': {'x': 221.8125, 'y': 448.5}, 'screen_position': {'x': 280, 'y': 484}, 'board_type': 'advanced', 'session_id': '068230a3-a4f5-4548-a76e-f1f14dd2eb25', 'user_id': 'P6'}",6
2000-01-01 05:35:15,,api.generate_image.succeeded,"{'global_caption': 'a scene featuring an old guy wearing a black hat, a woman wearing a dress, a man wearing a blue shirt and beige shorts, a girl wearing a pink shirt and white pants holding a brown teddy bear and a yellow balloon, and a black sedan car.', 'region_count': 5, 'has_image': True, 'detected_objects_count': 6, 'image_path': 'output/P6/2025-08-20_05-35-13/image.png', 'image_with_layout_path': 'output/P6/2025-08-20_05-35-13/image_with_layout.png', 'timestamp_dir': 'output/P6/2025-08-20_05-35-13', 'session_id': '068230a3-a4f5-4548-a76e-f1f14dd2eb25', 'user_id': 'P6'}",6
2000-01-01 05:35:41,,instance.created_from_text,"{'position': {'x': 304.8125, 'y': 202.5}, 'screen_position': {'x': 363, 'y': 238}, 'board_type': 'advanced', 'session_id': '068230a3-a4f5-4548-a76e-f1f14dd2eb25', 'user_id': 'P6'}",6
2000-01-01 05:36:25,9bb23018-1bb1-42f9-bcf3-b1f8a4b96c0d,instance.created_from_detection,"{'instanceId': '9bb23018-1bb1-42f9-bcf3-b1f8a4b96c0d', 'label': 'Balloon', 'originalObjectLabel': 'sports ball', 'session_id': '068230a3-a4f5-4548-a76e-f1f14dd2eb25', 'user_id': 'P6'}",6
2000-01-01 05:38:24,instance-21690d00-88f8-42d5-a3ef-bb763b170ad6,instance.updated,"{'instance_id': 'instance-21690d00-88f8-42d5-a3ef-bb763b170ad6', 'instance_label': 'woman', 'text_changed': False, 'graph_changed': True, 'session_id': '068230a3-a4f5-4548-a76e-f1f14dd2eb25', 'user_id': 'P6'}",6
2000-01-01 05:38:35,instance-21690d00-88f8-42d5-a3ef-bb763b170ad6,instance.updated,"{'instance_id': 'instance-21690d00-88f8-42d5-a3ef-bb763b170ad6', 'instance_label': 'woman', 'text_changed': True, 'graph_changed': False, 'session_id': '068230a3-a4f5-4548-a76e-f1f14dd2eb25', 'user_id': 'P6'}",6
2000-01-01 05:38:46,instance-21690d00-88f8-42d5-a3ef-bb763b170ad6,instance.updated,"{'instance_id': 'instance-21690d00-88f8-42d5-a3ef-bb763b170ad6', 'instance_label': 'woman', 'text_changed': True, 'graph_changed': False, 'session_id': '068230a3-a4f5-4548-a76e-f1f14dd2eb25', 'user_id': 'P6'}",6
2000-01-01 05:39:07,instance-4365bf88-167a-4de5-b58e-9145d8d18d10,instance.updated,"{'instance_id': 'instance-4365bf88-167a-4de5-b58e-9145d8d18d10', 'instance_label': 'man', 'text_changed': True, 'graph_changed': False, 'session_id': '068230a3-a4f5-4548-a76e-f1f14dd2eb25', 'user_id': 'P6'}",6
2000-01-01 05:39:44,,api.generate_image.succeeded,"{'global_caption': 'a scene featuring an old guy wearing a black hat, a young adult woman wearing a dress facing front, a young adult man wearing a blue shirt and beige shorts facing front, wearing sandals, holding a basket and a bottle, a girl holding a brown teddy bear and a yellow balloon wearing a pink shirt and white pants, a black sedan car, a basket, water bottles, and a bright yellow balloon with a smooth surface.', 'region_count': 8, 'has_image': True, 'detected_objects_count': 9, 'image_path': 'output/P6/2025-08-20_05-39-43/image.png', 'image_with_layout_path': 'output/P6/2025-08-20_05-39-43/image_with_layout.png', 'timestamp_dir': 'output/P6/2025-08-20_05-39-43', 'session_id': '068230a3-a4f5-4548-a76e-f1f14dd2eb25', 'user_id': 'P6'}",6
2000-01-01 05:41:04,instance-5b743006-4108-45c6-8509-a9b5d437a671,instance.updated,"{'instance_id': 'instance-5b743006-4108-45c6-8509-a9b5d437a671', 'instance_label': 'car', 'text_changed': True, 'graph_changed': False, 'session_id': '068230a3-a4f5-4548-a76e-f1f14dd2eb25', 'user_id': 'P6'}",6
2000-01-01 05:41:35,,api.generate_image.succeeded,"{'global_caption': 'a scene featuring an old guy wearing a black hat walking, a young adult woman wearing a dress facing front, a young adult man wearing a blue shirt and beige shorts facing front, wearing sandals, holding a basket and a bottle, a girl holding a brown teddy bear and a yellow balloon, wearing a pink shirt and white pants, a black sedan car parked facing right, a basket, water bottles, and a bright yellow balloon with a smooth surface.', 'region_count': 8, 'has_image': True, 'detected_objects_count': 8, 'image_path': 'output/P6/2025-08-20_05-41-34/image.png', 'image_with_layout_path': 'output/P6/2025-08-20_05-41-34/image_with_layout.png', 'timestamp_dir': 'output/P6/2025-08-20_05-41-34', 'session_id': '068230a3-a4f5-4548-a76e-f1f14dd2eb25', 'user_id': 'P6'}",6
2000-01-01 05:42:12,instance-e3a15c33-9cc1-4d0f-a07f-f4516ea6d13c,object_node.extract.confirmed,"{'object_id': 'object2', 'object_name': 'teddy bear', 'parent_instance_id': 'instance-e3a15c33-9cc1-4d0f-a07f-f4516ea6d13c', 'session_id': '068230a3-a4f5-4548-a76e-f1f14dd2eb25', 'user_id': 'P6'}",6
2000-01-01 05:43:05,,api.generate_image.succeeded,"{'global_caption': 'a scene featuring an old guy wearing a black hat walking, a young adult woman wearing a dress facing front, a young adult man wearing a blue shirt and beige shorts facing front, wearing sandals, holding a basket and a bottle, a girl wearing a pink shirt and white pants holding a yellow balloon and a brown teddy bear, a black sedan car parked facing right, a basket, water bottles, and a bright yellow balloon with a smooth surface.', 'region_count': 9, 'has_image': True, 'detected_objects_count': 6, 'image_path': 'output/P6/2025-08-20_05-43-03/image.png', 'image_with_layout_path': 'output/P6/2025-08-20_05-43-03/image_with_layout.png', 'timestamp_dir': 'output/P6/2025-08-20_05-43-03', 'session_id': '068230a3-a4f5-4548-a76e-f1f14dd2eb25', 'user_id': 'P6'}",6
2000-01-01 05:43:38,instance-49cff053-e1ac-4608-9a54-49b3f60e27c8,instance.updated,"{'instance_id': 'instance-49cff053-e1ac-4608-9a54-49b3f60e27c8', 'instance_label': 'bottle', 'text_changed': True, 'graph_changed': False, 'session_id': '068230a3-a4f5-4548-a76e-f1f14dd2eb25', 'user_id': 'P6'}",6
2000-01-01 05:43:52,instance-49cff053-e1ac-4608-9a54-49b3f60e27c8,instance.updated,"{'instance_id': 'instance-49cff053-e1ac-4608-9a54-49b3f60e27c8', 'instance_label': 'bottle', 'text_changed': True, 'graph_changed': False, 'session_id': '068230a3-a4f5-4548-a76e-f1f14dd2eb25', 'user_id': 'P6'}",6
2000-01-01 05:44:03,instance-49cff053-e1ac-4608-9a54-49b3f60e27c8,object_node.extract.confirmed,"{'object_id': 'object3', 'object_name': 'tray', 'parent_instance_id': 'instance-49cff053-e1ac-4608-9a54-49b3f60e27c8', 'session_id': '068230a3-a4f5-4548-a76e-f1f14dd2eb25', 'user_id': 'P6'}",6
2000-01-01 05:45:01,,api.generate_image.succeeded,"{'global_caption': 'a scene featuring an old guy wearing a black hat walking, a young adult woman wearing a dress facing front, a young adult man wearing a blue shirt and beige shorts facing front, wearing sandals, holding a basket and a tray, a girl wearing a pink shirt and white pants holding a yellow balloon and a brown teddy bear, a parked black sedan car facing right, a basket, a set with a bottle of water on a tray, and a bright yellow balloon with a smooth surface.', 'region_count': 10, 'has_image': True, 'detected_objects_count': 5, 'image_path': 'output/P6/2025-08-20_05-45-00/image.png', 'image_with_layout_path': 'output/P6/2025-08-20_05-45-00/image_with_layout.png', 'timestamp_dir': 'output/P6/2025-08-20_05-45-00', 'session_id': '068230a3-a4f5-4548-a76e-f1f14dd2eb25', 'user_id': 'P6'}",6
2000-01-01 05:46:11,class-a9bddebf-4e88-44cf-a7a2-5893508a6b92,class.created,"{'class_id': 'class-a9bddebf-4e88-44cf-a7a2-5893508a6b92', 'class_name': 'girl Class', 'placeholder_count': 4, 'created_from': 'girl', 'session_id': '068230a3-a4f5-4548-a76e-f1f14dd2eb25', 'user_id': 'P6'}",6
2000-01-01 05:46:43,class-4d379b48-bcaf-45ea-acf4-6efaad0e7a71,class.created,"{'class_id': 'class-4d379b48-bcaf-45ea-acf4-6efaad0e7a71', 'class_name': 'man Class', 'placeholder_count': 4, 'created_from': 'man', 'session_id': '068230a3-a4f5-4548-a76e-f1f14dd2eb25', 'user_id': 'P6'}",6
2000-01-01 05:47:50,instance-ecb85f69-9f7b-41a1-b95b-d4b4fb39f31f,instance.created_from_class,"{'instance_id': 'instance-ecb85f69-9f7b-41a1-b95b-d4b4fb39f31f', 'class_id': 'class-4d379b48-bcaf-45ea-acf4-6efaad0e7a71', 'instance_label': 'Old man', 'has_text_description': True, 'session_id': '068230a3-a4f5-4548-a76e-f1f14dd2eb25', 'user_id': 'P6'}",6
2000-01-01 05:48:18,instance-ecb85f69-9f7b-41a1-b95b-d4b4fb39f31f,instance.updated,"{'instance_id': 'instance-ecb85f69-9f7b-41a1-b95b-d4b4fb39f31f', 'instance_label': 'Old man', 'text_changed': False, 'graph_changed': True, 'session_id': '068230a3-a4f5-4548-a76e-f1f14dd2eb25', 'user_id': 'P6'}",6
2000-01-01 05:48:53,,api.generate_image.succeeded,"{'global_caption': 'a scene featuring an old man wearing a gray vest, black pants, and black shoes facing front, a young adult woman wearing a dress facing front, a young adult man wearing a blue shirt and beige shorts facing front, wearing sandals, holding a basket and a tray, a girl wearing a pink shirt and white pants holding a yellow balloon and a brown teddy bear, a parked black sedan car facing right, a basket, a set with a bottle of water on a tray, a bright yellow balloon with a smooth surface, and a brown teddy bear.', 'region_count': 10, 'has_image': True, 'detected_objects_count': 5, 'image_path': 'output/P6/2025-08-20_05-48-52/image.png', 'image_with_layout_path': 'output/P6/2025-08-20_05-48-52/image_with_layout.png', 'timestamp_dir': 'output/P6/2025-08-20_05-48-52', 'session_id': '068230a3-a4f5-4548-a76e-f1f14dd2eb25', 'user_id': 'P6'}",6
2000-01-01 05:49:24,instance-ecb85f69-9f7b-41a1-b95b-d4b4fb39f31f,instance.updated,"{'instance_id': 'instance-ecb85f69-9f7b-41a1-b95b-d4b4fb39f31f', 'instance_label': 'Old man', 'text_changed': False, 'graph_changed': True, 'session_id': '068230a3-a4f5-4548-a76e-f1f14dd2eb25', 'user_id': 'P6'}",6
2000-01-01 11:08:24,,instance.created_from_text,"{'position': {'x': 57.447914123535156, 'y': 304.44791412353516}, 'screen_position': {'x': 120, 'y': 347}, 'board_type': 'advanced', 'session_id': 'f4f51ef5-bb84-4469-a68f-04a3780fd0af', 'user_id': 'P7'}",7
2000-01-01 11:12:28,instance-e31a7f32-eead-426d-b28e-f76cad91bda6,instance.updated,"{'instance_id': 'instance-e31a7f32-eead-426d-b28e-f76cad91bda6', 'instance_label': 'man', 'text_changed': False, 'graph_changed': True, 'session_id': 'f4f51ef5-bb84-4469-a68f-04a3780fd0af', 'user_id': 'P7'}",7
2000-01-01 11:12:33,class-2773a934-f8f1-4be0-b7ea-b898f9402485,class.created,"{'class_id': 'class-2773a934-f8f1-4be0-b7ea-b898f9402485', 'class_name': 'man Class', 'placeholder_count': 5, 'created_from': 'man', 'session_id': 'f4f51ef5-bb84-4469-a68f-04a3780fd0af', 'user_id': 'P7'}",7
2000-01-01 11:14:20,instance-45b6c4d0-7b0f-467c-8c05-028ebf2b7812,instance.created_from_class,"{'instance_id': 'instance-45b6c4d0-7b0f-467c-8c05-028ebf2b7812', 'class_id': 'class-2773a934-f8f1-4be0-b7ea-b898f9402485', 'instance_label': 'Woman', 'has_text_description': True, 'session_id': 'f4f51ef5-bb84-4469-a68f-04a3780fd0af', 'user_id': 'P7'}",7
2000-01-01 11:16:13,instance-329fa7cb-e216-4f66-a5a4-7381a3751f8f,instance.created_from_class,"{'instance_id': 'instance-329fa7cb-e216-4f66-a5a4-7381a3751f8f', 'class_id': 'class-2773a934-f8f1-4be0-b7ea-b898f9402485', 'instance_label': 'Man', 'has_text_description': True, 'session_id': 'f4f51ef5-bb84-4469-a68f-04a3780fd0af', 'user_id': 'P7'}",7
2000-01-01 11:18:17,instance-329fa7cb-e216-4f66-a5a4-7381a3751f8f,instance.updated,"{'instance_id': 'instance-329fa7cb-e216-4f66-a5a4-7381a3751f8f', 'instance_label': 'Man', 'text_changed': False, 'graph_changed': True, 'session_id': 'f4f51ef5-bb84-4469-a68f-04a3780fd0af', 'user_id': 'P7'}",7
2000-01-01 11:20:44,instance-40a5bd78-e6a3-4927-bc48-c5e3ba5410b9,instance.created_from_class,"{'instance_id': 'instance-40a5bd78-e6a3-4927-bc48-c5e3ba5410b9', 'class_id': 'class-2773a934-f8f1-4be0-b7ea-b898f9402485', 'instance_label': 'Girl', 'has_text_description': True, 'session_id': 'f4f51ef5-bb84-4469-a68f-04a3780fd0af', 'user_id': 'P7'}",7
2000-01-01 11:22:18,instance-40a5bd78-e6a3-4927-bc48-c5e3ba5410b9,instance.updated,"{'instance_id': 'instance-40a5bd78-e6a3-4927-bc48-c5e3ba5410b9', 'instance_label': 'Girl', 'text_changed': False, 'graph_changed': True, 'session_id': 'f4f51ef5-bb84-4469-a68f-04a3780fd0af', 'user_id': 'P7'}",7
2000-01-01 11:23:24,,instance.created_from_text,"{'position': {'x': 175.44791412353516, 'y': 109.44791412353516}, 'screen_position': {'x': 238, 'y': 152}, 'board_type': 'advanced', 'session_id': 'f4f51ef5-bb84-4469-a68f-04a3780fd0af', 'user_id': 'P7'}",7
2000-01-01 11:23:27,,instance.created_from_text,"{'position': {'x': 186.44791412353516, 'y': 146.44791412353516}, 'screen_position': {'x': 249, 'y': 189}, 'board_type': 'advanced', 'session_id': 'f4f51ef5-bb84-4469-a68f-04a3780fd0af', 'user_id': 'P7'}",7
2000-01-01 11:24:55,,instance.created_from_text,"{'position': {'x': 38.447914123535156, 'y': 41.447914123535156}, 'screen_position': {'x': 101, 'y': 84}, 'board_type': 'advanced', 'session_id': 'f4f51ef5-bb84-4469-a68f-04a3780fd0af', 'user_id': 'P7'}",7
2000-01-01 11:26:17,instance-558efcbb-ae2f-4733-a049-1a3fa61f3557,object_node.extract.confirmed,"{'object_id': 'object3', 'object_name': 'car', 'parent_instance_id': 'instance-558efcbb-ae2f-4733-a049-1a3fa61f3557', 'session_id': 'f4f51ef5-bb84-4469-a68f-04a3780fd0af', 'user_id': 'P7'}",7
2000-01-01 11:26:34,instance-558efcbb-ae2f-4733-a049-1a3fa61f3557,object_node.extract.confirmed,"{'object_id': 'object4', 'object_name': 'lamp', 'parent_instance_id': 'instance-558efcbb-ae2f-4733-a049-1a3fa61f3557', 'session_id': 'f4f51ef5-bb84-4469-a68f-04a3780fd0af', 'user_id': 'P7'}",7
2000-01-01 11:27:44,,api.generate_image.succeeded,"{'global_caption': 'a scene featuring an old white man wearing a grey cardigan, a white shirt, black pants, and a black artist-style hat, looking at a girl related to a woman, a brown-haired woman in a flower-patterned dress holding a box, a brown-haired man in a bright blue polo T-shirt and brown short pants holding a tray with a bunch of water bottles and a box, a black-haired girl in a bright pink tank top and a white dress wearing pink shoes and holding a yellow balloon connected to a cute teddy bear, a brown picnic box, a street with a black lot tree, a black car, and a lamp on the street.', 'region_count': 8, 'has_image': True, 'detected_objects_count': 8, 'image_path': 'output/P7/2025-08-20_11-27-44/image.png', 'image_with_layout_path': 'output/P7/2025-08-20_11-27-44/image_with_layout.png', 'timestamp_dir': 'output/P7/2025-08-20_11-27-44', 'session_id': 'f4f51ef5-bb84-4469-a68f-04a3780fd0af', 'user_id': 'P7'}",7
2000-01-01 11:30:06,instance-40a5bd78-e6a3-4927-bc48-c5e3ba5410b9,instance.updated,"{'instance_id': 'instance-40a5bd78-e6a3-4927-bc48-c5e3ba5410b9', 'instance_label': 'Girl', 'text_changed': False, 'graph_changed': True, 'session_id': 'f4f51ef5-bb84-4469-a68f-04a3780fd0af', 'user_id': 'P7'}",7
2000-01-01 11:30:45,instance-6ffd5387-af2a-4369-9be4-335c324b442f,instance.updated,"{'instance_id': 'instance-6ffd5387-af2a-4369-9be4-335c324b442f', 'instance_label': 'car', 'text_changed': False, 'graph_changed': True, 'session_id': 'f4f51ef5-bb84-4469-a68f-04a3780fd0af', 'user_id': 'P7'}",7
2000-01-01 11:31:18,instance-329fa7cb-e216-4f66-a5a4-7381a3751f8f,instance.updated,"{'instance_id': 'instance-329fa7cb-e216-4f66-a5a4-7381a3751f8f', 'instance_label': 'Man', 'text_changed': False, 'graph_changed': True, 'session_id': 'f4f51ef5-bb84-4469-a68f-04a3780fd0af', 'user_id': 'P7'}",7
2000-01-01 11:31:53,instance-e31a7f32-eead-426d-b28e-f76cad91bda6,instance.updated,"{'instance_id': 'instance-e31a7f32-eead-426d-b28e-f76cad91bda6', 'instance_label': 'man', 'text_changed': True, 'graph_changed': False, 'session_id': 'f4f51ef5-bb84-4469-a68f-04a3780fd0af', 'user_id': 'P7'}",7
2000-01-01 11:32:22,instance-329fa7cb-e216-4f66-a5a4-7381a3751f8f,instance.updated,"{'instance_id': 'instance-329fa7cb-e216-4f66-a5a4-7381a3751f8f', 'instance_label': 'Man', 'text_changed': False, 'graph_changed': True, 'session_id': 'f4f51ef5-bb84-4469-a68f-04a3780fd0af', 'user_id': 'P7'}",7
2000-01-01 11:32:51,instance-558efcbb-ae2f-4733-a049-1a3fa61f3557,instance.updated,"{'instance_id': 'instance-558efcbb-ae2f-4733-a049-1a3fa61f3557', 'instance_label': 'street', 'text_changed': False, 'graph_changed': True, 'session_id': 'f4f51ef5-bb84-4469-a68f-04a3780fd0af', 'user_id': 'P7'}",7
2000-01-01 11:33:21,,api.generate_image.succeeded,"{'global_caption': 'a scene featuring an old white man wearing a grey cardigan, a white shirt, black pants, and a black artist-style hat, holding nothing related to a woman while looking at a girl, a brown-haired woman in a flower-patterned dress holding a box, a young brown-haired man in a bright blue polo T-shirt and brown short pants holding a tray with a bunch of water bottles in one hand, wearing brown sandals, while holding a box, a black-haired girl in a bright pink tank top and a white skirt wearing pink shoes and holding a yellow balloon connected to a cute teddy bear, a brown picnic box, a street with a black tree, a black car parked beside the street and viewed from the side, and a lamp on the street.', 'region_count': 8, 'has_image': True, 'detected_objects_count': 5, 'image_path': 'output/P7/2025-08-20_11-33-21/image.png', 'image_with_layout_path': 'output/P7/2025-08-20_11-33-21/image_with_layout.png', 'timestamp_dir': 'output/P7/2025-08-20_11-33-21', 'session_id': 'f4f51ef5-bb84-4469-a68f-04a3780fd0af', 'user_id': 'P7'}",7
2000-01-01 11:35:32,instance-558efcbb-ae2f-4733-a049-1a3fa61f3557,instance.updated,"{'instance_id': 'instance-558efcbb-ae2f-4733-a049-1a3fa61f3557', 'instance_label': 'street', 'text_changed': False, 'graph_changed': True, 'session_id': 'f4f51ef5-bb84-4469-a68f-04a3780fd0af', 'user_id': 'P7'}",7
2000-01-01 11:36:52,instance-40a5bd78-e6a3-4927-bc48-c5e3ba5410b9,object_node.extract.confirmed,"{'object_id': 'object6', 'object_name': 'teddy bear', 'parent_instance_id': 'instance-40a5bd78-e6a3-4927-bc48-c5e3ba5410b9', 'session_id': 'f4f51ef5-bb84-4469-a68f-04a3780fd0af', 'user_id': 'P7'}",7
2000-01-01 11:37:05,instance-40a5bd78-e6a3-4927-bc48-c5e3ba5410b9,object_node.extract.confirmed,"{'object_id': 'object4', 'object_name': 'balloon', 'parent_instance_id': 'instance-40a5bd78-e6a3-4927-bc48-c5e3ba5410b9', 'session_id': 'f4f51ef5-bb84-4469-a68f-04a3780fd0af', 'user_id': 'P7'}",7
2000-01-01 11:38:19,instance-e31a7f32-eead-426d-b28e-f76cad91bda6,instance.updated,"{'instance_id': 'instance-e31a7f32-eead-426d-b28e-f76cad91bda6', 'instance_label': 'man', 'text_changed': False, 'graph_changed': True, 'session_id': 'f4f51ef5-bb84-4469-a68f-04a3780fd0af', 'user_id': 'P7'}",7
2000-01-01 11:38:49,,api.generate_image.succeeded,"{'global_caption': 'a scene featuring a brown-haired woman in a flower-patterned dress holding a box, a young brown-haired man in a bright blue polo T-shirt and brown short pants holding a tray with a bunch of water bottles with one hand, and wearing brown sandals while holding a box, a black-haired girl in a bright pink tank top and a white skirt wearing pink shoes holding a cute teddy bear and a yellow balloon, a brown picnic box, a street with many trees, a black car parked beside the street and viewed from the side, and a lamp on the street.', 'region_count': 9, 'has_image': True, 'detected_objects_count': 6, 'image_path': 'output/P7/2025-08-20_11-38-48/image.png', 'image_with_layout_path': 'output/P7/2025-08-20_11-38-48/image_with_layout.png', 'timestamp_dir': 'output/P7/2025-08-20_11-38-48', 'session_id': 'f4f51ef5-bb84-4469-a68f-04a3780fd0af', 'user_id': 'P7'}",7
2000-01-01 11:40:25,,api.generate_image.succeeded,"{'global_caption': 'a scene featuring a brown-haired woman in a flower-patterned dress holding a box, a young brown-haired man in a bright blue polo T-shirt and brown short pants holding a tray with a bunch of water bottles with one hand, and wearing brown sandals while holding a box, a black-haired girl in a bright pink tank top and a white skirt wearing pink shoes holding a cute teddy bear and a yellow balloon, a brown picnic box, a street with many trees, a black car parked beside the street and viewed from the side, and a lamp on the street.', 'region_count': 9, 'has_image': True, 'detected_objects_count': 8, 'image_path': 'output/P7/2025-08-20_11-40-24/image.png', 'image_with_layout_path': 'output/P7/2025-08-20_11-40-24/image_with_layout.png', 'timestamp_dir': 'output/P7/2025-08-20_11-40-24', 'session_id': 'f4f51ef5-bb84-4469-a68f-04a3780fd0af', 'user_id': 'P7'}",7
2000-01-01 01:57:30,,instance.created_from_text,"{'position': {'x': 215.1433868408203, 'y': 401.83823585510254}, 'screen_position': {'x': 277, 'y': 425}, 'board_type': 'advanced', 'session_id': 'd0d84f7d-149a-4397-8b5d-f46fc4be03ed', 'user_id': 'P8'}",8
2000-01-01 02:01:35,instance-7e23c39d-2035-4297-84b7-23cc3107a123,instance.updated,"{'instance_id': 'instance-7e23c39d-2035-4297-84b7-23cc3107a123', 'instance_label': 'woman', 'text_changed': False, 'graph_changed': True, 'session_id': 'd0d84f7d-149a-4397-8b5d-f46fc4be03ed', 'user_id': 'P8'}",8
2000-01-01 02:01:38,class-c2170d6a-2c5a-4f2c-b1a3-49d2788b2098,class.created,"{'class_id': 'class-c2170d6a-2c5a-4f2c-b1a3-49d2788b2098', 'class_name': 'woman Class', 'placeholder_count': 6, 'created_from': 'woman', 'session_id': 'd0d84f7d-149a-4397-8b5d-f46fc4be03ed', 'user_id': 'P8'}",8
2000-01-01 02:03:04,,instance.created_from_text,"{'position': {'x': 205.71323776245117, 'y': 435.83823585510254}, 'screen_position': {'x': 267, 'y': 459}, 'board_type': 'advanced', 'session_id': 'd0d84f7d-149a-4397-8b5d-f46fc4be03ed', 'user_id': 'P8'}",8
2000-01-01 02:06:57,instance-d3274642-0337-44f0-a41e-92f277f500d8,instance.updated,"{'instance_id': 'instance-d3274642-0337-44f0-a41e-92f277f500d8', 'instance_label': 'man', 'text_changed': False, 'graph_changed': True, 'session_id': 'd0d84f7d-149a-4397-8b5d-f46fc4be03ed', 'user_id': 'P8'}",8
2000-01-01 02:07:35,class-22d2d68c-d352-4b54-a34d-e9a3be560bac,class.created,"{'class_id': 'class-22d2d68c-d352-4b54-a34d-e9a3be560bac', 'class_name': 'man Class', 'placeholder_count': 7, 'created_from': 'man', 'session_id': 'd0d84f7d-149a-4397-8b5d-f46fc4be03ed', 'user_id': 'P8'}",8
2000-01-01 02:08:36,instance-d4182ba4-5575-43ff-a6d6-42af1b4144aa,instance.created_from_class,"{'instance_id': 'instance-d4182ba4-5575-43ff-a6d6-42af1b4144aa', 'class_id': 'class-22d2d68c-d352-4b54-a34d-e9a3be560bac', 'instance_label': 'Man', 'has_text_description': True, 'session_id': 'd0d84f7d-149a-4397-8b5d-f46fc4be03ed', 'user_id': 'P8'}",8
2000-01-01 02:10:00,instance-d4182ba4-5575-43ff-a6d6-42af1b4144aa,instance.updated,"{'instance_id': 'instance-d4182ba4-5575-43ff-a6d6-42af1b4144aa', 'instance_label': 'Man', 'text_changed': False, 'graph_changed': True, 'session_id': 'd0d84f7d-149a-4397-8b5d-f46fc4be03ed', 'user_id': 'P8'}",8
2000-01-01 02:12:42,instance-2d3487c7-3a18-45ab-85ab-b65b4ceaa1ba,instance.created_from_class,"{'instance_id': 'instance-2d3487c7-3a18-45ab-85ab-b65b4ceaa1ba', 'class_id': 'class-22d2d68c-d352-4b54-a34d-e9a3be560bac', 'instance_label': 'Woman', 'has_text_description': True, 'session_id': 'd0d84f7d-149a-4397-8b5d-f46fc4be03ed', 'user_id': 'P8'}",8
2000-01-01 02:13:34,instance-2d3487c7-3a18-45ab-85ab-b65b4ceaa1ba,instance.updated,"{'instance_id': 'instance-2d3487c7-3a18-45ab-85ab-b65b4ceaa1ba', 'instance_label': 'Woman', 'text_changed': False, 'graph_changed': True, 'session_id': 'd0d84f7d-149a-4397-8b5d-f46fc4be03ed', 'user_id': 'P8'}",8
2000-01-01 02:14:52,,instance.created_from_text,"{'position': {'x': 81.71323776245117, 'y': 32.83823585510254}, 'screen_position': {'x': 143, 'y': 56}, 'board_type': 'advanced', 'session_id': 'd0d84f7d-149a-4397-8b5d-f46fc4be03ed', 'user_id': 'P8'}",8
2000-01-01 02:17:12,,api.generate_image.succeeded,"{'global_caption': 'a scene featuring a woman taking a picture with her camera, wearing a sky blue sleeveless one-piece and white slippers, holding a new object; a man wearing sunglasses and a white shirt, beige pants, black shoes, and a wristwatch holding a paper map, looking at the woman; a man wearing sunglasses, a green t-shirt, beige short pants, and black shoes with his hands in the pockets of his pants and wearing a wristwatch, looking at the woman; a woman wearing sunglasses, a pink and sky blue flower-patterned blouse, jeans, and black slippers holding a red coffee cup and luggage, looking at the woman; and a street of a European city with yellow buildings, a palm tree in the corner, and some parasols.', 'region_count': 5, 'has_image': True, 'detected_objects_count': 5, 'image_path': 'output/P8/2025-08-21_02-17-11/image.png', 'image_with_layout_path': 'output/P8/2025-08-21_02-17-11/image_with_layout.png', 'timestamp_dir': 'output/P8/2025-08-21_02-17-11', 'session_id': 'd0d84f7d-149a-4397-8b5d-f46fc4be03ed', 'user_id': 'P8'}",8
2000-01-01 02:18:44,instance-7e23c39d-2035-4297-84b7-23cc3107a123,instance.updated,"{'instance_id': 'instance-7e23c39d-2035-4297-84b7-23cc3107a123', 'instance_label': 'woman', 'text_changed': False, 'graph_changed': True, 'session_id': 'd0d84f7d-149a-4397-8b5d-f46fc4be03ed', 'user_id': 'P8'}",8
2000-01-01 02:19:12,instance-7e23c39d-2035-4297-84b7-23cc3107a123,instance.updated,"{'instance_id': 'instance-7e23c39d-2035-4297-84b7-23cc3107a123', 'instance_label': 'woman', 'text_changed': False, 'graph_changed': True, 'session_id': 'd0d84f7d-149a-4397-8b5d-f46fc4be03ed', 'user_id': 'P8'}",8
2000-01-01 02:20:42,instance-7e23c39d-2035-4297-84b7-23cc3107a123,instance.updated,"{'instance_id': 'instance-7e23c39d-2035-4297-84b7-23cc3107a123', 'instance_label': 'woman', 'text_changed': False, 'graph_changed': True, 'session_id': 'd0d84f7d-149a-4397-8b5d-f46fc4be03ed', 'user_id': 'P8'}",8
2000-01-01 02:21:54,instance-d3274642-0337-44f0-a41e-92f277f500d8,instance.updated,"{'instance_id': 'instance-d3274642-0337-44f0-a41e-92f277f500d8', 'instance_label': 'man', 'text_changed': True, 'graph_changed': False, 'session_id': 'd0d84f7d-149a-4397-8b5d-f46fc4be03ed', 'user_id': 'P8'}",8
2000-01-01 02:22:09,instance-d3274642-0337-44f0-a41e-92f277f500d8,object_node.extract.confirmed,"{'object_id': 'object7', 'object_name': 'paper map', 'parent_instance_id': 'instance-d3274642-0337-44f0-a41e-92f277f500d8', 'session_id': 'd0d84f7d-149a-4397-8b5d-f46fc4be03ed', 'user_id': 'P8'}",8
2000-01-01 02:24:01,instance-d3274642-0337-44f0-a41e-92f277f500d8,instance.updated,"{'instance_id': 'instance-d3274642-0337-44f0-a41e-92f277f500d8', 'instance_label': 'man', 'text_changed': True, 'graph_changed': False, 'session_id': 'd0d84f7d-149a-4397-8b5d-f46fc4be03ed', 'user_id': 'P8'}",8
2000-01-01 02:26:21,instance-d3274642-0337-44f0-a41e-92f277f500d8,instance.updated,"{'instance_id': 'instance-d3274642-0337-44f0-a41e-92f277f500d8', 'instance_label': 'man', 'text_changed': True, 'graph_changed': False, 'session_id': 'd0d84f7d-149a-4397-8b5d-f46fc4be03ed', 'user_id': 'P8'}",8
2000-01-01 02:27:36,instance-d3274642-0337-44f0-a41e-92f277f500d8,instance.updated,"{'instance_id': 'instance-d3274642-0337-44f0-a41e-92f277f500d8', 'instance_label': 'man', 'text_changed': False, 'graph_changed': True, 'session_id': 'd0d84f7d-149a-4397-8b5d-f46fc4be03ed', 'user_id': 'P8'}",8
2000-01-01 02:30:25,instance-2d3487c7-3a18-45ab-85ab-b65b4ceaa1ba,instance.updated,"{'instance_id': 'instance-2d3487c7-3a18-45ab-85ab-b65b4ceaa1ba', 'instance_label': 'woman', 'text_changed': True, 'graph_changed': False, 'session_id': 'd0d84f7d-149a-4397-8b5d-f46fc4be03ed', 'user_id': 'P8'}",8
2000-01-01 02:31:21,instance-2d3487c7-3a18-45ab-85ab-b65b4ceaa1ba,instance.updated,"{'instance_id': 'instance-2d3487c7-3a18-45ab-85ab-b65b4ceaa1ba', 'instance_label': 'woman', 'text_changed': True, 'graph_changed': False, 'session_id': 'd0d84f7d-149a-4397-8b5d-f46fc4be03ed', 'user_id': 'P8'}",8
2000-01-01 02:32:45,instance-d4182ba4-5575-43ff-a6d6-42af1b4144aa,instance.updated,"{'instance_id': 'instance-d4182ba4-5575-43ff-a6d6-42af1b4144aa', 'instance_label': 'man', 'text_changed': True, 'graph_changed': False, 'session_id': 'd0d84f7d-149a-4397-8b5d-f46fc4be03ed', 'user_id': 'P8'}",8
2000-01-01 02:33:01,instance-d4182ba4-5575-43ff-a6d6-42af1b4144aa,instance.updated,"{'instance_id': 'instance-d4182ba4-5575-43ff-a6d6-42af1b4144aa', 'instance_label': 'man', 'text_changed': False, 'graph_changed': True, 'session_id': 'd0d84f7d-149a-4397-8b5d-f46fc4be03ed', 'user_id': 'P8'}",8
2000-01-01 02:34:06,,api.generate_image.succeeded,"{'global_caption': ""a scene featuring a woman taking a picture of the sky with her camera, wearing a sky blue sleeveless one-piece dress and white slippers, holding a vacation hat and smiling; a cool man with a muscular build wearing sunglasses, a white shirt, beige pants, black men's formal shoes, and a wristwatch, with one hand in his pocket, looking at the woman while holding a paper map; a man wearing a green t-shirt, beige short pants, and black men's formal shoes with his hands in the pockets of his pants and wearing a wristwatch, looking at the woman; a woman wearing a pink and sky blue flower-patterned short-sleeves blouse, short jeans, and black slippers, holding a red coffee cup and luggage, looking at the woman; and a street of a European city with yellow buildings, a palm tree in the corner, and some parasols."", 'region_count': 6, 'has_image': True, 'detected_objects_count': 7, 'image_path': 'output/P8/2025-08-21_02-34-05/image.png', 'image_with_layout_path': 'output/P8/2025-08-21_02-34-05/image_with_layout.png', 'timestamp_dir': 'output/P8/2025-08-21_02-34-05', 'session_id': 'd0d84f7d-149a-4397-8b5d-f46fc4be03ed', 'user_id': 'P8'}",8
2000-01-01 02:35:07,,api.generate_image.succeeded,"{'global_caption': ""a scene featuring a woman taking a picture of the sky with her camera, wearing a sky blue sleeveless one-piece dress and white slippers, holding a vacation hat and smiling; a cool man with a muscular build wearing sunglasses, a white shirt, beige pants, black men's formal shoes, and a wristwatch, with one hand in the pocket of his pants, looking at the woman while holding a paper map; a man wearing a green t-shirt, beige short pants, and black men's formal shoes with his hands in the pockets of his pants and wearing a wristwatch, looking at the woman; a woman wearing a pink and sky blue flower-patterned short-sleeves blouse, short jeans, and black slippers, holding a red coffee cup and luggage, looking at the woman; a street of a European city with yellow buildings, a palm tree in the corner, and some parasols; and a paper map."", 'region_count': 6, 'has_image': True, 'detected_objects_count': 4, 'image_path': 'output/P8/2025-08-21_02-35-06/image.png', 'image_with_layout_path': 'output/P8/2025-08-21_02-35-06/image_with_layout.png', 'timestamp_dir': 'output/P8/2025-08-21_02-35-06', 'session_id': 'd0d84f7d-149a-4397-8b5d-f46fc4be03ed', 'user_id': 'P8'}",8
2000-01-01 13:41:36,,instance.created_from_text,"{'position': {'x': 40.974998474121094, 'y': 310.1999988555908}, 'screen_position': {'x': 103, 'y': 333}, 'board_type': 'advanced', 'session_id': 'b5608c2c-7952-4684-8ef2-38230f78517d', 'user_id': 'P9'}",9
2000-01-01 13:43:59,instance-58d24376-a8cb-4591-b86f-e8bd54e6f01d,object_node.extract.confirmed,"{'object_id': 'object5', 'object_name': 'map', 'parent_instance_id': 'instance-58d24376-a8cb-4591-b86f-e8bd54e6f01d', 'session_id': 'b5608c2c-7952-4684-8ef2-38230f78517d', 'user_id': 'P9'}",9
2000-01-01 13:45:05,instance-58d24376-a8cb-4591-b86f-e8bd54e6f01d,instance.updated,"{'instance_id': 'instance-58d24376-a8cb-4591-b86f-e8bd54e6f01d', 'instance_label': 'man', 'text_changed': False, 'graph_changed': True, 'session_id': 'b5608c2c-7952-4684-8ef2-38230f78517d', 'user_id': 'P9'}",9
2000-01-01 13:45:11,class-4a9d08e5-4f46-4ce0-8d71-1960dfe0b1ef,class.created,"{'class_id': 'class-4a9d08e5-4f46-4ce0-8d71-1960dfe0b1ef', 'class_name': 'man Class', 'placeholder_count': 6, 'created_from': 'man', 'session_id': 'b5608c2c-7952-4684-8ef2-38230f78517d', 'user_id': 'P9'}",9
2000-01-01 13:52:50,instance-beef8619-fc28-46cd-b851-90a20e109c37,instance.created_from_class,"{'instance_id': 'instance-beef8619-fc28-46cd-b851-90a20e109c37', 'class_id': 'class-4a9d08e5-4f46-4ce0-8d71-1960dfe0b1ef', 'instance_label': 'Female', 'has_text_description': True, 'session_id': 'b5608c2c-7952-4684-8ef2-38230f78517d', 'user_id': 'P9'}",9
2000-01-01 13:54:51,instance-beef8619-fc28-46cd-b851-90a20e109c37,instance.updated,"{'instance_id': 'instance-beef8619-fc28-46cd-b851-90a20e109c37', 'instance_label': 'female', 'text_changed': True, 'graph_changed': False, 'session_id': 'b5608c2c-7952-4684-8ef2-38230f78517d', 'user_id': 'P9'}",9
2000-01-01 13:55:47,instance-2b6ddc82-86d6-4893-b115-c1296607becd,instance.created_from_class,"{'instance_id': 'instance-2b6ddc82-86d6-4893-b115-c1296607becd', 'class_id': 'class-4a9d08e5-4f46-4ce0-8d71-1960dfe0b1ef', 'instance_label': 'Man', 'has_text_description': True, 'session_id': 'b5608c2c-7952-4684-8ef2-38230f78517d', 'user_id': 'P9'}",9
2000-01-01 13:56:00,instance-58d24376-a8cb-4591-b86f-e8bd54e6f01d,instance.updated,"{'instance_id': 'instance-58d24376-a8cb-4591-b86f-e8bd54e6f01d', 'instance_label': 'man', 'text_changed': False, 'graph_changed': True, 'session_id': 'b5608c2c-7952-4684-8ef2-38230f78517d', 'user_id': 'P9'}",9
2000-01-01 13:57:07,instance-2b6ddc82-86d6-4893-b115-c1296607becd,instance.updated,"{'instance_id': 'instance-2b6ddc82-86d6-4893-b115-c1296607becd', 'instance_label': 'man', 'text_changed': True, 'graph_changed': False, 'session_id': 'b5608c2c-7952-4684-8ef2-38230f78517d', 'user_id': 'P9'}",9
2000-01-01 13:57:32,instance-beef8619-fc28-46cd-b851-90a20e109c37,object_node.extract.confirmed,"{'object_id': 'object5', 'object_name': 'carriage', 'parent_instance_id': 'instance-beef8619-fc28-46cd-b851-90a20e109c37', 'session_id': 'b5608c2c-7952-4684-8ef2-38230f78517d', 'user_id': 'P9'}",9
2000-01-01 13:59:21,instance-864a2a37-7197-4d2d-859d-609551b1d5d1,instance.created_from_class,"{'instance_id': 'instance-864a2a37-7197-4d2d-859d-609551b1d5d1', 'class_id': 'class-4a9d08e5-4f46-4ce0-8d71-1960dfe0b1ef', 'instance_label': 'Female', 'has_text_description': True, 'session_id': 'b5608c2c-7952-4684-8ef2-38230f78517d', 'user_id': 'P9'}",9
2000-01-01 14:00:32,instance-864a2a37-7197-4d2d-859d-609551b1d5d1,instance.updated,"{'instance_id': 'instance-864a2a37-7197-4d2d-859d-609551b1d5d1', 'instance_label': 'female', 'text_changed': True, 'graph_changed': False, 'session_id': 'b5608c2c-7952-4684-8ef2-38230f78517d', 'user_id': 'P9'}",9
2000-01-01 14:01:15,,api.generate_image.succeeded,"{'global_caption': ""A scene featuring a man wearing a white short-sleeved shirt, reddish-brown pants, and black shoes, with a watch on his left hand and black sunglasses, holding a big map; a female with long hair in a white, short-sleeved, flowery patterned shirt, short jeans, and black sandals, holding a brown passport and carrying a blue carriage; a man in a green short-sleeved t-shirt, reddish-brown pants, and black shoes, with his two hands in his pant's pockets; and a female in a blue sleeveless dress and brown sandals, taking photos with a camera held in her left hand while holding a big straw hat in her right hand."", 'region_count': 6, 'has_image': True, 'detected_objects_count': 4, 'image_path': 'output/P9/2025-08-22_14-01-14/image.png', 'image_with_layout_path': 'output/P9/2025-08-22_14-01-14/image_with_layout.png', 'timestamp_dir': 'output/P9/2025-08-22_14-01-14', 'session_id': 'b5608c2c-7952-4684-8ef2-38230f78517d', 'user_id': 'P9'}",9
2000-01-01 14:01:56,instance-58d24376-a8cb-4591-b86f-e8bd54e6f01d,instance.updated,"{'instance_id': 'instance-58d24376-a8cb-4591-b86f-e8bd54e6f01d', 'instance_label': 'man', 'text_changed': True, 'graph_changed': False, 'session_id': 'b5608c2c-7952-4684-8ef2-38230f78517d', 'user_id': 'P9'}",9
2000-01-01 14:02:19,instance-2b6ddc82-86d6-4893-b115-c1296607becd,instance.updated,"{'instance_id': 'instance-2b6ddc82-86d6-4893-b115-c1296607becd', 'instance_label': 'man', 'text_changed': False, 'graph_changed': True, 'session_id': 'b5608c2c-7952-4684-8ef2-38230f78517d', 'user_id': 'P9'}",9
2000-01-01 14:02:50,instance-2b6ddc82-86d6-4893-b115-c1296607becd,instance.updated,"{'instance_id': 'instance-2b6ddc82-86d6-4893-b115-c1296607becd', 'instance_label': 'man', 'text_changed': True, 'graph_changed': False, 'session_id': 'b5608c2c-7952-4684-8ef2-38230f78517d', 'user_id': 'P9'}",9
2000-01-01 14:03:03,instance-2b6ddc82-86d6-4893-b115-c1296607becd,instance.updated,"{'instance_id': 'instance-2b6ddc82-86d6-4893-b115-c1296607becd', 'instance_label': 'man', 'text_changed': False, 'graph_changed': True, 'session_id': 'b5608c2c-7952-4684-8ef2-38230f78517d', 'user_id': 'P9'}",9
2000-01-01 14:03:20,instance-139cf6dc-f64d-43f7-bbd4-5132db5f632e,instance.updated,"{'instance_id': 'instance-139cf6dc-f64d-43f7-bbd4-5132db5f632e', 'instance_label': 'carriage', 'text_changed': True, 'graph_changed': False, 'session_id': 'b5608c2c-7952-4684-8ef2-38230f78517d', 'user_id': 'P9'}",9
2000-01-01 14:03:30,instance-139cf6dc-f64d-43f7-bbd4-5132db5f632e,instance.updated,"{'instance_id': 'instance-139cf6dc-f64d-43f7-bbd4-5132db5f632e', 'instance_label': 'luggage', 'text_changed': True, 'graph_changed': False, 'session_id': 'b5608c2c-7952-4684-8ef2-38230f78517d', 'user_id': 'P9'}",9
2000-01-01 14:03:56,instance-864a2a37-7197-4d2d-859d-609551b1d5d1,object_node.extract.confirmed,"{'object_id': 'object6', 'object_name': 'hat', 'parent_instance_id': 'instance-864a2a37-7197-4d2d-859d-609551b1d5d1', 'session_id': 'b5608c2c-7952-4684-8ef2-38230f78517d', 'user_id': 'P9'}",9
2000-01-01 14:04:22,instance-864a2a37-7197-4d2d-859d-609551b1d5d1,instance.updated,"{'instance_id': 'instance-864a2a37-7197-4d2d-859d-609551b1d5d1', 'instance_label': 'female', 'text_changed': False, 'graph_changed': True, 'session_id': 'b5608c2c-7952-4684-8ef2-38230f78517d', 'user_id': 'P9'}",9
2000-01-01 14:04:59,,api.generate_image.succeeded,"{'global_caption': ""a scene featuring a man wearing a white short-sleeved shirt, brown pants, and black shoes, with a watch on his left hand and black sunglasses, holding a big map; a female with long hair wearing a white, short-sleeved, flowery patterned shirt, short jeans, and black sandals, holding a brown passport and carrying blue luggage; a man wearing a green short-sleeved t-shirt, brown short pants, and black shoes, putting his two hands in his pant's pockets, not wearing sunglasses; and a female wearing a sky blue sleeveless dress and brown sandals, holding a camera in her hands while holding a big straw hat."", 'region_count': 7, 'has_image': True, 'detected_objects_count': 4, 'image_path': 'output/P9/2025-08-22_14-04-58/image.png', 'image_with_layout_path': 'output/P9/2025-08-22_14-04-58/image_with_layout.png', 'timestamp_dir': 'output/P9/2025-08-22_14-04-58', 'session_id': 'b5608c2c-7952-4684-8ef2-38230f78517d', 'user_id': 'P9'}",9
2000-01-01 14:06:03,instance-2b6ddc82-86d6-4893-b115-c1296607becd,instance.updated,"{'instance_id': 'instance-2b6ddc82-86d6-4893-b115-c1296607becd', 'instance_label': 'man', 'text_changed': True, 'graph_changed': False, 'session_id': 'b5608c2c-7952-4684-8ef2-38230f78517d', 'user_id': 'P9'}",9
2000-01-01 14:06:39,instance-864a2a37-7197-4d2d-859d-609551b1d5d1,instance.updated,"{'instance_id': 'instance-864a2a37-7197-4d2d-859d-609551b1d5d1', 'instance_label': 'female', 'text_changed': True, 'graph_changed': False, 'session_id': 'b5608c2c-7952-4684-8ef2-38230f78517d', 'user_id': 'P9'}",9
2000-01-01 14:07:11,instance-beef8619-fc28-46cd-b851-90a20e109c37,instance.updated,"{'instance_id': 'instance-beef8619-fc28-46cd-b851-90a20e109c37', 'instance_label': 'female', 'text_changed': True, 'graph_changed': False, 'session_id': 'b5608c2c-7952-4684-8ef2-38230f78517d', 'user_id': 'P9'}",9
2000-01-01 14:07:27,instance-58d24376-a8cb-4591-b86f-e8bd54e6f01d,instance.updated,"{'instance_id': 'instance-58d24376-a8cb-4591-b86f-e8bd54e6f01d', 'instance_label': 'man', 'text_changed': True, 'graph_changed': False, 'session_id': 'b5608c2c-7952-4684-8ef2-38230f78517d', 'user_id': 'P9'}",9
2000-01-01 14:07:42,instance-58d24376-a8cb-4591-b86f-e8bd54e6f01d,instance.updated,"{'instance_id': 'instance-58d24376-a8cb-4591-b86f-e8bd54e6f01d', 'instance_label': 'man', 'text_changed': True, 'graph_changed': False, 'session_id': 'b5608c2c-7952-4684-8ef2-38230f78517d', 'user_id': 'P9'}",9
2000-01-01 14:08:39,,api.generate_image.succeeded,"{'global_caption': ""a scene featuring a man wearing a white short-sleeved shirt, brown pants, and black shoes, with a watch on his left hand and black sunglasses, holding a big map; a female with long hair wearing a white, short-sleeved, flowery patterned shirt, short jeans, and black sandals, holding a brown passport and carrying blue luggage; a man wearing a green short-sleeved t-shirt, brown short pants, and black shoes, putting his two hands in his pant's pockets, not wearing sunglasses; and a female wearing a sky blue sleeveless dress and brown sandals, taking a photo with a camera held in her left hands while holding a big straw hat."", 'region_count': 7, 'has_image': True, 'detected_objects_count': 4, 'image_path': 'output/P9/2025-08-22_14-08-38/image.png', 'image_with_layout_path': 'output/P9/2025-08-22_14-08-38/image_with_layout.png', 'timestamp_dir': 'output/P9/2025-08-22_14-08-38', 'session_id': 'b5608c2c-7952-4684-8ef2-38230f78517d', 'user_id': 'P9'}",9
2000-01-01 09:51:39,,instance.created_from_text,"{'position': {'x': 64.578125, 'y': 145}, 'screen_position': {'x': 121, 'y': 188}, 'board_type': 'advanced', 'session_id': 'e840e74f-78da-492b-94cd-51b9fb96c1c0', 'user_id': 'p10'}",10
2000-01-01 09:52:21,,instance.created_from_text,"{'position': {'x': 211.578125, 'y': 138}, 'screen_position': {'x': 268, 'y': 181}, 'board_type': 'advanced', 'session_id': 'e840e74f-78da-492b-94cd-51b9fb96c1c0', 'user_id': 'p10'}",10
2000-01-01 09:53:07,instance-1a29833a-91e1-4761-b5b3-a1e372a67869,instance.updated,"{'instance_id': 'instance-1a29833a-91e1-4761-b5b3-a1e372a67869', 'instance_label': 'mother', 'text_changed': True, 'graph_changed': False, 'session_id': 'e840e74f-78da-492b-94cd-51b9fb96c1c0', 'user_id': 'p10'}",10
2000-01-01 09:54:00,instance-1a29833a-91e1-4761-b5b3-a1e372a67869,instance.updated,"{'instance_id': 'instance-1a29833a-91e1-4761-b5b3-a1e372a67869', 'instance_label': 'mother', 'text_changed': True, 'graph_changed': False, 'session_id': 'e840e74f-78da-492b-94cd-51b9fb96c1c0', 'user_id': 'p10'}",10
2000-01-01 09:54:26,class-51cb8ae1-86ec-41e1-b328-53d8bc56ae3a,class.created,"{'class_id': 'class-51cb8ae1-86ec-41e1-b328-53d8bc56ae3a', 'class_name': 'mother Class', 'placeholder_count': 4, 'created_from': 'mother', 'session_id': 'e840e74f-78da-492b-94cd-51b9fb96c1c0', 'user_id': 'p10'}",10
2000-01-01 09:56:59,instance-fee447db-cd2f-4f4c-a679-9311c569864b,instance.created_from_class,"{'instance_id': 'instance-fee447db-cd2f-4f4c-a679-9311c569864b', 'class_id': 'class-51cb8ae1-86ec-41e1-b328-53d8bc56ae3a', 'instance_label': 'Father', 'has_text_description': True, 'session_id': 'e840e74f-78da-492b-94cd-51b9fb96c1c0', 'user_id': 'p10'}",10
2000-01-01 09:59:47,instance-b5cc70bf-1351-401b-a970-ad568daa19fd,instance.updated,"{'instance_id': 'instance-b5cc70bf-1351-401b-a970-ad568daa19fd', 'instance_label': 'grandfather', 'text_changed': True, 'graph_changed': False, 'session_id': 'e840e74f-78da-492b-94cd-51b9fb96c1c0', 'user_id': 'p10'}",10
2000-01-01 10:00:29,instance-1a29833a-91e1-4761-b5b3-a1e372a67869,instance.updated,"{'instance_id': 'instance-1a29833a-91e1-4761-b5b3-a1e372a67869', 'instance_label': 'mother', 'text_changed': True, 'graph_changed': False, 'session_id': 'e840e74f-78da-492b-94cd-51b9fb96c1c0', 'user_id': 'p10'}",10
2000-01-01 10:00:41,instance-fee447db-cd2f-4f4c-a679-9311c569864b,instance.updated,"{'instance_id': 'instance-fee447db-cd2f-4f4c-a679-9311c569864b', 'instance_label': 'father', 'text_changed': True, 'graph_changed': False, 'session_id': 'e840e74f-78da-492b-94cd-51b9fb96c1c0', 'user_id': 'p10'}",10
2000-01-01 10:00:43,class-e22bbd12-5f32-44d3-af5b-67f05ed10302,class.created,"{'class_id': 'class-e22bbd12-5f32-44d3-af5b-67f05ed10302', 'class_name': 'grandfather Class', 'placeholder_count': 7, 'created_from': 'grandfather', 'session_id': 'e840e74f-78da-492b-94cd-51b9fb96c1c0', 'user_id': 'p10'}",10
2000-01-01 10:03:37,instance-51426e1e-d5ae-4e42-bfd1-9c77817b6610,instance.created_from_class,"{'instance_id': 'instance-51426e1e-d5ae-4e42-bfd1-9c77817b6610', 'class_id': 'class-e22bbd12-5f32-44d3-af5b-67f05ed10302', 'instance_label': 'Girl', 'has_text_description': True, 'session_id': 'e840e74f-78da-492b-94cd-51b9fb96c1c0', 'user_id': 'p10'}",10
2000-01-01 10:04:59,instance-51426e1e-d5ae-4e42-bfd1-9c77817b6610,instance.updated,"{'instance_id': 'instance-51426e1e-d5ae-4e42-bfd1-9c77817b6610', 'instance_label': 'Girl', 'text_changed': False, 'graph_changed': True, 'session_id': 'e840e74f-78da-492b-94cd-51b9fb96c1c0', 'user_id': 'p10'}",10
2000-01-01 10:05:35,,api.generate_image.succeeded,"{'global_caption': 'a scene featuring a grandfather wearing a black beret, a white shirt, a gray cardigan, black pants, and black shoes, watching the right side; a mother wearing a flower-patterned white one-piece dress, holding a brown basket, wearing sandals, seeing the front; a father wearing a blue short-sleeved shirt and beige shorts, holding a black plate with many water bottles, and wearing sandals, seeing the front; and a little girl wearing a sleeveless pink top and pink shoes while holding a yellow balloon and a white teddy bear, watching the front.', 'region_count': 4, 'has_image': True, 'detected_objects_count': 6, 'image_path': 'output/p10/2025-08-21_10-05-34/image.png', 'image_with_layout_path': 'output/p10/2025-08-21_10-05-34/image_with_layout.png', 'timestamp_dir': 'output/p10/2025-08-21_10-05-34', 'session_id': 'e840e74f-78da-492b-94cd-51b9fb96c1c0', 'user_id': 'p10'}",10
2000-01-01 10:06:53,instance-51426e1e-d5ae-4e42-bfd1-9c77817b6610,instance.updated,"{'instance_id': 'instance-51426e1e-d5ae-4e42-bfd1-9c77817b6610', 'instance_label': 'Girl', 'text_changed': False, 'graph_changed': True, 'session_id': 'e840e74f-78da-492b-94cd-51b9fb96c1c0', 'user_id': 'p10'}",10
2000-01-01 10:07:04,instance-1a29833a-91e1-4761-b5b3-a1e372a67869,object_node.extract.confirmed,"{'object_id': 'object3', 'object_name': 'basket', 'parent_instance_id': 'instance-1a29833a-91e1-4761-b5b3-a1e372a67869', 'session_id': 'e840e74f-78da-492b-94cd-51b9fb96c1c0', 'user_id': 'p10'}",10
2000-01-01 10:08:08,,api.generate_image.succeeded,"{'global_caption': 'a scene featuring a grandfather wearing a black beret, a white shirt, a gray cardigan, black pants, and black shoes, watching the right side; a mother wearing a white, flower-patterned one-piece dress and sandals, looking ahead while holding a brown basket; a father wearing a blue short-sleeved shirt and beige shorts, holding a black plate with many water bottles, and wearing sandals, seeing the front while holding a basket; and a little girl wearing a sleeveless pink top and pink shoes while holding a yellow balloon and a brown teddy bear, watching the front.', 'region_count': 5, 'has_image': True, 'detected_objects_count': 5, 'image_path': 'output/p10/2025-08-21_10-08-07/image.png', 'image_with_layout_path': 'output/p10/2025-08-21_10-08-07/image_with_layout.png', 'timestamp_dir': 'output/p10/2025-08-21_10-08-07', 'session_id': 'e840e74f-78da-492b-94cd-51b9fb96c1c0', 'user_id': 'p10'}",10
2000-01-01 10:09:39,instance-e3fe4e70-111a-4729-a976-3179b2eeeff7,instance.updated,"{'instance_id': 'instance-e3fe4e70-111a-4729-a976-3179b2eeeff7', 'instance_label': 'basket', 'text_changed': True, 'graph_changed': False, 'session_id': 'e840e74f-78da-492b-94cd-51b9fb96c1c0', 'user_id': 'p10'}",10
2000-01-01 10:10:09,,api.generate_image.succeeded,"{'global_caption': 'a scene featuring a grandfather wearing a black beret, a white shirt, a gray cardigan, black pants, and black shoes, watching the right side; a mother wearing a white, flower-patterned one-piece dress and sandals, looking ahead while holding a brown basket; a father wearing a blue short-sleeved shirt and beige shorts, holding a black plate with many water bottles, and wearing sandals, seeing the front while holding a basket; a little girl wearing a sleeveless pink top and pink shoes while holding a yellow balloon and a brown teddy bear, watching the front; and a brown basket, while the mother and father are holding the same basket.', 'region_count': 5, 'has_image': True, 'detected_objects_count': 6, 'image_path': 'output/p10/2025-08-21_10-10-09/image.png', 'image_with_layout_path': 'output/p10/2025-08-21_10-10-09/image_with_layout.png', 'timestamp_dir': 'output/p10/2025-08-21_10-10-09', 'session_id': 'e840e74f-78da-492b-94cd-51b9fb96c1c0', 'user_id': 'p10'}",10
2000-01-01 08:50:20,,instance.created_from_text,"{'position': {'x': 58.83823776245117, 'y': 244.83823585510254}, 'screen_position': {'x': 122, 'y': 268}, 'board_type': 'advanced', 'session_id': '9f6ed6d6-aca3-4e0a-9f55-fd2d1f73ef64', 'user_id': 'P11'}",11
2000-01-01 08:53:39,instance-b9632b4c-dea8-4202-9193-1620a57683c6,instance.updated,"{'instance_id': 'instance-b9632b4c-dea8-4202-9193-1620a57683c6', 'instance_label': 'man', 'text_changed': False, 'graph_changed': True, 'session_id': '9f6ed6d6-aca3-4e0a-9f55-fd2d1f73ef64', 'user_id': 'P11'}",11
2000-01-01 08:53:43,class-7bef0ae1-1aa2-4bbc-bb91-6edbec0996c7,class.created,"{'class_id': 'class-7bef0ae1-1aa2-4bbc-bb91-6edbec0996c7', 'class_name': 'man Class', 'placeholder_count': 7, 'created_from': 'man', 'session_id': '9f6ed6d6-aca3-4e0a-9f55-fd2d1f73ef64', 'user_id': 'P11'}",11
2000-01-01 08:55:01,instance-03a659ce-a448-41e9-8171-6858b25555f1,instance.created_from_class,"{'instance_id': 'instance-03a659ce-a448-41e9-8171-6858b25555f1', 'class_id': 'class-7bef0ae1-1aa2-4bbc-bb91-6edbec0996c7', 'instance_label': 'Man', 'has_text_description': True, 'session_id': '9f6ed6d6-aca3-4e0a-9f55-fd2d1f73ef64', 'user_id': 'P11'}",11
2000-01-01 08:56:28,class-7bef0ae1-1aa2-4bbc-bb91-6edbec0996c7,class.updated,"{'class_id': 'class-7bef0ae1-1aa2-4bbc-bb91-6edbec0996c7', 'class_name': 'man Class', 'placeholder_count': 8, 'object_count': 8, 'session_id': '9f6ed6d6-aca3-4e0a-9f55-fd2d1f73ef64', 'user_id': 'P11'}",11
2000-01-01 08:56:48,,instance.created_from_text,"{'position': {'x': 181.83823776245117, 'y': 240.83823776245117}, 'screen_position': {'x': 245, 'y': 284}, 'board_type': 'advanced', 'session_id': '9f6ed6d6-aca3-4e0a-9f55-fd2d1f73ef64', 'user_id': 'P11'}",11
2000-01-01 09:00:16,class-52e72cda-bf6b-4005-857a-1c2725c51de4,class.created,"{'class_id': 'class-52e72cda-bf6b-4005-857a-1c2725c51de4', 'class_name': 'woman Class', 'placeholder_count': 6, 'created_from': 'woman', 'session_id': '9f6ed6d6-aca3-4e0a-9f55-fd2d1f73ef64', 'user_id': 'P11'}",11
2000-01-01 09:03:41,instance-91ffdabe-7fca-4de6-9f6f-5f74449d0cfd,instance.created_from_class,"{'instance_id': 'instance-91ffdabe-7fca-4de6-9f6f-5f74449d0cfd', 'class_id': 'class-52e72cda-bf6b-4005-857a-1c2725c51de4', 'instance_label': 'Woman', 'has_text_description': True, 'session_id': '9f6ed6d6-aca3-4e0a-9f55-fd2d1f73ef64', 'user_id': 'P11'}",11
2000-01-01 09:05:32,instance-91ffdabe-7fca-4de6-9f6f-5f74449d0cfd,instance.updated,"{'instance_id': 'instance-91ffdabe-7fca-4de6-9f6f-5f74449d0cfd', 'instance_label': 'Woman', 'text_changed': False, 'graph_changed': True, 'session_id': '9f6ed6d6-aca3-4e0a-9f55-fd2d1f73ef64', 'user_id': 'P11'}",11
2000-01-01 09:06:01,,api.generate_image.succeeded,"{'global_caption': 'a scene featuring a man wearing a white shirt, wearing sunglasses, holding a map, wearing black shoes, brown pants, and a silver watch on his left wrist, with his hands in his pockets; a man wearing a green t-shirt, brown shorts, and black shoes, with a silver watch on his left wrist and his hands in his pockets; a woman with long brown hair wearing a shirt with flower patterns on it, wearing short blue pants, holding a cup of coffee in her left hand, dragging a silver trunk in her right hand, wearing slippers and a little fat; and a short, average-height woman with black hair wearing a light blue one-piece dress and sandals, holding a black camera in her left hand and dragging a beige straw hat in her right hand.', 'region_count': 4, 'has_image': True, 'detected_objects_count': 9, 'image_path': 'output/P11/2025-08-23_09-06-01/image.png', 'image_with_layout_path': 'output/P11/2025-08-23_09-06-01/image_with_layout.png', 'timestamp_dir': 'output/P11/2025-08-23_09-06-01', 'session_id': '9f6ed6d6-aca3-4e0a-9f55-fd2d1f73ef64', 'user_id': 'P11'}",11
2000-01-01 09:07:38,1939f603-2d6e-42fb-a84b-bcc739689a41,instance.created_from_detection,"{'instanceId': '1939f603-2d6e-42fb-a84b-bcc739689a41', 'label': 'Hat', 'originalObjectLabel': 'sports ball', 'session_id': '9f6ed6d6-aca3-4e0a-9f55-fd2d1f73ef64', 'user_id': 'P11'}",11
2000-01-01 09:09:36,298b53c2-98cc-4450-811e-f666cbf27ce5,instance.created_from_detection,"{'instanceId': '298b53c2-98cc-4450-811e-f666cbf27ce5', 'label': 'Suitcase', 'originalObjectLabel': 'suitcase', 'session_id': '9f6ed6d6-aca3-4e0a-9f55-fd2d1f73ef64', 'user_id': 'P11'}",11
2000-01-01 09:10:58,,api.generate_image.succeeded,"{'global_caption': 'a scene featuring a man wearing a white shirt, wearing sunglasses, holding a map, wearing black shoes, brown pants, and a silver watch on his left wrist, with his hands in his pockets; a man wearing a green t-shirt, brown shorts, and black shoes, with a silver watch on his left wrist and his hands in his pockets; a woman with long brown hair wearing a shirt with flower patterns on it, wearing short blue pants, holding a cup of coffee in her left hand, dragging a silver trunk in her right hand, wearing slippers and a little fat; a short, average-height woman with black hair wearing a light blue one-piece dress and sandals, looking up while holding a black camera in her right hand, positioned up to her face, and dragging a beige straw hat in her left hand; a wide-brimmed hat with a black ribbon; and a shiny silver suitcase with vertical grooves and a retractable handle.', 'region_count': 6, 'has_image': True, 'detected_objects_count': 5, 'image_path': 'output/P11/2025-08-23_09-10-57/image.png', 'image_with_layout_path': 'output/P11/2025-08-23_09-10-57/image_with_layout.png', 'timestamp_dir': 'output/P11/2025-08-23_09-10-57', 'session_id': '9f6ed6d6-aca3-4e0a-9f55-fd2d1f73ef64', 'user_id': 'P11'}",11
2000-01-01 09:11:54,instance-b9632b4c-dea8-4202-9193-1620a57683c6,object_node.extract.confirmed,"{'object_id': 'object4', 'object_name': 'map', 'parent_instance_id': 'instance-b9632b4c-dea8-4202-9193-1620a57683c6', 'session_id': '9f6ed6d6-aca3-4e0a-9f55-fd2d1f73ef64', 'user_id': 'P11'}",11
2000-01-01 09:12:16,instance-6e1d901d-fb7e-4ad2-a083-f795f52064a3,object_node.extract.confirmed,"{'object_id': 'object4', 'object_name': 'cup', 'parent_instance_id': 'instance-6e1d901d-fb7e-4ad2-a083-f795f52064a3', 'session_id': '9f6ed6d6-aca3-4e0a-9f55-fd2d1f73ef64', 'user_id': 'P11'}",11
2000-01-01 09:12:48,instance-6e1d901d-fb7e-4ad2-a083-f795f52064a3,object_node.extract.confirmed,"{'object_id': 'object5', 'object_name': 'trunk', 'parent_instance_id': 'instance-6e1d901d-fb7e-4ad2-a083-f795f52064a3', 'session_id': '9f6ed6d6-aca3-4e0a-9f55-fd2d1f73ef64', 'user_id': 'P11'}",11
2000-01-01 09:13:37,,api.generate_image.succeeded,"{'global_caption': 'a scene featuring a man wearing a white shirt, brown pants, black shoes, and sunglasses, with a silver watch on his left wrist, and his hands in his pockets, holding a map; a man wearing a green t-shirt, brown shorts, and black shoes, with a silver watch on his left wrist and his hands in his pockets; a woman with long brown hair wearing a patterned flower shirt, short blue pants, and slippers, holding a cup of coffee in her left hand, and dragging a silver trunk in her right hand; a short, average-height woman with black hair wearing a light blue one-piece dress and sandals, looking up while holding a black camera in her right hand positioned up to her face, and dragging a beige straw hat in her left hand; a wide-brimmed hat with a black ribbon; and a shiny silver suitcase with vertical grooves and a retractable handle.', 'region_count': 9, 'has_image': True, 'detected_objects_count': 4, 'image_path': 'output/P11/2025-08-23_09-13-36/image.png', 'image_with_layout_path': 'output/P11/2025-08-23_09-13-36/image_with_layout.png', 'timestamp_dir': 'output/P11/2025-08-23_09-13-36', 'session_id': '9f6ed6d6-aca3-4e0a-9f55-fd2d1f73ef64', 'user_id': 'P11'}",11
2000-01-01 09:14:45,,api.generate_image.succeeded,"{'global_caption': 'a scene featuring a man wearing a white shirt, brown pants, black shoes, and sunglasses, with a silver watch on his left wrist, and his hands in his pockets, holding a map; a man wearing a green t-shirt, brown shorts, and black shoes, with a silver watch on his left wrist and his hands in his pockets; a woman with long brown hair wearing a patterned flower shirt, short blue pants, and slippers, holding a cup of coffee in her left hand, and dragging a silver trunk in her right hand; a short, average-height woman with black hair wearing a light blue one-piece dress and sandals, looking up while holding a black camera in her right hand positioned up to her face, and dragging a beige straw hat in her left hand; a wide-brimmed hat with a black ribbon; a shiny silver suitcase with vertical grooves and a retractable handle; a map; a cup of coffee; and a silver trunk.', 'region_count': 9, 'has_image': True, 'detected_objects_count': 9, 'image_path': 'output/P11/2025-08-23_09-14-44/image.png', 'image_with_layout_path': 'output/P11/2025-08-23_09-14-44/image_with_layout.png', 'timestamp_dir': 'output/P11/2025-08-23_09-14-44', 'session_id': '9f6ed6d6-aca3-4e0a-9f55-fd2d1f73ef64', 'user_id': 'P11'}",11
2000-01-01 01:35:33,,instance.created_from_text,"{'position': {'x': 43, 'y': 322}, 'screen_position': {'x': 106, 'y': 365}, 'board_type': 'advanced', 'session_id': '167a73b9-bd59-4e32-a1ab-b0de4c57ab2c', 'user_id': 'P12'}",12
2000-01-01 01:35:35,,instance.created_from_text,"{'position': {'x': 32, 'y': 315}, 'screen_position': {'x': 95, 'y': 358}, 'board_type': 'advanced', 'session_id': '167a73b9-bd59-4e32-a1ab-b0de4c57ab2c', 'user_id': 'P12'}",12
2000-01-01 01:36:58,instance-72d11b4f-49be-4414-ab8e-e99a9a16affb,instance.updated,"{'instance_id': 'instance-72d11b4f-49be-4414-ab8e-e99a9a16affb', 'instance_label': 'person', 'text_changed': False, 'graph_changed': True, 'session_id': '167a73b9-bd59-4e32-a1ab-b0de4c57ab2c', 'user_id': 'P12'}",12
2000-01-01 01:39:31,instance-72d11b4f-49be-4414-ab8e-e99a9a16affb,instance.updated,"{'instance_id': 'instance-72d11b4f-49be-4414-ab8e-e99a9a16affb', 'instance_label': 'person', 'text_changed': False, 'graph_changed': True, 'session_id': '167a73b9-bd59-4e32-a1ab-b0de4c57ab2c', 'user_id': 'P12'}",12
2000-01-01 01:39:50,class-176466bf-76d6-4ad3-9291-05508653dda6,class.created,"{'class_id': 'class-176466bf-76d6-4ad3-9291-05508653dda6', 'class_name': 'person Class', 'placeholder_count': 1, 'created_from': 'person', 'session_id': '167a73b9-bd59-4e32-a1ab-b0de4c57ab2c', 'user_id': 'P12'}",12
2000-01-01 01:41:53,instance-0f7f81ab-cbed-4ab0-99b5-84f2dbf60965,instance.created_from_class,"{'instance_id': 'instance-0f7f81ab-cbed-4ab0-99b5-84f2dbf60965', 'class_id': 'class-176466bf-76d6-4ad3-9291-05508653dda6', 'instance_label': 'Woman', 'has_text_description': True, 'session_id': '167a73b9-bd59-4e32-a1ab-b0de4c57ab2c', 'user_id': 'P12'}",12
2000-01-01 01:43:09,instance-0f7f81ab-cbed-4ab0-99b5-84f2dbf60965,instance.updated,"{'instance_id': 'instance-0f7f81ab-cbed-4ab0-99b5-84f2dbf60965', 'instance_label': 'Woman', 'text_changed': False, 'graph_changed': True, 'session_id': '167a73b9-bd59-4e32-a1ab-b0de4c57ab2c', 'user_id': 'P12'}",12
2000-01-01 01:45:07,instance-fa073d1b-4e8c-436d-8ec2-ee84dbeb7830,instance.created_from_class,"{'instance_id': 'instance-fa073d1b-4e8c-436d-8ec2-ee84dbeb7830', 'class_id': 'class-176466bf-76d6-4ad3-9291-05508653dda6', 'instance_label': 'Male', 'has_text_description': True, 'session_id': '167a73b9-bd59-4e32-a1ab-b0de4c57ab2c', 'user_id': 'P12'}",12
2000-01-01 01:45:35,instance-fa073d1b-4e8c-436d-8ec2-ee84dbeb7830,instance.updated,"{'instance_id': 'instance-fa073d1b-4e8c-436d-8ec2-ee84dbeb7830', 'instance_label': 'Male', 'text_changed': False, 'graph_changed': True, 'session_id': '167a73b9-bd59-4e32-a1ab-b0de4c57ab2c', 'user_id': 'P12'}",12
2000-01-01 01:46:01,instance-0f7f81ab-cbed-4ab0-99b5-84f2dbf60965,instance.updated,"{'instance_id': 'instance-0f7f81ab-cbed-4ab0-99b5-84f2dbf60965', 'instance_label': 'Woman', 'text_changed': False, 'graph_changed': True, 'session_id': '167a73b9-bd59-4e32-a1ab-b0de4c57ab2c', 'user_id': 'P12'}",12
2000-01-01 01:48:18,instance-cf6605bc-2548-41c3-acf8-8dc3ba6a4a66,instance.created_from_class,"{'instance_id': 'instance-cf6605bc-2548-41c3-acf8-8dc3ba6a4a66', 'class_id': 'class-176466bf-76d6-4ad3-9291-05508653dda6', 'instance_label': 'Girl', 'has_text_description': True, 'session_id': '167a73b9-bd59-4e32-a1ab-b0de4c57ab2c', 'user_id': 'P12'}",12
2000-01-01 01:48:40,instance-cf6605bc-2548-41c3-acf8-8dc3ba6a4a66,instance.updated,"{'instance_id': 'instance-cf6605bc-2548-41c3-acf8-8dc3ba6a4a66', 'instance_label': 'person', 'text_changed': True, 'graph_changed': False, 'session_id': '167a73b9-bd59-4e32-a1ab-b0de4c57ab2c', 'user_id': 'P12'}",12
2000-01-01 01:49:42,,instance.created_from_text,"{'position': {'x': 471, 'y': 288}, 'screen_position': {'x': 534, 'y': 331}, 'board_type': 'advanced', 'session_id': '167a73b9-bd59-4e32-a1ab-b0de4c57ab2c', 'user_id': 'P12'}",12
2000-01-01 01:50:54,,instance.created_from_text,"{'position': {'x': 409, 'y': 178}, 'screen_position': {'x': 472, 'y': 221}, 'board_type': 'advanced', 'session_id': '167a73b9-bd59-4e32-a1ab-b0de4c57ab2c', 'user_id': 'P12'}",12
2000-01-01 01:51:44,,instance.created_from_text,"{'position': {'x': 198, 'y': 142}, 'screen_position': {'x': 261, 'y': 185}, 'board_type': 'advanced', 'session_id': '167a73b9-bd59-4e32-a1ab-b0de4c57ab2c', 'user_id': 'P12'}",12
2000-01-01 01:51:46,,instance.created_from_text,"{'position': {'x': 238, 'y': 170}, 'screen_position': {'x': 301, 'y': 213}, 'board_type': 'advanced', 'session_id': '167a73b9-bd59-4e32-a1ab-b0de4c57ab2c', 'user_id': 'P12'}",12
2000-01-01 01:53:10,,instance.created_from_text,"{'position': {'x': 210, 'y': 172}, 'screen_position': {'x': 273, 'y': 215}, 'board_type': 'advanced', 'session_id': '167a73b9-bd59-4e32-a1ab-b0de4c57ab2c', 'user_id': 'P12'}",12
2000-01-01 01:54:32,instance-72d11b4f-49be-4414-ab8e-e99a9a16affb,instance.updated,"{'instance_id': 'instance-72d11b4f-49be-4414-ab8e-e99a9a16affb', 'instance_label': 'person', 'text_changed': False, 'graph_changed': True, 'session_id': '167a73b9-bd59-4e32-a1ab-b0de4c57ab2c', 'user_id': 'P12'}",12
2000-01-01 01:54:56,instance-72d11b4f-49be-4414-ab8e-e99a9a16affb,instance.updated,"{'instance_id': 'instance-72d11b4f-49be-4414-ab8e-e99a9a16affb', 'instance_label': 'person', 'text_changed': True, 'graph_changed': False, 'session_id': '167a73b9-bd59-4e32-a1ab-b0de4c57ab2c', 'user_id': 'P12'}",12
2000-01-01 01:55:39,,api.generate_image.succeeded,"{'global_caption': ""a scene featuring an old person wearing a gray cardigan with 2 buttons on the shirt, black pants, and a beret, with short white hair, looking at a 35-year-old woman with medium-length wavy white hair wearing a beret, who is chubby and dressed in a short sleeve dress with a pink and blue flower pattern, and a 35-year-old male wearing a short-sleeved blue polo shirt, knee-length beige shorts, and black slippers. Nearby, there is a 7-year-old girl with short hair wearing a neon pink sleeveless top, a white puffy skirt, and pink sneakers, holding a yellow balloon with a white string in her left hand and a teddy bear in her right hand. Additionally, a tray full of disposable bottles of water is held in the male's left hand, and a basket with a few items in it is held by both the woman and the man."", 'region_count': 8, 'has_image': True, 'detected_objects_count': 5, 'image_path': 'output/P12/2025-08-22_01-55-38/image.png', 'image_with_layout_path': 'output/P12/2025-08-22_01-55-38/image_with_layout.png', 'timestamp_dir': 'output/P12/2025-08-22_01-55-38', 'session_id': '167a73b9-bd59-4e32-a1ab-b0de4c57ab2c', 'user_id': 'P12'}",12
2000-01-01 01:56:39,instance-72d11b4f-49be-4414-ab8e-e99a9a16affb,instance.updated,"{'instance_id': 'instance-72d11b4f-49be-4414-ab8e-e99a9a16affb', 'instance_label': 'man', 'text_changed': True, 'graph_changed': False, 'session_id': '167a73b9-bd59-4e32-a1ab-b0de4c57ab2c', 'user_id': 'P12'}",12
2000-01-01 01:57:27,instance-0f7f81ab-cbed-4ab0-99b5-84f2dbf60965,instance.updated,"{'instance_id': 'instance-0f7f81ab-cbed-4ab0-99b5-84f2dbf60965', 'instance_label': 'person', 'text_changed': True, 'graph_changed': False, 'session_id': '167a73b9-bd59-4e32-a1ab-b0de4c57ab2c', 'user_id': 'P12'}",12
2000-01-01 01:57:46,instance-0f7f81ab-cbed-4ab0-99b5-84f2dbf60965,instance.updated,"{'instance_id': 'instance-0f7f81ab-cbed-4ab0-99b5-84f2dbf60965', 'instance_label': 'person', 'text_changed': True, 'graph_changed': False, 'session_id': '167a73b9-bd59-4e32-a1ab-b0de4c57ab2c', 'user_id': 'P12'}",12
2000-01-01 01:58:09,instance-fa073d1b-4e8c-436d-8ec2-ee84dbeb7830,instance.updated,"{'instance_id': 'instance-fa073d1b-4e8c-436d-8ec2-ee84dbeb7830', 'instance_label': 'person', 'text_changed': True, 'graph_changed': False, 'session_id': '167a73b9-bd59-4e32-a1ab-b0de4c57ab2c', 'user_id': 'P12'}",12
2000-01-01 01:58:19,instance-fa073d1b-4e8c-436d-8ec2-ee84dbeb7830,instance.updated,"{'instance_id': 'instance-fa073d1b-4e8c-436d-8ec2-ee84dbeb7830', 'instance_label': 'person', 'text_changed': True, 'graph_changed': False, 'session_id': '167a73b9-bd59-4e32-a1ab-b0de4c57ab2c', 'user_id': 'P12'}",12
2000-01-01 01:58:50,instance-cf6605bc-2548-41c3-acf8-8dc3ba6a4a66,instance.updated,"{'instance_id': 'instance-cf6605bc-2548-41c3-acf8-8dc3ba6a4a66', 'instance_label': 'person', 'text_changed': True, 'graph_changed': False, 'session_id': '167a73b9-bd59-4e32-a1ab-b0de4c57ab2c', 'user_id': 'P12'}",12
2000-01-01 01:59:44,,api.generate_image.succeeded,"{'global_caption': ""a scene featuring an old man wearing a gray cardigan with 2 buttons on the shirt, black pants, and a beret, with short white hair, around 150 cm tall, looking at a 35-year-old woman with medium-length wavy hair wearing a beret, who is chubby and dressed in a short sleeve ankle-length dress with a pink and blue flower pattern, and a 35-year-old male wearing a short-sleeved blue polo shirt, knee-length beige shorts, and black slippers. Nearby, there is a 7-year-old girl with short hair wearing a neon pink sleeveless top, a white puffy skirt, and pink sneakers, holding a yellow balloon with a white string in her left hand and a teddy bear in her right hand. Additionally, a tray full of disposable bottles of water is held in the man's left hand, and a basket with a few items in it is held by both the woman and the man."", 'region_count': 8, 'has_image': True, 'detected_objects_count': 5, 'image_path': 'output/P12/2025-08-22_01-59-43/image.png', 'image_with_layout_path': 'output/P12/2025-08-22_01-59-43/image_with_layout.png', 'timestamp_dir': 'output/P12/2025-08-22_01-59-43', 'session_id': '167a73b9-bd59-4e32-a1ab-b0de4c57ab2c', 'user_id': 'P12'}",12
