timestamp,event,details
08:30:42,experiment_started,"{'language': 'ko', 'demographic_data': {'age': '21', 'gender': 'female', 'occupation': '대학생', 'ai_tool_types': ['text', 'audio', 'image', 'video'], 'ai_frequency': 'monthly', 'ai_purposes': ['creative', 'study'], 'ai_proficiency': '5', 'english_level': 'intermediate', 'programming_duration': '1-3', 'programming_languages': ['javascript', 'python', 'java'], 'programming_contexts': ['web'], 'programming_proficiency': '2', 'system_order': 'system2_first'}, 'session_id': 'e5466056-3354-4623-8ea1-e8a18af6d601', 'user_id': 'P1'}"
08:33:13,layout_board.new_box_initiated,"{'board_type': 'advanced', 'timestamp': '2025-08-22T08:33:11.753Z', 'session_id': 'e5466056-3354-4623-8ea1-e8a18af6d601', 'user_id': 'P1'}"
08:33:16,layout_board.new_box_positioned,"{'position': {'x': 285.765625, 'y': 272}, 'screen_position': {'x': 347, 'y': 295}, 'board_type': 'advanced', 'session_id': 'e5466056-3354-4623-8ea1-e8a18af6d601', 'user_id': 'P1'}"
08:34:25,api.generate_text_to_graph.started,"{'has_previous': None, 'text_length': 45, 'previous_objects_count': 0, 'session_id': 'e5466056-3354-4623-8ea1-e8a18af6d601', 'user_id': 'P1'}"
08:34:28,api.generate_text_to_graph.succeeded,"{'objects_count': 3, 'relationships_count': 2, 'root_object': 'object1', 'session_id': 'e5466056-3354-4623-8ea1-e8a18af6d601', 'user_id': 'P1'}"
08:34:41,instance_selected,"{'instance_id': 'instance-b97d172f-0052-4bf6-b087-4fe1e6af7dd5', 'instance_label': 'rabbit', 'is_from_class': False, 'class_id': None, 'session_id': 'e5466056-3354-4623-8ea1-e8a18af6d601', 'user_id': 'P1'}"
08:34:41,class_library_toggle,"{'expanded': True, 'class_count': 0, 'session_id': 'e5466056-3354-4623-8ea1-e8a18af6d601', 'user_id': 'P1'}"
08:34:44,class.create.started,"{'instance_id': 'instance-b97d172f-0052-4bf6-b087-4fe1e6af7dd5', 'instance_label': 'rabbit', 'has_scene_graph': True, 'object_count': 3, 'session_id': 'e5466056-3354-4623-8ea1-e8a18af6d601', 'user_id': 'P1'}"
08:34:44,api.generate_placeholders.started,"{'has_objects': True, 'has_relationships': True, 'object_count': 3, 'relationship_count': 2, 'session_id': 'e5466056-3354-4623-8ea1-e8a18af6d601', 'user_id': 'P1'}"
08:34:45,class.created,"{'class_id': 'class-195fd647-2a91-4524-b4e2-7f050ac7dda8', 'class_name': 'rabbit Class', 'placeholder_count': 3, 'created_from': 'rabbit', 'session_id': 'e5466056-3354-4623-8ea1-e8a18af6d601', 'user_id': 'P1'}"
08:34:45,api.generate_placeholders.succeeded,"{'object_count': 3, 'unique_value_count': 6, 'session_id': 'e5466056-3354-4623-8ea1-e8a18af6d601', 'user_id': 'P1'}"
08:34:45,instance_selected,"{'instance_id': 'instance-b97d172f-0052-4bf6-b087-4fe1e6af7dd5', 'instance_label': 'rabbit', 'is_from_class': True, 'class_id': 'class-195fd647-2a91-4524-b4e2-7f050ac7dda8', 'session_id': 'e5466056-3354-4623-8ea1-e8a18af6d601', 'user_id': 'P1'}"
08:34:48,class_detail_opened,"{'class_id': 'class-195fd647-2a91-4524-b4e2-7f050ac7dda8', 'class_name': 'rabbit Class', 'instance_count': 1, 'session_id': 'e5466056-3354-4623-8ea1-e8a18af6d601', 'user_id': 'P1'}"
08:34:51,class_detail_opened,"{'class_id': 'class-195fd647-2a91-4524-b4e2-7f050ac7dda8', 'class_name': 'rabbit Class', 'instance_count': 1, 'session_id': 'e5466056-3354-4623-8ea1-e8a18af6d601', 'user_id': 'P1'}"
08:35:09,instance.create_from_class.started,"{'class_id': 'class-195fd647-2a91-4524-b4e2-7f050ac7dda8', 'class_name': 'rabbit Class', 'value_count': 2, 'session_id': 'e5466056-3354-4623-8ea1-e8a18af6d601', 'user_id': 'P1'}"
08:35:10,api.generate_scene_graph_to_text.started,"{'has_previous': None, 'objects_count': 3, 'relationships_count': 2, 'session_id': 'e5466056-3354-4623-8ea1-e8a18af6d601', 'user_id': 'P1'}"
08:35:10,api.generate_instance_label_from_description.started,"{'text_length': 49, 'session_id': 'e5466056-3354-4623-8ea1-e8a18af6d601', 'user_id': 'P1'}"
08:35:10,api.generate_scene_graph_to_text.succeeded,"{'text_length': 49, 'generated_text': 'Adult rabbit in an illustration with a character.', 'session_id': 'e5466056-3354-4623-8ea1-e8a18af6d601', 'user_id': 'P1'}"
08:35:11,api.generate_instance_label_from_description.succeeded,"{'generated_label': 'Rabbit', 'original_text': 'Adult rabbit in an illustration with a character.', 'session_id': 'e5466056-3354-4623-8ea1-e8a18af6d601', 'user_id': 'P1'}"
08:35:11,instance.created_from_class,"{'instance_id': 'instance-a407e81f-4d34-4660-81b4-316c2d2366d7', 'class_id': 'class-195fd647-2a91-4524-b4e2-7f050ac7dda8', 'instance_label': 'Rabbit', 'has_text_description': True, 'session_id': 'e5466056-3354-4623-8ea1-e8a18af6d601', 'user_id': 'P1'}"
08:35:11,instance_selected,"{'instance_id': 'instance-b97d172f-0052-4bf6-b087-4fe1e6af7dd5', 'instance_label': 'rabbit', 'is_from_class': True, 'class_id': 'class-195fd647-2a91-4524-b4e2-7f050ac7dda8', 'session_id': 'e5466056-3354-4623-8ea1-e8a18af6d601', 'user_id': 'P1'}"
08:35:26,layout.node.moved,"{'nodeId': 'instance-a407e81f-4d34-4660-81b4-316c2d2366d7-resizable', 'newPos': {'x': 21, 'y': 232}, 'session_id': 'e5466056-3354-4623-8ea1-e8a18af6d601', 'user_id': 'P1'}"
08:35:28,layout.node.moved,"{'nodeId': 'instance-a407e81f-4d34-4660-81b4-316c2d2366d7-resizable', 'newPos': {'x': 0, 'y': 212}, 'session_id': 'e5466056-3354-4623-8ea1-e8a18af6d601', 'user_id': 'P1'}"
08:35:29,layout.node.moved,"{'nodeId': 'instance-b97d172f-0052-4bf6-b087-4fe1e6af7dd5-resizable', 'newPos': {'x': 249.765625, 'y': 271}, 'session_id': 'e5466056-3354-4623-8ea1-e8a18af6d601', 'user_id': 'P1'}"
08:35:32,layout.node.moved,"{'nodeId': 'instance-b97d172f-0052-4bf6-b087-4fe1e6af7dd5-resizable', 'newPos': {'x': 250.765625, 'y': 279}, 'session_id': 'e5466056-3354-4623-8ea1-e8a18af6d601', 'user_id': 'P1'}"
08:35:33,layout.node.moved,"{'nodeId': 'instance-a407e81f-4d34-4660-81b4-316c2d2366d7-resizable', 'newPos': {'x': 4, 'y': 211}, 'session_id': 'e5466056-3354-4623-8ea1-e8a18af6d601', 'user_id': 'P1'}"
08:35:46,instance_selected,"{'instance_id': 'instance-b97d172f-0052-4bf6-b087-4fe1e6af7dd5', 'instance_label': 'rabbit', 'is_from_class': True, 'class_id': 'class-195fd647-2a91-4524-b4e2-7f050ac7dda8', 'session_id': 'e5466056-3354-4623-8ea1-e8a18af6d601', 'user_id': 'P1'}"
08:35:48,instance.edit.started,"{'instance_id': 'instance-b97d172f-0052-4bf6-b087-4fe1e6af7dd5', 'instance_label': 'rabbit', 'edit_type': 'text', 'session_id': 'e5466056-3354-4623-8ea1-e8a18af6d601', 'user_id': 'P1'}"
08:36:27,api.generate_text_to_graph.started,"{'has_previous': 'baby rabbit character, 2D sketch illustration', 'text_length': 91, 'previous_objects_count': 3, 'session_id': 'e5466056-3354-4623-8ea1-e8a18af6d601', 'user_id': 'P1'}"
08:36:32,api.generate_text_to_graph.succeeded,"{'objects_count': 5, 'relationships_count': 4, 'root_object': 'object1', 'session_id': 'e5466056-3354-4623-8ea1-e8a18af6d601', 'user_id': 'P1'}"
08:36:32,instance.updated,"{'instance_id': 'instance-b97d172f-0052-4bf6-b087-4fe1e6af7dd5', 'instance_label': 'rabbit', 'text_changed': True, 'graph_changed': False, 'session_id': 'e5466056-3354-4623-8ea1-e8a18af6d601', 'user_id': 'P1'}"
08:36:32,instance_selected,"{'instance_id': 'instance-b97d172f-0052-4bf6-b087-4fe1e6af7dd5', 'instance_label': 'rabbit', 'is_from_class': True, 'class_id': 'class-195fd647-2a91-4524-b4e2-7f050ac7dda8', 'session_id': 'e5466056-3354-4623-8ea1-e8a18af6d601', 'user_id': 'P1'}"
08:36:43,layout.node.moved,"{'nodeId': 'instance-a407e81f-4d34-4660-81b4-316c2d2366d7-resizable', 'newPos': {'x': 11, 'y': 208}, 'session_id': 'e5466056-3354-4623-8ea1-e8a18af6d601', 'user_id': 'P1'}"
08:36:44,layout_board.new_box_initiated,"{'board_type': 'advanced', 'timestamp': '2025-08-22T08:36:42.317Z', 'session_id': 'e5466056-3354-4623-8ea1-e8a18af6d601', 'user_id': 'P1'}"
08:36:45,layout_board.new_box_positioned,"{'position': {'x': 216.765625, 'y': 283}, 'screen_position': {'x': 278, 'y': 306}, 'board_type': 'advanced', 'session_id': 'e5466056-3354-4623-8ea1-e8a18af6d601', 'user_id': 'P1'}"
08:37:06,api.generate_text_to_graph.started,"{'has_previous': None, 'text_length': 35, 'previous_objects_count': 0, 'session_id': 'e5466056-3354-4623-8ea1-e8a18af6d601', 'user_id': 'P1'}"
08:37:08,api.generate_text_to_graph.succeeded,"{'objects_count': 2, 'relationships_count': 1, 'root_object': 'object1', 'session_id': 'e5466056-3354-4623-8ea1-e8a18af6d601', 'user_id': 'P1'}"
08:37:11,layout.node.moved,"{'nodeId': 'instance-ee18810a-dc3c-4744-9f9b-a6e15d8f7999-resizable', 'newPos': {'x': 223.765625, 'y': 248}, 'session_id': 'e5466056-3354-4623-8ea1-e8a18af6d601', 'user_id': 'P1'}"
08:37:20,layout.node.moved,"{'nodeId': 'instance-ee18810a-dc3c-4744-9f9b-a6e15d8f7999-resizable', 'newPos': {'x': 256.765625, 'y': 313}, 'session_id': 'e5466056-3354-4623-8ea1-e8a18af6d601', 'user_id': 'P1'}"
08:37:21,layout.node.moved,"{'nodeId': 'instance-ee18810a-dc3c-4744-9f9b-a6e15d8f7999-resizable', 'newPos': {'x': 238.765625, 'y': 268}, 'session_id': 'e5466056-3354-4623-8ea1-e8a18af6d601', 'user_id': 'P1'}"
08:37:23,layout.node.moved,"{'nodeId': 'instance-b97d172f-0052-4bf6-b087-4fe1e6af7dd5-resizable', 'newPos': {'x': 264.765625, 'y': 268}, 'session_id': 'e5466056-3354-4623-8ea1-e8a18af6d601', 'user_id': 'P1'}"
08:37:28,instance_selected,"{'instance_id': 'instance-ee18810a-dc3c-4744-9f9b-a6e15d8f7999', 'instance_label': 'balloon', 'is_from_class': False, 'class_id': None, 'session_id': 'e5466056-3354-4623-8ea1-e8a18af6d601', 'user_id': 'P1'}"
08:37:29,instance_selected,"{'instance_id': 'instance-b97d172f-0052-4bf6-b087-4fe1e6af7dd5', 'instance_label': 'rabbit', 'is_from_class': True, 'class_id': 'class-195fd647-2a91-4524-b4e2-7f050ac7dda8', 'session_id': 'e5466056-3354-4623-8ea1-e8a18af6d601', 'user_id': 'P1'}"
08:38:44,instance_selected,"{'instance_id': 'instance-a407e81f-4d34-4660-81b4-316c2d2366d7', 'instance_label': 'Rabbit', 'is_from_class': True, 'class_id': 'class-195fd647-2a91-4524-b4e2-7f050ac7dda8', 'session_id': 'e5466056-3354-4623-8ea1-e8a18af6d601', 'user_id': 'P1'}"
08:38:51,layout.node.moved,"{'nodeId': 'instance-ee18810a-dc3c-4744-9f9b-a6e15d8f7999', 'newPos': {'x': 238.765625, 'y': 179}, 'session_id': 'e5466056-3354-4623-8ea1-e8a18af6d601', 'user_id': 'P1'}"
08:39:02,layout.node.moved,"{'nodeId': 'instance-ee18810a-dc3c-4744-9f9b-a6e15d8f7999', 'newPos': {'x': 239.765625, 'y': 236}, 'session_id': 'e5466056-3354-4623-8ea1-e8a18af6d601', 'user_id': 'P1'}"
08:39:04,layout.node.moved,"{'nodeId': 'instance-ee18810a-dc3c-4744-9f9b-a6e15d8f7999', 'newPos': {'x': 246.765625, 'y': 240}, 'session_id': 'e5466056-3354-4623-8ea1-e8a18af6d601', 'user_id': 'P1'}"
08:39:07,layout.node.moved,"{'nodeId': 'instance-ee18810a-dc3c-4744-9f9b-a6e15d8f7999', 'newPos': {'x': 249.765625, 'y': 258}, 'session_id': 'e5466056-3354-4623-8ea1-e8a18af6d601', 'user_id': 'P1'}"
08:39:09,layout_board.new_box_initiated,"{'board_type': 'advanced', 'timestamp': '2025-08-22T08:39:07.188Z', 'session_id': 'e5466056-3354-4623-8ea1-e8a18af6d601', 'user_id': 'P1'}"
08:39:10,layout_board.new_box_positioned,"{'position': {'x': 63.765625, 'y': 66}, 'screen_position': {'x': 125, 'y': 89}, 'board_type': 'advanced', 'session_id': 'e5466056-3354-4623-8ea1-e8a18af6d601', 'user_id': 'P1'}"
08:39:27,api.generate_text_to_graph.started,"{'has_previous': None, 'text_length': 46, 'previous_objects_count': 0, 'session_id': 'e5466056-3354-4623-8ea1-e8a18af6d601', 'user_id': 'P1'}"
08:39:29,api.generate_text_to_graph.succeeded,"{'objects_count': 3, 'relationships_count': 2, 'root_object': 'object1', 'session_id': 'e5466056-3354-4623-8ea1-e8a18af6d601', 'user_id': 'P1'}"
08:39:41,api.generate_image.started,"{'sentence_count': 4, 'box_count': 4, 'has_global_caption': False, 'has_required_keywords': False, 'session_id': 'e5466056-3354-4623-8ea1-e8a18af6d601', 'user_id': 'P1'}"
08:40:06,prompt_saved,{'path': 'output/P1/2025-08-22_08-40-06/prompt.json'}
08:40:06,object_detection_integrated,{'objects_count': 0}
08:40:06,api.generate_image.succeeded,"{'global_caption': 'a scene featuring a baby rabbit character, a 2D sketch illustration, wearing a blue jacket, with a brightly smiling face, cuddling a balloon, alongside an adult rabbit in an illustration with a character, talking to another rabbit, with a red balloon in a 2D sketch illustration, set against a forest background in a 2D illustration style with blur.', 'region_count': 4, 'has_image': True, 'detected_objects_count': 0, 'image_path': 'output/P1/2025-08-22_08-40-06/image.png', 'image_with_layout_path': 'output/P1/2025-08-22_08-40-06/image_with_layout.png', 'timestamp_dir': 'output/P1/2025-08-22_08-40-06', 'session_id': 'e5466056-3354-4623-8ea1-e8a18af6d601', 'user_id': 'P1'}"
08:40:06,object_detection_integrated,"{'objectsCount': 0, 'objects': [], 'session_id': 'e5466056-3354-4623-8ea1-e8a18af6d601', 'user_id': 'P1'}"
08:40:26,layout.node.moved,"{'nodeId': 'instance-32bf5aa7-0443-47ce-b69a-53a95226e911-resizable', 'newPos': {'x': -46, 'y': -28}, 'session_id': 'e5466056-3354-4623-8ea1-e8a18af6d601', 'user_id': 'P1'}"
08:40:27,layout.node.moved,"{'nodeId': 'instance-32bf5aa7-0443-47ce-b69a-53a95226e911-resizable', 'newPos': {'x': -46, 'y': -28}, 'session_id': 'e5466056-3354-4623-8ea1-e8a18af6d601', 'user_id': 'P1'}"
08:40:29,instance_selected,"{'instance_id': 'instance-ee18810a-dc3c-4744-9f9b-a6e15d8f7999', 'instance_label': 'balloon', 'is_from_class': False, 'class_id': None, 'session_id': 'e5466056-3354-4623-8ea1-e8a18af6d601', 'user_id': 'P1'}"
08:40:39,layout.node.moved,"{'nodeId': 'instance-32bf5aa7-0443-47ce-b69a-53a95226e911-resizable', 'newPos': {'x': -46, 'y': -28}, 'session_id': 'e5466056-3354-4623-8ea1-e8a18af6d601', 'user_id': 'P1'}"
08:40:44,layout.node.moved,"{'nodeId': 'instance-32bf5aa7-0443-47ce-b69a-53a95226e911-resizable', 'newPos': {'x': -46, 'y': -28}, 'session_id': 'e5466056-3354-4623-8ea1-e8a18af6d601', 'user_id': 'P1'}"
08:40:45,layout.node.moved,"{'nodeId': 'instance-32bf5aa7-0443-47ce-b69a-53a95226e911-resizable', 'newPos': {'x': -46, 'y': -28}, 'session_id': 'e5466056-3354-4623-8ea1-e8a18af6d601', 'user_id': 'P1'}"
08:40:47,layout.node.moved,"{'nodeId': 'instance-32bf5aa7-0443-47ce-b69a-53a95226e911-resizable', 'newPos': {'x': -46, 'y': -28}, 'session_id': 'e5466056-3354-4623-8ea1-e8a18af6d601', 'user_id': 'P1'}"
08:40:47,layout.node.moved,"{'nodeId': 'instance-32bf5aa7-0443-47ce-b69a-53a95226e911-resizable', 'newPos': {'x': -46, 'y': -28}, 'session_id': 'e5466056-3354-4623-8ea1-e8a18af6d601', 'user_id': 'P1'}"
08:40:54,instance_selected,"{'instance_id': 'instance-32bf5aa7-0443-47ce-b69a-53a95226e911', 'instance_label': 'forest', 'is_from_class': False, 'class_id': None, 'session_id': 'e5466056-3354-4623-8ea1-e8a18af6d601', 'user_id': 'P1'}"
08:40:55,layout.node.moved,"{'nodeId': 'instance-32bf5aa7-0443-47ce-b69a-53a95226e911-resizable', 'newPos': {'x': -46, 'y': -28}, 'session_id': 'e5466056-3354-4623-8ea1-e8a18af6d601', 'user_id': 'P1'}"
08:40:58,layout.node.moved,"{'nodeId': 'instance-32bf5aa7-0443-47ce-b69a-53a95226e911-resizable', 'newPos': {'x': -46, 'y': -28}, 'session_id': 'e5466056-3354-4623-8ea1-e8a18af6d601', 'user_id': 'P1'}"
08:41:05,instance.deleted,"{'instance_id': 'instance-32bf5aa7-0443-47ce-b69a-53a95226e911', 'instance_label': 'forest', 'is_from_class': False, 'class_id': None, 'session_id': 'e5466056-3354-4623-8ea1-e8a18af6d601', 'user_id': 'P1'}"
08:41:09,layout.node.moved,"{'nodeId': 'instance-a407e81f-4d34-4660-81b4-316c2d2366d7', 'newPos': {'x': 36, 'y': 208}, 'session_id': 'e5466056-3354-4623-8ea1-e8a18af6d601', 'user_id': 'P1'}"
08:41:17,instance.edit.started,"{'instance_id': 'instance-ee18810a-dc3c-4744-9f9b-a6e15d8f7999', 'instance_label': 'balloon', 'edit_type': 'text', 'session_id': 'e5466056-3354-4623-8ea1-e8a18af6d601', 'user_id': 'P1'}"
08:41:30,api.generate_text_to_graph.started,"{'has_previous': 'red balloon, 2D sketch illustration', 'text_length': 55, 'previous_objects_count': 2, 'session_id': 'e5466056-3354-4623-8ea1-e8a18af6d601', 'user_id': 'P1'}"
08:41:33,api.generate_text_to_graph.succeeded,"{'objects_count': 2, 'relationships_count': 1, 'root_object': 'object1', 'session_id': 'e5466056-3354-4623-8ea1-e8a18af6d601', 'user_id': 'P1'}"
08:41:33,instance.updated,"{'instance_id': 'instance-ee18810a-dc3c-4744-9f9b-a6e15d8f7999', 'instance_label': 'balloon', 'text_changed': True, 'graph_changed': False, 'session_id': 'e5466056-3354-4623-8ea1-e8a18af6d601', 'user_id': 'P1'}"
08:41:35,instance.edit.started,"{'instance_id': 'instance-b97d172f-0052-4bf6-b087-4fe1e6af7dd5', 'instance_label': 'rabbit', 'edit_type': 'text', 'session_id': 'e5466056-3354-4623-8ea1-e8a18af6d601', 'user_id': 'P1'}"
08:41:39,api.generate_text_to_graph.started,"{'has_previous': 'baby rabbit character, 2D sketch illustration. wearing a blue jacket. brightly smiling face', 'text_length': 111, 'previous_objects_count': 5, 'session_id': 'e5466056-3354-4623-8ea1-e8a18af6d601', 'user_id': 'P1'}"
08:41:43,api.generate_text_to_graph.succeeded,"{'objects_count': 5, 'relationships_count': 4, 'root_object': 'object1', 'session_id': 'e5466056-3354-4623-8ea1-e8a18af6d601', 'user_id': 'P1'}"
08:41:43,instance.updated,"{'instance_id': 'instance-b97d172f-0052-4bf6-b087-4fe1e6af7dd5', 'instance_label': 'rabbit', 'text_changed': True, 'graph_changed': False, 'session_id': 'e5466056-3354-4623-8ea1-e8a18af6d601', 'user_id': 'P1'}"
08:41:43,instance.edit.started,"{'instance_id': 'instance-a407e81f-4d34-4660-81b4-316c2d2366d7', 'instance_label': 'Rabbit', 'edit_type': 'text', 'session_id': 'e5466056-3354-4623-8ea1-e8a18af6d601', 'user_id': 'P1'}"
08:42:03,class_detail_opened,"{'class_id': 'class-195fd647-2a91-4524-b4e2-7f050ac7dda8', 'class_name': 'rabbit Class', 'instance_count': 2, 'session_id': 'e5466056-3354-4623-8ea1-e8a18af6d601', 'user_id': 'P1'}"
08:42:07,class.edit.started,"{'class_id': 'class-195fd647-2a91-4524-b4e2-7f050ac7dda8', 'class_name': 'rabbit Class', 'placeholder_count': 3, 'object_count': 3, 'session_id': 'e5466056-3354-4623-8ea1-e8a18af6d601', 'user_id': 'P1'}"
08:42:15,object_node.edit.started,"{'object_id': 'object3', 'object_name': 'sketch', 'edit_mode': 'adding', 'is_class_mode': True, 'session_id': 'e5466056-3354-4623-8ea1-e8a18af6d601', 'user_id': 'P1'}"
08:42:19,object_node.edit.saved,"{'object_id': 'object3', 'object_name': 'sketch', 'edit_mode': 'adding', 'new_value': 'style watercolor', 'is_class_mode': True, 'session_id': 'e5466056-3354-4623-8ea1-e8a18af6d601', 'user_id': 'P1'}"
08:42:19,object_node.edit.cancelled,"{'object_id': 'object3', 'object_name': 'sketch', 'edit_mode': 'adding', 'is_class_mode': True, 'session_id': 'e5466056-3354-4623-8ea1-e8a18af6d601', 'user_id': 'P1'}"
08:42:21,class.updated,"{'class_id': 'class-195fd647-2a91-4524-b4e2-7f050ac7dda8', 'class_name': 'rabbit Class', 'placeholder_count': 3, 'object_count': 3, 'session_id': 'e5466056-3354-4623-8ea1-e8a18af6d601', 'user_id': 'P1'}"
08:42:21,api.generate_scene_graph_to_text.started,"{'has_previous': 'Adult rabbit in an illustration with a character.', 'objects_count': 3, 'relationships_count': 2, 'session_id': 'e5466056-3354-4623-8ea1-e8a18af6d601', 'user_id': 'P1'}"
08:42:21,api.generate_scene_graph_to_text.succeeded,"{'text_length': 59, 'generated_text': 'Adult rabbit in a watercolor illustration with a character.', 'session_id': 'e5466056-3354-4623-8ea1-e8a18af6d601', 'user_id': 'P1'}"
08:42:24,layout_board.new_box_initiated,"{'board_type': 'advanced', 'timestamp': '2025-08-22T08:42:22.363Z', 'session_id': 'e5466056-3354-4623-8ea1-e8a18af6d601', 'user_id': 'P1'}"
08:42:29,layout_board.new_box_positioned,"{'position': {'x': 118.765625, 'y': 65}, 'screen_position': {'x': 180, 'y': 88}, 'board_type': 'advanced', 'session_id': 'e5466056-3354-4623-8ea1-e8a18af6d601', 'user_id': 'P1'}"
08:42:45,api.generate_text_to_graph.started,"{'has_previous': None, 'text_length': 60, 'previous_objects_count': 0, 'session_id': 'e5466056-3354-4623-8ea1-e8a18af6d601', 'user_id': 'P1'}"
08:42:48,api.generate_text_to_graph.succeeded,"{'objects_count': 3, 'relationships_count': 2, 'root_object': 'object1', 'session_id': 'e5466056-3354-4623-8ea1-e8a18af6d601', 'user_id': 'P1'}"
08:43:07,layout.node.moved,"{'nodeId': 'instance-608e8a4d-b475-4a5b-8cfe-feae5fff45f6', 'newPos': {'x': 9, 'y': 9}, 'session_id': 'e5466056-3354-4623-8ea1-e8a18af6d601', 'user_id': 'P1'}"
08:43:10,api.generate_image.started,"{'sentence_count': 4, 'box_count': 4, 'has_global_caption': True, 'has_required_keywords': False, 'session_id': 'e5466056-3354-4623-8ea1-e8a18af6d601', 'user_id': 'P1'}"
08:43:35,prompt_saved,{'path': 'output/P1/2025-08-22_08-43-35/prompt.json'}
08:43:36,object_detection_integrated,{'objects_count': 1}
08:43:36,api.generate_image.succeeded,"{'global_caption': 'a scene featuring a baby rabbit character in a 2D sketch illustration in watercolor style, wearing a blue jacket, with a brightly smiling face, cuddling a balloon, alongside an adult rabbit in a watercolor illustration with a character, talking to another rabbit, with a red balloon in a 2D sketch illustration in watercolor style, set against a forest background in a 2D illustration in watercolor style, with blur.', 'region_count': 4, 'has_image': True, 'detected_objects_count': 1, 'image_path': 'output/P1/2025-08-22_08-43-35/image.png', 'image_with_layout_path': 'output/P1/2025-08-22_08-43-35/image_with_layout.png', 'timestamp_dir': 'output/P1/2025-08-22_08-43-35', 'session_id': 'e5466056-3354-4623-8ea1-e8a18af6d601', 'user_id': 'P1'}"
08:43:36,object_detection_integrated,"{'objectsCount': 1, 'objects': [{'label': 'book', 'confidence': 0.2655104994773865}], 'session_id': 'e5466056-3354-4623-8ea1-e8a18af6d601', 'user_id': 'P1'}"
08:44:01,scene_saved,"{'slotNumber': 1, 'instanceCount': 4, 'nodeCount': 8, 'edgeCount': 2, 'session_id': 'e5466056-3354-4623-8ea1-e8a18af6d601', 'user_id': 'P1'}"
08:44:08,instance.deleted,"{'instance_id': 'instance-b97d172f-0052-4bf6-b087-4fe1e6af7dd5', 'instance_label': 'rabbit', 'is_from_class': True, 'class_id': 'class-195fd647-2a91-4524-b4e2-7f050ac7dda8', 'session_id': 'e5466056-3354-4623-8ea1-e8a18af6d601', 'user_id': 'P1'}"
08:44:11,instance.deleted,"{'instance_id': 'instance-608e8a4d-b475-4a5b-8cfe-feae5fff45f6', 'instance_label': 'forest', 'is_from_class': False, 'class_id': None, 'session_id': 'e5466056-3354-4623-8ea1-e8a18af6d601', 'user_id': 'P1'}"
08:44:16,instance.deleted,"{'instance_id': 'instance-ee18810a-dc3c-4744-9f9b-a6e15d8f7999', 'instance_label': 'balloon', 'is_from_class': False, 'class_id': None, 'session_id': 'e5466056-3354-4623-8ea1-e8a18af6d601', 'user_id': 'P1'}"
08:44:21,instance.deleted,"{'instance_id': 'instance-a407e81f-4d34-4660-81b4-316c2d2366d7', 'instance_label': 'Rabbit', 'is_from_class': True, 'class_id': 'class-195fd647-2a91-4524-b4e2-7f050ac7dda8', 'session_id': 'e5466056-3354-4623-8ea1-e8a18af6d601', 'user_id': 'P1'}"
08:44:24,scene_loaded,"{'slotNumber': 1, 'instanceCount': 4, 'nodeCount': 8, 'edgeCount': 2, 'session_id': 'e5466056-3354-4623-8ea1-e8a18af6d601', 'user_id': 'P1'}"
08:44:26,instance_selected,"{'instance_id': 'instance-608e8a4d-b475-4a5b-8cfe-feae5fff45f6', 'instance_label': 'forest', 'is_from_class': False, 'class_id': None, 'session_id': 'e5466056-3354-4623-8ea1-e8a18af6d601', 'user_id': 'P1'}"
08:44:27,api.generate_placeholders.started,"{'has_objects': True, 'has_relationships': True, 'object_count': 3, 'relationship_count': 2, 'session_id': 'e5466056-3354-4623-8ea1-e8a18af6d601', 'user_id': 'P1'}"
08:44:27,class.create.started,"{'instance_id': 'instance-608e8a4d-b475-4a5b-8cfe-feae5fff45f6', 'instance_label': 'forest', 'has_scene_graph': True, 'object_count': 3, 'session_id': 'e5466056-3354-4623-8ea1-e8a18af6d601', 'user_id': 'P1'}"
08:44:29,api.generate_placeholders.succeeded,"{'object_count': 3, 'unique_value_count': 7, 'session_id': 'e5466056-3354-4623-8ea1-e8a18af6d601', 'user_id': 'P1'}"
08:44:29,class.created,"{'class_id': 'class-3ff65e8f-8335-4b67-9c53-1d92b1fbbefb', 'class_name': 'forest Class', 'placeholder_count': 3, 'created_from': 'forest', 'session_id': 'e5466056-3354-4623-8ea1-e8a18af6d601', 'user_id': 'P1'}"
08:44:29,instance_selected,"{'instance_id': 'instance-608e8a4d-b475-4a5b-8cfe-feae5fff45f6', 'instance_label': 'forest', 'is_from_class': True, 'class_id': 'class-3ff65e8f-8335-4b67-9c53-1d92b1fbbefb', 'session_id': 'e5466056-3354-4623-8ea1-e8a18af6d601', 'user_id': 'P1'}"
08:44:53,instance.deleted,"{'instance_id': 'instance-a407e81f-4d34-4660-81b4-316c2d2366d7', 'instance_label': 'Rabbit', 'is_from_class': True, 'class_id': 'class-195fd647-2a91-4524-b4e2-7f050ac7dda8', 'session_id': 'e5466056-3354-4623-8ea1-e8a18af6d601', 'user_id': 'P1'}"
08:44:53,instance_selected,"{'instance_id': 'instance-608e8a4d-b475-4a5b-8cfe-feae5fff45f6', 'instance_label': 'forest', 'is_from_class': True, 'class_id': 'class-3ff65e8f-8335-4b67-9c53-1d92b1fbbefb', 'session_id': 'e5466056-3354-4623-8ea1-e8a18af6d601', 'user_id': 'P1'}"
08:44:55,instance_selected,"{'instance_id': 'instance-b97d172f-0052-4bf6-b087-4fe1e6af7dd5', 'instance_label': 'rabbit', 'is_from_class': True, 'class_id': 'class-195fd647-2a91-4524-b4e2-7f050ac7dda8', 'session_id': 'e5466056-3354-4623-8ea1-e8a18af6d601', 'user_id': 'P1'}"
08:44:57,instance.edit.started,"{'instance_id': 'instance-b97d172f-0052-4bf6-b087-4fe1e6af7dd5', 'instance_label': 'rabbit', 'edit_type': 'text', 'session_id': 'e5466056-3354-4623-8ea1-e8a18af6d601', 'user_id': 'P1'}"
08:45:53,api.generate_text_to_graph.started,"{'has_previous': 'baby rabbit character, 2D sketch illustration in watercolor style. wearing a blue jacket. brightly smiling face', 'text_length': 131, 'previous_objects_count': 3, 'session_id': 'e5466056-3354-4623-8ea1-e8a18af6d601', 'user_id': 'P1'}"
08:45:57,api.generate_text_to_graph.succeeded,"{'objects_count': 5, 'relationships_count': 4, 'root_object': 'object1', 'session_id': 'e5466056-3354-4623-8ea1-e8a18af6d601', 'user_id': 'P1'}"
08:45:57,instance.updated,"{'instance_id': 'instance-b97d172f-0052-4bf6-b087-4fe1e6af7dd5', 'instance_label': 'rabbit', 'text_changed': True, 'graph_changed': False, 'session_id': 'e5466056-3354-4623-8ea1-e8a18af6d601', 'user_id': 'P1'}"
08:45:57,instance_selected,"{'instance_id': 'instance-b97d172f-0052-4bf6-b087-4fe1e6af7dd5', 'instance_label': 'rabbit', 'is_from_class': True, 'class_id': 'class-195fd647-2a91-4524-b4e2-7f050ac7dda8', 'session_id': 'e5466056-3354-4623-8ea1-e8a18af6d601', 'user_id': 'P1'}"
08:46:14,layout.node.moved,"{'nodeId': 'instance-608e8a4d-b475-4a5b-8cfe-feae5fff45f6-resizable', 'newPos': {'x': 7, 'y': 0}, 'session_id': 'e5466056-3354-4623-8ea1-e8a18af6d601', 'user_id': 'P1'}"
08:46:16,layout.node.moved,"{'nodeId': 'instance-608e8a4d-b475-4a5b-8cfe-feae5fff45f6-resizable', 'newPos': {'x': 7, 'y': 0}, 'session_id': 'e5466056-3354-4623-8ea1-e8a18af6d601', 'user_id': 'P1'}"
08:46:17,layout.node.moved,"{'nodeId': 'instance-608e8a4d-b475-4a5b-8cfe-feae5fff45f6-resizable', 'newPos': {'x': 7, 'y': 5}, 'session_id': 'e5466056-3354-4623-8ea1-e8a18af6d601', 'user_id': 'P1'}"
08:46:18,layout.node.moved,"{'nodeId': 'instance-608e8a4d-b475-4a5b-8cfe-feae5fff45f6-resizable', 'newPos': {'x': 7, 'y': 5}, 'session_id': 'e5466056-3354-4623-8ea1-e8a18af6d601', 'user_id': 'P1'}"
08:46:22,instance_selected,"{'instance_id': 'instance-ee18810a-dc3c-4744-9f9b-a6e15d8f7999', 'instance_label': 'balloon', 'is_from_class': False, 'class_id': None, 'session_id': 'e5466056-3354-4623-8ea1-e8a18af6d601', 'user_id': 'P1'}"
08:46:25,layout.node.moved,"{'nodeId': 'instance-ee18810a-dc3c-4744-9f9b-a6e15d8f7999', 'newPos': {'x': 220.765625, 'y': 106}, 'session_id': 'e5466056-3354-4623-8ea1-e8a18af6d601', 'user_id': 'P1'}"
08:46:28,layout.node.moved,"{'nodeId': 'instance-ee18810a-dc3c-4744-9f9b-a6e15d8f7999', 'newPos': {'x': 195.765625, 'y': 22}, 'session_id': 'e5466056-3354-4623-8ea1-e8a18af6d601', 'user_id': 'P1'}"
08:46:34,layout.node.moved,"{'nodeId': 'instance-b97d172f-0052-4bf6-b087-4fe1e6af7dd5', 'newPos': {'x': 119.765625, 'y': 222}, 'session_id': 'e5466056-3354-4623-8ea1-e8a18af6d601', 'user_id': 'P1'}"
08:46:35,layout.node.moved,"{'nodeId': 'instance-ee18810a-dc3c-4744-9f9b-a6e15d8f7999', 'newPos': {'x': 246.765625, 'y': 22}, 'session_id': 'e5466056-3354-4623-8ea1-e8a18af6d601', 'user_id': 'P1'}"
08:46:54,relationship_node.edited,"{'relationship_id': 'instance-b97d172f-0052-4bf6-b087-4fe1e6af7dd5-instance-ee18810a-dc3c-4744-9f9b-a6e15d8f7999', 'source_object_id': 'instance-b97d172f-0052-4bf6-b087-4fe1e6af7dd5', 'target_object_id': 'instance-ee18810a-dc3c-4744-9f9b-a6e15d8f7999', 'old_relation': 'cuddling', 'new_relation': 'looking above', 'source_object_name': 'rabbit', 'target_object_name': 'balloon', 'session_id': 'e5466056-3354-4623-8ea1-e8a18af6d601', 'user_id': 'P1'}"
08:47:00,layout.node.moved,"{'nodeId': 'instance-608e8a4d-b475-4a5b-8cfe-feae5fff45f6', 'newPos': {'x': 10, 'y': 21}, 'session_id': 'e5466056-3354-4623-8ea1-e8a18af6d601', 'user_id': 'P1'}"
08:47:01,instance_selected,"{'instance_id': 'instance-608e8a4d-b475-4a5b-8cfe-feae5fff45f6', 'instance_label': 'forest', 'is_from_class': True, 'class_id': 'class-3ff65e8f-8335-4b67-9c53-1d92b1fbbefb', 'session_id': 'e5466056-3354-4623-8ea1-e8a18af6d601', 'user_id': 'P1'}"
08:47:04,instance.edit.started,"{'instance_id': 'instance-608e8a4d-b475-4a5b-8cfe-feae5fff45f6', 'instance_label': 'forest', 'edit_type': 'text', 'session_id': 'e5466056-3354-4623-8ea1-e8a18af6d601', 'user_id': 'P1'}"
08:47:15,api.generate_text_to_graph.started,"{'has_previous': 'forest background, 2D illustration in watercolor style, blur', 'text_length': 75, 'previous_objects_count': 3, 'session_id': 'e5466056-3354-4623-8ea1-e8a18af6d601', 'user_id': 'P1'}"
08:47:20,api.generate_text_to_graph.succeeded,"{'objects_count': 4, 'relationships_count': 3, 'root_object': 'object1', 'session_id': 'e5466056-3354-4623-8ea1-e8a18af6d601', 'user_id': 'P1'}"
08:47:20,instance.updated,"{'instance_id': 'instance-608e8a4d-b475-4a5b-8cfe-feae5fff45f6', 'instance_label': 'forest', 'text_changed': True, 'graph_changed': False, 'session_id': 'e5466056-3354-4623-8ea1-e8a18af6d601', 'user_id': 'P1'}"
08:47:20,instance_selected,"{'instance_id': 'instance-608e8a4d-b475-4a5b-8cfe-feae5fff45f6', 'instance_label': 'forest', 'is_from_class': True, 'class_id': 'class-3ff65e8f-8335-4b67-9c53-1d92b1fbbefb', 'session_id': 'e5466056-3354-4623-8ea1-e8a18af6d601', 'user_id': 'P1'}"
08:47:30,api.generate_image.started,"{'sentence_count': 3, 'box_count': 3, 'has_global_caption': True, 'has_required_keywords': False, 'session_id': 'e5466056-3354-4623-8ea1-e8a18af6d601', 'user_id': 'P1'}"
08:47:54,prompt_saved,{'path': 'output/P1/2025-08-22_08-47-54/prompt.json'}
08:47:55,object_detection_integrated,{'objects_count': 1}
08:47:55,object_detection_integrated,"{'objectsCount': 1, 'objects': [{'label': 'person', 'confidence': 0.6926771402359009}], 'session_id': 'e5466056-3354-4623-8ea1-e8a18af6d601', 'user_id': 'P1'}"
08:47:55,api.generate_image.succeeded,"{'global_caption': 'a scene featuring a baby rabbit character in a 2D sketch illustration in watercolor style, wearing a blue jacket, paused while running with tears in panic, looking above a red balloon, alongside a red balloon in a 2D sketch illustration in watercolor style, set against a forest background in a 2D illustration in watercolor style, with blur and windy weather.', 'region_count': 3, 'has_image': True, 'detected_objects_count': 1, 'image_path': 'output/P1/2025-08-22_08-47-54/image.png', 'image_with_layout_path': 'output/P1/2025-08-22_08-47-54/image_with_layout.png', 'timestamp_dir': 'output/P1/2025-08-22_08-47-54', 'session_id': 'e5466056-3354-4623-8ea1-e8a18af6d601', 'user_id': 'P1'}"
08:48:12,layout.node.moved,"{'nodeId': 'instance-608e8a4d-b475-4a5b-8cfe-feae5fff45f6-resizable', 'newPos': {'x': 6, 'y': 10}, 'session_id': 'e5466056-3354-4623-8ea1-e8a18af6d601', 'user_id': 'P1'}"
08:48:15,instance.edit.started,"{'instance_id': 'instance-b97d172f-0052-4bf6-b087-4fe1e6af7dd5', 'instance_label': 'rabbit', 'edit_type': 'text', 'session_id': 'e5466056-3354-4623-8ea1-e8a18af6d601', 'user_id': 'P1'}"
08:48:34,api.generate_text_to_graph.started,"{'has_previous': 'baby rabbit character, 2D sketch illustration in watercolor style. wearing a blue jacket. paused while running. with tears in panic', 'text_length': 149, 'previous_objects_count': 5, 'session_id': 'e5466056-3354-4623-8ea1-e8a18af6d601', 'user_id': 'P1'}"
08:48:41,instance.updated,"{'instance_id': 'instance-b97d172f-0052-4bf6-b087-4fe1e6af7dd5', 'instance_label': 'rabbit', 'text_changed': True, 'graph_changed': False, 'session_id': 'e5466056-3354-4623-8ea1-e8a18af6d601', 'user_id': 'P1'}"
08:48:41,api.generate_text_to_graph.succeeded,"{'objects_count': 6, 'relationships_count': 5, 'root_object': 'object1', 'session_id': 'e5466056-3354-4623-8ea1-e8a18af6d601', 'user_id': 'P1'}"
08:48:41,instance_selected,"{'instance_id': 'instance-608e8a4d-b475-4a5b-8cfe-feae5fff45f6', 'instance_label': 'forest', 'is_from_class': True, 'class_id': 'class-3ff65e8f-8335-4b67-9c53-1d92b1fbbefb', 'session_id': 'e5466056-3354-4623-8ea1-e8a18af6d601', 'user_id': 'P1'}"
08:48:55,instance_selected,"{'instance_id': 'instance-ee18810a-dc3c-4744-9f9b-a6e15d8f7999', 'instance_label': 'balloon', 'is_from_class': False, 'class_id': None, 'session_id': 'e5466056-3354-4623-8ea1-e8a18af6d601', 'user_id': 'P1'}"
08:48:57,instance.edit.started,"{'instance_id': 'instance-ee18810a-dc3c-4744-9f9b-a6e15d8f7999', 'instance_label': 'balloon', 'edit_type': 'text', 'session_id': 'e5466056-3354-4623-8ea1-e8a18af6d601', 'user_id': 'P1'}"
08:49:04,api.generate_text_to_graph.started,"{'has_previous': 'red balloon, 2D sketch illustration in watercolor style', 'text_length': 71, 'previous_objects_count': 2, 'session_id': 'e5466056-3354-4623-8ea1-e8a18af6d601', 'user_id': 'P1'}"
08:49:08,api.generate_text_to_graph.succeeded,"{'objects_count': 3, 'relationships_count': 2, 'root_object': 'object1', 'session_id': 'e5466056-3354-4623-8ea1-e8a18af6d601', 'user_id': 'P1'}"
08:49:08,instance.updated,"{'instance_id': 'instance-ee18810a-dc3c-4744-9f9b-a6e15d8f7999', 'instance_label': 'balloon', 'text_changed': True, 'graph_changed': False, 'session_id': 'e5466056-3354-4623-8ea1-e8a18af6d601', 'user_id': 'P1'}"
08:49:08,instance_selected,"{'instance_id': 'instance-ee18810a-dc3c-4744-9f9b-a6e15d8f7999', 'instance_label': 'balloon', 'is_from_class': False, 'class_id': None, 'session_id': 'e5466056-3354-4623-8ea1-e8a18af6d601', 'user_id': 'P1'}"
08:49:13,api.generate_image.started,"{'sentence_count': 3, 'box_count': 3, 'has_global_caption': True, 'has_required_keywords': False, 'session_id': 'e5466056-3354-4623-8ea1-e8a18af6d601', 'user_id': 'P1'}"
08:49:38,prompt_saved,{'path': 'output/P1/2025-08-22_08-49-38/prompt.json'}
08:49:38,object_detection_integrated,{'objects_count': 0}
08:49:39,api.generate_image.succeeded,"{'global_caption': 'a scene featuring a baby rabbit character in a 2D sketch illustration in watercolor style, wearing a blue jacket, paused while running with tears in panic, showing its back and looking above a red balloon, alongside a red balloon in a 2D sketch illustration in watercolor style, far in the sky, set against a forest background in a 2D illustration in watercolor style, with a blur and windy weather.', 'region_count': 3, 'has_image': True, 'detected_objects_count': 0, 'image_path': 'output/P1/2025-08-22_08-49-38/image.png', 'image_with_layout_path': 'output/P1/2025-08-22_08-49-38/image_with_layout.png', 'timestamp_dir': 'output/P1/2025-08-22_08-49-38', 'session_id': 'e5466056-3354-4623-8ea1-e8a18af6d601', 'user_id': 'P1'}"
08:49:39,object_detection_integrated,"{'objectsCount': 0, 'objects': [], 'session_id': 'e5466056-3354-4623-8ea1-e8a18af6d601', 'user_id': 'P1'}"
08:50:24,relationship_node.edited,"{'relationship_id': 'instance-b97d172f-0052-4bf6-b087-4fe1e6af7dd5-instance-ee18810a-dc3c-4744-9f9b-a6e15d8f7999', 'source_object_id': 'instance-b97d172f-0052-4bf6-b087-4fe1e6af7dd5', 'target_object_id': 'instance-ee18810a-dc3c-4744-9f9b-a6e15d8f7999', 'old_relation': 'looking above', 'new_relation': 'looking above, eyes on', 'source_object_name': 'rabbit', 'target_object_name': 'balloon', 'session_id': 'e5466056-3354-4623-8ea1-e8a18af6d601', 'user_id': 'P1'}"
08:50:27,instance_selected,"{'instance_id': 'instance-b97d172f-0052-4bf6-b087-4fe1e6af7dd5', 'instance_label': 'rabbit', 'is_from_class': True, 'class_id': 'class-195fd647-2a91-4524-b4e2-7f050ac7dda8', 'session_id': 'e5466056-3354-4623-8ea1-e8a18af6d601', 'user_id': 'P1'}"
08:50:35,instance.edit.started,"{'instance_id': 'instance-b97d172f-0052-4bf6-b087-4fe1e6af7dd5', 'instance_label': 'rabbit', 'edit_type': 'graph', 'session_id': 'e5466056-3354-4623-8ea1-e8a18af6d601', 'user_id': 'P1'}"
08:50:36,object_node.edit.started,"{'object_id': 'object6', 'object_name': 'back', 'edit_mode': 'adding', 'is_class_mode': False, 'parent_instance_id': 'instance-b97d172f-0052-4bf6-b087-4fe1e6af7dd5', 'session_id': 'e5466056-3354-4623-8ea1-e8a18af6d601', 'user_id': 'P1'}"
08:51:15,object_node.edit.cancelled,"{'object_id': 'object6', 'object_name': 'back', 'edit_mode': 'adding', 'is_class_mode': False, 'session_id': 'e5466056-3354-4623-8ea1-e8a18af6d601', 'user_id': 'P1'}"
08:51:28,instance.edit.started,"{'instance_id': 'instance-b97d172f-0052-4bf6-b087-4fe1e6af7dd5', 'instance_label': 'rabbit', 'edit_type': 'text', 'session_id': 'e5466056-3354-4623-8ea1-e8a18af6d601', 'user_id': 'P1'}"
08:51:58,api.generate_text_to_graph.started,"{'has_previous': 'baby rabbit character, 2D sketch illustration in watercolor style. wearing a blue jacket. paused while running. with tears in panic. showing his back', 'text_length': 161, 'previous_objects_count': 6, 'session_id': 'e5466056-3354-4623-8ea1-e8a18af6d601', 'user_id': 'P1'}"
08:52:07,api.generate_text_to_graph.succeeded,"{'objects_count': 7, 'relationships_count': 6, 'root_object': 'object1', 'session_id': 'e5466056-3354-4623-8ea1-e8a18af6d601', 'user_id': 'P1'}"
08:52:07,instance.updated,"{'instance_id': 'instance-b97d172f-0052-4bf6-b087-4fe1e6af7dd5', 'instance_label': 'rabbit', 'text_changed': True, 'graph_changed': False, 'session_id': 'e5466056-3354-4623-8ea1-e8a18af6d601', 'user_id': 'P1'}"
08:52:07,instance_selected,"{'instance_id': 'instance-b97d172f-0052-4bf6-b087-4fe1e6af7dd5', 'instance_label': 'rabbit', 'is_from_class': True, 'class_id': 'class-195fd647-2a91-4524-b4e2-7f050ac7dda8', 'session_id': 'e5466056-3354-4623-8ea1-e8a18af6d601', 'user_id': 'P1'}"
08:52:36,api.generate_image.started,"{'sentence_count': 3, 'box_count': 3, 'has_global_caption': True, 'has_required_keywords': False, 'session_id': 'e5466056-3354-4623-8ea1-e8a18af6d601', 'user_id': 'P1'}"
08:53:01,prompt_saved,{'path': 'output/P1/2025-08-22_08-53-01/prompt.json'}
08:53:02,object_detection_integrated,{'objects_count': 0}
08:53:02,api.generate_image.succeeded,"{'global_caption': 'a scene featuring a baby rabbit character in a 2D sketch illustration in watercolor style, wearing a blue jacket, paused while running with tears in panic, showing its back and looking above at a red balloon, alongside a red balloon in a 2D sketch illustration in watercolor style, far in the sky, set against a forest background in a 2D illustration in watercolor style, with a blur and windy weather.', 'region_count': 3, 'has_image': True, 'detected_objects_count': 0, 'image_path': 'output/P1/2025-08-22_08-53-01/image.png', 'image_with_layout_path': 'output/P1/2025-08-22_08-53-01/image_with_layout.png', 'timestamp_dir': 'output/P1/2025-08-22_08-53-01', 'session_id': 'e5466056-3354-4623-8ea1-e8a18af6d601', 'user_id': 'P1'}"
08:53:02,object_detection_integrated,"{'objectsCount': 0, 'objects': [], 'session_id': 'e5466056-3354-4623-8ea1-e8a18af6d601', 'user_id': 'P1'}"
08:53:55,relationship_node.edited,"{'relationship_id': 'instance-b97d172f-0052-4bf6-b087-4fe1e6af7dd5-instance-ee18810a-dc3c-4744-9f9b-a6e15d8f7999', 'source_object_id': 'instance-b97d172f-0052-4bf6-b087-4fe1e6af7dd5', 'target_object_id': 'instance-ee18810a-dc3c-4744-9f9b-a6e15d8f7999', 'old_relation': 'looking above, eyes on', 'new_relation': 'looking up', 'source_object_name': 'rabbit', 'target_object_name': 'balloon', 'session_id': 'e5466056-3354-4623-8ea1-e8a18af6d601', 'user_id': 'P1'}"
08:54:26,instance.edit.started,"{'instance_id': 'instance-b97d172f-0052-4bf6-b087-4fe1e6af7dd5', 'instance_label': 'rabbit', 'edit_type': 'text', 'session_id': 'e5466056-3354-4623-8ea1-e8a18af6d601', 'user_id': 'P1'}"
08:55:19,api.generate_text_to_graph.started,"{'has_previous': 'baby rabbit character, 2D sketch illustration in watercolor style. wearing a blue jacket. paused while running. with tears in panic. view/position shows his back', 'text_length': 193, 'previous_objects_count': 7, 'session_id': 'e5466056-3354-4623-8ea1-e8a18af6d601', 'user_id': 'P1'}"
08:55:22,api.generate_image.started,"{'sentence_count': 3, 'box_count': 3, 'has_global_caption': True, 'has_required_keywords': False, 'session_id': 'e5466056-3354-4623-8ea1-e8a18af6d601', 'user_id': 'P1'}"
08:55:27,api.generate_text_to_graph.succeeded,"{'objects_count': 9, 'relationships_count': 8, 'root_object': 'object1', 'session_id': 'e5466056-3354-4623-8ea1-e8a18af6d601', 'user_id': 'P1'}"
08:55:27,instance.updated,"{'instance_id': 'instance-b97d172f-0052-4bf6-b087-4fe1e6af7dd5', 'instance_label': 'rabbit', 'text_changed': True, 'graph_changed': False, 'session_id': 'e5466056-3354-4623-8ea1-e8a18af6d601', 'user_id': 'P1'}"
08:55:27,instance_selected,"{'instance_id': 'instance-b97d172f-0052-4bf6-b087-4fe1e6af7dd5', 'instance_label': 'rabbit', 'is_from_class': True, 'class_id': 'class-195fd647-2a91-4524-b4e2-7f050ac7dda8', 'session_id': 'e5466056-3354-4623-8ea1-e8a18af6d601', 'user_id': 'P1'}"
08:55:47,prompt_saved,{'path': 'output/P1/2025-08-22_08-55-47/prompt.json'}
08:55:47,object_detection_integrated,{'objects_count': 0}
08:55:48,api.generate_image.succeeded,"{'global_caption': 'a scene featuring a baby rabbit character in a 2D sketch illustration in watercolor style, wearing a blue jacket, paused while running with tears in panic, showing its back and looking up at a red balloon, alongside a red balloon in a 2D sketch illustration in watercolor style, far in the sky, set against a forest background in a 2D illustration in watercolor style, with a blur and windy weather.', 'region_count': 3, 'has_image': True, 'detected_objects_count': 0, 'image_path': 'output/P1/2025-08-22_08-55-47/image.png', 'image_with_layout_path': 'output/P1/2025-08-22_08-55-47/image_with_layout.png', 'timestamp_dir': 'output/P1/2025-08-22_08-55-47', 'session_id': 'e5466056-3354-4623-8ea1-e8a18af6d601', 'user_id': 'P1'}"
08:55:48,object_detection_integrated,"{'objectsCount': 0, 'objects': [], 'session_id': 'e5466056-3354-4623-8ea1-e8a18af6d601', 'user_id': 'P1'}"
08:55:56,scene_saved,"{'slotNumber': 2, 'instanceCount': 3, 'nodeCount': 6, 'edgeCount': 2, 'session_id': 'e5466056-3354-4623-8ea1-e8a18af6d601', 'user_id': 'P1'}"
08:56:15,api.generate_placeholders.started,"{'has_objects': True, 'has_relationships': True, 'object_count': 3, 'relationship_count': 2, 'session_id': 'e5466056-3354-4623-8ea1-e8a18af6d601', 'user_id': 'P1'}"
08:56:15,class.create.started,"{'instance_id': 'instance-ee18810a-dc3c-4744-9f9b-a6e15d8f7999', 'instance_label': 'balloon', 'has_scene_graph': True, 'object_count': 3, 'session_id': 'e5466056-3354-4623-8ea1-e8a18af6d601', 'user_id': 'P1'}"
08:56:17,api.generate_placeholders.succeeded,"{'object_count': 3, 'unique_value_count': 9, 'session_id': 'e5466056-3354-4623-8ea1-e8a18af6d601', 'user_id': 'P1'}"
08:56:17,class.created,"{'class_id': 'class-3e5a7aa6-5b51-446b-97b9-b2c655fb78dc', 'class_name': 'balloon Class', 'placeholder_count': 3, 'created_from': 'balloon', 'session_id': 'e5466056-3354-4623-8ea1-e8a18af6d601', 'user_id': 'P1'}"
08:56:17,instance_selected,"{'instance_id': 'instance-b97d172f-0052-4bf6-b087-4fe1e6af7dd5', 'instance_label': 'rabbit', 'is_from_class': True, 'class_id': 'class-195fd647-2a91-4524-b4e2-7f050ac7dda8', 'session_id': 'e5466056-3354-4623-8ea1-e8a18af6d601', 'user_id': 'P1'}"
08:56:20,instance.deleted,"{'instance_id': 'instance-ee18810a-dc3c-4744-9f9b-a6e15d8f7999', 'instance_label': 'balloon', 'is_from_class': True, 'class_id': 'class-3e5a7aa6-5b51-446b-97b9-b2c655fb78dc', 'session_id': 'e5466056-3354-4623-8ea1-e8a18af6d601', 'user_id': 'P1'}"
08:56:20,instance_selected,"{'instance_id': 'instance-b97d172f-0052-4bf6-b087-4fe1e6af7dd5', 'instance_label': 'rabbit', 'is_from_class': True, 'class_id': 'class-195fd647-2a91-4524-b4e2-7f050ac7dda8', 'session_id': 'e5466056-3354-4623-8ea1-e8a18af6d601', 'user_id': 'P1'}"
08:56:30,class_detail_opened,"{'class_id': 'class-195fd647-2a91-4524-b4e2-7f050ac7dda8', 'class_name': 'rabbit Class', 'instance_count': 1, 'session_id': 'e5466056-3354-4623-8ea1-e8a18af6d601', 'user_id': 'P1'}"
08:56:43,instance.create_from_class.started,"{'class_id': 'class-195fd647-2a91-4524-b4e2-7f050ac7dda8', 'class_name': 'rabbit Class', 'value_count': 2, 'session_id': 'e5466056-3354-4623-8ea1-e8a18af6d601', 'user_id': 'P1'}"
08:56:43,api.generate_scene_graph_to_text.started,"{'has_previous': None, 'objects_count': 3, 'relationships_count': 2, 'session_id': 'e5466056-3354-4623-8ea1-e8a18af6d601', 'user_id': 'P1'}"
08:56:43,api.generate_scene_graph_to_text.succeeded,"{'text_length': 51, 'generated_text': 'Baby rabbit character in a watercolor illustration.', 'session_id': 'e5466056-3354-4623-8ea1-e8a18af6d601', 'user_id': 'P1'}"
08:56:43,api.generate_instance_label_from_description.started,"{'text_length': 51, 'session_id': 'e5466056-3354-4623-8ea1-e8a18af6d601', 'user_id': 'P1'}"
08:56:44,api.generate_instance_label_from_description.succeeded,"{'generated_label': 'Baby rabbit', 'original_text': 'Baby rabbit character in a watercolor illustration', 'session_id': 'e5466056-3354-4623-8ea1-e8a18af6d601', 'user_id': 'P1'}"
08:56:44,instance.created_from_class,"{'instance_id': 'instance-5ab7832b-69c5-42ea-8ed3-bde6e5761037', 'class_id': 'class-195fd647-2a91-4524-b4e2-7f050ac7dda8', 'instance_label': 'Baby rabbit', 'has_text_description': True, 'session_id': 'e5466056-3354-4623-8ea1-e8a18af6d601', 'user_id': 'P1'}"
08:56:44,instance_selected,"{'instance_id': 'instance-b97d172f-0052-4bf6-b087-4fe1e6af7dd5', 'instance_label': 'rabbit', 'is_from_class': True, 'class_id': 'class-195fd647-2a91-4524-b4e2-7f050ac7dda8', 'session_id': 'e5466056-3354-4623-8ea1-e8a18af6d601', 'user_id': 'P1'}"
08:56:47,instance.create_from_class.started,"{'class_id': 'class-195fd647-2a91-4524-b4e2-7f050ac7dda8', 'class_name': 'rabbit Class', 'value_count': 2, 'session_id': 'e5466056-3354-4623-8ea1-e8a18af6d601', 'user_id': 'P1'}"
08:56:47,api.generate_scene_graph_to_text.started,"{'has_previous': None, 'objects_count': 3, 'relationships_count': 2, 'session_id': 'e5466056-3354-4623-8ea1-e8a18af6d601', 'user_id': 'P1'}"
08:56:48,api.generate_instance_label_from_description.started,"{'text_length': 41, 'session_id': 'e5466056-3354-4623-8ea1-e8a18af6d601', 'user_id': 'P1'}"
08:56:48,api.generate_scene_graph_to_text.succeeded,"{'text_length': 41, 'generated_text': 'Baby rabbit in a watercolor illustration.', 'session_id': 'e5466056-3354-4623-8ea1-e8a18af6d601', 'user_id': 'P1'}"
08:56:48,api.generate_instance_label_from_description.succeeded,"{'generated_label': 'Baby rabbit', 'original_text': 'Baby rabbit in a watercolor illustration.', 'session_id': 'e5466056-3354-4623-8ea1-e8a18af6d601', 'user_id': 'P1'}"
08:56:48,instance.created_from_class,"{'instance_id': 'instance-9e369952-10a4-4279-9ec1-aa69428e395c', 'class_id': 'class-195fd647-2a91-4524-b4e2-7f050ac7dda8', 'instance_label': 'Baby rabbit', 'has_text_description': True, 'session_id': 'e5466056-3354-4623-8ea1-e8a18af6d601', 'user_id': 'P1'}"
08:56:48,instance_selected,"{'instance_id': 'instance-b97d172f-0052-4bf6-b087-4fe1e6af7dd5', 'instance_label': 'rabbit', 'is_from_class': True, 'class_id': 'class-195fd647-2a91-4524-b4e2-7f050ac7dda8', 'session_id': 'e5466056-3354-4623-8ea1-e8a18af6d601', 'user_id': 'P1'}"
08:56:58,layout.node.moved,"{'nodeId': 'instance-9e369952-10a4-4279-9ec1-aa69428e395c-resizable', 'newPos': {'x': 54, 'y': 158}, 'session_id': 'e5466056-3354-4623-8ea1-e8a18af6d601', 'user_id': 'P1'}"
08:57:03,layout.node.moved,"{'nodeId': 'instance-b97d172f-0052-4bf6-b087-4fe1e6af7dd5-resizable', 'newPos': {'x': 197.765625, 'y': 167}, 'session_id': 'e5466056-3354-4623-8ea1-e8a18af6d601', 'user_id': 'P1'}"
08:57:12,layout.node.moved,"{'nodeId': 'instance-b97d172f-0052-4bf6-b087-4fe1e6af7dd5', 'newPos': {'x': 249.765625, 'y': 188}, 'session_id': 'e5466056-3354-4623-8ea1-e8a18af6d601', 'user_id': 'P1'}"
08:57:15,layout.node.moved,"{'nodeId': 'instance-5ab7832b-69c5-42ea-8ed3-bde6e5761037-resizable', 'newPos': {'x': 112, 'y': 241}, 'session_id': 'e5466056-3354-4623-8ea1-e8a18af6d601', 'user_id': 'P1'}"
08:57:29,layout.node.moved,"{'nodeId': 'instance-9e369952-10a4-4279-9ec1-aa69428e395c-resizable', 'newPos': {'x': 26, 'y': 194}, 'session_id': 'e5466056-3354-4623-8ea1-e8a18af6d601', 'user_id': 'P1'}"
08:57:34,instance.edit.started,"{'instance_id': 'instance-b97d172f-0052-4bf6-b087-4fe1e6af7dd5', 'instance_label': 'rabbit', 'edit_type': 'text', 'session_id': 'e5466056-3354-4623-8ea1-e8a18af6d601', 'user_id': 'P1'}"
08:58:31,api.generate_text_to_graph.started,"{'has_previous': 'baby rabbit character, 2D sketch illustration in watercolor style. wearing a blue jacket. paused while running. with tears in panic. view/position shows his back. stretching one arm for the sky', 'text_length': 133, 'previous_objects_count': 9, 'session_id': 'e5466056-3354-4623-8ea1-e8a18af6d601', 'user_id': 'P1'}"
08:58:37,instance.updated,"{'instance_id': 'instance-b97d172f-0052-4bf6-b087-4fe1e6af7dd5', 'instance_label': 'rabbit', 'text_changed': True, 'graph_changed': False, 'session_id': 'e5466056-3354-4623-8ea1-e8a18af6d601', 'user_id': 'P1'}"
08:58:37,api.generate_text_to_graph.succeeded,"{'objects_count': 6, 'relationships_count': 5, 'root_object': 'object1', 'session_id': 'e5466056-3354-4623-8ea1-e8a18af6d601', 'user_id': 'P1'}"
08:58:37,instance_selected,"{'instance_id': 'instance-b97d172f-0052-4bf6-b087-4fe1e6af7dd5', 'instance_label': 'rabbit', 'is_from_class': True, 'class_id': 'class-195fd647-2a91-4524-b4e2-7f050ac7dda8', 'session_id': 'e5466056-3354-4623-8ea1-e8a18af6d601', 'user_id': 'P1'}"
08:58:54,instance_selected,"{'instance_id': 'instance-9e369952-10a4-4279-9ec1-aa69428e395c', 'instance_label': 'Baby rabbit', 'is_from_class': True, 'class_id': 'class-195fd647-2a91-4524-b4e2-7f050ac7dda8', 'session_id': 'e5466056-3354-4623-8ea1-e8a18af6d601', 'user_id': 'P1'}"
08:58:55,instance.edit.started,"{'instance_id': 'instance-9e369952-10a4-4279-9ec1-aa69428e395c', 'instance_label': 'Baby rabbit', 'edit_type': 'text', 'session_id': 'e5466056-3354-4623-8ea1-e8a18af6d601', 'user_id': 'P1'}"
09:00:14,api.generate_text_to_graph.started,"{'has_previous': 'Baby rabbit in a watercolor illustration.', 'text_length': 77, 'previous_objects_count': 3, 'session_id': 'e5466056-3354-4623-8ea1-e8a18af6d601', 'user_id': 'P1'}"
09:00:18,api.generate_text_to_graph.succeeded,"{'objects_count': 4, 'relationships_count': 3, 'root_object': 'object1', 'session_id': 'e5466056-3354-4623-8ea1-e8a18af6d601', 'user_id': 'P1'}"
09:00:18,instance_selected,"{'instance_id': 'instance-9e369952-10a4-4279-9ec1-aa69428e395c', 'instance_label': 'rabbit', 'is_from_class': True, 'class_id': 'class-195fd647-2a91-4524-b4e2-7f050ac7dda8', 'session_id': 'e5466056-3354-4623-8ea1-e8a18af6d601', 'user_id': 'P1'}"
09:00:18,instance.updated,"{'instance_id': 'instance-9e369952-10a4-4279-9ec1-aa69428e395c', 'instance_label': 'rabbit', 'text_changed': True, 'graph_changed': False, 'session_id': 'e5466056-3354-4623-8ea1-e8a18af6d601', 'user_id': 'P1'}"
09:00:22,instance.edit.started,"{'instance_id': 'instance-9e369952-10a4-4279-9ec1-aa69428e395c', 'instance_label': 'rabbit', 'edit_type': 'text', 'session_id': 'e5466056-3354-4623-8ea1-e8a18af6d601', 'user_id': 'P1'}"
09:00:41,api.generate_text_to_graph.started,"{'has_previous': 'Baby rabbit in a watercolor illustration. with a bright and passionate face. ', 'text_length': 95, 'previous_objects_count': 4, 'session_id': 'e5466056-3354-4623-8ea1-e8a18af6d601', 'user_id': 'P1'}"
09:00:47,instance.updated,"{'instance_id': 'instance-9e369952-10a4-4279-9ec1-aa69428e395c', 'instance_label': 'rabbit', 'text_changed': True, 'graph_changed': False, 'session_id': 'e5466056-3354-4623-8ea1-e8a18af6d601', 'user_id': 'P1'}"
09:00:47,api.generate_text_to_graph.succeeded,"{'objects_count': 5, 'relationships_count': 4, 'root_object': 'object1', 'session_id': 'e5466056-3354-4623-8ea1-e8a18af6d601', 'user_id': 'P1'}"
09:00:47,instance_selected,"{'instance_id': 'instance-9e369952-10a4-4279-9ec1-aa69428e395c', 'instance_label': 'rabbit', 'is_from_class': True, 'class_id': 'class-195fd647-2a91-4524-b4e2-7f050ac7dda8', 'session_id': 'e5466056-3354-4623-8ea1-e8a18af6d601', 'user_id': 'P1'}"
09:00:47,instance.edit.started,"{'instance_id': 'instance-5ab7832b-69c5-42ea-8ed3-bde6e5761037', 'instance_label': 'Baby rabbit', 'edit_type': 'text', 'session_id': 'e5466056-3354-4623-8ea1-e8a18af6d601', 'user_id': 'P1'}"
09:00:53,api.generate_text_to_graph.started,"{'has_previous': 'Baby rabbit character in a watercolor illustration.', 'text_length': 107, 'previous_objects_count': 3, 'session_id': 'e5466056-3354-4623-8ea1-e8a18af6d601', 'user_id': 'P1'}"
09:00:58,api.generate_text_to_graph.succeeded,"{'objects_count': 5, 'relationships_count': 4, 'root_object': 'object1', 'session_id': 'e5466056-3354-4623-8ea1-e8a18af6d601', 'user_id': 'P1'}"
09:00:58,instance.updated,"{'instance_id': 'instance-5ab7832b-69c5-42ea-8ed3-bde6e5761037', 'instance_label': 'rabbit', 'text_changed': True, 'graph_changed': False, 'session_id': 'e5466056-3354-4623-8ea1-e8a18af6d601', 'user_id': 'P1'}"
09:00:58,instance_selected,"{'instance_id': 'instance-9e369952-10a4-4279-9ec1-aa69428e395c', 'instance_label': 'rabbit', 'is_from_class': True, 'class_id': 'class-195fd647-2a91-4524-b4e2-7f050ac7dda8', 'session_id': 'e5466056-3354-4623-8ea1-e8a18af6d601', 'user_id': 'P1'}"
09:01:09,instance_selected,"{'instance_id': 'instance-5ab7832b-69c5-42ea-8ed3-bde6e5761037', 'instance_label': 'rabbit', 'is_from_class': True, 'class_id': 'class-195fd647-2a91-4524-b4e2-7f050ac7dda8', 'session_id': 'e5466056-3354-4623-8ea1-e8a18af6d601', 'user_id': 'P1'}"
09:01:15,instance_selected,"{'instance_id': 'instance-b97d172f-0052-4bf6-b087-4fe1e6af7dd5', 'instance_label': 'rabbit', 'is_from_class': True, 'class_id': 'class-195fd647-2a91-4524-b4e2-7f050ac7dda8', 'session_id': 'e5466056-3354-4623-8ea1-e8a18af6d601', 'user_id': 'P1'}"
09:01:35,api.generate_image.started,"{'sentence_count': 4, 'box_count': 4, 'has_global_caption': False, 'has_required_keywords': False, 'session_id': 'e5466056-3354-4623-8ea1-e8a18af6d601', 'user_id': 'P1'}"
09:02:01,prompt_saved,{'path': 'output/P1/2025-08-22_09-02-01/prompt.json'}
09:02:01,object_detection_integrated,{'objects_count': 0}
09:02:01,api.generate_image.succeeded,"{'global_caption': 'a scene featuring a baby rabbit character, a 2D sketch illustration in watercolor style, wearing a blue jacket, talking with a worrying face, staying still, looking up at an unknown object, and watching another rabbit, with a forest background, a 2D illustration in watercolor style, blurred, with windy weather, alongside a baby rabbit character in a watercolor illustration, with a bright and passionate face, wearing a green shirt, talking to another rabbit, and a baby rabbit in a watercolor illustration, with a bright and passionate face, wearing a red shirt, talking to another rabbit.', 'region_count': 4, 'has_image': True, 'detected_objects_count': 0, 'image_path': 'output/P1/2025-08-22_09-02-01/image.png', 'image_with_layout_path': 'output/P1/2025-08-22_09-02-01/image_with_layout.png', 'timestamp_dir': 'output/P1/2025-08-22_09-02-01', 'session_id': 'e5466056-3354-4623-8ea1-e8a18af6d601', 'user_id': 'P1'}"
09:02:01,object_detection_integrated,"{'objectsCount': 0, 'objects': [], 'session_id': 'e5466056-3354-4623-8ea1-e8a18af6d601', 'user_id': 'P1'}"
09:02:21,instance_selected,"{'instance_id': 'instance-5ab7832b-69c5-42ea-8ed3-bde6e5761037', 'instance_label': 'rabbit', 'is_from_class': True, 'class_id': 'class-195fd647-2a91-4524-b4e2-7f050ac7dda8', 'session_id': 'e5466056-3354-4623-8ea1-e8a18af6d601', 'user_id': 'P1'}"
09:02:25,instance_selected,"{'instance_id': 'instance-9e369952-10a4-4279-9ec1-aa69428e395c', 'instance_label': 'rabbit', 'is_from_class': True, 'class_id': 'class-195fd647-2a91-4524-b4e2-7f050ac7dda8', 'session_id': 'e5466056-3354-4623-8ea1-e8a18af6d601', 'user_id': 'P1'}"
09:02:27,instance_selected,"{'instance_id': 'instance-5ab7832b-69c5-42ea-8ed3-bde6e5761037', 'instance_label': 'rabbit', 'is_from_class': True, 'class_id': 'class-195fd647-2a91-4524-b4e2-7f050ac7dda8', 'session_id': 'e5466056-3354-4623-8ea1-e8a18af6d601', 'user_id': 'P1'}"
09:02:33,instance_selected,"{'instance_id': 'instance-9e369952-10a4-4279-9ec1-aa69428e395c', 'instance_label': 'rabbit', 'is_from_class': True, 'class_id': 'class-195fd647-2a91-4524-b4e2-7f050ac7dda8', 'session_id': 'e5466056-3354-4623-8ea1-e8a18af6d601', 'user_id': 'P1'}"
09:02:45,layout.node.moved,"{'nodeId': 'instance-608e8a4d-b475-4a5b-8cfe-feae5fff45f6-resizable', 'newPos': {'x': 13, 'y': 10}, 'session_id': 'e5466056-3354-4623-8ea1-e8a18af6d601', 'user_id': 'P1'}"
09:02:47,instance_selected,"{'instance_id': 'instance-b97d172f-0052-4bf6-b087-4fe1e6af7dd5', 'instance_label': 'rabbit', 'is_from_class': True, 'class_id': 'class-195fd647-2a91-4524-b4e2-7f050ac7dda8', 'session_id': 'e5466056-3354-4623-8ea1-e8a18af6d601', 'user_id': 'P1'}"
09:02:51,layout.node.moved,"{'nodeId': 'instance-b97d172f-0052-4bf6-b087-4fe1e6af7dd5', 'newPos': {'x': 267.765625, 'y': 191}, 'session_id': 'e5466056-3354-4623-8ea1-e8a18af6d601', 'user_id': 'P1'}"
09:03:01,instance_selected,"{'instance_id': 'instance-5ab7832b-69c5-42ea-8ed3-bde6e5761037', 'instance_label': 'rabbit', 'is_from_class': True, 'class_id': 'class-195fd647-2a91-4524-b4e2-7f050ac7dda8', 'session_id': 'e5466056-3354-4623-8ea1-e8a18af6d601', 'user_id': 'P1'}"
09:03:07,instance.edit.started,"{'instance_id': 'instance-5ab7832b-69c5-42ea-8ed3-bde6e5761037', 'instance_label': 'rabbit', 'edit_type': 'text', 'session_id': 'e5466056-3354-4623-8ea1-e8a18af6d601', 'user_id': 'P1'}"
09:03:18,api.generate_text_to_graph.started,"{'has_previous': 'Baby rabbit character in a watercolor illustration. with a bright and passionate face. wearing green shirts', 'text_length': 126, 'previous_objects_count': 5, 'session_id': 'e5466056-3354-4623-8ea1-e8a18af6d601', 'user_id': 'P1'}"
09:03:24,api.generate_text_to_graph.succeeded,"{'objects_count': 6, 'relationships_count': 5, 'root_object': 'object1', 'session_id': 'e5466056-3354-4623-8ea1-e8a18af6d601', 'user_id': 'P1'}"
09:03:24,instance.updated,"{'instance_id': 'instance-5ab7832b-69c5-42ea-8ed3-bde6e5761037', 'instance_label': 'rabbit', 'text_changed': True, 'graph_changed': False, 'session_id': 'e5466056-3354-4623-8ea1-e8a18af6d601', 'user_id': 'P1'}"
09:03:24,instance_selected,"{'instance_id': 'instance-5ab7832b-69c5-42ea-8ed3-bde6e5761037', 'instance_label': 'rabbit', 'is_from_class': True, 'class_id': 'class-195fd647-2a91-4524-b4e2-7f050ac7dda8', 'session_id': 'e5466056-3354-4623-8ea1-e8a18af6d601', 'user_id': 'P1'}"
09:03:27,instance.edit.started,"{'instance_id': 'instance-9e369952-10a4-4279-9ec1-aa69428e395c', 'instance_label': 'rabbit', 'edit_type': 'text', 'session_id': 'e5466056-3354-4623-8ea1-e8a18af6d601', 'user_id': 'P1'}"
09:03:29,api.generate_text_to_graph.started,"{'has_previous': 'Baby rabbit in a watercolor illustration. with a bright and passionate face. wearing red shirts', 'text_length': 114, 'previous_objects_count': 5, 'session_id': 'e5466056-3354-4623-8ea1-e8a18af6d601', 'user_id': 'P1'}"
09:03:35,api.generate_text_to_graph.succeeded,"{'objects_count': 6, 'relationships_count': 5, 'root_object': 'object1', 'session_id': 'e5466056-3354-4623-8ea1-e8a18af6d601', 'user_id': 'P1'}"
09:03:35,instance.updated,"{'instance_id': 'instance-9e369952-10a4-4279-9ec1-aa69428e395c', 'instance_label': 'rabbit', 'text_changed': True, 'graph_changed': False, 'session_id': 'e5466056-3354-4623-8ea1-e8a18af6d601', 'user_id': 'P1'}"
09:03:35,instance_selected,"{'instance_id': 'instance-5ab7832b-69c5-42ea-8ed3-bde6e5761037', 'instance_label': 'rabbit', 'is_from_class': True, 'class_id': 'class-195fd647-2a91-4524-b4e2-7f050ac7dda8', 'session_id': 'e5466056-3354-4623-8ea1-e8a18af6d601', 'user_id': 'P1'}"
09:03:39,api.generate_image.started,"{'sentence_count': 4, 'box_count': 4, 'has_global_caption': True, 'has_required_keywords': False, 'session_id': 'e5466056-3354-4623-8ea1-e8a18af6d601', 'user_id': 'P1'}"
09:04:05,prompt_saved,{'path': 'output/P1/2025-08-22_09-04-05/prompt.json'}
09:04:05,object_detection_integrated,{'objects_count': 0}
09:04:06,object_detection_integrated,"{'objectsCount': 0, 'objects': [], 'session_id': 'e5466056-3354-4623-8ea1-e8a18af6d601', 'user_id': 'P1'}"
09:04:06,api.generate_image.succeeded,"{'global_caption': 'a scene featuring a baby rabbit character, a 2D sketch illustration in watercolor style, wearing a blue jacket, talking with a worrying face, staying still, looking up at an unknown object and watching another rabbit, with a forest background, a 2D illustration in watercolor style, blurred, with windy weather, alongside a baby rabbit character in a watercolor illustration, with a bright and passionate face, wearing a green shirt, standing and talking to another rabbit, and a baby rabbit in a watercolor illustration, with a bright and passionate face, wearing a red shirt, standing and talking to another rabbit.', 'region_count': 4, 'has_image': True, 'detected_objects_count': 0, 'image_path': 'output/P1/2025-08-22_09-04-05/image.png', 'image_with_layout_path': 'output/P1/2025-08-22_09-04-05/image_with_layout.png', 'timestamp_dir': 'output/P1/2025-08-22_09-04-05', 'session_id': 'e5466056-3354-4623-8ea1-e8a18af6d601', 'user_id': 'P1'}"
09:04:17,scene_saved,"{'slotNumber': 3, 'instanceCount': 4, 'nodeCount': 8, 'edgeCount': 5, 'session_id': 'e5466056-3354-4623-8ea1-e8a18af6d601', 'user_id': 'P1'}"
09:05:00,instance.edit.started,"{'instance_id': 'instance-b97d172f-0052-4bf6-b087-4fe1e6af7dd5', 'instance_label': 'rabbit', 'edit_type': 'text', 'session_id': 'e5466056-3354-4623-8ea1-e8a18af6d601', 'user_id': 'P1'}"
09:05:08,instance_selected,"{'instance_id': 'instance-b97d172f-0052-4bf6-b087-4fe1e6af7dd5', 'instance_label': 'rabbit', 'is_from_class': True, 'class_id': 'class-195fd647-2a91-4524-b4e2-7f050ac7dda8', 'session_id': 'e5466056-3354-4623-8ea1-e8a18af6d601', 'user_id': 'P1'}"
09:05:52,api.generate_text_to_graph.started,"{'has_previous': 'baby rabbit character, 2D sketch illustration in watercolor style. wearing a blue jacket. talking with a worrying face. staying still', 'text_length': 148, 'previous_objects_count': 6, 'session_id': 'e5466056-3354-4623-8ea1-e8a18af6d601', 'user_id': 'P1'}"
09:05:59,instance.updated,"{'instance_id': 'instance-b97d172f-0052-4bf6-b087-4fe1e6af7dd5', 'instance_label': 'rabbit', 'text_changed': True, 'graph_changed': False, 'session_id': 'e5466056-3354-4623-8ea1-e8a18af6d601', 'user_id': 'P1'}"
09:05:59,api.generate_text_to_graph.succeeded,"{'objects_count': 9, 'relationships_count': 8, 'root_object': 'object1', 'session_id': 'e5466056-3354-4623-8ea1-e8a18af6d601', 'user_id': 'P1'}"
09:05:59,instance_selected,"{'instance_id': 'instance-b97d172f-0052-4bf6-b087-4fe1e6af7dd5', 'instance_label': 'rabbit', 'is_from_class': True, 'class_id': 'class-195fd647-2a91-4524-b4e2-7f050ac7dda8', 'session_id': 'e5466056-3354-4623-8ea1-e8a18af6d601', 'user_id': 'P1'}"
09:06:15,instance.edit.started,"{'instance_id': 'instance-608e8a4d-b475-4a5b-8cfe-feae5fff45f6', 'instance_label': 'forest', 'edit_type': 'text', 'session_id': 'e5466056-3354-4623-8ea1-e8a18af6d601', 'user_id': 'P1'}"
09:06:35,api.generate_text_to_graph.started,"{'has_previous': 'forest background, 2D illustration in watercolor style, blur. windy weather', 'text_length': 98, 'previous_objects_count': 4, 'session_id': 'e5466056-3354-4623-8ea1-e8a18af6d601', 'user_id': 'P1'}"
09:06:42,api.generate_text_to_graph.succeeded,"{'objects_count': 7, 'relationships_count': 6, 'root_object': 'object1', 'session_id': 'e5466056-3354-4623-8ea1-e8a18af6d601', 'user_id': 'P1'}"
09:06:42,instance.updated,"{'instance_id': 'instance-608e8a4d-b475-4a5b-8cfe-feae5fff45f6', 'instance_label': 'forest', 'text_changed': True, 'graph_changed': False, 'session_id': 'e5466056-3354-4623-8ea1-e8a18af6d601', 'user_id': 'P1'}"
09:06:42,instance_selected,"{'instance_id': 'instance-b97d172f-0052-4bf6-b087-4fe1e6af7dd5', 'instance_label': 'rabbit', 'is_from_class': True, 'class_id': 'class-195fd647-2a91-4524-b4e2-7f050ac7dda8', 'session_id': 'e5466056-3354-4623-8ea1-e8a18af6d601', 'user_id': 'P1'}"
09:06:44,instance.edit.started,"{'instance_id': 'instance-b97d172f-0052-4bf6-b087-4fe1e6af7dd5', 'instance_label': 'rabbit', 'edit_type': 'text', 'session_id': 'e5466056-3354-4623-8ea1-e8a18af6d601', 'user_id': 'P1'}"
09:06:51,instance.edit.started,"{'instance_id': 'instance-9e369952-10a4-4279-9ec1-aa69428e395c', 'instance_label': 'rabbit', 'edit_type': 'text', 'session_id': 'e5466056-3354-4623-8ea1-e8a18af6d601', 'user_id': 'P1'}"
09:07:06,api.generate_text_to_graph.started,"{'has_previous': 'Baby rabbit in a watercolor illustration. with a bright and passionate face. wearing red shirts. standing position', 'text_length': 157, 'previous_objects_count': 6, 'session_id': 'e5466056-3354-4623-8ea1-e8a18af6d601', 'user_id': 'P1'}"
09:07:13,api.generate_text_to_graph.succeeded,"{'objects_count': 9, 'relationships_count': 8, 'root_object': 'object1', 'session_id': 'e5466056-3354-4623-8ea1-e8a18af6d601', 'user_id': 'P1'}"
09:07:13,instance.updated,"{'instance_id': 'instance-9e369952-10a4-4279-9ec1-aa69428e395c', 'instance_label': 'rabbit', 'text_changed': True, 'graph_changed': False, 'session_id': 'e5466056-3354-4623-8ea1-e8a18af6d601', 'user_id': 'P1'}"
09:07:13,instance_selected,"{'instance_id': 'instance-b97d172f-0052-4bf6-b087-4fe1e6af7dd5', 'instance_label': 'rabbit', 'is_from_class': True, 'class_id': 'class-195fd647-2a91-4524-b4e2-7f050ac7dda8', 'session_id': 'e5466056-3354-4623-8ea1-e8a18af6d601', 'user_id': 'P1'}"
09:07:17,instance.edit.started,"{'instance_id': 'instance-5ab7832b-69c5-42ea-8ed3-bde6e5761037', 'instance_label': 'rabbit', 'edit_type': 'text', 'session_id': 'e5466056-3354-4623-8ea1-e8a18af6d601', 'user_id': 'P1'}"
09:07:26,api.generate_text_to_graph.started,"{'has_previous': 'Baby rabbit character in a watercolor illustration. with a bright and passionate face. wearing green shirts. standing position', 'text_length': 168, 'previous_objects_count': 6, 'session_id': 'e5466056-3354-4623-8ea1-e8a18af6d601', 'user_id': 'P1'}"
09:07:34,api.generate_text_to_graph.succeeded,"{'objects_count': 9, 'relationships_count': 8, 'root_object': 'object1', 'session_id': 'e5466056-3354-4623-8ea1-e8a18af6d601', 'user_id': 'P1'}"
09:07:34,instance.updated,"{'instance_id': 'instance-5ab7832b-69c5-42ea-8ed3-bde6e5761037', 'instance_label': 'rabbit', 'text_changed': True, 'graph_changed': False, 'session_id': 'e5466056-3354-4623-8ea1-e8a18af6d601', 'user_id': 'P1'}"
09:07:34,instance_selected,"{'instance_id': 'instance-b97d172f-0052-4bf6-b087-4fe1e6af7dd5', 'instance_label': 'rabbit', 'is_from_class': True, 'class_id': 'class-195fd647-2a91-4524-b4e2-7f050ac7dda8', 'session_id': 'e5466056-3354-4623-8ea1-e8a18af6d601', 'user_id': 'P1'}"
09:07:41,layout.node.moved,"{'nodeId': 'instance-608e8a4d-b475-4a5b-8cfe-feae5fff45f6-resizable', 'newPos': {'x': 11, 'y': 20}, 'session_id': 'e5466056-3354-4623-8ea1-e8a18af6d601', 'user_id': 'P1'}"
09:07:45,layout.node.moved,"{'nodeId': 'instance-b97d172f-0052-4bf6-b087-4fe1e6af7dd5', 'newPos': {'x': 272.765625, 'y': 119}, 'session_id': 'e5466056-3354-4623-8ea1-e8a18af6d601', 'user_id': 'P1'}"
09:07:56,relationship_node.deleted,"{'relationship_id': 'instance-9e369952-10a4-4279-9ec1-aa69428e395c-instance-b97d172f-0052-4bf6-b087-4fe1e6af7dd5', 'source_object_id': 'instance-9e369952-10a4-4279-9ec1-aa69428e395c', 'target_object_id': 'instance-b97d172f-0052-4bf6-b087-4fe1e6af7dd5', 'relation': 'talking to', 'source_object_name': 'Baby rabbit', 'target_object_name': 'rabbit', 'session_id': 'e5466056-3354-4623-8ea1-e8a18af6d601', 'user_id': 'P1'}"
09:07:58,layout.node.moved,"{'nodeId': 'instance-b97d172f-0052-4bf6-b087-4fe1e6af7dd5', 'newPos': {'x': 317.765625, 'y': 118}, 'session_id': 'e5466056-3354-4623-8ea1-e8a18af6d601', 'user_id': 'P1'}"
09:08:00,relationship_node.deleted,"{'relationship_id': 'instance-b97d172f-0052-4bf6-b087-4fe1e6af7dd5-instance-5ab7832b-69c5-42ea-8ed3-bde6e5761037', 'source_object_id': 'instance-b97d172f-0052-4bf6-b087-4fe1e6af7dd5', 'target_object_id': 'instance-5ab7832b-69c5-42ea-8ed3-bde6e5761037', 'relation': 'watching', 'source_object_name': 'rabbit', 'target_object_name': 'Baby rabbit', 'session_id': 'e5466056-3354-4623-8ea1-e8a18af6d601', 'user_id': 'P1'}"
09:08:01,relationship_node.deleted,"{'relationship_id': 'instance-5ab7832b-69c5-42ea-8ed3-bde6e5761037-instance-b97d172f-0052-4bf6-b087-4fe1e6af7dd5', 'source_object_id': 'instance-5ab7832b-69c5-42ea-8ed3-bde6e5761037', 'target_object_id': 'instance-b97d172f-0052-4bf6-b087-4fe1e6af7dd5', 'relation': 'talking to', 'source_object_name': 'Baby rabbit', 'target_object_name': 'rabbit', 'session_id': 'e5466056-3354-4623-8ea1-e8a18af6d601', 'user_id': 'P1'}"
09:08:02,layout.node.moved,"{'nodeId': 'instance-b97d172f-0052-4bf6-b087-4fe1e6af7dd5', 'newPos': {'x': 250.765625, 'y': 120}, 'session_id': 'e5466056-3354-4623-8ea1-e8a18af6d601', 'user_id': 'P1'}"
09:08:04,layout.node.moved,"{'nodeId': 'instance-5ab7832b-69c5-42ea-8ed3-bde6e5761037', 'newPos': {'x': 126, 'y': 225}, 'session_id': 'e5466056-3354-4623-8ea1-e8a18af6d601', 'user_id': 'P1'}"
09:08:05,layout.node.moved,"{'nodeId': 'instance-9e369952-10a4-4279-9ec1-aa69428e395c', 'newPos': {'x': 36, 'y': 142}, 'session_id': 'e5466056-3354-4623-8ea1-e8a18af6d601', 'user_id': 'P1'}"
09:08:08,layout.node.moved,"{'nodeId': 'instance-b97d172f-0052-4bf6-b087-4fe1e6af7dd5', 'newPos': {'x': 164.765625, 'y': 119}, 'session_id': 'e5466056-3354-4623-8ea1-e8a18af6d601', 'user_id': 'P1'}"
09:08:10,layout.node.moved,"{'nodeId': 'instance-9e369952-10a4-4279-9ec1-aa69428e395c-resizable', 'newPos': {'x': 319, 'y': 209}, 'session_id': 'e5466056-3354-4623-8ea1-e8a18af6d601', 'user_id': 'P1'}"
09:08:11,layout.node.moved,"{'nodeId': 'instance-9e369952-10a4-4279-9ec1-aa69428e395c', 'newPos': {'x': 0, 'y': 217}, 'session_id': 'e5466056-3354-4623-8ea1-e8a18af6d601', 'user_id': 'P1'}"
09:08:12,layout.node.moved,"{'nodeId': 'instance-5ab7832b-69c5-42ea-8ed3-bde6e5761037', 'newPos': {'x': 307, 'y': 208}, 'session_id': 'e5466056-3354-4623-8ea1-e8a18af6d601', 'user_id': 'P1'}"
09:08:14,layout.node.moved,"{'nodeId': 'instance-9e369952-10a4-4279-9ec1-aa69428e395c', 'newPos': {'x': 47, 'y': 208}, 'session_id': 'e5466056-3354-4623-8ea1-e8a18af6d601', 'user_id': 'P1'}"
09:08:15,layout.node.moved,"{'nodeId': 'instance-b97d172f-0052-4bf6-b087-4fe1e6af7dd5', 'newPos': {'x': 148.765625, 'y': 109}, 'session_id': 'e5466056-3354-4623-8ea1-e8a18af6d601', 'user_id': 'P1'}"
09:08:21,api.generate_image.started,"{'sentence_count': 4, 'box_count': 4, 'has_global_caption': False, 'has_required_keywords': False, 'session_id': 'e5466056-3354-4623-8ea1-e8a18af6d601', 'user_id': 'P1'}"
09:08:48,prompt_saved,{'path': 'output/P1/2025-08-22_09-08-48/prompt.json'}
09:08:48,object_detection_integrated,{'objects_count': 2}
09:08:48,api.generate_image.succeeded,"{'global_caption': 'a scene featuring a baby rabbit character, a 2D sketch illustration in watercolor style, wearing a dirty blue jacket with mud, running and finding something, an enthusiastic rabbit looking up at the unknown, with a forest background with trees and mud, a 2D illustration in watercolor style, with blur, in rough condition, along with a baby rabbit character in a watercolor illustration, with a bright and passionate face, wearing a dirty green shirt with mud, running and finding something, enthusiastic, and a baby rabbit in a watercolor illustration, with a bright and passionate face, wearing a dirty red shirt with mud, running and finding something, enthusiastic.', 'region_count': 4, 'has_image': True, 'detected_objects_count': 2, 'image_path': 'output/P1/2025-08-22_09-08-48/image.png', 'image_with_layout_path': 'output/P1/2025-08-22_09-08-48/image_with_layout.png', 'timestamp_dir': 'output/P1/2025-08-22_09-08-48', 'session_id': 'e5466056-3354-4623-8ea1-e8a18af6d601', 'user_id': 'P1'}"
09:08:48,object_detection_integrated,"{'objectsCount': 2, 'objects': [{'label': 'teddy bear', 'confidence': 0.7288404703140259}, {'label': 'teddy bear', 'confidence': 0.4585423767566681}], 'session_id': 'e5466056-3354-4623-8ea1-e8a18af6d601', 'user_id': 'P1'}"
09:09:09,scene_saved,"{'slotNumber': 4, 'instanceCount': 4, 'nodeCount': 8, 'edgeCount': 2, 'session_id': 'e5466056-3354-4623-8ea1-e8a18af6d601', 'user_id': 'P1'}"
09:09:36,layout_board.new_box_initiated,"{'board_type': 'advanced', 'timestamp': '2025-08-22T09:09:33.996Z', 'session_id': 'e5466056-3354-4623-8ea1-e8a18af6d601', 'user_id': 'P1'}"
09:09:38,layout_board.new_box_positioned,"{'position': {'x': 309.765625, 'y': 80}, 'screen_position': {'x': 371, 'y': 123}, 'board_type': 'advanced', 'session_id': 'e5466056-3354-4623-8ea1-e8a18af6d601', 'user_id': 'P1'}"
09:09:59,api.generate_text_to_graph.started,"{'has_previous': None, 'text_length': 24, 'previous_objects_count': 0, 'session_id': 'e5466056-3354-4623-8ea1-e8a18af6d601', 'user_id': 'P1'}"
09:10:01,api.generate_text_to_graph.succeeded,"{'objects_count': 2, 'relationships_count': 1, 'root_object': 'object1', 'session_id': 'e5466056-3354-4623-8ea1-e8a18af6d601', 'user_id': 'P1'}"
09:10:04,layout.node.moved,"{'nodeId': 'instance-0108ee6e-4717-4496-acc6-27106afa83f1', 'newPos': {'x': 308.765625, 'y': 54}, 'session_id': 'e5466056-3354-4623-8ea1-e8a18af6d601', 'user_id': 'P1'}"
09:10:08,class_detail_opened,"{'class_id': 'class-3e5a7aa6-5b51-446b-97b9-b2c655fb78dc', 'class_name': 'balloon Class', 'instance_count': 0, 'session_id': 'e5466056-3354-4623-8ea1-e8a18af6d601', 'user_id': 'P1'}"
09:10:20,instance.create_from_class.started,"{'class_id': 'class-3e5a7aa6-5b51-446b-97b9-b2c655fb78dc', 'class_name': 'balloon Class', 'value_count': 2, 'session_id': 'e5466056-3354-4623-8ea1-e8a18af6d601', 'user_id': 'P1'}"
09:10:20,api.generate_scene_graph_to_text.started,"{'has_previous': None, 'objects_count': 3, 'relationships_count': 2, 'session_id': 'e5466056-3354-4623-8ea1-e8a18af6d601', 'user_id': 'P1'}"
09:10:20,api.generate_scene_graph_to_text.succeeded,"{'text_length': 68, 'generated_text': 'Red balloon illustrated in a 2D watercolor sketch against a far sky.', 'session_id': 'e5466056-3354-4623-8ea1-e8a18af6d601', 'user_id': 'P1'}"
09:10:20,api.generate_instance_label_from_description.started,"{'text_length': 68, 'session_id': 'e5466056-3354-4623-8ea1-e8a18af6d601', 'user_id': 'P1'}"
09:10:21,instance.created_from_class,"{'instance_id': 'instance-a6e38a4c-3d55-4f61-81f3-558826446a79', 'class_id': 'class-3e5a7aa6-5b51-446b-97b9-b2c655fb78dc', 'instance_label': 'Balloon', 'has_text_description': True, 'session_id': 'e5466056-3354-4623-8ea1-e8a18af6d601', 'user_id': 'P1'}"
09:10:21,api.generate_instance_label_from_description.succeeded,"{'generated_label': 'Balloon', 'original_text': 'Red balloon illustrated in a 2D watercolor sketch ', 'session_id': 'e5466056-3354-4623-8ea1-e8a18af6d601', 'user_id': 'P1'}"
09:10:27,layout.node.moved,"{'nodeId': 'instance-a6e38a4c-3d55-4f61-81f3-558826446a79', 'newPos': {'x': 380, 'y': 99}, 'session_id': 'e5466056-3354-4623-8ea1-e8a18af6d601', 'user_id': 'P1'}"
09:10:29,layout.node.moved,"{'nodeId': 'instance-a6e38a4c-3d55-4f61-81f3-558826446a79', 'newPos': {'x': 166, 'y': 21}, 'session_id': 'e5466056-3354-4623-8ea1-e8a18af6d601', 'user_id': 'P1'}"
09:10:35,layout.node.moved,"{'nodeId': 'instance-a6e38a4c-3d55-4f61-81f3-558826446a79', 'newPos': {'x': 369, 'y': 86}, 'session_id': 'e5466056-3354-4623-8ea1-e8a18af6d601', 'user_id': 'P1'}"
09:10:38,layout.node.moved,"{'nodeId': 'instance-a6e38a4c-3d55-4f61-81f3-558826446a79', 'newPos': {'x': 382, 'y': 63}, 'session_id': 'e5466056-3354-4623-8ea1-e8a18af6d601', 'user_id': 'P1'}"
09:10:42,layout.node.moved,"{'nodeId': 'instance-0108ee6e-4717-4496-acc6-27106afa83f1-resizable', 'newPos': {'x': 300.765625, 'y': 43}, 'session_id': 'e5466056-3354-4623-8ea1-e8a18af6d601', 'user_id': 'P1'}"
09:10:46,instance_selected,"{'instance_id': 'instance-a6e38a4c-3d55-4f61-81f3-558826446a79', 'instance_label': 'Balloon', 'is_from_class': True, 'class_id': 'class-3e5a7aa6-5b51-446b-97b9-b2c655fb78dc', 'session_id': 'e5466056-3354-4623-8ea1-e8a18af6d601', 'user_id': 'P1'}"
09:10:48,instance.edit.started,"{'instance_id': 'instance-a6e38a4c-3d55-4f61-81f3-558826446a79', 'instance_label': 'Balloon', 'edit_type': 'text', 'session_id': 'e5466056-3354-4623-8ea1-e8a18af6d601', 'user_id': 'P1'}"
09:11:00,api.generate_text_to_graph.started,"{'has_previous': 'Red balloon illustrated in a 2D watercolor sketch against a far sky.', 'text_length': 56, 'previous_objects_count': 3, 'session_id': 'e5466056-3354-4623-8ea1-e8a18af6d601', 'user_id': 'P1'}"
09:11:03,api.generate_text_to_graph.succeeded,"{'objects_count': 3, 'relationships_count': 3, 'root_object': 'object1', 'session_id': 'e5466056-3354-4623-8ea1-e8a18af6d601', 'user_id': 'P1'}"
09:11:03,instance.updated,"{'instance_id': 'instance-a6e38a4c-3d55-4f61-81f3-558826446a79', 'instance_label': 'balloon', 'text_changed': True, 'graph_changed': False, 'session_id': 'e5466056-3354-4623-8ea1-e8a18af6d601', 'user_id': 'P1'}"
09:11:03,instance_selected,"{'instance_id': 'instance-a6e38a4c-3d55-4f61-81f3-558826446a79', 'instance_label': 'balloon', 'is_from_class': True, 'class_id': 'class-3e5a7aa6-5b51-446b-97b9-b2c655fb78dc', 'session_id': 'e5466056-3354-4623-8ea1-e8a18af6d601', 'user_id': 'P1'}"
09:11:25,layout.node.moved,"{'nodeId': 'instance-b97d172f-0052-4bf6-b087-4fe1e6af7dd5', 'newPos': {'x': 33.765625, 'y': 159}, 'session_id': 'e5466056-3354-4623-8ea1-e8a18af6d601', 'user_id': 'P1'}"
09:11:27,layout.node.moved,"{'nodeId': 'instance-9e369952-10a4-4279-9ec1-aa69428e395c', 'newPos': {'x': 23, 'y': 238}, 'session_id': 'e5466056-3354-4623-8ea1-e8a18af6d601', 'user_id': 'P1'}"
09:11:29,layout.node.moved,"{'nodeId': 'instance-0108ee6e-4717-4496-acc6-27106afa83f1-resizable', 'newPos': {'x': 286.765625, 'y': 30}, 'session_id': 'e5466056-3354-4623-8ea1-e8a18af6d601', 'user_id': 'P1'}"
09:11:31,layout.node.moved,"{'nodeId': 'instance-5ab7832b-69c5-42ea-8ed3-bde6e5761037-resizable', 'newPos': {'x': 193, 'y': 210}, 'session_id': 'e5466056-3354-4623-8ea1-e8a18af6d601', 'user_id': 'P1'}"
09:11:34,instance_selected,"{'instance_id': 'instance-5ab7832b-69c5-42ea-8ed3-bde6e5761037', 'instance_label': 'rabbit', 'is_from_class': True, 'class_id': 'class-195fd647-2a91-4524-b4e2-7f050ac7dda8', 'session_id': 'e5466056-3354-4623-8ea1-e8a18af6d601', 'user_id': 'P1'}"
09:11:54,relationship_node.edited,"{'relationship_id': 'instance-5ab7832b-69c5-42ea-8ed3-bde6e5761037-instance-0108ee6e-4717-4496-acc6-27106afa83f1', 'source_object_id': 'instance-5ab7832b-69c5-42ea-8ed3-bde6e5761037', 'target_object_id': 'instance-0108ee6e-4717-4496-acc6-27106afa83f1', 'old_relation': 'related', 'new_relation': 'looking, pointing at', 'source_object_name': 'Baby rabbit', 'target_object_name': 'tree', 'session_id': 'e5466056-3354-4623-8ea1-e8a18af6d601', 'user_id': 'P1'}"
09:11:56,instance_selected,"{'instance_id': 'instance-5ab7832b-69c5-42ea-8ed3-bde6e5761037', 'instance_label': 'rabbit', 'is_from_class': True, 'class_id': 'class-195fd647-2a91-4524-b4e2-7f050ac7dda8', 'session_id': 'e5466056-3354-4623-8ea1-e8a18af6d601', 'user_id': 'P1'}"
09:11:57,instance.edit.started,"{'instance_id': 'instance-5ab7832b-69c5-42ea-8ed3-bde6e5761037', 'instance_label': 'rabbit', 'edit_type': 'text', 'session_id': 'e5466056-3354-4623-8ea1-e8a18af6d601', 'user_id': 'P1'}"
09:12:45,api.generate_text_to_graph.started,"{'has_previous': 'Baby rabbit character in a watercolor illustration. with a bright and passionate face. wearing a dirty green shirt with mud. running and finding something, enthusiastic', 'text_length': 206, 'previous_objects_count': 9, 'session_id': 'e5466056-3354-4623-8ea1-e8a18af6d601', 'user_id': 'P1'}"
09:12:54,instance_selected,"{'instance_id': 'instance-b97d172f-0052-4bf6-b087-4fe1e6af7dd5', 'instance_label': 'rabbit', 'is_from_class': True, 'class_id': 'class-195fd647-2a91-4524-b4e2-7f050ac7dda8', 'session_id': 'e5466056-3354-4623-8ea1-e8a18af6d601', 'user_id': 'P1'}"
09:12:54,api.generate_text_to_graph.succeeded,"{'objects_count': 10, 'relationships_count': 9, 'root_object': 'object1', 'session_id': 'e5466056-3354-4623-8ea1-e8a18af6d601', 'user_id': 'P1'}"
09:12:54,instance.updated,"{'instance_id': 'instance-5ab7832b-69c5-42ea-8ed3-bde6e5761037', 'instance_label': 'rabbit', 'text_changed': True, 'graph_changed': False, 'session_id': 'e5466056-3354-4623-8ea1-e8a18af6d601', 'user_id': 'P1'}"
09:12:54,instance_selected,"{'instance_id': 'instance-b97d172f-0052-4bf6-b087-4fe1e6af7dd5', 'instance_label': 'rabbit', 'is_from_class': True, 'class_id': 'class-195fd647-2a91-4524-b4e2-7f050ac7dda8', 'session_id': 'e5466056-3354-4623-8ea1-e8a18af6d601', 'user_id': 'P1'}"
09:13:02,instance_selected,"{'instance_id': 'instance-9e369952-10a4-4279-9ec1-aa69428e395c', 'instance_label': 'rabbit', 'is_from_class': True, 'class_id': 'class-195fd647-2a91-4524-b4e2-7f050ac7dda8', 'session_id': 'e5466056-3354-4623-8ea1-e8a18af6d601', 'user_id': 'P1'}"
09:13:09,instance_selected,"{'instance_id': 'instance-a6e38a4c-3d55-4f61-81f3-558826446a79', 'instance_label': 'balloon', 'is_from_class': True, 'class_id': 'class-3e5a7aa6-5b51-446b-97b9-b2c655fb78dc', 'session_id': 'e5466056-3354-4623-8ea1-e8a18af6d601', 'user_id': 'P1'}"
09:13:20,instance_selected,"{'instance_id': 'instance-608e8a4d-b475-4a5b-8cfe-feae5fff45f6', 'instance_label': 'forest', 'is_from_class': True, 'class_id': 'class-3ff65e8f-8335-4b67-9c53-1d92b1fbbefb', 'session_id': 'e5466056-3354-4623-8ea1-e8a18af6d601', 'user_id': 'P1'}"
09:13:21,instance.edit.started,"{'instance_id': 'instance-608e8a4d-b475-4a5b-8cfe-feae5fff45f6', 'instance_label': 'forest', 'edit_type': 'text', 'session_id': 'e5466056-3354-4623-8ea1-e8a18af6d601', 'user_id': 'P1'}"
09:13:30,api.generate_text_to_graph.started,"{'has_previous': 'forest background, with trees and mud. 2D illustration in watercolor style, blur. rough condition.', 'text_length': 87, 'previous_objects_count': 7, 'session_id': 'e5466056-3354-4623-8ea1-e8a18af6d601', 'user_id': 'P1'}"
09:13:32,api.generate_image.started,"{'sentence_count': 6, 'box_count': 6, 'has_global_caption': False, 'has_required_keywords': False, 'session_id': 'e5466056-3354-4623-8ea1-e8a18af6d601', 'user_id': 'P1'}"
09:13:35,instance.updated,"{'instance_id': 'instance-608e8a4d-b475-4a5b-8cfe-feae5fff45f6', 'instance_label': 'forest', 'text_changed': True, 'graph_changed': False, 'session_id': 'e5466056-3354-4623-8ea1-e8a18af6d601', 'user_id': 'P1'}"
09:13:35,api.generate_text_to_graph.succeeded,"{'objects_count': 6, 'relationships_count': 5, 'root_object': 'object1', 'session_id': 'e5466056-3354-4623-8ea1-e8a18af6d601', 'user_id': 'P1'}"
09:13:35,instance_selected,"{'instance_id': 'instance-608e8a4d-b475-4a5b-8cfe-feae5fff45f6', 'instance_label': 'forest', 'is_from_class': True, 'class_id': 'class-3ff65e8f-8335-4b67-9c53-1d92b1fbbefb', 'session_id': 'e5466056-3354-4623-8ea1-e8a18af6d601', 'user_id': 'P1'}"
09:13:56,class_library_toggle,"{'expanded': False, 'class_count': 3, 'session_id': 'e5466056-3354-4623-8ea1-e8a18af6d601', 'user_id': 'P1'}"
09:13:59,prompt_saved,{'path': 'output/P1/2025-08-22_09-13-59/prompt.json'}
09:13:59,object_detection_integrated,{'objects_count': 6}
09:14:00,object_detection_integrated,"{'objectsCount': 6, 'objects': [{'label': 'person', 'confidence': 0.835466206073761}, {'label': 'person', 'confidence': 0.8176825046539307}, {'label': 'person', 'confidence': 0.5778064727783203}, {'label': 'person', 'confidence': 0.44940999150276184}, {'label': 'stop sign', 'confidence': 0.41544806957244873}, {'label': 'person', 'confidence': 0.26874449849128723}], 'session_id': 'e5466056-3354-4623-8ea1-e8a18af6d601', 'user_id': 'P1'}"
09:14:00,api.generate_image.succeeded,"{'global_caption': 'a scene featuring a baby rabbit character in a 2D sketch illustration in watercolor style, wearing a dirty blue jacket with mud, running and finding something, an enthusiastic rabbit looking up at the unknown and pointing at a tree, alongside a forest background with trees and mud in a 2D illustration in watercolor style, a baby rabbit character with a bright and passionate face wearing a dirty green shirt with mud, another baby rabbit with a bright and passionate face wearing a dirty red shirt with mud, a big tree with branches, and a red balloon illustrated in a 2D watercolor sketch, a stuck balloon stuck in a tree.', 'region_count': 6, 'has_image': True, 'detected_objects_count': 6, 'image_path': 'output/P1/2025-08-22_09-13-59/image.png', 'image_with_layout_path': 'output/P1/2025-08-22_09-13-59/image_with_layout.png', 'timestamp_dir': 'output/P1/2025-08-22_09-13-59', 'session_id': 'e5466056-3354-4623-8ea1-e8a18af6d601', 'user_id': 'P1'}"
09:14:08,instance_selected,"{'instance_id': 'instance-5ab7832b-69c5-42ea-8ed3-bde6e5761037', 'instance_label': 'rabbit', 'is_from_class': True, 'class_id': 'class-195fd647-2a91-4524-b4e2-7f050ac7dda8', 'session_id': 'e5466056-3354-4623-8ea1-e8a18af6d601', 'user_id': 'P1'}"
09:14:10,api.generate_description.started,"{'has_image': True, 'crop_box_dimensions': [54, 170], 'has_global_caption': True, 'session_id': 'e5466056-3354-4623-8ea1-e8a18af6d601', 'user_id': 'P1'}"
09:14:10,object_clicked,"{'label': 'person', 'confidence': 0.26874449849128723, 'bbox': [279, 259, 333, 429], 'session_id': 'e5466056-3354-4623-8ea1-e8a18af6d601', 'user_id': 'P1'}"
09:14:10,describe_requested,"{'crop_box': [279, 259, 333, 429], 'global_caption': 'a scene featuring a baby rabbit character in a 2D sketch illustration in watercolor style, wearing a dirty blue jacket with mud, running and finding something, an enthusiastic rabbit looking up at the unknown and pointing at a tree, alongside a forest background with trees and mud in a 2D illustration in watercolor style, a baby rabbit character with a bright and passionate face wearing a dirty green shirt with mud, another baby rabbit with a bright and passionate face wearing a dirty red shirt with mud, a big tree with branches, and a red balloon illustrated in a 2D watercolor sketch, a stuck balloon stuck in a tree.'}"
09:14:10,describe_region_saved,{'region_path': 'output/P1/2025-08-22_09-14-10/region.png'}
09:14:14,describe_result,"{'noun_phrase': 'baby rabbit', 'description': 'a baby rabbit with mud-stained green shirt and excited pose'}"
09:14:14,api.generate_text_to_graph.started,"{'has_previous': None, 'text_length': 59, 'previous_objects_count': 0, 'session_id': 'e5466056-3354-4623-8ea1-e8a18af6d601', 'user_id': 'P1'}"
09:14:14,object_description_generated,"{'label': 'baby rabbit', 'description': 'a baby rabbit with mud-stained green shirt and excited pose', 'session_id': 'e5466056-3354-4623-8ea1-e8a18af6d601', 'user_id': 'P1'}"
09:14:14,api.generate_description.succeeded,"{'label': 'baby rabbit', 'description_length': 59, 'session_id': 'e5466056-3354-4623-8ea1-e8a18af6d601', 'user_id': 'P1'}"
09:14:15,layout.node.moved,"{'nodeId': 'instance-608e8a4d-b475-4a5b-8cfe-feae5fff45f6-resizable', 'newPos': {'x': 19, 'y': 11}, 'session_id': 'e5466056-3354-4623-8ea1-e8a18af6d601', 'user_id': 'P1'}"
09:14:17,scene_graph_generated,"{'objects_count': 3, 'relationships_count': 2, 'session_id': 'e5466056-3354-4623-8ea1-e8a18af6d601', 'user_id': 'P1'}"
09:14:17,api.generate_instance_label_from_description.started,"{'text_length': 59, 'session_id': 'e5466056-3354-4623-8ea1-e8a18af6d601', 'user_id': 'P1'}"
09:14:17,api.generate_text_to_graph.succeeded,"{'objects_count': 3, 'relationships_count': 2, 'root_object': 'object1', 'session_id': 'e5466056-3354-4623-8ea1-e8a18af6d601', 'user_id': 'P1'}"
09:14:18,api.generate_instance_label_from_description.succeeded,"{'generated_label': 'Baby rabbit', 'original_text': 'a baby rabbit with mud-stained green shirt and exc', 'session_id': 'e5466056-3354-4623-8ea1-e8a18af6d601', 'user_id': 'P1'}"
09:14:18,instance_created_from_detection,"{'instanceId': 'd4aafb76-910c-46fc-83dc-9c55cf29efb5', 'label': 'Baby rabbit', 'originalObjectLabel': 'person', 'session_id': 'e5466056-3354-4623-8ea1-e8a18af6d601', 'user_id': 'P1'}"
09:14:18,instance_selected,"{'instance_id': 'instance-5ab7832b-69c5-42ea-8ed3-bde6e5761037', 'instance_label': 'rabbit', 'is_from_class': True, 'class_id': 'class-195fd647-2a91-4524-b4e2-7f050ac7dda8', 'session_id': 'e5466056-3354-4623-8ea1-e8a18af6d601', 'user_id': 'P1'}"
09:14:19,layout.node.moved,"{'nodeId': 'instance-b97d172f-0052-4bf6-b087-4fe1e6af7dd5', 'newPos': {'x': 72.765625, 'y': 175}, 'session_id': 'e5466056-3354-4623-8ea1-e8a18af6d601', 'user_id': 'P1'}"
09:14:20,layout.node.moved,"{'nodeId': 'instance-9e369952-10a4-4279-9ec1-aa69428e395c', 'newPos': {'x': 15, 'y': 250}, 'session_id': 'e5466056-3354-4623-8ea1-e8a18af6d601', 'user_id': 'P1'}"
09:14:23,instance_selected,"{'instance_id': 'instance-9e369952-10a4-4279-9ec1-aa69428e395c', 'instance_label': 'rabbit', 'is_from_class': True, 'class_id': 'class-195fd647-2a91-4524-b4e2-7f050ac7dda8', 'session_id': 'e5466056-3354-4623-8ea1-e8a18af6d601', 'user_id': 'P1'}"
09:14:25,instance.edit.started,"{'instance_id': 'instance-9e369952-10a4-4279-9ec1-aa69428e395c', 'instance_label': 'rabbit', 'edit_type': 'text', 'session_id': 'e5466056-3354-4623-8ea1-e8a18af6d601', 'user_id': 'P1'}"
09:14:37,api.generate_text_to_graph.started,"{'has_previous': 'Baby rabbit in a watercolor illustration. with a bright and passionate face. wearing a dirty red shirt with mud. running and finding something, enthusiastic.', 'text_length': 134, 'previous_objects_count': 9, 'session_id': 'e5466056-3354-4623-8ea1-e8a18af6d601', 'user_id': 'P1'}"
09:14:48,api.generate_text_to_graph.succeeded,"{'objects_count': 10, 'relationships_count': 9, 'root_object': 'object1', 'session_id': 'e5466056-3354-4623-8ea1-e8a18af6d601', 'user_id': 'P1'}"
09:14:48,instance_selected,"{'instance_id': 'instance-9e369952-10a4-4279-9ec1-aa69428e395c', 'instance_label': 'rabbit', 'is_from_class': True, 'class_id': 'class-195fd647-2a91-4524-b4e2-7f050ac7dda8', 'session_id': 'e5466056-3354-4623-8ea1-e8a18af6d601', 'user_id': 'P1'}"
09:14:48,instance.updated,"{'instance_id': 'instance-9e369952-10a4-4279-9ec1-aa69428e395c', 'instance_label': 'rabbit', 'text_changed': True, 'graph_changed': False, 'session_id': 'e5466056-3354-4623-8ea1-e8a18af6d601', 'user_id': 'P1'}"
09:14:49,instance.edit.started,"{'instance_id': 'instance-5ab7832b-69c5-42ea-8ed3-bde6e5761037', 'instance_label': 'rabbit', 'edit_type': 'text', 'session_id': 'e5466056-3354-4623-8ea1-e8a18af6d601', 'user_id': 'P1'}"
09:14:54,instance.edit.started,"{'instance_id': 'instance-b97d172f-0052-4bf6-b087-4fe1e6af7dd5', 'instance_label': 'rabbit', 'edit_type': 'text', 'session_id': 'e5466056-3354-4623-8ea1-e8a18af6d601', 'user_id': 'P1'}"
09:15:01,api.generate_text_to_graph.started,"{'has_previous': 'baby rabbit character, 2D sketch illustration in watercolor style. wearing a dirty blue jacket with mud. running and finding something, enthusiastic', 'text_length': 126, 'previous_objects_count': 9, 'session_id': 'e5466056-3354-4623-8ea1-e8a18af6d601', 'user_id': 'P1'}"
09:15:11,api.generate_text_to_graph.succeeded,"{'objects_count': 10, 'relationships_count': 9, 'root_object': 'object1', 'session_id': 'e5466056-3354-4623-8ea1-e8a18af6d601', 'user_id': 'P1'}"
09:15:11,instance_selected,"{'instance_id': 'instance-9e369952-10a4-4279-9ec1-aa69428e395c', 'instance_label': 'rabbit', 'is_from_class': True, 'class_id': 'class-195fd647-2a91-4524-b4e2-7f050ac7dda8', 'session_id': 'e5466056-3354-4623-8ea1-e8a18af6d601', 'user_id': 'P1'}"
09:15:11,instance.updated,"{'instance_id': 'instance-b97d172f-0052-4bf6-b087-4fe1e6af7dd5', 'instance_label': 'rabbit', 'text_changed': True, 'graph_changed': False, 'session_id': 'e5466056-3354-4623-8ea1-e8a18af6d601', 'user_id': 'P1'}"
09:15:13,api.generate_image.started,"{'sentence_count': 7, 'box_count': 7, 'has_global_caption': True, 'has_required_keywords': False, 'session_id': 'e5466056-3354-4623-8ea1-e8a18af6d601', 'user_id': 'P1'}"
09:15:41,prompt_saved,{'path': 'output/P1/2025-08-22_09-15-41/prompt.json'}
09:15:42,object_detection_integrated,{'objects_count': 2}
09:15:42,api.generate_image.succeeded,"{'global_caption': 'a scene featuring a baby rabbit character in a 2D sketch illustration in watercolor style, wearing a dirty blue jacket with mud, surprised and looking up at an unknown object, alongside an enthusiastic rabbit with a bright and passionate face wearing a dirty green shirt with mud, pointing at a tree, another baby rabbit character with a bright and passionate face wearing a dirty red shirt with mud, surprised and looking up at a tree, a big tree with branches, a red balloon illustrated in a 2D watercolor sketch, stuck in a tree, and a forest background with trees and mud in a blurred sunny 2D illustration in watercolor style.', 'region_count': 7, 'has_image': True, 'detected_objects_count': 2, 'image_path': 'output/P1/2025-08-22_09-15-41/image.png', 'image_with_layout_path': 'output/P1/2025-08-22_09-15-41/image_with_layout.png', 'timestamp_dir': 'output/P1/2025-08-22_09-15-41', 'session_id': 'e5466056-3354-4623-8ea1-e8a18af6d601', 'user_id': 'P1'}"
09:15:42,object_detection_integrated,"{'objectsCount': 2, 'objects': [{'label': 'person', 'confidence': 0.416351854801178}, {'label': 'person', 'confidence': 0.2713772654533386}], 'session_id': 'e5466056-3354-4623-8ea1-e8a18af6d601', 'user_id': 'P1'}"
09:15:49,instance_selected,"{'instance_id': 'd4aafb76-910c-46fc-83dc-9c55cf29efb5', 'instance_label': 'Baby rabbit', 'is_from_class': False, 'class_id': None, 'session_id': 'e5466056-3354-4623-8ea1-e8a18af6d601', 'user_id': 'P1'}"
09:15:51,instance_selected,"{'instance_id': 'instance-5ab7832b-69c5-42ea-8ed3-bde6e5761037', 'instance_label': 'rabbit', 'is_from_class': True, 'class_id': 'class-195fd647-2a91-4524-b4e2-7f050ac7dda8', 'session_id': 'e5466056-3354-4623-8ea1-e8a18af6d601', 'user_id': 'P1'}"
09:15:52,instance_selected,"{'instance_id': 'instance-b97d172f-0052-4bf6-b087-4fe1e6af7dd5', 'instance_label': 'rabbit', 'is_from_class': True, 'class_id': 'class-195fd647-2a91-4524-b4e2-7f050ac7dda8', 'session_id': 'e5466056-3354-4623-8ea1-e8a18af6d601', 'user_id': 'P1'}"
09:15:54,instance_selected,"{'instance_id': 'instance-9e369952-10a4-4279-9ec1-aa69428e395c', 'instance_label': 'rabbit', 'is_from_class': True, 'class_id': 'class-195fd647-2a91-4524-b4e2-7f050ac7dda8', 'session_id': 'e5466056-3354-4623-8ea1-e8a18af6d601', 'user_id': 'P1'}"
09:15:55,instance_selected,"{'instance_id': 'd4aafb76-910c-46fc-83dc-9c55cf29efb5', 'instance_label': 'Baby rabbit', 'is_from_class': False, 'class_id': None, 'session_id': 'e5466056-3354-4623-8ea1-e8a18af6d601', 'user_id': 'P1'}"
09:16:03,instance_selected,"{'instance_id': 'instance-5ab7832b-69c5-42ea-8ed3-bde6e5761037', 'instance_label': 'rabbit', 'is_from_class': True, 'class_id': 'class-195fd647-2a91-4524-b4e2-7f050ac7dda8', 'session_id': 'e5466056-3354-4623-8ea1-e8a18af6d601', 'user_id': 'P1'}"
09:16:06,instance_selected,"{'instance_id': 'd4aafb76-910c-46fc-83dc-9c55cf29efb5', 'instance_label': 'Baby rabbit', 'is_from_class': False, 'class_id': None, 'session_id': 'e5466056-3354-4623-8ea1-e8a18af6d601', 'user_id': 'P1'}"
09:16:09,instance.deleted,"{'instance_id': 'd4aafb76-910c-46fc-83dc-9c55cf29efb5', 'instance_label': 'Baby rabbit', 'is_from_class': False, 'class_id': None, 'session_id': 'e5466056-3354-4623-8ea1-e8a18af6d601', 'user_id': 'P1'}"
09:16:14,object_clicked,"{'label': 'person', 'confidence': 0.2713772654533386, 'bbox': [284, 279, 329, 420], 'session_id': 'e5466056-3354-4623-8ea1-e8a18af6d601', 'user_id': 'P1'}"
09:16:14,api.generate_description.started,"{'has_image': True, 'crop_box_dimensions': [45, 141], 'has_global_caption': True, 'session_id': 'e5466056-3354-4623-8ea1-e8a18af6d601', 'user_id': 'P1'}"
09:16:14,describe_requested,"{'crop_box': [284, 279, 329, 420], 'global_caption': 'a scene featuring a baby rabbit character in a 2D sketch illustration in watercolor style, wearing a dirty blue jacket with mud, surprised and looking up at an unknown object, alongside an enthusiastic rabbit with a bright and passionate face wearing a dirty green shirt with mud, pointing at a tree, another baby rabbit character with a bright and passionate face wearing a dirty red shirt with mud, surprised and looking up at a tree, a big tree with branches, a red balloon illustrated in a 2D watercolor sketch, stuck in a tree, and a forest background with trees and mud in a blurred sunny 2D illustration in watercolor style.'}"
09:16:14,describe_region_saved,{'region_path': 'output/P1/2025-08-22_09-16-14/region.png'}
09:16:18,describe_result,"{'noun_phrase': 'happy rabbit', 'description': 'a rabbit wearing a bright red shirt, smiling widely with joyful eyes'}"
09:16:18,object_description_generated,"{'label': 'happy rabbit', 'description': 'a rabbit wearing a bright red shirt, smiling widely with joyful eyes', 'session_id': 'e5466056-3354-4623-8ea1-e8a18af6d601', 'user_id': 'P1'}"
09:16:18,api.generate_description.succeeded,"{'label': 'happy rabbit', 'description_length': 68, 'session_id': 'e5466056-3354-4623-8ea1-e8a18af6d601', 'user_id': 'P1'}"
09:16:18,api.generate_text_to_graph.started,"{'has_previous': None, 'text_length': 68, 'previous_objects_count': 0, 'session_id': 'e5466056-3354-4623-8ea1-e8a18af6d601', 'user_id': 'P1'}"
09:16:20,scene_graph_generated,"{'objects_count': 3, 'relationships_count': 2, 'session_id': 'e5466056-3354-4623-8ea1-e8a18af6d601', 'user_id': 'P1'}"
09:16:20,api.generate_text_to_graph.succeeded,"{'objects_count': 3, 'relationships_count': 2, 'root_object': 'object1', 'session_id': 'e5466056-3354-4623-8ea1-e8a18af6d601', 'user_id': 'P1'}"
09:16:20,api.generate_instance_label_from_description.started,"{'text_length': 68, 'session_id': 'e5466056-3354-4623-8ea1-e8a18af6d601', 'user_id': 'P1'}"
09:16:21,api.generate_instance_label_from_description.succeeded,"{'generated_label': 'Rabbit', 'original_text': 'a rabbit wearing a bright red shirt, smiling widel', 'session_id': 'e5466056-3354-4623-8ea1-e8a18af6d601', 'user_id': 'P1'}"
09:16:21,instance_created_from_detection,"{'instanceId': 'e03d7df2-dfc6-4c77-a8c0-adf28299d8be', 'label': 'Rabbit', 'originalObjectLabel': 'person', 'session_id': 'e5466056-3354-4623-8ea1-e8a18af6d601', 'user_id': 'P1'}"
09:16:22,instance_selected,"{'instance_id': 'e03d7df2-dfc6-4c77-a8c0-adf28299d8be', 'instance_label': 'Rabbit', 'is_from_class': False, 'class_id': None, 'session_id': 'e5466056-3354-4623-8ea1-e8a18af6d601', 'user_id': 'P1'}"
09:16:29,layout.node.moved,"{'nodeId': 'e03d7df2-dfc6-4c77-a8c0-adf28299d8be', 'newPos': {'x': 299.765625, 'y': 269}, 'session_id': 'e5466056-3354-4623-8ea1-e8a18af6d601', 'user_id': 'P1'}"
09:16:33,instance.deleted,"{'instance_id': 'e03d7df2-dfc6-4c77-a8c0-adf28299d8be', 'instance_label': 'Rabbit', 'is_from_class': False, 'class_id': None, 'session_id': 'e5466056-3354-4623-8ea1-e8a18af6d601', 'user_id': 'P1'}"
09:16:36,api.generate_image.started,"{'sentence_count': 6, 'box_count': 6, 'has_global_caption': True, 'has_required_keywords': False, 'session_id': 'e5466056-3354-4623-8ea1-e8a18af6d601', 'user_id': 'P1'}"
09:17:03,prompt_saved,{'path': 'output/P1/2025-08-22_09-17-03/prompt.json'}
09:17:03,object_detection_integrated,{'objects_count': 4}
09:17:03,api.generate_image.succeeded,"{'global_caption': 'a scene featuring a baby rabbit character in a 2D sketch illustration in watercolor style, wearing a dirty blue jacket with mud, surprised and looking up at an unknown object, alongside a baby rabbit character in a watercolor illustration with a bright and passionate face, wearing a dirty green shirt with mud, with a bright face and a smile, found something, one arm reaching up pointing at something, another baby rabbit in a watercolor illustration with a bright and passionate face, wearing a dirty red shirt with mud, surprised and looking up at a tree, a big tree with branches, a red balloon illustrated in a 2D watercolor sketch, stuck in a tree, and a forest background with trees and mud in a blurred sunny 2D illustration in watercolor style.', 'region_count': 6, 'has_image': True, 'detected_objects_count': 4, 'image_path': 'output/P1/2025-08-22_09-17-03/image.png', 'image_with_layout_path': 'output/P1/2025-08-22_09-17-03/image_with_layout.png', 'timestamp_dir': 'output/P1/2025-08-22_09-17-03', 'session_id': 'e5466056-3354-4623-8ea1-e8a18af6d601', 'user_id': 'P1'}"
09:17:03,object_detection_integrated,"{'objectsCount': 4, 'objects': [{'label': 'person', 'confidence': 0.8398083448410034}, {'label': 'person', 'confidence': 0.47760552167892456}, {'label': 'person', 'confidence': 0.4591793417930603}, {'label': 'person', 'confidence': 0.25753915309906006}], 'session_id': 'e5466056-3354-4623-8ea1-e8a18af6d601', 'user_id': 'P1'}"
09:17:13,scene_saved,"{'slotNumber': 5, 'instanceCount': 6, 'nodeCount': 12, 'edgeCount': 6, 'session_id': 'e5466056-3354-4623-8ea1-e8a18af6d601', 'user_id': 'P1'}"
09:17:15,instance_selected,"{'instance_id': 'instance-608e8a4d-b475-4a5b-8cfe-feae5fff45f6', 'instance_label': 'forest', 'is_from_class': True, 'class_id': 'class-3ff65e8f-8335-4b67-9c53-1d92b1fbbefb', 'session_id': 'e5466056-3354-4623-8ea1-e8a18af6d601', 'user_id': 'P1'}"
09:17:26,api.generate_image.started,"{'sentence_count': 6, 'box_count': 6, 'has_global_caption': False, 'has_required_keywords': False, 'session_id': 'e5466056-3354-4623-8ea1-e8a18af6d601', 'user_id': 'P1'}"
09:17:56,prompt_saved,{'path': 'output/P1/2025-08-22_09-17-56/prompt.json'}
09:17:56,object_detection_integrated,{'objects_count': 0}
09:17:56,api.generate_image.succeeded,"{'global_caption': 'a scene featuring a baby rabbit character in a 2D sketch illustration in watercolor style, wearing a dirty blue jacket with mud, surprised, looking up at an unknown object, a rabbit looking up at a tree, a forest background with trees and mud, a 2D illustration in watercolor style, with a blur effect and sunny atmosphere, a baby rabbit character in a watercolor illustration with a bright and passionate face, wearing a dirty green shirt with mud, a bright face with a smile, found something, one arm reaching up, pointing at something, a rabbit looking and pointing at a tree, a baby rabbit in a watercolor illustration with a bright and passionate face, wearing a dirty red shirt with mud, surprised, looking up at a rabbit looking up at a tree, a big tree with branches, and a red balloon illustrated in a 2D watercolor sketch, a balloon stuck in the tree.', 'region_count': 6, 'has_image': True, 'detected_objects_count': 0, 'image_path': 'output/P1/2025-08-22_09-17-56/image.png', 'image_with_layout_path': 'output/P1/2025-08-22_09-17-56/image_with_layout.png', 'timestamp_dir': 'output/P1/2025-08-22_09-17-56', 'session_id': 'e5466056-3354-4623-8ea1-e8a18af6d601', 'user_id': 'P1'}"
09:17:56,object_detection_integrated,"{'objectsCount': 0, 'objects': [], 'session_id': 'e5466056-3354-4623-8ea1-e8a18af6d601', 'user_id': 'P1'}"
09:18:10,instance_selected,"{'instance_id': 'instance-0108ee6e-4717-4496-acc6-27106afa83f1', 'instance_label': 'tree', 'is_from_class': False, 'class_id': None, 'session_id': 'e5466056-3354-4623-8ea1-e8a18af6d601', 'user_id': 'P1'}"
09:18:22,instance.deleted,"{'instance_id': 'instance-0108ee6e-4717-4496-acc6-27106afa83f1', 'instance_label': 'tree', 'is_from_class': False, 'class_id': None, 'session_id': 'e5466056-3354-4623-8ea1-e8a18af6d601', 'user_id': 'P1'}"
09:18:25,layout.node.moved,"{'nodeId': 'instance-a6e38a4c-3d55-4f61-81f3-558826446a79', 'newPos': {'x': 329, 'y': 119}, 'session_id': 'e5466056-3354-4623-8ea1-e8a18af6d601', 'user_id': 'P1'}"
09:18:27,layout.node.moved,"{'nodeId': 'instance-5ab7832b-69c5-42ea-8ed3-bde6e5761037', 'newPos': {'x': 330, 'y': 260}, 'session_id': 'e5466056-3354-4623-8ea1-e8a18af6d601', 'user_id': 'P1'}"
09:18:28,layout.node.moved,"{'nodeId': 'instance-b97d172f-0052-4bf6-b087-4fe1e6af7dd5', 'newPos': {'x': 164.765625, 'y': 175}, 'session_id': 'e5466056-3354-4623-8ea1-e8a18af6d601', 'user_id': 'P1'}"
09:18:30,layout.node.moved,"{'nodeId': 'instance-a6e38a4c-3d55-4f61-81f3-558826446a79', 'newPos': {'x': 258, 'y': 114}, 'session_id': 'e5466056-3354-4623-8ea1-e8a18af6d601', 'user_id': 'P1'}"
09:18:33,layout.node.moved,"{'nodeId': 'instance-9e369952-10a4-4279-9ec1-aa69428e395c', 'newPos': {'x': 39, 'y': 221}, 'session_id': 'e5466056-3354-4623-8ea1-e8a18af6d601', 'user_id': 'P1'}"
09:18:35,layout.node.moved,"{'nodeId': 'instance-5ab7832b-69c5-42ea-8ed3-bde6e5761037', 'newPos': {'x': 274, 'y': 221}, 'session_id': 'e5466056-3354-4623-8ea1-e8a18af6d601', 'user_id': 'P1'}"
09:18:36,layout.node.moved,"{'nodeId': 'instance-9e369952-10a4-4279-9ec1-aa69428e395c', 'newPos': {'x': 48, 'y': 220}, 'session_id': 'e5466056-3354-4623-8ea1-e8a18af6d601', 'user_id': 'P1'}"
09:18:38,layout.node.moved,"{'nodeId': 'instance-a6e38a4c-3d55-4f61-81f3-558826446a79', 'newPos': {'x': 261, 'y': 115}, 'session_id': 'e5466056-3354-4623-8ea1-e8a18af6d601', 'user_id': 'P1'}"
09:18:38,instance_selected,"{'instance_id': 'instance-b97d172f-0052-4bf6-b087-4fe1e6af7dd5', 'instance_label': 'rabbit', 'is_from_class': True, 'class_id': 'class-195fd647-2a91-4524-b4e2-7f050ac7dda8', 'session_id': 'e5466056-3354-4623-8ea1-e8a18af6d601', 'user_id': 'P1'}"
09:18:47,instance_selected,"{'instance_id': 'instance-9e369952-10a4-4279-9ec1-aa69428e395c', 'instance_label': 'rabbit', 'is_from_class': True, 'class_id': 'class-195fd647-2a91-4524-b4e2-7f050ac7dda8', 'session_id': 'e5466056-3354-4623-8ea1-e8a18af6d601', 'user_id': 'P1'}"
09:19:21,instance_selected,"{'instance_id': 'instance-b97d172f-0052-4bf6-b087-4fe1e6af7dd5', 'instance_label': 'rabbit', 'is_from_class': True, 'class_id': 'class-195fd647-2a91-4524-b4e2-7f050ac7dda8', 'session_id': 'e5466056-3354-4623-8ea1-e8a18af6d601', 'user_id': 'P1'}"
09:19:32,instance_selected,"{'instance_id': 'instance-9e369952-10a4-4279-9ec1-aa69428e395c', 'instance_label': 'rabbit', 'is_from_class': True, 'class_id': 'class-195fd647-2a91-4524-b4e2-7f050ac7dda8', 'session_id': 'e5466056-3354-4623-8ea1-e8a18af6d601', 'user_id': 'P1'}"
09:19:38,instance_selected,"{'instance_id': 'instance-5ab7832b-69c5-42ea-8ed3-bde6e5761037', 'instance_label': 'rabbit', 'is_from_class': True, 'class_id': 'class-195fd647-2a91-4524-b4e2-7f050ac7dda8', 'session_id': 'e5466056-3354-4623-8ea1-e8a18af6d601', 'user_id': 'P1'}"
09:19:47,instance_selected,"{'instance_id': 'instance-b97d172f-0052-4bf6-b087-4fe1e6af7dd5', 'instance_label': 'rabbit', 'is_from_class': True, 'class_id': 'class-195fd647-2a91-4524-b4e2-7f050ac7dda8', 'session_id': 'e5466056-3354-4623-8ea1-e8a18af6d601', 'user_id': 'P1'}"
09:19:59,instance.edit.started,"{'instance_id': 'instance-b97d172f-0052-4bf6-b087-4fe1e6af7dd5', 'instance_label': 'rabbit', 'edit_type': 'text', 'session_id': 'e5466056-3354-4623-8ea1-e8a18af6d601', 'user_id': 'P1'}"
09:20:16,api.generate_text_to_graph.started,"{'has_previous': 'baby rabbit character, 2D sketch illustration in watercolor style. wearing a dirty blue jacket with mud. surprised, looking up', 'text_length': 124, 'previous_objects_count': 10, 'session_id': 'e5466056-3354-4623-8ea1-e8a18af6d601', 'user_id': 'P1'}"
09:20:25,api.generate_text_to_graph.succeeded,"{'objects_count': 10, 'relationships_count': 9, 'root_object': 'object1', 'session_id': 'e5466056-3354-4623-8ea1-e8a18af6d601', 'user_id': 'P1'}"
09:20:25,instance.updated,"{'instance_id': 'instance-b97d172f-0052-4bf6-b087-4fe1e6af7dd5', 'instance_label': 'rabbit', 'text_changed': True, 'graph_changed': False, 'session_id': 'e5466056-3354-4623-8ea1-e8a18af6d601', 'user_id': 'P1'}"
09:20:25,instance_selected,"{'instance_id': 'instance-b97d172f-0052-4bf6-b087-4fe1e6af7dd5', 'instance_label': 'rabbit', 'is_from_class': True, 'class_id': 'class-195fd647-2a91-4524-b4e2-7f050ac7dda8', 'session_id': 'e5466056-3354-4623-8ea1-e8a18af6d601', 'user_id': 'P1'}"
09:20:28,instance.edit.started,"{'instance_id': 'instance-a6e38a4c-3d55-4f61-81f3-558826446a79', 'instance_label': 'balloon', 'edit_type': 'text', 'session_id': 'e5466056-3354-4623-8ea1-e8a18af6d601', 'user_id': 'P1'}"
09:20:36,api.generate_text_to_graph.started,"{'has_previous': 'Red balloon illustrated in a 2D watercolor sketch. stuck', 'text_length': 49, 'previous_objects_count': 3, 'session_id': 'e5466056-3354-4623-8ea1-e8a18af6d601', 'user_id': 'P1'}"
09:20:39,instance.edit.started,"{'instance_id': 'instance-9e369952-10a4-4279-9ec1-aa69428e395c', 'instance_label': 'rabbit', 'edit_type': 'text', 'session_id': 'e5466056-3354-4623-8ea1-e8a18af6d601', 'user_id': 'P1'}"
09:20:40,api.generate_text_to_graph.succeeded,"{'objects_count': 3, 'relationships_count': 2, 'root_object': 'object1', 'session_id': 'e5466056-3354-4623-8ea1-e8a18af6d601', 'user_id': 'P1'}"
09:20:40,instance.updated,"{'instance_id': 'instance-a6e38a4c-3d55-4f61-81f3-558826446a79', 'instance_label': 'balloon', 'text_changed': True, 'graph_changed': False, 'session_id': 'e5466056-3354-4623-8ea1-e8a18af6d601', 'user_id': 'P1'}"
09:20:40,instance_selected,"{'instance_id': 'instance-b97d172f-0052-4bf6-b087-4fe1e6af7dd5', 'instance_label': 'rabbit', 'is_from_class': True, 'class_id': 'class-195fd647-2a91-4524-b4e2-7f050ac7dda8', 'session_id': 'e5466056-3354-4623-8ea1-e8a18af6d601', 'user_id': 'P1'}"
09:20:54,api.generate_text_to_graph.started,"{'has_previous': 'Baby rabbit in a watercolor illustration. with a bright and passionate face. wearing a dirty red shirt with mud. surprised, looking up', 'text_length': 136, 'previous_objects_count': 10, 'session_id': 'e5466056-3354-4623-8ea1-e8a18af6d601', 'user_id': 'P1'}"
09:20:57,instance.edit.started,"{'instance_id': 'instance-5ab7832b-69c5-42ea-8ed3-bde6e5761037', 'instance_label': 'rabbit', 'edit_type': 'text', 'session_id': 'e5466056-3354-4623-8ea1-e8a18af6d601', 'user_id': 'P1'}"
09:21:03,instance.updated,"{'instance_id': 'instance-9e369952-10a4-4279-9ec1-aa69428e395c', 'instance_label': 'rabbit', 'text_changed': True, 'graph_changed': False, 'session_id': 'e5466056-3354-4623-8ea1-e8a18af6d601', 'user_id': 'P1'}"
09:21:03,api.generate_text_to_graph.succeeded,"{'objects_count': 10, 'relationships_count': 9, 'root_object': 'object1', 'session_id': 'e5466056-3354-4623-8ea1-e8a18af6d601', 'user_id': 'P1'}"
09:21:03,instance_selected,"{'instance_id': 'instance-b97d172f-0052-4bf6-b087-4fe1e6af7dd5', 'instance_label': 'rabbit', 'is_from_class': True, 'class_id': 'class-195fd647-2a91-4524-b4e2-7f050ac7dda8', 'session_id': 'e5466056-3354-4623-8ea1-e8a18af6d601', 'user_id': 'P1'}"
09:21:08,api.generate_text_to_graph.started,"{'has_previous': 'Baby rabbit character in a watercolor illustration. with a bright and passionate face. wearing a dirty green shirt with mud. bright face with a smile. found something. one arm reaching up pointing something', 'text_length': 150, 'previous_objects_count': 10, 'session_id': 'e5466056-3354-4623-8ea1-e8a18af6d601', 'user_id': 'P1'}"
09:21:13,api.generate_text_to_graph.succeeded,"{'objects_count': 6, 'relationships_count': 5, 'root_object': 'object1', 'session_id': 'e5466056-3354-4623-8ea1-e8a18af6d601', 'user_id': 'P1'}"
09:21:13,instance.updated,"{'instance_id': 'instance-5ab7832b-69c5-42ea-8ed3-bde6e5761037', 'instance_label': 'rabbit', 'text_changed': True, 'graph_changed': False, 'session_id': 'e5466056-3354-4623-8ea1-e8a18af6d601', 'user_id': 'P1'}"
09:21:13,instance_selected,"{'instance_id': 'instance-b97d172f-0052-4bf6-b087-4fe1e6af7dd5', 'instance_label': 'rabbit', 'is_from_class': True, 'class_id': 'class-195fd647-2a91-4524-b4e2-7f050ac7dda8', 'session_id': 'e5466056-3354-4623-8ea1-e8a18af6d601', 'user_id': 'P1'}"
09:21:15,instance.edit.started,"{'instance_id': 'instance-608e8a4d-b475-4a5b-8cfe-feae5fff45f6', 'instance_label': 'forest', 'edit_type': 'text', 'session_id': 'e5466056-3354-4623-8ea1-e8a18af6d601', 'user_id': 'P1'}"
09:21:29,api.generate_text_to_graph.started,"{'has_previous': 'forest background, with trees and mud. 2D illustration in watercolor style, blur. sunny', 'text_length': 78, 'previous_objects_count': 6, 'session_id': 'e5466056-3354-4623-8ea1-e8a18af6d601', 'user_id': 'P1'}"
09:21:33,api.generate_text_to_graph.succeeded,"{'objects_count': 4, 'relationships_count': 3, 'root_object': 'object1', 'session_id': 'e5466056-3354-4623-8ea1-e8a18af6d601', 'user_id': 'P1'}"
09:21:33,instance.updated,"{'instance_id': 'instance-608e8a4d-b475-4a5b-8cfe-feae5fff45f6', 'instance_label': 'forest', 'text_changed': True, 'graph_changed': False, 'session_id': 'e5466056-3354-4623-8ea1-e8a18af6d601', 'user_id': 'P1'}"
09:21:33,instance_selected,"{'instance_id': 'instance-b97d172f-0052-4bf6-b087-4fe1e6af7dd5', 'instance_label': 'rabbit', 'is_from_class': True, 'class_id': 'class-195fd647-2a91-4524-b4e2-7f050ac7dda8', 'session_id': 'e5466056-3354-4623-8ea1-e8a18af6d601', 'user_id': 'P1'}"
09:21:39,api.generate_image.started,"{'sentence_count': 5, 'box_count': 5, 'has_global_caption': True, 'has_required_keywords': False, 'session_id': 'e5466056-3354-4623-8ea1-e8a18af6d601', 'user_id': 'P1'}"
09:22:07,prompt_saved,{'path': 'output/P1/2025-08-22_09-22-07/prompt.json'}
09:22:07,object_detection_integrated,{'objects_count': 0}
09:22:08,api.generate_image.succeeded,"{'global_caption': 'a scene featuring a baby rabbit character in a 2D sketch illustration in watercolor style, wearing a dirty blue jacket with mud, with a happy face, talking while grabbing a balloon and hugging another rabbit, set against a forest background in a 2D illustration in watercolor style, with a blur effect and bright sunny atmosphere. In addition, there is a baby rabbit character in a watercolor illustration with a bright and passionate face, wearing a dirty green shirt with mud, smiling while looking and pointing at an unknown object, alongside another baby rabbit in a watercolor illustration with a bright and passionate face, wearing a dirty red shirt with mud, looking up at an unknown object, and hugging another rabbit. The scene is completed with a red balloon illustrated in a 2D watercolor sketch, stuck in an unknown object.', 'region_count': 5, 'has_image': True, 'detected_objects_count': 0, 'image_path': 'output/P1/2025-08-22_09-22-07/image.png', 'image_with_layout_path': 'output/P1/2025-08-22_09-22-07/image_with_layout.png', 'timestamp_dir': 'output/P1/2025-08-22_09-22-07', 'session_id': 'e5466056-3354-4623-8ea1-e8a18af6d601', 'user_id': 'P1'}"
09:22:08,object_detection_integrated,"{'objectsCount': 0, 'objects': [], 'session_id': 'e5466056-3354-4623-8ea1-e8a18af6d601', 'user_id': 'P1'}"
09:22:21,layout.node.moved,"{'nodeId': 'instance-9e369952-10a4-4279-9ec1-aa69428e395c', 'newPos': {'x': 49, 'y': 224}, 'session_id': 'e5466056-3354-4623-8ea1-e8a18af6d601', 'user_id': 'P1'}"
09:22:24,layout.node.moved,"{'nodeId': 'instance-9e369952-10a4-4279-9ec1-aa69428e395c', 'newPos': {'x': 49, 'y': 214}, 'session_id': 'e5466056-3354-4623-8ea1-e8a18af6d601', 'user_id': 'P1'}"
09:22:26,layout.node.moved,"{'nodeId': 'instance-a6e38a4c-3d55-4f61-81f3-558826446a79', 'newPos': {'x': 258, 'y': 104}, 'session_id': 'e5466056-3354-4623-8ea1-e8a18af6d601', 'user_id': 'P1'}"
09:22:29,instance_selected,"{'instance_id': 'instance-a6e38a4c-3d55-4f61-81f3-558826446a79', 'instance_label': 'balloon', 'is_from_class': True, 'class_id': 'class-3e5a7aa6-5b51-446b-97b9-b2c655fb78dc', 'session_id': 'e5466056-3354-4623-8ea1-e8a18af6d601', 'user_id': 'P1'}"
09:22:30,instance.edit.started,"{'instance_id': 'instance-a6e38a4c-3d55-4f61-81f3-558826446a79', 'instance_label': 'balloon', 'edit_type': 'text', 'session_id': 'e5466056-3354-4623-8ea1-e8a18af6d601', 'user_id': 'P1'}"
09:22:35,api.generate_text_to_graph.started,"{'has_previous': 'Red balloon illustrated in a 2D watercolor sketch', 'text_length': 58, 'previous_objects_count': 3, 'session_id': 'e5466056-3354-4623-8ea1-e8a18af6d601', 'user_id': 'P1'}"
09:22:39,api.generate_text_to_graph.succeeded,"{'objects_count': 3, 'relationships_count': 2, 'root_object': 'object1', 'session_id': 'e5466056-3354-4623-8ea1-e8a18af6d601', 'user_id': 'P1'}"
09:22:39,instance.updated,"{'instance_id': 'instance-a6e38a4c-3d55-4f61-81f3-558826446a79', 'instance_label': 'balloon', 'text_changed': True, 'graph_changed': False, 'session_id': 'e5466056-3354-4623-8ea1-e8a18af6d601', 'user_id': 'P1'}"
09:22:39,instance_selected,"{'instance_id': 'instance-a6e38a4c-3d55-4f61-81f3-558826446a79', 'instance_label': 'balloon', 'is_from_class': True, 'class_id': 'class-3e5a7aa6-5b51-446b-97b9-b2c655fb78dc', 'session_id': 'e5466056-3354-4623-8ea1-e8a18af6d601', 'user_id': 'P1'}"
09:22:40,api.generate_image.started,"{'sentence_count': 5, 'box_count': 5, 'has_global_caption': True, 'has_required_keywords': False, 'session_id': 'e5466056-3354-4623-8ea1-e8a18af6d601', 'user_id': 'P1'}"
09:23:01,instance_selected,"{'instance_id': 'instance-b97d172f-0052-4bf6-b087-4fe1e6af7dd5', 'instance_label': 'rabbit', 'is_from_class': True, 'class_id': 'class-195fd647-2a91-4524-b4e2-7f050ac7dda8', 'session_id': 'e5466056-3354-4623-8ea1-e8a18af6d601', 'user_id': 'P1'}"
09:23:03,instance_selected,"{'instance_id': 'instance-a6e38a4c-3d55-4f61-81f3-558826446a79', 'instance_label': 'balloon', 'is_from_class': True, 'class_id': 'class-3e5a7aa6-5b51-446b-97b9-b2c655fb78dc', 'session_id': 'e5466056-3354-4623-8ea1-e8a18af6d601', 'user_id': 'P1'}"
09:23:05,instance_selected,"{'instance_id': 'instance-5ab7832b-69c5-42ea-8ed3-bde6e5761037', 'instance_label': 'rabbit', 'is_from_class': True, 'class_id': 'class-195fd647-2a91-4524-b4e2-7f050ac7dda8', 'session_id': 'e5466056-3354-4623-8ea1-e8a18af6d601', 'user_id': 'P1'}"
09:23:07,prompt_saved,{'path': 'output/P1/2025-08-22_09-23-07/prompt.json'}
09:23:07,object_detection_integrated,{'objects_count': 1}
09:23:07,api.generate_image.succeeded,"{'global_caption': 'a scene featuring a baby rabbit character in a 2D sketch illustration in watercolor style, wearing a dirty blue jacket with mud, with a happy face, talking while grabbing a balloon and hugging another rabbit, set against a forest background in a 2D illustration in watercolor style, with a blur effect and bright sunny atmosphere. Additionally, there is a baby rabbit character in a watercolor illustration with a bright and passionate face, wearing a dirty green shirt with mud, smiling while looking and pointing at an unknown object, alongside another baby rabbit in a watercolor illustration with a bright and passionate face, wearing a dirty red shirt with mud, looking up at an unknown object while hugging another rabbit. The scene is completed with a red balloon illustrated in a 2D watercolor sketch, stuck in an unknown object.', 'region_count': 5, 'has_image': True, 'detected_objects_count': 1, 'image_path': 'output/P1/2025-08-22_09-23-07/image.png', 'image_with_layout_path': 'output/P1/2025-08-22_09-23-07/image_with_layout.png', 'timestamp_dir': 'output/P1/2025-08-22_09-23-07', 'session_id': 'e5466056-3354-4623-8ea1-e8a18af6d601', 'user_id': 'P1'}"
09:23:07,object_detection_integrated,"{'objectsCount': 1, 'objects': [{'label': 'teddy bear', 'confidence': 0.2720288038253784}], 'session_id': 'e5466056-3354-4623-8ea1-e8a18af6d601', 'user_id': 'P1'}"
09:23:16,scene_saved,"{'slotNumber': 6, 'instanceCount': 5, 'nodeCount': 10, 'edgeCount': 10, 'session_id': 'e5466056-3354-4623-8ea1-e8a18af6d601', 'user_id': 'P1'}"
09:23:23,system_completed,"{'system': 'system2', 'completion_time': '2025-08-22T09:23:20.943Z', 'session_id': 'e5466056-3354-4623-8ea1-e8a18af6d601', 'user_id': 'P1'}"
09:26:15,system_survey_completed,"{'system_type': 'system2', 'language': 'ko', 'responses': {'mental_demand': 4, 'temporal_demand': 4, 'performance': 5, 'effort': 5, 'frustration': 2, 'exploration': 6, 'engagement': 7, 'effort_reward': 7, 'transparency': 6, 'expressiveness': 6, 'dg1_clarity': 6, 'dg2_prompt_to_image': 7, 'dg2_image_to_prompt': 7, 'dg3_reusability': 7, 'dg3_selective_edit': 7}, 'additional_feedback': '각 오브젝트뿐 아니라 전체 그림을 하이레벨에서 관리할 수 있는 수단이 하나는 있으면 더 좋을 것 같다. negative prompt?가 지원되어도 좋을 것 같다. 사소한 의견입니다...!', 'completion_time': '2025-08-22T09:26:13.122Z', 'system_usage_duration': 3156356, 'session_id': 'e5466056-3354-4623-8ea1-e8a18af6d601', 'user_id': 'P1'}"
