timestamp,event,details
12:39:51,layout_board.new_box_positioned,"{'position': {'x': 155.57500076293945, 'y': 154.19999885559082}, 'screen_position': {'x': 212, 'y': 177}, 'board_type': 'advanced', 'session_id': '60574dc3-f482-4ae5-a84f-c8056856e65a', 'user_id': 'P4'}"
12:40:20,api.generate_text_to_graph.succeeded,"{'objects_count': 4, 'relationships_count': 3, 'root_object': 'object1', 'session_id': '60574dc3-f482-4ae5-a84f-c8056856e65a', 'user_id': 'P4'}"
12:40:21,layoutboard.node.resizable.resized,"{'nodeId': 'instance-7d3e7ac0-4d90-4885-8dba-40e51d210058-resizable', 'prevSize': {'width': 50, 'height': 50}, 'newSize': {'width': 203, 'height': 352}, 'delta': {'width': 153, 'height': 302}, 'linkedSizeNodeIds': [], 'session_id': '60574dc3-f482-4ae5-a84f-c8056856e65a', 'user_id': 'P4'}"
12:40:57,layout_board.new_box_positioned,"{'position': {'x': 10.575000762939453, 'y': 15.19999885559082}, 'screen_position': {'x': 67, 'y': 38}, 'board_type': 'advanced', 'session_id': '60574dc3-f482-4ae5-a84f-c8056856e65a', 'user_id': 'P4'}"
12:41:09,api.generate_text_to_graph.succeeded,"{'objects_count': 2, 'relationships_count': 1, 'root_object': 'object1', 'session_id': '60574dc3-f482-4ae5-a84f-c8056856e65a', 'user_id': 'P4'}"
12:41:13,layoutboard.node.resizable.resized,"{'nodeId': 'instance-a61c45e3-e19d-486b-a597-b5ed896d25b8-resizable', 'prevSize': {'width': 50, 'height': 50}, 'newSize': {'width': 495, 'height': 493}, 'delta': {'width': 445, 'height': 443}, 'linkedSizeNodeIds': [], 'session_id': '60574dc3-f482-4ae5-a84f-c8056856e65a', 'user_id': 'P4'}"
12:41:22,layoutboard.node.resizable.resized,"{'nodeId': 'instance-a61c45e3-e19d-486b-a597-b5ed896d25b8-resizable', 'prevSize': {'width': 50, 'height': 50}, 'newSize': {'width': 495, 'height': 493}, 'delta': {'width': 445, 'height': 443}, 'linkedSizeNodeIds': [], 'session_id': '60574dc3-f482-4ae5-a84f-c8056856e65a', 'user_id': 'P4'}"
12:41:22,layout_board.new_box_positioned,"{'position': {'x': 503.57500076293945, 'y': 506.1999988555908}, 'screen_position': {'x': 560, 'y': 529}, 'board_type': 'advanced', 'session_id': '60574dc3-f482-4ae5-a84f-c8056856e65a', 'user_id': 'P4'}"
12:41:28,layoutboard.node.resizable.resized,"{'nodeId': 'instance-a61c45e3-e19d-486b-a597-b5ed896d25b8-resizable', 'prevSize': {'width': 50, 'height': 50}, 'newSize': {'width': 500, 'height': 367}, 'delta': {'width': 450, 'height': 317}, 'linkedSizeNodeIds': [], 'session_id': '60574dc3-f482-4ae5-a84f-c8056856e65a', 'user_id': 'P4'}"
12:41:30,layout_board.new_box_positioned,"{'position': {'x': 67.57500076293945, 'y': 58.19999885559082}, 'screen_position': {'x': 124, 'y': 81}, 'board_type': 'advanced', 'session_id': '60574dc3-f482-4ae5-a84f-c8056856e65a', 'user_id': 'P4'}"
12:41:36,api.generate_text_to_graph.succeeded,"{'objects_count': 1, 'relationships_count': 0, 'root_object': 'object1', 'session_id': '60574dc3-f482-4ae5-a84f-c8056856e65a', 'user_id': 'P4'}"
12:41:37,layout.node.moved,"{'nodeId': 'instance-7d3c2075-78f2-4510-a841-7d3be99cc03d-resizable', 'newPos': {'x': 9.575000762939453, 'y': 10.19999885559082}, 'session_id': '60574dc3-f482-4ae5-a84f-c8056856e65a', 'user_id': 'P4'}"
12:41:42,layoutboard.node.resizable.resized,"{'nodeId': 'instance-7d3c2075-78f2-4510-a841-7d3be99cc03d-resizable', 'prevSize': {'width': 50, 'height': 50}, 'newSize': {'width': 500, 'height': 128}, 'delta': {'width': 450, 'height': 78}, 'linkedSizeNodeIds': [], 'session_id': '60574dc3-f482-4ae5-a84f-c8056856e65a', 'user_id': 'P4'}"
12:41:45,layout_board.new_box_positioned,"{'position': {'x': 77.57500076293945, 'y': 259.1999988555908}, 'screen_position': {'x': 134, 'y': 282}, 'board_type': 'advanced', 'session_id': '60574dc3-f482-4ae5-a84f-c8056856e65a', 'user_id': 'P4'}"
12:42:09,api.generate_text_to_graph.succeeded,"{'objects_count': 2, 'relationships_count': 1, 'root_object': 'object1', 'session_id': '60574dc3-f482-4ae5-a84f-c8056856e65a', 'user_id': 'P4'}"
12:42:15,layout.node.moved,"{'nodeId': 'instance-a61c45e3-e19d-486b-a597-b5ed896d25b8-resizable', 'newPos': {'x': 12, 'y': 145}, 'session_id': '60574dc3-f482-4ae5-a84f-c8056856e65a', 'user_id': 'P4'}"
12:42:17,layoutboard.node.resizable.resized,"{'nodeId': 'instance-a61c45e3-e19d-486b-a597-b5ed896d25b8-resizable', 'prevSize': {'width': 50, 'height': 50}, 'newSize': {'width': 402, 'height': 286}, 'delta': {'width': 352, 'height': 236}, 'linkedSizeNodeIds': [], 'session_id': '60574dc3-f482-4ae5-a84f-c8056856e65a', 'user_id': 'P4'}"
12:42:23,layoutboard.node.resizable.resized,"{'nodeId': 'instance-e5cdad69-c28f-481f-b3d8-4a041664bf6d-resizable', 'prevSize': {'width': 50, 'height': 50}, 'newSize': {'width': 60, 'height': 117}, 'delta': {'width': 10, 'height': 67}, 'linkedSizeNodeIds': [], 'session_id': '60574dc3-f482-4ae5-a84f-c8056856e65a', 'user_id': 'P4'}"
12:42:28,instance_selected,"{'instance_id': 'instance-e5cdad69-c28f-481f-b3d8-4a041664bf6d', 'instance_label': 'bunny', 'is_from_class': False, 'class_id': None, 'session_id': '60574dc3-f482-4ae5-a84f-c8056856e65a', 'user_id': 'P4'}"
12:42:36,layoutboard.node.resizable.resized,"{'nodeId': 'instance-e5cdad69-c28f-481f-b3d8-4a041664bf6d-resizable', 'prevSize': {'width': 50, 'height': 50}, 'newSize': {'width': 117, 'height': 140}, 'delta': {'width': 67, 'height': 90}, 'linkedSizeNodeIds': [], 'session_id': '60574dc3-f482-4ae5-a84f-c8056856e65a', 'user_id': 'P4'}"
12:42:38,layoutboard.node.resizable.resized,"{'nodeId': 'instance-a61c45e3-e19d-486b-a597-b5ed896d25b8-resizable', 'prevSize': {'width': 50, 'height': 50}, 'newSize': {'width': 504, 'height': 367}, 'delta': {'width': 454, 'height': 317}, 'linkedSizeNodeIds': [], 'session_id': '60574dc3-f482-4ae5-a84f-c8056856e65a', 'user_id': 'P4'}"
12:42:48,instance.save,"{'instance_id': 'instance-e5cdad69-c28f-481f-b3d8-4a041664bf6d', 'session_id': '60574dc3-f482-4ae5-a84f-c8056856e65a', 'user_id': 'P4'}"
12:42:51,api.generate_text_to_graph.succeeded,"{'objects_count': 2, 'relationships_count': 1, 'root_object': 'object1', 'session_id': '60574dc3-f482-4ae5-a84f-c8056856e65a', 'user_id': 'P4'}"
12:42:51,instance.updated,"{'instance_id': 'instance-e5cdad69-c28f-481f-b3d8-4a041664bf6d', 'instance_label': 'bunny', 'text_changed': True, 'graph_changed': False, 'session_id': '60574dc3-f482-4ae5-a84f-c8056856e65a', 'user_id': 'P4'}"
12:43:05,instance_selected,"{'instance_id': 'instance-e5cdad69-c28f-481f-b3d8-4a041664bf6d', 'instance_label': 'bunny', 'is_from_class': False, 'class_id': None, 'session_id': '60574dc3-f482-4ae5-a84f-c8056856e65a', 'user_id': 'P4'}"
12:43:40,instance.save,"{'instance_id': 'instance-7d3e7ac0-4d90-4885-8dba-40e51d210058', 'session_id': '60574dc3-f482-4ae5-a84f-c8056856e65a', 'user_id': 'P4'}"
12:43:44,api.generate_text_to_graph.succeeded,"{'objects_count': 4, 'relationships_count': 3, 'root_object': 'object1', 'session_id': '60574dc3-f482-4ae5-a84f-c8056856e65a', 'user_id': 'P4'}"
12:43:44,instance.updated,"{'instance_id': 'instance-7d3e7ac0-4d90-4885-8dba-40e51d210058', 'instance_label': 'bunny', 'text_changed': True, 'graph_changed': False, 'session_id': '60574dc3-f482-4ae5-a84f-c8056856e65a', 'user_id': 'P4'}"
12:43:44,instance_selected,"{'instance_id': 'instance-e5cdad69-c28f-481f-b3d8-4a041664bf6d', 'instance_label': 'bunny', 'is_from_class': False, 'class_id': None, 'session_id': '60574dc3-f482-4ae5-a84f-c8056856e65a', 'user_id': 'P4'}"
12:43:55,instance_selected,"{'instance_id': 'instance-7d3e7ac0-4d90-4885-8dba-40e51d210058', 'instance_label': 'bunny', 'is_from_class': False, 'class_id': None, 'session_id': '60574dc3-f482-4ae5-a84f-c8056856e65a', 'user_id': 'P4'}"
12:43:59,instance.save,"{'instance_id': 'instance-7d3e7ac0-4d90-4885-8dba-40e51d210058', 'session_id': '60574dc3-f482-4ae5-a84f-c8056856e65a', 'user_id': 'P4'}"
12:44:08,object_node.edit.saved,"{'object_id': 'object2', 'object_name': 'jacket', 'edit_mode': 'attribute-0', 'new_value': 'redblu', 'is_class_mode': False, 'parent_instance_id': 'instance-7d3e7ac0-4d90-4885-8dba-40e51d210058', 'session_id': '60574dc3-f482-4ae5-a84f-c8056856e65a', 'user_id': 'P4'}"
12:44:15,object_node.edit.saved,"{'object_id': 'object2', 'object_name': 'jacket', 'edit_mode': 'attribute-0', 'new_value': 'redblublue', 'is_class_mode': False, 'parent_instance_id': 'instance-7d3e7ac0-4d90-4885-8dba-40e51d210058', 'session_id': '60574dc3-f482-4ae5-a84f-c8056856e65a', 'user_id': 'P4'}"
12:44:17,instance.save,"{'instance_id': 'instance-7d3e7ac0-4d90-4885-8dba-40e51d210058', 'session_id': '60574dc3-f482-4ae5-a84f-c8056856e65a', 'user_id': 'P4'}"
12:44:18,instance.updated,"{'instance_id': 'instance-7d3e7ac0-4d90-4885-8dba-40e51d210058', 'instance_label': 'bunny', 'text_changed': False, 'graph_changed': True, 'session_id': '60574dc3-f482-4ae5-a84f-c8056856e65a', 'user_id': 'P4'}"
12:44:18,api.generate_scene_graph_to_text.succeeded,"{'text_length': 113, 'generated_text': 'Bunny wearing a red and blue jacket, slightly torn and covered with some dirt, holding a red balloon', 'session_id': '60574dc3-f482-4ae5-a84f-c8056856e65a', 'user_id': 'P4'}"
12:44:20,instance_selected,"{'instance_id': 'instance-7d3e7ac0-4d90-4885-8dba-40e51d210058', 'instance_label': 'bunny', 'is_from_class': False, 'class_id': None, 'session_id': '60574dc3-f482-4ae5-a84f-c8056856e65a', 'user_id': 'P4'}"
12:44:41,object_node.edit.saved,"{'object_id': 'object2', 'object_name': 'jacket', 'edit_mode': 'attribute-0', 'new_value': 'blue', 'is_class_mode': False, 'parent_instance_id': 'instance-7d3e7ac0-4d90-4885-8dba-40e51d210058', 'session_id': '60574dc3-f482-4ae5-a84f-c8056856e65a', 'user_id': 'P4'}"
12:44:45,object_node.edit.saved,"{'object_id': 'object3', 'object_name': 'balloon', 'edit_mode': 'adding', 'new_value': 'red', 'is_class_mode': False, 'parent_instance_id': 'instance-7d3e7ac0-4d90-4885-8dba-40e51d210058', 'session_id': '60574dc3-f482-4ae5-a84f-c8056856e65a', 'user_id': 'P4'}"
12:45:04,object_node.edit.saved,"{'object_id': 'object1', 'object_name': 'bunny', 'edit_mode': 'adding', 'new_value': 'emotion relieved', 'is_class_mode': False, 'parent_instance_id': 'instance-7d3e7ac0-4d90-4885-8dba-40e51d210058', 'session_id': '60574dc3-f482-4ae5-a84f-c8056856e65a', 'user_id': 'P4'}"
12:45:19,object_node.edit.saved,"{'object_id': 'object1', 'object_name': 'bunny', 'edit_mode': 'attribute-1', 'new_value': 'relieved', 'is_class_mode': False, 'parent_instance_id': 'instance-7d3e7ac0-4d90-4885-8dba-40e51d210058', 'session_id': '60574dc3-f482-4ae5-a84f-c8056856e65a', 'user_id': 'P4'}"
12:45:20,instance.save,"{'instance_id': 'instance-7d3e7ac0-4d90-4885-8dba-40e51d210058', 'session_id': '60574dc3-f482-4ae5-a84f-c8056856e65a', 'user_id': 'P4'}"
12:45:21,api.generate_scene_graph_to_text.succeeded,"{'text_length': 123, 'generated_text': 'Bunny wearing a blue jacket, slightly torn and covered with some dirt, looking relieved, holding a r', 'session_id': '60574dc3-f482-4ae5-a84f-c8056856e65a', 'user_id': 'P4'}"
12:45:21,instance.updated,"{'instance_id': 'instance-7d3e7ac0-4d90-4885-8dba-40e51d210058', 'instance_label': 'bunny', 'text_changed': False, 'graph_changed': True, 'session_id': '60574dc3-f482-4ae5-a84f-c8056856e65a', 'user_id': 'P4'}"
12:45:21,instance_selected,"{'instance_id': 'instance-7d3e7ac0-4d90-4885-8dba-40e51d210058', 'instance_label': 'bunny', 'is_from_class': False, 'class_id': None, 'session_id': '60574dc3-f482-4ae5-a84f-c8056856e65a', 'user_id': 'P4'}"
12:45:49,prompt_saved,{'path': 'output/P4/2025-08-25_12-45-49/prompt.json'}
12:45:50,object_detection_integrated,{'objects_count': 2}
12:45:50,api.generate_image.succeeded,"{'global_caption': 'a scene featuring a bunny wearing a slightly torn blue jacket covered with some dirt, looking relieved and holding a red balloon in her hand, a green forest with many trees, a blue sky, and two bunnies standing up and smiling in the background', 'region_count': 4, 'has_image': True, 'detected_objects_count': 2, 'image_path': 'output/P4/2025-08-25_12-45-49/image.png', 'image_with_layout_path': 'output/P4/2025-08-25_12-45-49/image_with_layout.png', 'timestamp_dir': 'output/P4/2025-08-25_12-45-49', 'session_id': '60574dc3-f482-4ae5-a84f-c8056856e65a', 'user_id': 'P4'}"
12:45:50,object_detection_integrated,"{'objectsCount': 2, 'objects': [{'label': 'person', 'confidence': 0.8647251725196838}, {'label': 'sports ball', 'confidence': 0.6191162467002869}], 'session_id': '60574dc3-f482-4ae5-a84f-c8056856e65a', 'user_id': 'P4'}"
12:46:01,scene_saved,"{'slotNumber': 1, 'instanceCount': 4, 'nodeCount': 8, 'edgeCount': 0, 'session_id': '60574dc3-f482-4ae5-a84f-c8056856e65a', 'user_id': 'P4'}"
12:46:10,scene_loaded,"{'slotNumber': 1, 'instanceCount': 4, 'nodeCount': 8, 'edgeCount': 0, 'session_id': '60574dc3-f482-4ae5-a84f-c8056856e65a', 'user_id': 'P4'}"
12:46:10,instance_selected,"{'instance_id': 'instance-7d3e7ac0-4d90-4885-8dba-40e51d210058', 'instance_label': 'bunny', 'is_from_class': False, 'class_id': None, 'session_id': '60574dc3-f482-4ae5-a84f-c8056856e65a', 'user_id': 'P4'}"
12:46:20,scene_loaded,"{'slotNumber': 1, 'instanceCount': 4, 'nodeCount': 8, 'edgeCount': 0, 'session_id': '60574dc3-f482-4ae5-a84f-c8056856e65a', 'user_id': 'P4'}"
12:47:26,instance_selected,"{'instance_id': 'instance-7d3c2075-78f2-4510-a841-7d3be99cc03d', 'instance_label': 'sky', 'is_from_class': False, 'class_id': None, 'session_id': '60574dc3-f482-4ae5-a84f-c8056856e65a', 'user_id': 'P4'}"
12:47:50,layoutboard.node.resizable.resized,"{'nodeId': 'instance-7d3c2075-78f2-4510-a841-7d3be99cc03d-resizable', 'prevSize': {'width': 500, 'height': 128}, 'newSize': {'width': 500, 'height': 70}, 'delta': {'width': 0, 'height': -58}, 'linkedSizeNodeIds': [], 'session_id': '60574dc3-f482-4ae5-a84f-c8056856e65a', 'user_id': 'P4'}"
12:47:53,layoutboard.node.resizable.resized,"{'nodeId': 'instance-a61c45e3-e19d-486b-a597-b5ed896d25b8-resizable', 'prevSize': {'width': 504, 'height': 367}, 'newSize': {'width': 508, 'height': 442}, 'delta': {'width': 4, 'height': 75}, 'linkedSizeNodeIds': [], 'session_id': '60574dc3-f482-4ae5-a84f-c8056856e65a', 'user_id': 'P4'}"
12:48:00,layoutboard.node.resizable.resized,"{'nodeId': 'instance-a61c45e3-e19d-486b-a597-b5ed896d25b8-resizable', 'prevSize': {'width': 504, 'height': 367}, 'newSize': {'width': 310, 'height': 419}, 'delta': {'width': -194, 'height': 52}, 'linkedSizeNodeIds': [], 'session_id': '60574dc3-f482-4ae5-a84f-c8056856e65a', 'user_id': 'P4'}"
12:48:02,instance_selected,"{'instance_id': 'instance-7d3e7ac0-4d90-4885-8dba-40e51d210058', 'instance_label': 'bunny', 'is_from_class': False, 'class_id': None, 'session_id': '60574dc3-f482-4ae5-a84f-c8056856e65a', 'user_id': 'P4'}"
12:48:05,layout.node.moved,"{'nodeId': 'instance-a61c45e3-e19d-486b-a597-b5ed896d25b8-resizable', 'newPos': {'x': 103, 'y': 93}, 'session_id': '60574dc3-f482-4ae5-a84f-c8056856e65a', 'user_id': 'P4'}"
12:48:09,layout.node.moved,"{'nodeId': 'instance-a61c45e3-e19d-486b-a597-b5ed896d25b8-resizable', 'newPos': {'x': 202, 'y': 87}, 'session_id': '60574dc3-f482-4ae5-a84f-c8056856e65a', 'user_id': 'P4'}"
12:48:13,layout.node.moved,"{'nodeId': 'instance-7d3e7ac0-4d90-4885-8dba-40e51d210058', 'newPos': {'x': 21.575000762939453, 'y': 152.19999885559082}, 'session_id': '60574dc3-f482-4ae5-a84f-c8056856e65a', 'user_id': 'P4'}"
12:48:14,instance_selected,"{'instance_id': 'instance-e5cdad69-c28f-481f-b3d8-4a041664bf6d', 'instance_label': 'bunny', 'is_from_class': False, 'class_id': None, 'session_id': '60574dc3-f482-4ae5-a84f-c8056856e65a', 'user_id': 'P4'}"
12:48:17,instance.deleted,"{'instance_id': 'instance-e5cdad69-c28f-481f-b3d8-4a041664bf6d', 'instance_label': 'bunny', 'is_from_class': False, 'class_id': None, 'session_id': '60574dc3-f482-4ae5-a84f-c8056856e65a', 'user_id': 'P4'}"
12:48:19,instance_selected,"{'instance_id': 'instance-7d3e7ac0-4d90-4885-8dba-40e51d210058', 'instance_label': 'bunny', 'is_from_class': False, 'class_id': None, 'session_id': '60574dc3-f482-4ae5-a84f-c8056856e65a', 'user_id': 'P4'}"
12:48:29,layout_board.new_box_positioned,"{'position': {'x': 423.88888931274414, 'y': 424.11111068725586}, 'screen_position': {'x': 482, 'y': 467}, 'board_type': 'advanced', 'session_id': '60574dc3-f482-4ae5-a84f-c8056856e65a', 'user_id': 'P4'}"
12:48:45,instance_selected,"{'instance_id': 'instance-7d3e7ac0-4d90-4885-8dba-40e51d210058', 'instance_label': 'bunny', 'is_from_class': False, 'class_id': None, 'session_id': '60574dc3-f482-4ae5-a84f-c8056856e65a', 'user_id': 'P4'}"
12:48:48,api.generate_text_to_graph.succeeded,"{'objects_count': 3, 'relationships_count': 2, 'root_object': 'object1', 'session_id': '60574dc3-f482-4ae5-a84f-c8056856e65a', 'user_id': 'P4'}"
12:48:48,instance_selected,"{'instance_id': 'instance-7d3e7ac0-4d90-4885-8dba-40e51d210058', 'instance_label': 'bunny', 'is_from_class': False, 'class_id': None, 'session_id': '60574dc3-f482-4ae5-a84f-c8056856e65a', 'user_id': 'P4'}"
12:49:14,layout.node.moved,"{'nodeId': 'instance-a61c45e3-e19d-486b-a597-b5ed896d25b8-resizable', 'newPos': {'x': 121, 'y': 82}, 'session_id': '60574dc3-f482-4ae5-a84f-c8056856e65a', 'user_id': 'P4'}"
12:49:15,instance_selected,"{'instance_id': 'instance-9980c51d-0433-417d-ad9c-276aefef7c0a', 'instance_label': 'tree', 'is_from_class': False, 'class_id': None, 'session_id': '60574dc3-f482-4ae5-a84f-c8056856e65a', 'user_id': 'P4'}"
12:49:34,layoutboard.node.resizable.resized,"{'nodeId': 'instance-9980c51d-0433-417d-ad9c-276aefef7c0a-resizable', 'prevSize': {'width': 50, 'height': 50}, 'newSize': {'width': 38, 'height': 327}, 'delta': {'width': -12, 'height': 277}, 'linkedSizeNodeIds': [], 'session_id': '60574dc3-f482-4ae5-a84f-c8056856e65a', 'user_id': 'P4'}"
12:49:39,layoutboard.node.resizable.resized,"{'nodeId': 'instance-9980c51d-0433-417d-ad9c-276aefef7c0a-resizable', 'prevSize': {'width': 50, 'height': 50}, 'newSize': {'width': 132, 'height': 477}, 'delta': {'width': 82, 'height': 427}, 'linkedSizeNodeIds': [], 'session_id': '60574dc3-f482-4ae5-a84f-c8056856e65a', 'user_id': 'P4'}"
12:49:42,layoutboard.node.resizable.resized,"{'nodeId': 'instance-9980c51d-0433-417d-ad9c-276aefef7c0a-resizable', 'prevSize': {'width': 50, 'height': 50}, 'newSize': {'width': 180, 'height': 523}, 'delta': {'width': 130, 'height': 473}, 'linkedSizeNodeIds': [], 'session_id': '60574dc3-f482-4ae5-a84f-c8056856e65a', 'user_id': 'P4'}"
12:49:49,layoutboard.node.resizable.resized,"{'nodeId': 'instance-a61c45e3-e19d-486b-a597-b5ed896d25b8-resizable', 'prevSize': {'width': 504, 'height': 367}, 'newSize': {'width': 414, 'height': 420}, 'delta': {'width': -90, 'height': 53}, 'linkedSizeNodeIds': [], 'session_id': '60574dc3-f482-4ae5-a84f-c8056856e65a', 'user_id': 'P4'}"
12:49:51,layoutboard.node.resizable.resized,"{'nodeId': 'instance-7d3c2075-78f2-4510-a841-7d3be99cc03d-resizable', 'prevSize': {'width': 500, 'height': 128}, 'newSize': {'width': 500, 'height': 70}, 'delta': {'width': 0, 'height': -58}, 'linkedSizeNodeIds': [], 'session_id': '60574dc3-f482-4ae5-a84f-c8056856e65a', 'user_id': 'P4'}"
12:49:56,instance_selected,"{'instance_id': 'instance-a61c45e3-e19d-486b-a597-b5ed896d25b8', 'instance_label': 'forest', 'is_from_class': False, 'class_id': None, 'session_id': '60574dc3-f482-4ae5-a84f-c8056856e65a', 'user_id': 'P4'}"
12:49:57,layoutboard.node.resizable.resized,"{'nodeId': 'instance-7d3c2075-78f2-4510-a841-7d3be99cc03d-resizable', 'prevSize': {'width': 500, 'height': 128}, 'newSize': {'width': 500, 'height': 99}, 'delta': {'width': 0, 'height': -29}, 'linkedSizeNodeIds': [], 'session_id': '60574dc3-f482-4ae5-a84f-c8056856e65a', 'user_id': 'P4'}"
12:50:01,layoutboard.node.resizable.resized,"{'nodeId': 'instance-7d3c2075-78f2-4510-a841-7d3be99cc03d-resizable', 'prevSize': {'width': 500, 'height': 128}, 'newSize': {'width': 500, 'height': 57}, 'delta': {'width': 0, 'height': -71}, 'linkedSizeNodeIds': [], 'session_id': '60574dc3-f482-4ae5-a84f-c8056856e65a', 'user_id': 'P4'}"
12:50:02,layoutboard.node.resizable.resized,"{'nodeId': 'instance-a61c45e3-e19d-486b-a597-b5ed896d25b8-resizable', 'prevSize': {'width': 504, 'height': 367}, 'newSize': {'width': 350, 'height': 416}, 'delta': {'width': -154, 'height': 49}, 'linkedSizeNodeIds': [], 'session_id': '60574dc3-f482-4ae5-a84f-c8056856e65a', 'user_id': 'P4'}"
12:50:04,layout.node.moved,"{'nodeId': 'instance-7d3e7ac0-4d90-4885-8dba-40e51d210058', 'newPos': {'x': 49.57500076293945, 'y': 173.19999885559082}, 'session_id': '60574dc3-f482-4ae5-a84f-c8056856e65a', 'user_id': 'P4'}"
12:50:09,layoutboard.node.resizable.resized,"{'nodeId': 'instance-7d3e7ac0-4d90-4885-8dba-40e51d210058-resizable', 'prevSize': {'width': 203, 'height': 352}, 'newSize': {'width': 127, 'height': 240}, 'delta': {'width': -76, 'height': -112}, 'linkedSizeNodeIds': [], 'session_id': '60574dc3-f482-4ae5-a84f-c8056856e65a', 'user_id': 'P4'}"
12:50:13,layoutboard.node.resizable.resized,"{'nodeId': 'instance-a61c45e3-e19d-486b-a597-b5ed896d25b8-resizable', 'prevSize': {'width': 504, 'height': 367}, 'newSize': {'width': 422, 'height': 420}, 'delta': {'width': -82, 'height': 53}, 'linkedSizeNodeIds': [], 'session_id': '60574dc3-f482-4ae5-a84f-c8056856e65a', 'user_id': 'P4'}"
12:50:15,class_library_toggle,"{'expanded': True, 'class_count': 0, 'session_id': '60574dc3-f482-4ae5-a84f-c8056856e65a', 'user_id': 'P4'}"
12:50:19,class_library_toggle,"{'expanded': False, 'class_count': 0, 'session_id': '60574dc3-f482-4ae5-a84f-c8056856e65a', 'user_id': 'P4'}"
12:50:25,api.generate_placeholders.succeeded,"{'object_count': 4, 'unique_value_count': 10, 'session_id': '60574dc3-f482-4ae5-a84f-c8056856e65a', 'user_id': 'P4'}"
12:50:25,class.created,"{'class_id': 'class-27ee970f-e122-4e0d-872b-d9a0974a7f66', 'class_name': 'bunny Class', 'placeholder_count': 4, 'created_from': 'bunny', 'session_id': '60574dc3-f482-4ae5-a84f-c8056856e65a', 'user_id': 'P4'}"
12:50:25,instance_selected,"{'instance_id': 'instance-a61c45e3-e19d-486b-a597-b5ed896d25b8', 'instance_label': 'forest', 'is_from_class': False, 'class_id': None, 'session_id': '60574dc3-f482-4ae5-a84f-c8056856e65a', 'user_id': 'P4'}"
12:50:28,class_library_toggle,"{'expanded': True, 'class_count': 1, 'session_id': '60574dc3-f482-4ae5-a84f-c8056856e65a', 'user_id': 'P4'}"
12:50:50,instance_selected,"{'instance_id': 'instance-7d3e7ac0-4d90-4885-8dba-40e51d210058', 'instance_label': 'bunny', 'is_from_class': True, 'class_id': 'class-27ee970f-e122-4e0d-872b-d9a0974a7f66', 'session_id': '60574dc3-f482-4ae5-a84f-c8056856e65a', 'user_id': 'P4'}"
12:50:54,object_node.attribute.deleted,"{'object_id': 'object1', 'object_name': 'bunny', 'attribute_index': 0, 'attribute_value': 'blue', 'is_class_mode': False, 'parent_instance_id': 'instance-7d3e7ac0-4d90-4885-8dba-40e51d210058', 'session_id': '60574dc3-f482-4ae5-a84f-c8056856e65a', 'user_id': 'P4'}"
12:50:56,instance.save,"{'instance_id': 'instance-7d3e7ac0-4d90-4885-8dba-40e51d210058', 'session_id': '60574dc3-f482-4ae5-a84f-c8056856e65a', 'user_id': 'P4'}"
12:50:57,instance.updated,"{'instance_id': 'instance-7d3e7ac0-4d90-4885-8dba-40e51d210058', 'instance_label': 'bunny', 'text_changed': False, 'graph_changed': True, 'session_id': '60574dc3-f482-4ae5-a84f-c8056856e65a', 'user_id': 'P4'}"
12:50:57,api.generate_scene_graph_to_text.succeeded,"{'text_length': 105, 'generated_text': 'Bunny wearing a blue jacket, slightly torn and covered with some dirt, holding a red balloon in her ', 'session_id': '60574dc3-f482-4ae5-a84f-c8056856e65a', 'user_id': 'P4'}"
12:50:57,instance_selected,"{'instance_id': 'instance-7d3e7ac0-4d90-4885-8dba-40e51d210058', 'instance_label': 'bunny', 'is_from_class': True, 'class_id': 'class-27ee970f-e122-4e0d-872b-d9a0974a7f66', 'session_id': '60574dc3-f482-4ae5-a84f-c8056856e65a', 'user_id': 'P4'}"
12:51:11,class_deleted,"{'class_id': 'class-27ee970f-e122-4e0d-872b-d9a0974a7f66', 'class_name': 'bunny Class', 'instance_count': 1, 'session_id': '60574dc3-f482-4ae5-a84f-c8056856e65a', 'user_id': 'P4'}"
12:51:11,class.deleted,"{'class_id': 'class-27ee970f-e122-4e0d-872b-d9a0974a7f66', 'class_name': 'bunny Class', 'affected_instances_count': 1, 'placeholder_count': 4, 'session_id': '60574dc3-f482-4ae5-a84f-c8056856e65a', 'user_id': 'P4'}"
12:51:11,instance_selected,"{'instance_id': 'instance-7d3e7ac0-4d90-4885-8dba-40e51d210058', 'instance_label': 'bunny', 'is_from_class': False, 'class_id': None, 'session_id': '60574dc3-f482-4ae5-a84f-c8056856e65a', 'user_id': 'P4'}"
12:51:15,class.created,"{'class_id': 'class-4e2d073b-3ca5-4e4f-b6da-403c7738d3c5', 'class_name': 'bunny Class', 'placeholder_count': 4, 'created_from': 'bunny', 'session_id': '60574dc3-f482-4ae5-a84f-c8056856e65a', 'user_id': 'P4'}"
12:51:15,api.generate_placeholders.succeeded,"{'object_count': 4, 'unique_value_count': 11, 'session_id': '60574dc3-f482-4ae5-a84f-c8056856e65a', 'user_id': 'P4'}"
12:51:15,instance_selected,"{'instance_id': 'instance-7d3e7ac0-4d90-4885-8dba-40e51d210058', 'instance_label': 'bunny', 'is_from_class': True, 'class_id': 'class-4e2d073b-3ca5-4e4f-b6da-403c7738d3c5', 'session_id': '60574dc3-f482-4ae5-a84f-c8056856e65a', 'user_id': 'P4'}"
12:53:05,api.generate_scene_graph_to_text.succeeded,"{'text_length': 83, 'generated_text': 'A very happy bunny is wearing a slightly torn yellow dress that is covered in dirt.', 'session_id': '60574dc3-f482-4ae5-a84f-c8056856e65a', 'user_id': 'P4'}"
12:53:06,instance.created_from_class,"{'instance_id': 'instance-9ee7bf39-f386-47ba-95f4-3028ec2c9f77', 'class_id': 'class-4e2d073b-3ca5-4e4f-b6da-403c7738d3c5', 'instance_label': 'Bunny', 'has_text_description': True, 'session_id': '60574dc3-f482-4ae5-a84f-c8056856e65a', 'user_id': 'P4'}"
12:53:06,api.generate_instance_label_from_description.succeeded,"{'generated_label': 'Bunny', 'original_text': 'A very happy bunny is wearing a slightly torn yell', 'session_id': '60574dc3-f482-4ae5-a84f-c8056856e65a', 'user_id': 'P4'}"
12:53:06,instance_selected,"{'instance_id': 'instance-7d3e7ac0-4d90-4885-8dba-40e51d210058', 'instance_label': 'bunny', 'is_from_class': True, 'class_id': 'class-4e2d073b-3ca5-4e4f-b6da-403c7738d3c5', 'session_id': '60574dc3-f482-4ae5-a84f-c8056856e65a', 'user_id': 'P4'}"
12:53:39,api.generate_scene_graph_to_text.succeeded,"{'text_length': 137, 'generated_text': 'A relieved bunny is wearing a slightly torn, green shirt covered in dirt and is holding something wh', 'session_id': '60574dc3-f482-4ae5-a84f-c8056856e65a', 'user_id': 'P4'}"
12:53:40,instance.created_from_class,"{'instance_id': 'instance-d18190bc-2ec7-483c-a253-3b67ceefad02', 'class_id': 'class-4e2d073b-3ca5-4e4f-b6da-403c7738d3c5', 'instance_label': 'Bunny', 'has_text_description': True, 'session_id': '60574dc3-f482-4ae5-a84f-c8056856e65a', 'user_id': 'P4'}"
12:53:40,api.generate_instance_label_from_description.succeeded,"{'generated_label': 'Bunny', 'original_text': 'A relieved bunny is wearing a slightly torn, green', 'session_id': '60574dc3-f482-4ae5-a84f-c8056856e65a', 'user_id': 'P4'}"
12:53:40,instance_selected,"{'instance_id': 'instance-7d3e7ac0-4d90-4885-8dba-40e51d210058', 'instance_label': 'bunny', 'is_from_class': True, 'class_id': 'class-4e2d073b-3ca5-4e4f-b6da-403c7738d3c5', 'session_id': '60574dc3-f482-4ae5-a84f-c8056856e65a', 'user_id': 'P4'}"
12:53:46,layout.node.moved,"{'nodeId': 'instance-7d3e7ac0-4d90-4885-8dba-40e51d210058', 'newPos': {'x': 169.57500076293945, 'y': 178.19999885559082}, 'session_id': '60574dc3-f482-4ae5-a84f-c8056856e65a', 'user_id': 'P4'}"
12:53:49,instance_selected,"{'instance_id': 'instance-d18190bc-2ec7-483c-a253-3b67ceefad02', 'instance_label': 'Bunny', 'is_from_class': True, 'class_id': 'class-4e2d073b-3ca5-4e4f-b6da-403c7738d3c5', 'session_id': '60574dc3-f482-4ae5-a84f-c8056856e65a', 'user_id': 'P4'}"
12:53:51,layout.node.moved,"{'nodeId': 'instance-d18190bc-2ec7-483c-a253-3b67ceefad02', 'newPos': {'x': 21, 'y': 179}, 'session_id': '60574dc3-f482-4ae5-a84f-c8056856e65a', 'user_id': 'P4'}"
12:53:53,layoutboard.node.resizable.resized,"{'nodeId': 'instance-d18190bc-2ec7-483c-a253-3b67ceefad02-resizable', 'prevSize': {'width': 50, 'height': 50}, 'newSize': {'width': 75, 'height': 86}, 'delta': {'width': 25, 'height': 36}, 'linkedSizeNodeIds': [], 'session_id': '60574dc3-f482-4ae5-a84f-c8056856e65a', 'user_id': 'P4'}"
12:53:56,layout.node.moved,"{'nodeId': 'instance-d18190bc-2ec7-483c-a253-3b67ceefad02', 'newPos': {'x': 0, 'y': 145}, 'session_id': '60574dc3-f482-4ae5-a84f-c8056856e65a', 'user_id': 'P4'}"
12:53:59,layoutboard.node.resizable.resized,"{'nodeId': 'instance-d18190bc-2ec7-483c-a253-3b67ceefad02-resizable', 'prevSize': {'width': 50, 'height': 50}, 'newSize': {'width': 93, 'height': 256}, 'delta': {'width': 43, 'height': 206}, 'linkedSizeNodeIds': [], 'session_id': '60574dc3-f482-4ae5-a84f-c8056856e65a', 'user_id': 'P4'}"
12:54:03,layoutboard.node.resizable.resized,"{'nodeId': 'instance-a61c45e3-e19d-486b-a597-b5ed896d25b8-resizable', 'prevSize': {'width': 504, 'height': 367}, 'newSize': {'width': 296, 'height': 393}, 'delta': {'width': -208, 'height': 26}, 'linkedSizeNodeIds': [], 'session_id': '60574dc3-f482-4ae5-a84f-c8056856e65a', 'user_id': 'P4'}"
12:54:07,layoutboard.node.resizable.resized,"{'nodeId': 'instance-d18190bc-2ec7-483c-a253-3b67ceefad02-resizable', 'prevSize': {'width': 50, 'height': 50}, 'newSize': {'width': 140, 'height': 273}, 'delta': {'width': 90, 'height': 223}, 'linkedSizeNodeIds': [], 'session_id': '60574dc3-f482-4ae5-a84f-c8056856e65a', 'user_id': 'P4'}"
12:54:11,layout.node.moved,"{'nodeId': 'instance-d18190bc-2ec7-483c-a253-3b67ceefad02-resizable', 'newPos': {'x': 47, 'y': 224}, 'session_id': '60574dc3-f482-4ae5-a84f-c8056856e65a', 'user_id': 'P4'}"
12:54:13,layoutboard.node.resizable.resized,"{'nodeId': 'instance-d18190bc-2ec7-483c-a253-3b67ceefad02-resizable', 'prevSize': {'width': 50, 'height': 50}, 'newSize': {'width': 120, 'height': 242}, 'delta': {'width': 70, 'height': 192}, 'linkedSizeNodeIds': [], 'session_id': '60574dc3-f482-4ae5-a84f-c8056856e65a', 'user_id': 'P4'}"
12:54:17,layoutboard.node.resizable.resized,"{'nodeId': 'instance-d18190bc-2ec7-483c-a253-3b67ceefad02-resizable', 'prevSize': {'width': 50, 'height': 50}, 'newSize': {'width': 125, 'height': 246}, 'delta': {'width': 75, 'height': 196}, 'linkedSizeNodeIds': [], 'session_id': '60574dc3-f482-4ae5-a84f-c8056856e65a', 'user_id': 'P4'}"
12:54:20,layout.node.moved,"{'nodeId': 'instance-9ee7bf39-f386-47ba-95f4-3028ec2c9f77', 'newPos': {'x': 55, 'y': 114}, 'session_id': '60574dc3-f482-4ae5-a84f-c8056856e65a', 'user_id': 'P4'}"
12:54:22,layoutboard.node.resizable.resized,"{'nodeId': 'instance-9ee7bf39-f386-47ba-95f4-3028ec2c9f77-resizable', 'prevSize': {'width': 50, 'height': 50}, 'newSize': {'width': 60, 'height': 62}, 'delta': {'width': 10, 'height': 12}, 'linkedSizeNodeIds': [], 'session_id': '60574dc3-f482-4ae5-a84f-c8056856e65a', 'user_id': 'P4'}"
12:54:25,layoutboard.node.resizable.resized,"{'nodeId': 'instance-9ee7bf39-f386-47ba-95f4-3028ec2c9f77-resizable', 'prevSize': {'width': 50, 'height': 50}, 'newSize': {'width': 101, 'height': 272}, 'delta': {'width': 51, 'height': 222}, 'linkedSizeNodeIds': [], 'session_id': '60574dc3-f482-4ae5-a84f-c8056856e65a', 'user_id': 'P4'}"
12:54:32,layout.node.moved,"{'nodeId': 'instance-9ee7bf39-f386-47ba-95f4-3028ec2c9f77-resizable', 'newPos': {'x': 115, 'y': 216}, 'session_id': '60574dc3-f482-4ae5-a84f-c8056856e65a', 'user_id': 'P4'}"
12:54:35,layoutboard.node.resizable.resized,"{'nodeId': 'instance-a61c45e3-e19d-486b-a597-b5ed896d25b8-resizable', 'prevSize': {'width': 504, 'height': 367}, 'newSize': {'width': 423, 'height': 429}, 'delta': {'width': -81, 'height': 62}, 'linkedSizeNodeIds': [], 'session_id': '60574dc3-f482-4ae5-a84f-c8056856e65a', 'user_id': 'P4'}"
12:54:40,class_library_toggle,"{'expanded': False, 'class_count': 1, 'session_id': '60574dc3-f482-4ae5-a84f-c8056856e65a', 'user_id': 'P4'}"
12:54:46,relationship_node.created,"{'relationship_id': 'instance-7d3e7ac0-4d90-4885-8dba-40e51d210058->instance-9980c51d-0433-417d-ad9c-276aefef7c0a:looking up', 'sourceId': 'instance-7d3e7ac0-4d90-4885-8dba-40e51d210058', 'targetId': 'instance-9980c51d-0433-417d-ad9c-276aefef7c0a', 'relation': 'looking up', 'video_time': '44:08'}"
12:54:56,relationship_node.created,"{'relationship_id': 'instance-7d3e7ac0-4d90-4885-8dba-40e51d210058->instance-9980c51d-0433-417d-ad9c-276aefef7c0a:looking up', 'sourceId': 'instance-7d3e7ac0-4d90-4885-8dba-40e51d210058', 'targetId': 'instance-9980c51d-0433-417d-ad9c-276aefef7c0a', 'relation': 'looking up', 'video_time': '44:18'}"
12:55:01,layoutboard.node.resizable.resized,"{'nodeId': 'instance-a61c45e3-e19d-486b-a597-b5ed896d25b8-resizable', 'prevSize': {'width': 504, 'height': 367}, 'newSize': {'width': 40, 'height': 160}, 'delta': {'width': -464, 'height': -207}, 'linkedSizeNodeIds': [], 'session_id': '60574dc3-f482-4ae5-a84f-c8056856e65a', 'user_id': 'P4'}"
12:55:15,instance_selected,"{'instance_id': 'instance-7d3e7ac0-4d90-4885-8dba-40e51d210058', 'instance_label': 'bunny', 'is_from_class': True, 'class_id': 'class-4e2d073b-3ca5-4e4f-b6da-403c7738d3c5', 'session_id': '60574dc3-f482-4ae5-a84f-c8056856e65a', 'user_id': 'P4'}"
12:55:15,relationship_node.created,"{'relationship_id': 'instance-7d3e7ac0-4d90-4885-8dba-40e51d210058->instance-9980c51d-0433-417d-ad9c-276aefef7c0a:looking up', 'sourceId': 'instance-7d3e7ac0-4d90-4885-8dba-40e51d210058', 'targetId': 'instance-9980c51d-0433-417d-ad9c-276aefef7c0a', 'relation': 'looking up', 'video_time': '44:37'}"
12:55:39,instance_selected,"{'instance_id': 'instance-9980c51d-0433-417d-ad9c-276aefef7c0a', 'instance_label': 'tree', 'is_from_class': False, 'class_id': None, 'session_id': '60574dc3-f482-4ae5-a84f-c8056856e65a', 'user_id': 'P4'}"
12:55:53,layout.node.moved,"{'nodeId': 'instance-9980c51d-0433-417d-ad9c-276aefef7c0a-resizable', 'newPos': {'x': 305.88888931274414, 'y': -11}, 'session_id': '60574dc3-f482-4ae5-a84f-c8056856e65a', 'user_id': 'P4'}"
12:55:55,layoutboard.node.resizable.resized,"{'nodeId': 'instance-9980c51d-0433-417d-ad9c-276aefef7c0a-resizable', 'prevSize': {'width': 50, 'height': 50}, 'newSize': {'width': 182, 'height': 491}, 'delta': {'width': 132, 'height': 441}, 'linkedSizeNodeIds': [], 'session_id': '60574dc3-f482-4ae5-a84f-c8056856e65a', 'user_id': 'P4'}"
12:55:58,layout.node.moved,"{'nodeId': 'instance-9980c51d-0433-417d-ad9c-276aefef7c0a-resizable', 'newPos': {'x': 321.88888931274414, 'y': 18}, 'session_id': '60574dc3-f482-4ae5-a84f-c8056856e65a', 'user_id': 'P4'}"
12:55:59,layout.node.moved,"{'nodeId': 'instance-9980c51d-0433-417d-ad9c-276aefef7c0a-resizable', 'newPos': {'x': 236.88888931274414, 'y': 18}, 'session_id': '60574dc3-f482-4ae5-a84f-c8056856e65a', 'user_id': 'P4'}"
12:56:02,layoutboard.node.resizable.resized,"{'nodeId': 'instance-a61c45e3-e19d-486b-a597-b5ed896d25b8-resizable', 'prevSize': {'width': 504, 'height': 367}, 'newSize': {'width': 40, 'height': 160}, 'delta': {'width': -464, 'height': -207}, 'linkedSizeNodeIds': [], 'session_id': '60574dc3-f482-4ae5-a84f-c8056856e65a', 'user_id': 'P4'}"
12:56:04,layoutboard.node.resizable.resized,"{'nodeId': 'instance-a61c45e3-e19d-486b-a597-b5ed896d25b8-resizable', 'prevSize': {'width': 504, 'height': 367}, 'newSize': {'width': 118, 'height': 160}, 'delta': {'width': -386, 'height': -207}, 'linkedSizeNodeIds': [], 'session_id': '60574dc3-f482-4ae5-a84f-c8056856e65a', 'user_id': 'P4'}"
12:56:07,layoutboard.node.resizable.resized,"{'nodeId': 'instance-9980c51d-0433-417d-ad9c-276aefef7c0a-resizable', 'prevSize': {'width': 50, 'height': 50}, 'newSize': {'width': 188, 'height': 466}, 'delta': {'width': 138, 'height': 416}, 'linkedSizeNodeIds': [], 'session_id': '60574dc3-f482-4ae5-a84f-c8056856e65a', 'user_id': 'P4'}"
12:56:11,layoutboard.node.resizable.resized,"{'nodeId': 'instance-a61c45e3-e19d-486b-a597-b5ed896d25b8-resizable', 'prevSize': {'width': 504, 'height': 367}, 'newSize': {'width': 493, 'height': 158}, 'delta': {'width': -11, 'height': -209}, 'linkedSizeNodeIds': [], 'session_id': '60574dc3-f482-4ae5-a84f-c8056856e65a', 'user_id': 'P4'}"
12:56:15,layoutboard.node.resizable.resized,"{'nodeId': 'instance-a61c45e3-e19d-486b-a597-b5ed896d25b8-resizable', 'prevSize': {'width': 504, 'height': 367}, 'newSize': {'width': 498, 'height': 419}, 'delta': {'width': -6, 'height': 52}, 'linkedSizeNodeIds': [], 'session_id': '60574dc3-f482-4ae5-a84f-c8056856e65a', 'user_id': 'P4'}"
12:56:16,instance_selected,"{'instance_id': 'instance-9980c51d-0433-417d-ad9c-276aefef7c0a', 'instance_label': 'tree', 'is_from_class': False, 'class_id': None, 'session_id': '60574dc3-f482-4ae5-a84f-c8056856e65a', 'user_id': 'P4'}"
12:56:21,layoutboard.node.resizable.resized,"{'nodeId': 'instance-9980c51d-0433-417d-ad9c-276aefef7c0a-resizable', 'prevSize': {'width': 50, 'height': 50}, 'newSize': {'width': 211, 'height': 475}, 'delta': {'width': 161, 'height': 425}, 'linkedSizeNodeIds': [], 'session_id': '60574dc3-f482-4ae5-a84f-c8056856e65a', 'user_id': 'P4'}"
12:56:25,layout.node.moved,"{'nodeId': 'instance-9980c51d-0433-417d-ad9c-276aefef7c0a', 'newPos': {'x': 301.88888931274414, 'y': 18}, 'session_id': '60574dc3-f482-4ae5-a84f-c8056856e65a', 'user_id': 'P4'}"
12:56:51,layoutboard.node.resizable.resized,"{'nodeId': 'instance-a61c45e3-e19d-486b-a597-b5ed896d25b8-resizable', 'prevSize': {'width': 504, 'height': 367}, 'newSize': {'width': 452, 'height': 419}, 'delta': {'width': -52, 'height': 52}, 'linkedSizeNodeIds': [], 'session_id': '60574dc3-f482-4ae5-a84f-c8056856e65a', 'user_id': 'P4'}"
12:56:52,instance_selected,"{'instance_id': 'instance-d18190bc-2ec7-483c-a253-3b67ceefad02', 'instance_label': 'Bunny', 'is_from_class': True, 'class_id': 'class-4e2d073b-3ca5-4e4f-b6da-403c7738d3c5', 'session_id': '60574dc3-f482-4ae5-a84f-c8056856e65a', 'user_id': 'P4'}"
12:56:59,layout.node.moved,"{'nodeId': 'instance-d18190bc-2ec7-483c-a253-3b67ceefad02', 'newPos': {'x': 392, 'y': 37}, 'session_id': '60574dc3-f482-4ae5-a84f-c8056856e65a', 'user_id': 'P4'}"
12:57:02,layoutboard.node.resizable.resized,"{'nodeId': 'instance-a61c45e3-e19d-486b-a597-b5ed896d25b8-resizable', 'prevSize': {'width': 504, 'height': 367}, 'newSize': {'width': 498, 'height': 422}, 'delta': {'width': -6, 'height': 55}, 'linkedSizeNodeIds': [], 'session_id': '60574dc3-f482-4ae5-a84f-c8056856e65a', 'user_id': 'P4'}"
12:57:09,layout.node.moved,"{'nodeId': 'instance-d18190bc-2ec7-483c-a253-3b67ceefad02', 'newPos': {'x': 392, 'y': 93}, 'session_id': '60574dc3-f482-4ae5-a84f-c8056856e65a', 'user_id': 'P4'}"
12:57:10,layout.node.moved,"{'nodeId': 'instance-9980c51d-0433-417d-ad9c-276aefef7c0a-resizable', 'newPos': {'x': 301.88888931274414, 'y': 18}, 'session_id': '60574dc3-f482-4ae5-a84f-c8056856e65a', 'user_id': 'P4'}"
12:57:13,layout.node.moved,"{'nodeId': 'instance-9980c51d-0433-417d-ad9c-276aefef7c0a-resizable', 'newPos': {'x': 58.88888931274414, 'y': 26}, 'session_id': '60574dc3-f482-4ae5-a84f-c8056856e65a', 'user_id': 'P4'}"
12:57:15,layout.node.moved,"{'nodeId': 'instance-9980c51d-0433-417d-ad9c-276aefef7c0a-resizable', 'newPos': {'x': 301, 'y': 12}, 'session_id': '60574dc3-f482-4ae5-a84f-c8056856e65a', 'user_id': 'P4'}"
12:57:25,layout.node.moved,"{'nodeId': 'instance-9980c51d-0433-417d-ad9c-276aefef7c0a-resizable', 'newPos': {'x': 301, 'y': 5}, 'session_id': '60574dc3-f482-4ae5-a84f-c8056856e65a', 'user_id': 'P4'}"
12:57:28,layout.node.moved,"{'nodeId': 'instance-9980c51d-0433-417d-ad9c-276aefef7c0a-resizable', 'newPos': {'x': 188, 'y': 37}, 'session_id': '60574dc3-f482-4ae5-a84f-c8056856e65a', 'user_id': 'P4'}"
12:57:30,layout.node.moved,"{'nodeId': 'instance-9980c51d-0433-417d-ad9c-276aefef7c0a-resizable', 'newPos': {'x': 301, 'y': 0}, 'session_id': '60574dc3-f482-4ae5-a84f-c8056856e65a', 'user_id': 'P4'}"
12:57:35,layout.node.moved,"{'nodeId': 'instance-9980c51d-0433-417d-ad9c-276aefef7c0a-resizable', 'newPos': {'x': 301, 'y': 0.3333320617675781}, 'session_id': '60574dc3-f482-4ae5-a84f-c8056856e65a', 'user_id': 'P4'}"
12:57:37,layout.node.moved,"{'nodeId': 'instance-9980c51d-0433-417d-ad9c-276aefef7c0a-resizable', 'newPos': {'x': 301, 'y': 7.333332061767578}, 'session_id': '60574dc3-f482-4ae5-a84f-c8056856e65a', 'user_id': 'P4'}"
12:57:41,layout.node.moved,"{'nodeId': 'instance-9980c51d-0433-417d-ad9c-276aefef7c0a-resizable', 'newPos': {'x': 259, 'y': 12.333332061767578}, 'session_id': '60574dc3-f482-4ae5-a84f-c8056856e65a', 'user_id': 'P4'}"
12:57:42,object_clicked,"{'label': 'sports ball', 'confidence': 0.6191162467002869, 'bbox': [329, 68, 414, 115], 'session_id': '60574dc3-f482-4ae5-a84f-c8056856e65a', 'user_id': 'P4'}"
12:57:42,describe_requested,"{'crop_box': [329, 68, 414, 115], 'global_caption': 'a scene featuring a bunny wearing a slightly torn blue jacket covered with some dirt, looking relieved and holding a red balloon in her hand, a green forest with many trees, a blue sky, and two bunnies standing up and smiling in the background'}"
12:57:42,describe_region_saved,{'region_path': 'output/P4/2025-08-25_12-57-42/region.png'}
12:57:44,layout.node.moved,"{'nodeId': 'instance-7d3c2075-78f2-4510-a841-7d3be99cc03d-resizable', 'newPos': {'x': 0, 'y': 0}, 'session_id': '60574dc3-f482-4ae5-a84f-c8056856e65a', 'user_id': 'P4'}"
12:57:45,describe_result,"{'noun_phrase': 'red balloon', 'description': 'a glossy red sphere with a smooth surface'}"
12:57:45,object_description_generated,"{'label': 'red balloon', 'description': 'a glossy red sphere with a smooth surface', 'session_id': '60574dc3-f482-4ae5-a84f-c8056856e65a', 'user_id': 'P4'}"
12:57:45,api.generate_description.succeeded,"{'label': 'red balloon', 'description_length': 41, 'session_id': '60574dc3-f482-4ae5-a84f-c8056856e65a', 'user_id': 'P4'}"
12:57:47,api.generate_text_to_graph.succeeded,"{'objects_count': 1, 'relationships_count': 0, 'root_object': 'object1', 'session_id': '60574dc3-f482-4ae5-a84f-c8056856e65a', 'user_id': 'P4'}"
12:57:47,scene_graph_generated,"{'objects_count': 1, 'relationships_count': 0, 'session_id': '60574dc3-f482-4ae5-a84f-c8056856e65a', 'user_id': 'P4'}"
12:57:48,instance_created_from_detection,"{'instanceId': 'bfd344e8-9e71-4ca5-b8e8-014d55785fcd', 'label': 'Red sphere', 'originalObjectLabel': 'sports ball', 'session_id': '60574dc3-f482-4ae5-a84f-c8056856e65a', 'user_id': 'P4'}"
12:57:48,api.generate_instance_label_from_description.succeeded,"{'generated_label': 'Red sphere', 'original_text': 'a glossy red sphere with a smooth surface', 'session_id': '60574dc3-f482-4ae5-a84f-c8056856e65a', 'user_id': 'P4'}"
12:57:48,instance_selected,"{'instance_id': 'instance-d18190bc-2ec7-483c-a253-3b67ceefad02', 'instance_label': 'Bunny', 'is_from_class': True, 'class_id': 'class-4e2d073b-3ca5-4e4f-b6da-403c7738d3c5', 'session_id': '60574dc3-f482-4ae5-a84f-c8056856e65a', 'user_id': 'P4'}"
12:57:52,layout.node.moved,"{'nodeId': 'bfd344e8-9e71-4ca5-b8e8-014d55785fcd-resizable', 'newPos': {'x': 333.1666679382324, 'y': 68.11111068725586}, 'session_id': '60574dc3-f482-4ae5-a84f-c8056856e65a', 'user_id': 'P4'}"
12:58:06,instance.deleted,"{'instance_id': 'bfd344e8-9e71-4ca5-b8e8-014d55785fcd', 'instance_label': 'Red sphere', 'is_from_class': False, 'class_id': None, 'session_id': '60574dc3-f482-4ae5-a84f-c8056856e65a', 'user_id': 'P4'}"
12:58:06,instance_selected,"{'instance_id': 'instance-d18190bc-2ec7-483c-a253-3b67ceefad02', 'instance_label': 'Bunny', 'is_from_class': True, 'class_id': 'class-4e2d073b-3ca5-4e4f-b6da-403c7738d3c5', 'session_id': '60574dc3-f482-4ae5-a84f-c8056856e65a', 'user_id': 'P4'}"
12:58:10,layout.node.moved,"{'nodeId': 'instance-9980c51d-0433-417d-ad9c-276aefef7c0a-resizable', 'newPos': {'x': 107, 'y': 0}, 'session_id': '60574dc3-f482-4ae5-a84f-c8056856e65a', 'user_id': 'P4'}"
12:58:11,relationship_node.deleted,"{'relationship_id': 'instance-d18190bc-2ec7-483c-a253-3b67ceefad02-instance-9980c51d-0433-417d-ad9c-276aefef7c0a', 'source_object_id': 'instance-d18190bc-2ec7-483c-a253-3b67ceefad02', 'target_object_id': 'instance-9980c51d-0433-417d-ad9c-276aefef7c0a', 'relation': 'looking up', 'source_object_name': 'Bunny', 'target_object_name': 'tree', 'session_id': '60574dc3-f482-4ae5-a84f-c8056856e65a', 'user_id': 'P4'}"
12:58:16,instance_selected,"{'instance_id': 'instance-9980c51d-0433-417d-ad9c-276aefef7c0a', 'instance_label': 'tree', 'is_from_class': False, 'class_id': None, 'session_id': '60574dc3-f482-4ae5-a84f-c8056856e65a', 'user_id': 'P4'}"
12:58:17,instance_selected,"{'instance_id': 'instance-d18190bc-2ec7-483c-a253-3b67ceefad02', 'instance_label': 'Bunny', 'is_from_class': True, 'class_id': 'class-4e2d073b-3ca5-4e4f-b6da-403c7738d3c5', 'session_id': '60574dc3-f482-4ae5-a84f-c8056856e65a', 'user_id': 'P4'}"
12:58:19,layout.node.moved,"{'nodeId': 'instance-d18190bc-2ec7-483c-a253-3b67ceefad02', 'newPos': {'x': 391, 'y': 93}, 'session_id': '60574dc3-f482-4ae5-a84f-c8056856e65a', 'user_id': 'P4'}"
12:58:31,layout.node.moved,"{'nodeId': 'instance-d18190bc-2ec7-483c-a253-3b67ceefad02', 'newPos': {'x': 365, 'y': 96}, 'session_id': '60574dc3-f482-4ae5-a84f-c8056856e65a', 'user_id': 'P4'}"
12:58:40,layout.node.moved,"{'nodeId': 'instance-9980c51d-0433-417d-ad9c-276aefef7c0a', 'newPos': {'x': 294, 'y': 6}, 'session_id': '60574dc3-f482-4ae5-a84f-c8056856e65a', 'user_id': 'P4'}"
12:58:41,relationship_node.created,"{'relationship_id': 'instance-7d3e7ac0-4d90-4885-8dba-40e51d210058->instance-9980c51d-0433-417d-ad9c-276aefef7c0a:hanging on the highest branch of the tree', 'sourceId': 'instance-7d3e7ac0-4d90-4885-8dba-40e51d210058', 'targetId': 'instance-9980c51d-0433-417d-ad9c-276aefef7c0a', 'relation': 'hanging on the highest branch of the tree', 'video_time': '48:03'}"
12:59:15,layout.node.moved,"{'nodeId': 'instance-9980c51d-0433-417d-ad9c-276aefef7c0a-resizable', 'newPos': {'x': 294, 'y': 2}, 'session_id': '60574dc3-f482-4ae5-a84f-c8056856e65a', 'user_id': 'P4'}"
12:59:21,layout.node.moved,"{'nodeId': 'instance-a61c45e3-e19d-486b-a597-b5ed896d25b8-resizable', 'newPos': {'x': 0, 'y': 70}, 'session_id': '60574dc3-f482-4ae5-a84f-c8056856e65a', 'user_id': 'P4'}"
12:59:23,layout.node.moved,"{'nodeId': 'instance-9980c51d-0433-417d-ad9c-276aefef7c0a', 'newPos': {'x': 151, 'y': 28}, 'session_id': '60574dc3-f482-4ae5-a84f-c8056856e65a', 'user_id': 'P4'}"
12:59:24,layout.node.moved,"{'nodeId': 'instance-d18190bc-2ec7-483c-a253-3b67ceefad02', 'newPos': {'x': 379, 'y': 97}, 'session_id': '60574dc3-f482-4ae5-a84f-c8056856e65a', 'user_id': 'P4'}"
12:59:30,relationship_node.created,"{'relationship_id': 'instance-7d3e7ac0-4d90-4885-8dba-40e51d210058->instance-7d3e7ac0-4d90-4885-8dba-40e51d210058:looking down at', 'sourceId': 'instance-7d3e7ac0-4d90-4885-8dba-40e51d210058', 'targetId': 'instance-7d3e7ac0-4d90-4885-8dba-40e51d210058', 'relation': 'looking down at', 'video_time': '48:52'}"
12:59:40,layout.node.moved,"{'nodeId': 'instance-9980c51d-0433-417d-ad9c-276aefef7c0a', 'newPos': {'x': 296, 'y': 5}, 'session_id': '60574dc3-f482-4ae5-a84f-c8056856e65a', 'user_id': 'P4'}"
12:59:52,instance_selected,"{'instance_id': 'instance-9980c51d-0433-417d-ad9c-276aefef7c0a', 'instance_label': 'tree', 'is_from_class': False, 'class_id': None, 'session_id': '60574dc3-f482-4ae5-a84f-c8056856e65a', 'user_id': 'P4'}"
12:59:57,instance.save,"{'instance_id': 'instance-9980c51d-0433-417d-ad9c-276aefef7c0a', 'session_id': '60574dc3-f482-4ae5-a84f-c8056856e65a', 'user_id': 'P4'}"
12:59:57,api.generate_scene_graph_to_text.succeeded,"{'text_length': 32, 'generated_text': 'Tall tree on the highest branch.', 'session_id': '60574dc3-f482-4ae5-a84f-c8056856e65a', 'user_id': 'P4'}"
12:59:57,instance.updated,"{'instance_id': 'instance-9980c51d-0433-417d-ad9c-276aefef7c0a', 'instance_label': 'tree', 'text_changed': False, 'graph_changed': True, 'session_id': '60574dc3-f482-4ae5-a84f-c8056856e65a', 'user_id': 'P4'}"
12:59:58,instance_selected,"{'instance_id': 'instance-9980c51d-0433-417d-ad9c-276aefef7c0a', 'instance_label': 'tree', 'is_from_class': False, 'class_id': None, 'session_id': '60574dc3-f482-4ae5-a84f-c8056856e65a', 'user_id': 'P4'}"
12:59:59,layout.node.moved,"{'nodeId': 'instance-9980c51d-0433-417d-ad9c-276aefef7c0a', 'newPos': {'x': 296, 'y': 6}, 'session_id': '60574dc3-f482-4ae5-a84f-c8056856e65a', 'user_id': 'P4'}"
13:00:25,layout_board.new_box_positioned,"{'position': {'x': 351.1666679382324, 'y': 106.11111068725586}, 'screen_position': {'x': 410, 'y': 149}, 'board_type': 'advanced', 'session_id': '60574dc3-f482-4ae5-a84f-c8056856e65a', 'user_id': 'P4'}"
13:00:54,instance_selected,"{'instance_id': 'instance-9980c51d-0433-417d-ad9c-276aefef7c0a', 'instance_label': 'tree', 'is_from_class': False, 'class_id': None, 'session_id': '60574dc3-f482-4ae5-a84f-c8056856e65a', 'user_id': 'P4'}"
13:00:58,api.generate_text_to_graph.succeeded,"{'objects_count': 3, 'relationships_count': 2, 'root_object': 'object1', 'session_id': '60574dc3-f482-4ae5-a84f-c8056856e65a', 'user_id': 'P4'}"
13:00:58,instance_selected,"{'instance_id': 'instance-9980c51d-0433-417d-ad9c-276aefef7c0a', 'instance_label': 'tree', 'is_from_class': False, 'class_id': None, 'session_id': '60574dc3-f482-4ae5-a84f-c8056856e65a', 'user_id': 'P4'}"
13:01:04,layout.node.moved,"{'nodeId': 'instance-9980c51d-0433-417d-ad9c-276aefef7c0a-resizable', 'newPos': {'x': 157, 'y': 5}, 'session_id': '60574dc3-f482-4ae5-a84f-c8056856e65a', 'user_id': 'P4'}"
13:01:04,instance_selected,"{'instance_id': 'instance-664e6a19-8255-431a-967a-3ca625608ba3', 'instance_label': 'balloon', 'is_from_class': False, 'class_id': None, 'session_id': '60574dc3-f482-4ae5-a84f-c8056856e65a', 'user_id': 'P4'}"
13:01:11,layoutboard.node.resizable.resized,"{'nodeId': 'instance-664e6a19-8255-431a-967a-3ca625608ba3-resizable', 'prevSize': {'width': 50, 'height': 50}, 'newSize': {'width': 72, 'height': 76}, 'delta': {'width': 22, 'height': 26}, 'linkedSizeNodeIds': [], 'session_id': '60574dc3-f482-4ae5-a84f-c8056856e65a', 'user_id': 'P4'}"
13:01:13,layout.node.moved,"{'nodeId': 'instance-664e6a19-8255-431a-967a-3ca625608ba3', 'newPos': {'x': 314.1666679382324, 'y': 76.11111068725586}, 'session_id': '60574dc3-f482-4ae5-a84f-c8056856e65a', 'user_id': 'P4'}"
13:01:14,instance_selected,"{'instance_id': 'instance-d18190bc-2ec7-483c-a253-3b67ceefad02', 'instance_label': 'Bunny', 'is_from_class': True, 'class_id': 'class-4e2d073b-3ca5-4e4f-b6da-403c7738d3c5', 'session_id': '60574dc3-f482-4ae5-a84f-c8056856e65a', 'user_id': 'P4'}"
13:01:17,layoutboard.node.resizable.resized,"{'nodeId': 'instance-d18190bc-2ec7-483c-a253-3b67ceefad02-resizable', 'prevSize': {'width': 50, 'height': 50}, 'newSize': {'width': 115, 'height': 203}, 'delta': {'width': 65, 'height': 153}, 'linkedSizeNodeIds': [], 'session_id': '60574dc3-f482-4ae5-a84f-c8056856e65a', 'user_id': 'P4'}"
13:01:18,instance_selected,"{'instance_id': 'instance-9980c51d-0433-417d-ad9c-276aefef7c0a', 'instance_label': 'tree', 'is_from_class': False, 'class_id': None, 'session_id': '60574dc3-f482-4ae5-a84f-c8056856e65a', 'user_id': 'P4'}"
13:01:22,layout.node.moved,"{'nodeId': 'instance-9980c51d-0433-417d-ad9c-276aefef7c0a', 'newPos': {'x': 296, 'y': 6}, 'session_id': '60574dc3-f482-4ae5-a84f-c8056856e65a', 'user_id': 'P4'}"
13:01:23,instance_selected,"{'instance_id': 'instance-d18190bc-2ec7-483c-a253-3b67ceefad02', 'instance_label': 'Bunny', 'is_from_class': True, 'class_id': 'class-4e2d073b-3ca5-4e4f-b6da-403c7738d3c5', 'session_id': '60574dc3-f482-4ae5-a84f-c8056856e65a', 'user_id': 'P4'}"
13:01:33,relationship_node.created,"{'relationship_id': 'instance-7d3e7ac0-4d90-4885-8dba-40e51d210058->object3:holding', 'sourceId': 'instance-7d3e7ac0-4d90-4885-8dba-40e51d210058', 'targetId': 'object3', 'relation': 'holding', 'video_time': '50:55'}"
13:01:47,layout.node.moved,"{'nodeId': 'instance-d18190bc-2ec7-483c-a253-3b67ceefad02', 'newPos': {'x': 374, 'y': 77}, 'session_id': '60574dc3-f482-4ae5-a84f-c8056856e65a', 'user_id': 'P4'}"
13:01:50,relationship_node.created,"{'relationship_id': 'instance-7d3e7ac0-4d90-4885-8dba-40e51d210058->instance-7d3e7ac0-4d90-4885-8dba-40e51d210058:looking down at', 'sourceId': 'instance-7d3e7ac0-4d90-4885-8dba-40e51d210058', 'targetId': 'instance-7d3e7ac0-4d90-4885-8dba-40e51d210058', 'relation': 'looking down at', 'video_time': '51:12'}"
13:02:26,prompt_saved,{'path': 'output/P4/2025-08-25_13-02-26/prompt.json'}
13:02:26,object_detection_integrated,{'objects_count': 1}
13:02:27,object_detection_integrated,"{'objectsCount': 1, 'objects': [{'label': 'person', 'confidence': 0.29170703887939453}], 'session_id': '60574dc3-f482-4ae5-a84f-c8056856e65a', 'user_id': 'P4'}"
13:02:27,api.generate_image.succeeded,"{'global_caption': 'a scene featuring a bunny wearing a blue jacket, slightly torn and covered with some dirt, looking up at a tree while holding a red balloon in her hand, a green forest with many trees, a blue sky, a tall tree with a highest branch, a very happy bunny wearing a slightly torn yellow dress that is covered in dirt looking up at the tree, a relieved bunny wearing a slightly torn green shirt covered in dirt hanging on the highest branch of the tree looking down at another bunny holding a balloon, and a red shiny balloon stuck on the highest branch of the tree.', 'region_count': 7, 'has_image': True, 'detected_objects_count': 1, 'image_path': 'output/P4/2025-08-25_13-02-26/image.png', 'image_with_layout_path': 'output/P4/2025-08-25_13-02-26/image_with_layout.png', 'timestamp_dir': 'output/P4/2025-08-25_13-02-26', 'session_id': '60574dc3-f482-4ae5-a84f-c8056856e65a', 'user_id': 'P4'}"
13:02:46,layout.node.moved,"{'nodeId': 'instance-d18190bc-2ec7-483c-a253-3b67ceefad02', 'newPos': {'x': 383, 'y': 94}, 'session_id': '60574dc3-f482-4ae5-a84f-c8056856e65a', 'user_id': 'P4'}"
13:02:52,layout.node.moved,"{'nodeId': 'instance-d18190bc-2ec7-483c-a253-3b67ceefad02', 'newPos': {'x': 378, 'y': 78}, 'session_id': '60574dc3-f482-4ae5-a84f-c8056856e65a', 'user_id': 'P4'}"
13:02:53,instance_selected,"{'instance_id': 'instance-664e6a19-8255-431a-967a-3ca625608ba3', 'instance_label': 'balloon', 'is_from_class': False, 'class_id': None, 'session_id': '60574dc3-f482-4ae5-a84f-c8056856e65a', 'user_id': 'P4'}"
13:03:00,layout.node.moved,"{'nodeId': 'instance-a61c45e3-e19d-486b-a597-b5ed896d25b8-resizable', 'newPos': {'x': 0, 'y': 32}, 'session_id': '60574dc3-f482-4ae5-a84f-c8056856e65a', 'user_id': 'P4'}"
13:03:01,layoutboard.node.resizable.resized,"{'nodeId': 'instance-a61c45e3-e19d-486b-a597-b5ed896d25b8-resizable', 'prevSize': {'width': 504, 'height': 367}, 'newSize': {'width': 498, 'height': 422}, 'delta': {'width': -6, 'height': 55}, 'linkedSizeNodeIds': [], 'session_id': '60574dc3-f482-4ae5-a84f-c8056856e65a', 'user_id': 'P4'}"
13:03:03,layout.node.moved,"{'nodeId': 'instance-9ee7bf39-f386-47ba-95f4-3028ec2c9f77-resizable', 'newPos': {'x': 89, 'y': 226}, 'session_id': '60574dc3-f482-4ae5-a84f-c8056856e65a', 'user_id': 'P4'}"
13:03:04,layout.node.moved,"{'nodeId': 'instance-a61c45e3-e19d-486b-a597-b5ed896d25b8-resizable', 'newPos': {'x': 0, 'y': 0}, 'session_id': '60574dc3-f482-4ae5-a84f-c8056856e65a', 'user_id': 'P4'}"
13:03:05,layout.node.moved,"{'nodeId': 'instance-a61c45e3-e19d-486b-a597-b5ed896d25b8-resizable', 'newPos': {'x': 0, 'y': 0}, 'session_id': '60574dc3-f482-4ae5-a84f-c8056856e65a', 'user_id': 'P4'}"
13:03:07,layout.node.moved,"{'nodeId': 'instance-a61c45e3-e19d-486b-a597-b5ed896d25b8-resizable', 'newPos': {'x': 0, 'y': 53}, 'session_id': '60574dc3-f482-4ae5-a84f-c8056856e65a', 'user_id': 'P4'}"
13:03:13,layoutboard.node.resizable.resized,"{'nodeId': 'instance-a61c45e3-e19d-486b-a597-b5ed896d25b8-resizable', 'prevSize': {'width': 504, 'height': 367}, 'newSize': {'width': 488, 'height': 331}, 'delta': {'width': -16, 'height': -36}, 'linkedSizeNodeIds': [], 'session_id': '60574dc3-f482-4ae5-a84f-c8056856e65a', 'user_id': 'P4'}"
13:03:17,layout.node.moved,"{'nodeId': 'instance-7d3e7ac0-4d90-4885-8dba-40e51d210058-resizable', 'newPos': {'x': 172.57500076293945, 'y': 252.19999885559082}, 'session_id': '60574dc3-f482-4ae5-a84f-c8056856e65a', 'user_id': 'P4'}"
13:03:20,layoutboard.node.resizable.resized,"{'nodeId': 'instance-a61c45e3-e19d-486b-a597-b5ed896d25b8-resizable', 'prevSize': {'width': 504, 'height': 367}, 'newSize': {'width': 491, 'height': 447}, 'delta': {'width': -13, 'height': 80}, 'linkedSizeNodeIds': [], 'session_id': '60574dc3-f482-4ae5-a84f-c8056856e65a', 'user_id': 'P4'}"
13:03:25,class_library_toggle,"{'expanded': True, 'class_count': 1, 'session_id': '60574dc3-f482-4ae5-a84f-c8056856e65a', 'user_id': 'P4'}"
13:03:35,class_library_toggle,"{'expanded': False, 'class_count': 1, 'session_id': '60574dc3-f482-4ae5-a84f-c8056856e65a', 'user_id': 'P4'}"
13:03:37,instance_selected,"{'instance_id': 'instance-7d3e7ac0-4d90-4885-8dba-40e51d210058', 'instance_label': 'bunny', 'is_from_class': True, 'class_id': 'class-4e2d073b-3ca5-4e4f-b6da-403c7738d3c5', 'session_id': '60574dc3-f482-4ae5-a84f-c8056856e65a', 'user_id': 'P4'}"
13:03:45,object_node.edit.saved,"{'object_id': 'object1', 'object_name': 'bunny', 'edit_mode': 'attribute-1', 'new_value': 'smiling', 'is_class_mode': False, 'parent_instance_id': 'instance-7d3e7ac0-4d90-4885-8dba-40e51d210058', 'session_id': '60574dc3-f482-4ae5-a84f-c8056856e65a', 'user_id': 'P4'}"
13:03:45,instance.save,"{'instance_id': 'instance-7d3e7ac0-4d90-4885-8dba-40e51d210058', 'session_id': '60574dc3-f482-4ae5-a84f-c8056856e65a', 'user_id': 'P4'}"
13:03:49,instance_selected,"{'instance_id': 'instance-d18190bc-2ec7-483c-a253-3b67ceefad02', 'instance_label': 'Bunny', 'is_from_class': True, 'class_id': 'class-4e2d073b-3ca5-4e4f-b6da-403c7738d3c5', 'session_id': '60574dc3-f482-4ae5-a84f-c8056856e65a', 'user_id': 'P4'}"
13:03:50,api.generate_scene_graph_to_text.succeeded,"{'text_length': 114, 'generated_text': 'Bunny wearing a blue jacket, slightly torn and covered with some dirt, holding a red balloon in her ', 'session_id': '60574dc3-f482-4ae5-a84f-c8056856e65a', 'user_id': 'P4'}"
13:03:50,instance.updated,"{'instance_id': 'instance-7d3e7ac0-4d90-4885-8dba-40e51d210058', 'instance_label': 'bunny', 'text_changed': False, 'graph_changed': True, 'session_id': '60574dc3-f482-4ae5-a84f-c8056856e65a', 'user_id': 'P4'}"
13:03:50,instance_selected,"{'instance_id': 'instance-d18190bc-2ec7-483c-a253-3b67ceefad02', 'instance_label': 'Bunny', 'is_from_class': True, 'class_id': 'class-4e2d073b-3ca5-4e4f-b6da-403c7738d3c5', 'session_id': '60574dc3-f482-4ae5-a84f-c8056856e65a', 'user_id': 'P4'}"
13:03:55,object_node.edit.saved,"{'object_id': 'object1', 'object_name': 'bunny', 'edit_mode': 'attribute-1', 'new_value': 'smiling', 'is_class_mode': False, 'parent_instance_id': 'instance-d18190bc-2ec7-483c-a253-3b67ceefad02', 'session_id': '60574dc3-f482-4ae5-a84f-c8056856e65a', 'user_id': 'P4'}"
13:03:55,instance.save,"{'instance_id': 'instance-d18190bc-2ec7-483c-a253-3b67ceefad02', 'session_id': '60574dc3-f482-4ae5-a84f-c8056856e65a', 'user_id': 'P4'}"
13:03:58,instance.updated,"{'instance_id': 'instance-d18190bc-2ec7-483c-a253-3b67ceefad02', 'instance_label': 'Bunny', 'text_changed': False, 'graph_changed': True, 'session_id': '60574dc3-f482-4ae5-a84f-c8056856e65a', 'user_id': 'P4'}"
13:03:58,api.generate_scene_graph_to_text.succeeded,"{'text_length': 136, 'generated_text': 'A smiling bunny is wearing a slightly torn, green shirt covered in dirt and is holding something whi', 'session_id': '60574dc3-f482-4ae5-a84f-c8056856e65a', 'user_id': 'P4'}"
13:03:58,instance_selected,"{'instance_id': 'instance-d18190bc-2ec7-483c-a253-3b67ceefad02', 'instance_label': 'Bunny', 'is_from_class': True, 'class_id': 'class-4e2d073b-3ca5-4e4f-b6da-403c7738d3c5', 'session_id': '60574dc3-f482-4ae5-a84f-c8056856e65a', 'user_id': 'P4'}"
13:04:01,instance_selected,"{'instance_id': 'instance-9ee7bf39-f386-47ba-95f4-3028ec2c9f77', 'instance_label': 'Bunny', 'is_from_class': True, 'class_id': 'class-4e2d073b-3ca5-4e4f-b6da-403c7738d3c5', 'session_id': '60574dc3-f482-4ae5-a84f-c8056856e65a', 'user_id': 'P4'}"
13:04:09,object_node.edit.saved,"{'object_id': 'object1', 'object_name': 'bunny', 'edit_mode': 'attribute-1', 'new_value': 'smiling', 'is_class_mode': False, 'parent_instance_id': 'instance-9ee7bf39-f386-47ba-95f4-3028ec2c9f77', 'session_id': '60574dc3-f482-4ae5-a84f-c8056856e65a', 'user_id': 'P4'}"
13:04:09,instance.save,"{'instance_id': 'instance-9ee7bf39-f386-47ba-95f4-3028ec2c9f77', 'session_id': '60574dc3-f482-4ae5-a84f-c8056856e65a', 'user_id': 'P4'}"
13:04:10,instance.updated,"{'instance_id': 'instance-9ee7bf39-f386-47ba-95f4-3028ec2c9f77', 'instance_label': 'Bunny', 'text_changed': False, 'graph_changed': True, 'session_id': '60574dc3-f482-4ae5-a84f-c8056856e65a', 'user_id': 'P4'}"
13:04:10,api.generate_scene_graph_to_text.succeeded,"{'text_length': 80, 'generated_text': 'A smiling bunny is wearing a slightly torn yellow dress that is covered in dirt.', 'session_id': '60574dc3-f482-4ae5-a84f-c8056856e65a', 'user_id': 'P4'}"
13:04:10,instance_selected,"{'instance_id': 'instance-9ee7bf39-f386-47ba-95f4-3028ec2c9f77', 'instance_label': 'Bunny', 'is_from_class': True, 'class_id': 'class-4e2d073b-3ca5-4e4f-b6da-403c7738d3c5', 'session_id': '60574dc3-f482-4ae5-a84f-c8056856e65a', 'user_id': 'P4'}"
13:04:12,instance_selected,"{'instance_id': 'instance-d18190bc-2ec7-483c-a253-3b67ceefad02', 'instance_label': 'Bunny', 'is_from_class': True, 'class_id': 'class-4e2d073b-3ca5-4e4f-b6da-403c7738d3c5', 'session_id': '60574dc3-f482-4ae5-a84f-c8056856e65a', 'user_id': 'P4'}"
13:04:16,layout.node.moved,"{'nodeId': 'instance-d18190bc-2ec7-483c-a253-3b67ceefad02', 'newPos': {'x': 374, 'y': 9}, 'session_id': '60574dc3-f482-4ae5-a84f-c8056856e65a', 'user_id': 'P4'}"
13:04:47,prompt_saved,{'path': 'output/P4/2025-08-25_13-04-47/prompt.json'}
13:04:47,object_detection_integrated,{'objects_count': 2}
13:04:48,object_detection_integrated,"{'objectsCount': 2, 'objects': [{'label': 'teddy bear', 'confidence': 0.3414875566959381}, {'label': 'person', 'confidence': 0.25603505969047546}], 'session_id': '60574dc3-f482-4ae5-a84f-c8056856e65a', 'user_id': 'P4'}"
13:04:48,api.generate_image.succeeded,"{'global_caption': 'a scene featuring a bunny wearing a blue jacket, slightly torn and covered with some dirt, holding a red balloon in her hand, smiling and looking up at a tree, a green forest with many trees, a blue sky, a tall tree with the highest branch, a happy bunny wearing a slightly torn yellow dress that is covered in dirt looking up at the tree, a relieved bunny wearing a slightly torn green shirt covered in dirt hanging on the highest branch of the tree looking down at another bunny holding a balloon, and a red shiny balloon stuck on the highest branch of the tree.', 'region_count': 7, 'has_image': True, 'detected_objects_count': 2, 'image_path': 'output/P4/2025-08-25_13-04-47/image.png', 'image_with_layout_path': 'output/P4/2025-08-25_13-04-47/image_with_layout.png', 'timestamp_dir': 'output/P4/2025-08-25_13-04-47', 'session_id': '60574dc3-f482-4ae5-a84f-c8056856e65a', 'user_id': 'P4'}"
13:05:17,instance_selected,"{'instance_id': 'instance-7d3e7ac0-4d90-4885-8dba-40e51d210058', 'instance_label': 'bunny', 'is_from_class': True, 'class_id': 'class-4e2d073b-3ca5-4e4f-b6da-403c7738d3c5', 'session_id': '60574dc3-f482-4ae5-a84f-c8056856e65a', 'user_id': 'P4'}"
13:05:19,instance_selected,"{'instance_id': 'instance-d18190bc-2ec7-483c-a253-3b67ceefad02', 'instance_label': 'Bunny', 'is_from_class': True, 'class_id': 'class-4e2d073b-3ca5-4e4f-b6da-403c7738d3c5', 'session_id': '60574dc3-f482-4ae5-a84f-c8056856e65a', 'user_id': 'P4'}"
13:05:30,layout.node.moved,"{'nodeId': 'instance-d18190bc-2ec7-483c-a253-3b67ceefad02', 'newPos': {'x': 0, 'y': 224}, 'session_id': '60574dc3-f482-4ae5-a84f-c8056856e65a', 'user_id': 'P4'}"
13:05:34,layoutboard.node.resizable.resized,"{'nodeId': 'instance-7d3c2075-78f2-4510-a841-7d3be99cc03d-resizable', 'prevSize': {'width': 500, 'height': 128}, 'newSize': {'width': 512, 'height': 52}, 'delta': {'width': 12, 'height': -76}, 'linkedSizeNodeIds': [], 'session_id': '60574dc3-f482-4ae5-a84f-c8056856e65a', 'user_id': 'P4'}"
13:05:36,layoutboard.node.resizable.resized,"{'nodeId': 'instance-a61c45e3-e19d-486b-a597-b5ed896d25b8-resizable', 'prevSize': {'width': 504, 'height': 367}, 'newSize': {'width': 239, 'height': 379}, 'delta': {'width': -265, 'height': 12}, 'linkedSizeNodeIds': [], 'session_id': '60574dc3-f482-4ae5-a84f-c8056856e65a', 'user_id': 'P4'}"
13:05:46,relationship_node.edited,"{'relationship_id': 'instance-d18190bc-2ec7-483c-a253-3b67ceefad02-instance-664e6a19-8255-431a-967a-3ca625608ba3', 'source_object_id': 'instance-d18190bc-2ec7-483c-a253-3b67ceefad02', 'target_object_id': 'instance-664e6a19-8255-431a-967a-3ca625608ba3', 'old_relation': 'holding', 'new_relation': 'holding with one hand', 'source_object_name': 'Bunny', 'target_object_name': 'balloon', 'session_id': '60574dc3-f482-4ae5-a84f-c8056856e65a', 'user_id': 'P4'}"
13:05:49,layoutboard.node.resizable.resized,"{'nodeId': 'instance-a61c45e3-e19d-486b-a597-b5ed896d25b8-resizable', 'prevSize': {'width': 504, 'height': 367}, 'newSize': {'width': 498, 'height': 442}, 'delta': {'width': -6, 'height': 75}, 'linkedSizeNodeIds': [], 'session_id': '60574dc3-f482-4ae5-a84f-c8056856e65a', 'user_id': 'P4'}"
13:05:55,layout.node.moved,"{'nodeId': 'instance-d18190bc-2ec7-483c-a253-3b67ceefad02', 'newPos': {'x': 378, 'y': 7.5833330154418945}, 'session_id': '60574dc3-f482-4ae5-a84f-c8056856e65a', 'user_id': 'P4'}"
13:05:56,instance_selected,"{'instance_id': 'instance-9980c51d-0433-417d-ad9c-276aefef7c0a', 'instance_label': 'tree', 'is_from_class': False, 'class_id': None, 'session_id': '60574dc3-f482-4ae5-a84f-c8056856e65a', 'user_id': 'P4'}"
13:06:01,layout.node.moved,"{'nodeId': 'instance-d18190bc-2ec7-483c-a253-3b67ceefad02', 'newPos': {'x': 390, 'y': 6.5833330154418945}, 'session_id': '60574dc3-f482-4ae5-a84f-c8056856e65a', 'user_id': 'P4'}"
13:06:30,prompt_saved,{'path': 'output/P4/2025-08-25_13-06-30/prompt.json'}
13:06:30,object_detection_integrated,{'objects_count': 3}
13:06:31,api.generate_image.succeeded,"{'global_caption': 'a scene featuring a bunny wearing a blue jacket, slightly torn and covered with some dirt, holding a red balloon in her hand, smiling and looking up at a tree, a green forest with many trees, a blue sky, a tall tree with the highest branch, a happy bunny wearing a slightly torn yellow dress that is covered in dirt looking up at the tree, a relieved bunny wearing a slightly torn green shirt covered in dirt hanging on the highest branch of the tree looking down at another bunny holding a balloon, and a red shiny balloon stuck on the highest branch of the tree.', 'region_count': 7, 'has_image': True, 'detected_objects_count': 3, 'image_path': 'output/P4/2025-08-25_13-06-30/image.png', 'image_with_layout_path': 'output/P4/2025-08-25_13-06-30/image_with_layout.png', 'timestamp_dir': 'output/P4/2025-08-25_13-06-30', 'session_id': '60574dc3-f482-4ae5-a84f-c8056856e65a', 'user_id': 'P4'}"
13:06:31,object_detection_integrated,"{'objectsCount': 3, 'objects': [{'label': 'person', 'confidence': 0.8394061326980591}, {'label': 'teddy bear', 'confidence': 0.5925019979476929}, {'label': 'teddy bear', 'confidence': 0.2551221251487732}], 'session_id': '60574dc3-f482-4ae5-a84f-c8056856e65a', 'user_id': 'P4'}"
13:07:15,scene_saved,"{'slotNumber': 2, 'instanceCount': 7, 'nodeCount': 14, 'edgeCount': 5, 'session_id': '60574dc3-f482-4ae5-a84f-c8056856e65a', 'user_id': 'P4'}"
13:07:28,instance_selected,"{'instance_id': 'instance-d18190bc-2ec7-483c-a253-3b67ceefad02', 'instance_label': 'Bunny', 'is_from_class': True, 'class_id': 'class-4e2d073b-3ca5-4e4f-b6da-403c7738d3c5', 'session_id': '60574dc3-f482-4ae5-a84f-c8056856e65a', 'user_id': 'P4'}"
13:07:39,layout.node.moved,"{'nodeId': 'instance-d18190bc-2ec7-483c-a253-3b67ceefad02', 'newPos': {'x': 378, 'y': 11.583333015441895}, 'session_id': '60574dc3-f482-4ae5-a84f-c8056856e65a', 'user_id': 'P4'}"
13:07:44,instance.deleted,"{'instance_id': 'instance-d18190bc-2ec7-483c-a253-3b67ceefad02', 'instance_label': 'Bunny', 'is_from_class': True, 'class_id': 'class-4e2d073b-3ca5-4e4f-b6da-403c7738d3c5', 'session_id': '60574dc3-f482-4ae5-a84f-c8056856e65a', 'user_id': 'P4'}"
13:07:48,instance_selected,"{'instance_id': 'instance-9ee7bf39-f386-47ba-95f4-3028ec2c9f77', 'instance_label': 'Bunny', 'is_from_class': True, 'class_id': 'class-4e2d073b-3ca5-4e4f-b6da-403c7738d3c5', 'session_id': '60574dc3-f482-4ae5-a84f-c8056856e65a', 'user_id': 'P4'}"
13:07:51,instance.deleted,"{'instance_id': 'instance-9ee7bf39-f386-47ba-95f4-3028ec2c9f77', 'instance_label': 'Bunny', 'is_from_class': True, 'class_id': 'class-4e2d073b-3ca5-4e4f-b6da-403c7738d3c5', 'session_id': '60574dc3-f482-4ae5-a84f-c8056856e65a', 'user_id': 'P4'}"
13:07:55,instance_selected,"{'instance_id': 'instance-9980c51d-0433-417d-ad9c-276aefef7c0a', 'instance_label': 'tree', 'is_from_class': False, 'class_id': None, 'session_id': '60574dc3-f482-4ae5-a84f-c8056856e65a', 'user_id': 'P4'}"
13:07:58,instance.deleted,"{'instance_id': 'instance-9980c51d-0433-417d-ad9c-276aefef7c0a', 'instance_label': 'tree', 'is_from_class': False, 'class_id': None, 'session_id': '60574dc3-f482-4ae5-a84f-c8056856e65a', 'user_id': 'P4'}"
13:08:03,layout.node.moved,"{'nodeId': 'instance-664e6a19-8255-431a-967a-3ca625608ba3-resizable', 'newPos': {'x': 350.1666679382324, 'y': 30.11111068725586}, 'session_id': '60574dc3-f482-4ae5-a84f-c8056856e65a', 'user_id': 'P4'}"
13:08:15,instance_selected,"{'instance_id': 'instance-7d3e7ac0-4d90-4885-8dba-40e51d210058', 'instance_label': 'bunny', 'is_from_class': True, 'class_id': 'class-4e2d073b-3ca5-4e4f-b6da-403c7738d3c5', 'session_id': '60574dc3-f482-4ae5-a84f-c8056856e65a', 'user_id': 'P4'}"
13:08:18,object_node.attribute.deleted,"{'object_id': 'object2', 'object_name': 'jacket', 'attribute_index': 1, 'attribute_value': 'slightly torn', 'is_class_mode': False, 'parent_instance_id': 'instance-7d3e7ac0-4d90-4885-8dba-40e51d210058', 'session_id': '60574dc3-f482-4ae5-a84f-c8056856e65a', 'user_id': 'P4'}"
13:08:19,object_node.attribute.deleted,"{'object_id': 'object2', 'object_name': 'jacket', 'attribute_index': 2, 'attribute_value': 'covered', 'is_class_mode': False, 'parent_instance_id': 'instance-7d3e7ac0-4d90-4885-8dba-40e51d210058', 'session_id': '60574dc3-f482-4ae5-a84f-c8056856e65a', 'user_id': 'P4'}"
13:08:19,object_node.attribute.deleted,"{'object_id': 'object2', 'object_name': 'jacket', 'attribute_index': 3, 'attribute_value': 'dirt', 'is_class_mode': False, 'parent_instance_id': 'instance-7d3e7ac0-4d90-4885-8dba-40e51d210058', 'session_id': '60574dc3-f482-4ae5-a84f-c8056856e65a', 'user_id': 'P4'}"
13:08:30,instance.save,"{'instance_id': 'instance-7d3e7ac0-4d90-4885-8dba-40e51d210058', 'session_id': '60574dc3-f482-4ae5-a84f-c8056856e65a', 'user_id': 'P4'}"
13:08:31,api.generate_scene_graph_to_text.succeeded,"{'text_length': 49, 'generated_text': 'Bunny holding a red balloon in her hand, smiling.', 'session_id': '60574dc3-f482-4ae5-a84f-c8056856e65a', 'user_id': 'P4'}"
13:08:31,instance.updated,"{'instance_id': 'instance-7d3e7ac0-4d90-4885-8dba-40e51d210058', 'instance_label': 'bunny', 'text_changed': False, 'graph_changed': True, 'session_id': '60574dc3-f482-4ae5-a84f-c8056856e65a', 'user_id': 'P4'}"
13:08:31,instance_selected,"{'instance_id': 'instance-7d3e7ac0-4d90-4885-8dba-40e51d210058', 'instance_label': 'bunny', 'is_from_class': True, 'class_id': 'class-4e2d073b-3ca5-4e4f-b6da-403c7738d3c5', 'session_id': '60574dc3-f482-4ae5-a84f-c8056856e65a', 'user_id': 'P4'}"
13:08:49,instance.save,"{'instance_id': 'instance-7d3e7ac0-4d90-4885-8dba-40e51d210058', 'session_id': '60574dc3-f482-4ae5-a84f-c8056856e65a', 'user_id': 'P4'}"
13:09:36,instance.save,"{'instance_id': 'instance-7d3e7ac0-4d90-4885-8dba-40e51d210058', 'session_id': '60574dc3-f482-4ae5-a84f-c8056856e65a', 'user_id': 'P4'}"
13:09:41,api.generate_text_to_graph.succeeded,"{'objects_count': 5, 'relationships_count': 4, 'root_object': 'object1', 'session_id': '60574dc3-f482-4ae5-a84f-c8056856e65a', 'user_id': 'P4'}"
13:09:41,instance.updated,"{'instance_id': 'instance-7d3e7ac0-4d90-4885-8dba-40e51d210058', 'instance_label': 'bunny', 'text_changed': True, 'graph_changed': False, 'session_id': '60574dc3-f482-4ae5-a84f-c8056856e65a', 'user_id': 'P4'}"
13:09:41,instance_selected,"{'instance_id': 'instance-7d3e7ac0-4d90-4885-8dba-40e51d210058', 'instance_label': 'bunny', 'is_from_class': True, 'class_id': 'class-4e2d073b-3ca5-4e4f-b6da-403c7738d3c5', 'session_id': '60574dc3-f482-4ae5-a84f-c8056856e65a', 'user_id': 'P4'}"
13:09:50,object_node.attribute.deleted,"{'object_id': 'object1', 'object_name': 'bunny', 'attribute_index': 1, 'attribute_value': 'smiling', 'is_class_mode': False, 'parent_instance_id': 'instance-7d3e7ac0-4d90-4885-8dba-40e51d210058', 'session_id': '60574dc3-f482-4ae5-a84f-c8056856e65a', 'user_id': 'P4'}"
13:09:51,instance.save,"{'instance_id': 'instance-7d3e7ac0-4d90-4885-8dba-40e51d210058', 'session_id': '60574dc3-f482-4ae5-a84f-c8056856e65a', 'user_id': 'P4'}"
13:09:52,api.generate_scene_graph_to_text.succeeded,"{'text_length': 88, 'generated_text': 'Bunny wearing a blue jacket with one hand reaching up in the sky, holding a red balloon.', 'session_id': '60574dc3-f482-4ae5-a84f-c8056856e65a', 'user_id': 'P4'}"
13:09:52,instance.updated,"{'instance_id': 'instance-7d3e7ac0-4d90-4885-8dba-40e51d210058', 'instance_label': 'bunny', 'text_changed': False, 'graph_changed': True, 'session_id': '60574dc3-f482-4ae5-a84f-c8056856e65a', 'user_id': 'P4'}"
13:09:53,instance_selected,"{'instance_id': 'instance-7d3e7ac0-4d90-4885-8dba-40e51d210058', 'instance_label': 'bunny', 'is_from_class': True, 'class_id': 'class-4e2d073b-3ca5-4e4f-b6da-403c7738d3c5', 'session_id': '60574dc3-f482-4ae5-a84f-c8056856e65a', 'user_id': 'P4'}"
13:10:04,instance.save,"{'instance_id': 'instance-7d3e7ac0-4d90-4885-8dba-40e51d210058', 'session_id': '60574dc3-f482-4ae5-a84f-c8056856e65a', 'user_id': 'P4'}"
13:10:08,api.generate_text_to_graph.succeeded,"{'objects_count': 4, 'relationships_count': 3, 'root_object': 'object1', 'session_id': '60574dc3-f482-4ae5-a84f-c8056856e65a', 'user_id': 'P4'}"
13:10:08,instance.updated,"{'instance_id': 'instance-7d3e7ac0-4d90-4885-8dba-40e51d210058', 'instance_label': 'bunny', 'text_changed': True, 'graph_changed': False, 'session_id': '60574dc3-f482-4ae5-a84f-c8056856e65a', 'user_id': 'P4'}"
13:10:09,instance_selected,"{'instance_id': 'instance-7d3e7ac0-4d90-4885-8dba-40e51d210058', 'instance_label': 'bunny', 'is_from_class': True, 'class_id': 'class-4e2d073b-3ca5-4e4f-b6da-403c7738d3c5', 'session_id': '60574dc3-f482-4ae5-a84f-c8056856e65a', 'user_id': 'P4'}"
13:10:14,layout.node.moved,"{'nodeId': 'instance-7d3e7ac0-4d90-4885-8dba-40e51d210058', 'newPos': {'x': 157.57500076293945, 'y': 253.19999885559082}, 'session_id': '60574dc3-f482-4ae5-a84f-c8056856e65a', 'user_id': 'P4'}"
13:10:15,instance_selected,"{'instance_id': 'instance-a61c45e3-e19d-486b-a597-b5ed896d25b8', 'instance_label': 'forest', 'is_from_class': False, 'class_id': None, 'session_id': '60574dc3-f482-4ae5-a84f-c8056856e65a', 'user_id': 'P4'}"
13:10:38,instance.save,"{'instance_id': 'instance-a61c45e3-e19d-486b-a597-b5ed896d25b8', 'session_id': '60574dc3-f482-4ae5-a84f-c8056856e65a', 'user_id': 'P4'}"
13:10:41,api.generate_text_to_graph.succeeded,"{'objects_count': 2, 'relationships_count': 2, 'root_object': 'object1', 'session_id': '60574dc3-f482-4ae5-a84f-c8056856e65a', 'user_id': 'P4'}"
13:10:41,instance.updated,"{'instance_id': 'instance-a61c45e3-e19d-486b-a597-b5ed896d25b8', 'instance_label': 'forest', 'text_changed': True, 'graph_changed': False, 'session_id': '60574dc3-f482-4ae5-a84f-c8056856e65a', 'user_id': 'P4'}"
13:10:41,instance_selected,"{'instance_id': 'instance-a61c45e3-e19d-486b-a597-b5ed896d25b8', 'instance_label': 'forest', 'is_from_class': False, 'class_id': None, 'session_id': '60574dc3-f482-4ae5-a84f-c8056856e65a', 'user_id': 'P4'}"
13:11:05,instance.save,"{'instance_id': 'instance-a61c45e3-e19d-486b-a597-b5ed896d25b8', 'session_id': '60574dc3-f482-4ae5-a84f-c8056856e65a', 'user_id': 'P4'}"
13:11:08,api.generate_text_to_graph.succeeded,"{'objects_count': 4, 'relationships_count': 3, 'root_object': 'object1', 'session_id': '60574dc3-f482-4ae5-a84f-c8056856e65a', 'user_id': 'P4'}"
13:11:08,instance.updated,"{'instance_id': 'instance-a61c45e3-e19d-486b-a597-b5ed896d25b8', 'instance_label': 'forest', 'text_changed': True, 'graph_changed': False, 'session_id': '60574dc3-f482-4ae5-a84f-c8056856e65a', 'user_id': 'P4'}"
13:11:08,instance_selected,"{'instance_id': 'instance-a61c45e3-e19d-486b-a597-b5ed896d25b8', 'instance_label': 'forest', 'is_from_class': False, 'class_id': None, 'session_id': '60574dc3-f482-4ae5-a84f-c8056856e65a', 'user_id': 'P4'}"
13:11:48,object_node.expand_collapse,"{'object_id': 'object2', 'object_name': 'tree', 'action': 'collapse', 'parent_instance_id': 'instance-a61c45e3-e19d-486b-a597-b5ed896d25b8', 'is_class_mode': False, 'session_id': '60574dc3-f482-4ae5-a84f-c8056856e65a', 'user_id': 'P4'}"
13:11:54,object_node.expand_collapse,"{'object_id': 'object2', 'object_name': 'tree', 'action': 'expand', 'parent_instance_id': 'instance-a61c45e3-e19d-486b-a597-b5ed896d25b8', 'is_class_mode': False, 'session_id': '60574dc3-f482-4ae5-a84f-c8056856e65a', 'user_id': 'P4'}"
13:12:01,instance_selected,"{'instance_id': 'instance-664e6a19-8255-431a-967a-3ca625608ba3', 'instance_label': 'balloon', 'is_from_class': False, 'class_id': None, 'session_id': '60574dc3-f482-4ae5-a84f-c8056856e65a', 'user_id': 'P4'}"
13:12:18,instance.save,"{'instance_id': 'instance-664e6a19-8255-431a-967a-3ca625608ba3', 'session_id': '60574dc3-f482-4ae5-a84f-c8056856e65a', 'user_id': 'P4'}"
13:12:20,instance.updated,"{'instance_id': 'instance-664e6a19-8255-431a-967a-3ca625608ba3', 'instance_label': 'balloon', 'text_changed': True, 'graph_changed': False, 'session_id': '60574dc3-f482-4ae5-a84f-c8056856e65a', 'user_id': 'P4'}"
13:12:20,api.generate_text_to_graph.succeeded,"{'objects_count': 1, 'relationships_count': 0, 'root_object': 'object1', 'session_id': '60574dc3-f482-4ae5-a84f-c8056856e65a', 'user_id': 'P4'}"
13:12:20,instance_selected,"{'instance_id': 'instance-664e6a19-8255-431a-967a-3ca625608ba3', 'instance_label': 'balloon', 'is_from_class': False, 'class_id': None, 'session_id': '60574dc3-f482-4ae5-a84f-c8056856e65a', 'user_id': 'P4'}"
13:12:27,instance_selected,"{'instance_id': 'instance-7d3e7ac0-4d90-4885-8dba-40e51d210058', 'instance_label': 'bunny', 'is_from_class': True, 'class_id': 'class-4e2d073b-3ca5-4e4f-b6da-403c7738d3c5', 'session_id': '60574dc3-f482-4ae5-a84f-c8056856e65a', 'user_id': 'P4'}"
13:12:31,instance.save,"{'instance_id': 'instance-7d3e7ac0-4d90-4885-8dba-40e51d210058', 'session_id': '60574dc3-f482-4ae5-a84f-c8056856e65a', 'user_id': 'P4'}"
13:12:34,relationship_node.created,"{'relationship_id': 'instance-7d3e7ac0-4d90-4885-8dba-40e51d210058->object3:looking at', 'sourceId': 'instance-7d3e7ac0-4d90-4885-8dba-40e51d210058', 'targetId': 'object3', 'relation': 'looking at', 'video_time': '1:01:56'}"
13:12:41,layout.node.moved,"{'nodeId': 'instance-7d3e7ac0-4d90-4885-8dba-40e51d210058', 'newPos': {'x': 108.57500076293945, 'y': 218.19999885559082}, 'session_id': '60574dc3-f482-4ae5-a84f-c8056856e65a', 'user_id': 'P4'}"
13:12:44,layout.node.moved,"{'nodeId': 'instance-a61c45e3-e19d-486b-a597-b5ed896d25b8', 'newPos': {'x': 150, 'y': 91}, 'session_id': '60574dc3-f482-4ae5-a84f-c8056856e65a', 'user_id': 'P4'}"
13:12:46,layoutboard.node.resizable.resized,"{'nodeId': 'instance-7d3e7ac0-4d90-4885-8dba-40e51d210058-resizable', 'prevSize': {'width': 203, 'height': 352}, 'newSize': {'width': 153, 'height': 278}, 'delta': {'width': -50, 'height': -74}, 'linkedSizeNodeIds': [], 'session_id': '60574dc3-f482-4ae5-a84f-c8056856e65a', 'user_id': 'P4'}"
13:12:53,layoutboard.node.resizable.resized,"{'nodeId': 'instance-a61c45e3-e19d-486b-a597-b5ed896d25b8-resizable', 'prevSize': {'width': 504, 'height': 367}, 'newSize': {'width': 634, 'height': 458}, 'delta': {'width': 130, 'height': 91}, 'linkedSizeNodeIds': [], 'session_id': '60574dc3-f482-4ae5-a84f-c8056856e65a', 'user_id': 'P4'}"
13:13:11,instance.save,"{'instance_id': 'instance-7d3e7ac0-4d90-4885-8dba-40e51d210058', 'session_id': '60574dc3-f482-4ae5-a84f-c8056856e65a', 'user_id': 'P4'}"
13:13:16,instance.updated,"{'instance_id': 'instance-7d3e7ac0-4d90-4885-8dba-40e51d210058', 'instance_label': 'bunny', 'text_changed': True, 'graph_changed': False, 'session_id': '60574dc3-f482-4ae5-a84f-c8056856e65a', 'user_id': 'P4'}"
13:13:16,api.generate_text_to_graph.succeeded,"{'objects_count': 6, 'relationships_count': 5, 'root_object': 'object1', 'session_id': '60574dc3-f482-4ae5-a84f-c8056856e65a', 'user_id': 'P4'}"
13:13:17,instance_selected,"{'instance_id': 'instance-7d3e7ac0-4d90-4885-8dba-40e51d210058', 'instance_label': 'bunny', 'is_from_class': True, 'class_id': 'class-4e2d073b-3ca5-4e4f-b6da-403c7738d3c5', 'session_id': '60574dc3-f482-4ae5-a84f-c8056856e65a', 'user_id': 'P4'}"
13:13:50,prompt_saved,{'path': 'output/P4/2025-08-25_13-13-50/prompt.json'}
13:13:50,object_detection_integrated,{'objects_count': 0}
13:13:51,object_detection_integrated,"{'objectsCount': 0, 'objects': [], 'session_id': '60574dc3-f482-4ae5-a84f-c8056856e65a', 'user_id': 'P4'}"
13:13:51,api.generate_image.succeeded,"{'global_caption': 'a scene featuring a bunny wearing a blue jacket with one hand reaching up in the sky with tears in its eyes, looking up at a balloon, alongside a green forest with many trees swaying towards one side with leaves flying in the air, under a blue sky and a red shiny balloon flying away.', 'region_count': 4, 'has_image': True, 'detected_objects_count': 0, 'image_path': 'output/P4/2025-08-25_13-13-50/image.png', 'image_with_layout_path': 'output/P4/2025-08-25_13-13-50/image_with_layout.png', 'timestamp_dir': 'output/P4/2025-08-25_13-13-50', 'session_id': '60574dc3-f482-4ae5-a84f-c8056856e65a', 'user_id': 'P4'}"
13:14:02,instance_selected,"{'instance_id': 'instance-664e6a19-8255-431a-967a-3ca625608ba3', 'instance_label': 'balloon', 'is_from_class': False, 'class_id': None, 'session_id': '60574dc3-f482-4ae5-a84f-c8056856e65a', 'user_id': 'P4'}"
13:14:05,layoutboard.node.resizable.resized,"{'nodeId': 'instance-664e6a19-8255-431a-967a-3ca625608ba3-resizable', 'prevSize': {'width': 50, 'height': 50}, 'newSize': {'width': 98, 'height': 233}, 'delta': {'width': 48, 'height': 183}, 'linkedSizeNodeIds': [], 'session_id': '60574dc3-f482-4ae5-a84f-c8056856e65a', 'user_id': 'P4'}"
13:14:14,instance_selected,"{'instance_id': 'instance-7d3e7ac0-4d90-4885-8dba-40e51d210058', 'instance_label': 'bunny', 'is_from_class': True, 'class_id': 'class-4e2d073b-3ca5-4e4f-b6da-403c7738d3c5', 'session_id': '60574dc3-f482-4ae5-a84f-c8056856e65a', 'user_id': 'P4'}"
13:14:22,instance_selected,"{'instance_id': 'instance-a61c45e3-e19d-486b-a597-b5ed896d25b8', 'instance_label': 'forest', 'is_from_class': False, 'class_id': None, 'session_id': '60574dc3-f482-4ae5-a84f-c8056856e65a', 'user_id': 'P4'}"
13:14:27,instance_selected,"{'instance_id': 'instance-7d3e7ac0-4d90-4885-8dba-40e51d210058', 'instance_label': 'bunny', 'is_from_class': True, 'class_id': 'class-4e2d073b-3ca5-4e4f-b6da-403c7738d3c5', 'session_id': '60574dc3-f482-4ae5-a84f-c8056856e65a', 'user_id': 'P4'}"
13:14:44,instance.save,"{'instance_id': 'instance-7d3e7ac0-4d90-4885-8dba-40e51d210058', 'session_id': '60574dc3-f482-4ae5-a84f-c8056856e65a', 'user_id': 'P4'}"
13:14:50,api.generate_text_to_graph.succeeded,"{'objects_count': 6, 'relationships_count': 5, 'root_object': 'object1', 'session_id': '60574dc3-f482-4ae5-a84f-c8056856e65a', 'user_id': 'P4'}"
13:14:50,instance.updated,"{'instance_id': 'instance-7d3e7ac0-4d90-4885-8dba-40e51d210058', 'instance_label': 'bunny', 'text_changed': True, 'graph_changed': False, 'session_id': '60574dc3-f482-4ae5-a84f-c8056856e65a', 'user_id': 'P4'}"
13:14:50,instance_selected,"{'instance_id': 'instance-7d3e7ac0-4d90-4885-8dba-40e51d210058', 'instance_label': 'bunny', 'is_from_class': True, 'class_id': 'class-4e2d073b-3ca5-4e4f-b6da-403c7738d3c5', 'session_id': '60574dc3-f482-4ae5-a84f-c8056856e65a', 'user_id': 'P4'}"
13:15:23,prompt_saved,{'path': 'output/P4/2025-08-25_13-15-23/prompt.json'}
13:15:23,object_detection_integrated,{'objects_count': 2}
13:15:24,api.generate_image.succeeded,"{'global_caption': 'a scene featuring a 3D bunny wearing a blue jacket with one hand reaching up in the sky and tears in its eyes, looking up at a balloon, alongside a green forest with many trees swaying towards one side with leaves flying in the air, under a blue sky and a red shiny balloon flying away.', 'region_count': 4, 'has_image': True, 'detected_objects_count': 2, 'image_path': 'output/P4/2025-08-25_13-15-23/image.png', 'image_with_layout_path': 'output/P4/2025-08-25_13-15-23/image_with_layout.png', 'timestamp_dir': 'output/P4/2025-08-25_13-15-23', 'session_id': '60574dc3-f482-4ae5-a84f-c8056856e65a', 'user_id': 'P4'}"
13:15:24,object_detection_integrated,"{'objectsCount': 2, 'objects': [{'label': 'chair', 'confidence': 0.32466432452201843}, {'label': 'chair', 'confidence': 0.2778955399990082}], 'session_id': '60574dc3-f482-4ae5-a84f-c8056856e65a', 'user_id': 'P4'}"
13:15:36,instance_selected,"{'instance_id': 'instance-664e6a19-8255-431a-967a-3ca625608ba3', 'instance_label': 'balloon', 'is_from_class': False, 'class_id': None, 'session_id': '60574dc3-f482-4ae5-a84f-c8056856e65a', 'user_id': 'P4'}"
13:15:50,layoutboard.node.resizable.resized,"{'nodeId': 'instance-664e6a19-8255-431a-967a-3ca625608ba3-resizable', 'prevSize': {'width': 50, 'height': 50}, 'newSize': {'width': 114, 'height': 129}, 'delta': {'width': 64, 'height': 79}, 'linkedSizeNodeIds': [], 'session_id': '60574dc3-f482-4ae5-a84f-c8056856e65a', 'user_id': 'P4'}"
13:15:52,layout.node.moved,"{'nodeId': 'instance-664e6a19-8255-431a-967a-3ca625608ba3', 'newPos': {'x': 333.1666679382324, 'y': 31.11111068725586}, 'session_id': '60574dc3-f482-4ae5-a84f-c8056856e65a', 'user_id': 'P4'}"
13:15:59,instance.save,"{'instance_id': 'instance-664e6a19-8255-431a-967a-3ca625608ba3', 'session_id': '60574dc3-f482-4ae5-a84f-c8056856e65a', 'user_id': 'P4'}"
13:16:01,api.generate_text_to_graph.succeeded,"{'objects_count': 2, 'relationships_count': 1, 'root_object': 'object1', 'session_id': '60574dc3-f482-4ae5-a84f-c8056856e65a', 'user_id': 'P4'}"
13:16:01,instance.updated,"{'instance_id': 'instance-664e6a19-8255-431a-967a-3ca625608ba3', 'instance_label': 'balloon', 'text_changed': True, 'graph_changed': False, 'session_id': '60574dc3-f482-4ae5-a84f-c8056856e65a', 'user_id': 'P4'}"
13:16:01,instance_selected,"{'instance_id': 'instance-664e6a19-8255-431a-967a-3ca625608ba3', 'instance_label': 'balloon', 'is_from_class': False, 'class_id': None, 'session_id': '60574dc3-f482-4ae5-a84f-c8056856e65a', 'user_id': 'P4'}"
13:16:09,instance.save,"{'instance_id': 'instance-664e6a19-8255-431a-967a-3ca625608ba3', 'session_id': '60574dc3-f482-4ae5-a84f-c8056856e65a', 'user_id': 'P4'}"
13:16:12,api.generate_text_to_graph.succeeded,"{'objects_count': 2, 'relationships_count': 2, 'root_object': 'object1', 'session_id': '60574dc3-f482-4ae5-a84f-c8056856e65a', 'user_id': 'P4'}"
13:16:12,instance.updated,"{'instance_id': 'instance-664e6a19-8255-431a-967a-3ca625608ba3', 'instance_label': 'balloon', 'text_changed': True, 'graph_changed': False, 'session_id': '60574dc3-f482-4ae5-a84f-c8056856e65a', 'user_id': 'P4'}"
13:16:12,instance_selected,"{'instance_id': 'instance-664e6a19-8255-431a-967a-3ca625608ba3', 'instance_label': 'balloon', 'is_from_class': False, 'class_id': None, 'session_id': '60574dc3-f482-4ae5-a84f-c8056856e65a', 'user_id': 'P4'}"
13:16:34,instance_selected,"{'instance_id': 'instance-a61c45e3-e19d-486b-a597-b5ed896d25b8', 'instance_label': 'forest', 'is_from_class': False, 'class_id': None, 'session_id': '60574dc3-f482-4ae5-a84f-c8056856e65a', 'user_id': 'P4'}"
13:16:44,instance.save,"{'instance_id': 'instance-a61c45e3-e19d-486b-a597-b5ed896d25b8', 'session_id': '60574dc3-f482-4ae5-a84f-c8056856e65a', 'user_id': 'P4'}"
13:16:49,api.generate_text_to_graph.succeeded,"{'objects_count': 4, 'relationships_count': 3, 'root_object': 'object1', 'session_id': '60574dc3-f482-4ae5-a84f-c8056856e65a', 'user_id': 'P4'}"
13:16:49,instance.updated,"{'instance_id': 'instance-a61c45e3-e19d-486b-a597-b5ed896d25b8', 'instance_label': 'forest', 'text_changed': True, 'graph_changed': False, 'session_id': '60574dc3-f482-4ae5-a84f-c8056856e65a', 'user_id': 'P4'}"
13:16:49,instance_selected,"{'instance_id': 'instance-a61c45e3-e19d-486b-a597-b5ed896d25b8', 'instance_label': 'forest', 'is_from_class': False, 'class_id': None, 'session_id': '60574dc3-f482-4ae5-a84f-c8056856e65a', 'user_id': 'P4'}"
13:16:53,instance_selected,"{'instance_id': 'instance-7d3e7ac0-4d90-4885-8dba-40e51d210058', 'instance_label': 'bunny', 'is_from_class': True, 'class_id': 'class-4e2d073b-3ca5-4e4f-b6da-403c7738d3c5', 'session_id': '60574dc3-f482-4ae5-a84f-c8056856e65a', 'user_id': 'P4'}"
13:17:02,instance.save,"{'instance_id': 'instance-7d3e7ac0-4d90-4885-8dba-40e51d210058', 'session_id': '60574dc3-f482-4ae5-a84f-c8056856e65a', 'user_id': 'P4'}"
13:17:09,api.generate_text_to_graph.succeeded,"{'objects_count': 6, 'relationships_count': 5, 'root_object': 'object1', 'session_id': '60574dc3-f482-4ae5-a84f-c8056856e65a', 'user_id': 'P4'}"
13:17:09,instance.updated,"{'instance_id': 'instance-7d3e7ac0-4d90-4885-8dba-40e51d210058', 'instance_label': 'bunny', 'text_changed': True, 'graph_changed': False, 'session_id': '60574dc3-f482-4ae5-a84f-c8056856e65a', 'user_id': 'P4'}"
13:17:09,instance_selected,"{'instance_id': 'instance-7d3e7ac0-4d90-4885-8dba-40e51d210058', 'instance_label': 'bunny', 'is_from_class': True, 'class_id': 'class-4e2d073b-3ca5-4e4f-b6da-403c7738d3c5', 'session_id': '60574dc3-f482-4ae5-a84f-c8056856e65a', 'user_id': 'P4'}"
13:17:40,prompt_saved,{'path': 'output/P4/2025-08-25_13-17-40/prompt.json'}
13:17:40,object_detection_integrated,{'objects_count': 1}
13:17:40,api.generate_image.succeeded,"{'global_caption': 'a scene featuring a 3D real life bunny wearing a blue jacket with one hand reaching up in the sky and tears in its eyes, looking up at a balloon, alongside a real life green forest with many trees swaying towards one side with leaves flying in the air, under a blue sky and a red shiny balloon with string hanging down, flying away.', 'region_count': 4, 'has_image': True, 'detected_objects_count': 1, 'image_path': 'output/P4/2025-08-25_13-17-40/image.png', 'image_with_layout_path': 'output/P4/2025-08-25_13-17-40/image_with_layout.png', 'timestamp_dir': 'output/P4/2025-08-25_13-17-40', 'session_id': '60574dc3-f482-4ae5-a84f-c8056856e65a', 'user_id': 'P4'}"
13:17:40,object_detection_integrated,"{'objectsCount': 1, 'objects': [{'label': 'cake', 'confidence': 0.5858957171440125}], 'session_id': '60574dc3-f482-4ae5-a84f-c8056856e65a', 'user_id': 'P4'}"
13:18:09,instance.save,"{'instance_id': 'instance-7d3e7ac0-4d90-4885-8dba-40e51d210058', 'session_id': '60574dc3-f482-4ae5-a84f-c8056856e65a', 'user_id': 'P4'}"
13:18:15,api.generate_text_to_graph.succeeded,"{'objects_count': 6, 'relationships_count': 6, 'root_object': 'object1', 'session_id': '60574dc3-f482-4ae5-a84f-c8056856e65a', 'user_id': 'P4'}"
13:18:15,instance.updated,"{'instance_id': 'instance-7d3e7ac0-4d90-4885-8dba-40e51d210058', 'instance_label': 'bunny', 'text_changed': True, 'graph_changed': False, 'session_id': '60574dc3-f482-4ae5-a84f-c8056856e65a', 'user_id': 'P4'}"
13:18:15,instance_selected,"{'instance_id': 'instance-7d3e7ac0-4d90-4885-8dba-40e51d210058', 'instance_label': 'bunny', 'is_from_class': True, 'class_id': 'class-4e2d073b-3ca5-4e4f-b6da-403c7738d3c5', 'session_id': '60574dc3-f482-4ae5-a84f-c8056856e65a', 'user_id': 'P4'}"
13:18:45,prompt_saved,{'path': 'output/P4/2025-08-25_13-18-45/prompt.json'}
13:18:45,object_detection_integrated,{'objects_count': 0}
13:18:45,api.generate_image.succeeded,"{'global_caption': 'a scene featuring a 3D real life bunny wearing a blue jacket with one hand reaching up in the sky and tears falling down from its eyes, looking up at a balloon, alongside a real life green forest with many trees swaying towards one side with leaves flying in the air, under a blue sky and a red shiny balloon with a string hanging down, flying away.', 'region_count': 4, 'has_image': True, 'detected_objects_count': 0, 'image_path': 'output/P4/2025-08-25_13-18-45/image.png', 'image_with_layout_path': 'output/P4/2025-08-25_13-18-45/image_with_layout.png', 'timestamp_dir': 'output/P4/2025-08-25_13-18-45', 'session_id': '60574dc3-f482-4ae5-a84f-c8056856e65a', 'user_id': 'P4'}"
13:18:45,object_detection_integrated,"{'objectsCount': 0, 'objects': [], 'session_id': '60574dc3-f482-4ae5-a84f-c8056856e65a', 'user_id': 'P4'}"
13:19:07,object_node.extract.confirmed,"{'object_id': 'object5', 'object_name': 'tears', 'parent_instance_id': 'instance-7d3e7ac0-4d90-4885-8dba-40e51d210058', 'session_id': '60574dc3-f482-4ae5-a84f-c8056856e65a', 'user_id': 'P4'}"
13:19:07,api.generate_scene_graph_to_text.succeeded,"{'text_length': 5, 'generated_text': 'Tears', 'session_id': '60574dc3-f482-4ae5-a84f-c8056856e65a', 'user_id': 'P4'}"
13:19:08,api.generate_scene_graph_to_text.succeeded,"{'text_length': 85, 'generated_text': 'A real-life bunny is wearing a blue jacket and is in a hand reaching up into the sky.', 'session_id': '60574dc3-f482-4ae5-a84f-c8056856e65a', 'user_id': 'P4'}"
13:19:08,instance_selected,"{'instance_id': 'instance-7d3e7ac0-4d90-4885-8dba-40e51d210058', 'instance_label': 'bunny', 'is_from_class': True, 'class_id': 'class-4e2d073b-3ca5-4e4f-b6da-403c7738d3c5', 'session_id': '60574dc3-f482-4ae5-a84f-c8056856e65a', 'user_id': 'P4'}"
13:19:15,instance_selected,"{'instance_id': 'instance-b809209e-40a9-4888-b180-379db1d19e17', 'instance_label': 'tears', 'is_from_class': False, 'class_id': None, 'session_id': '60574dc3-f482-4ae5-a84f-c8056856e65a', 'user_id': 'P4'}"
13:19:23,instance.save,"{'instance_id': 'instance-7d3e7ac0-4d90-4885-8dba-40e51d210058', 'session_id': '60574dc3-f482-4ae5-a84f-c8056856e65a', 'user_id': 'P4'}"
13:19:33,layout.node.moved,"{'nodeId': 'instance-b809209e-40a9-4888-b180-379db1d19e17', 'newPos': {'x': 108, 'y': 280}, 'session_id': '60574dc3-f482-4ae5-a84f-c8056856e65a', 'user_id': 'P4'}"
13:20:02,prompt_saved,{'path': 'output/P4/2025-08-25_13-20-02/prompt.json'}
13:20:02,object_detection_integrated,{'objects_count': 1}
13:20:03,api.generate_image.succeeded,"{'global_caption': 'a scene featuring a real-life bunny wearing a blue jacket with one hand reaching up into the sky, looking up at an unknown object, and tears falling down from its eyes, alongside a real-life green forest with many trees swaying towards one side with leaves flying in the air, under a blue sky and a red shiny balloon with a string hanging down, flying away.', 'region_count': 5, 'has_image': True, 'detected_objects_count': 1, 'image_path': 'output/P4/2025-08-25_13-20-02/image.png', 'image_with_layout_path': 'output/P4/2025-08-25_13-20-02/image_with_layout.png', 'timestamp_dir': 'output/P4/2025-08-25_13-20-02', 'session_id': '60574dc3-f482-4ae5-a84f-c8056856e65a', 'user_id': 'P4'}"
13:20:03,object_detection_integrated,"{'objectsCount': 1, 'objects': [{'label': 'person', 'confidence': 0.5276677012443542}], 'session_id': '60574dc3-f482-4ae5-a84f-c8056856e65a', 'user_id': 'P4'}"
13:20:18,scene_saved,"{'slotNumber': 3, 'instanceCount': 5, 'nodeCount': 10, 'edgeCount': 9, 'session_id': '60574dc3-f482-4ae5-a84f-c8056856e65a', 'user_id': 'P4'}"
13:20:42,instance_selected,"{'instance_id': 'instance-664e6a19-8255-431a-967a-3ca625608ba3', 'instance_label': 'balloon', 'is_from_class': False, 'class_id': None, 'session_id': '60574dc3-f482-4ae5-a84f-c8056856e65a', 'user_id': 'P4'}"
13:20:45,instance.deleted,"{'instance_id': 'instance-664e6a19-8255-431a-967a-3ca625608ba3', 'instance_label': 'balloon', 'is_from_class': False, 'class_id': None, 'session_id': '60574dc3-f482-4ae5-a84f-c8056856e65a', 'user_id': 'P4'}"
13:20:49,class_library_toggle,"{'expanded': True, 'class_count': 1, 'session_id': '60574dc3-f482-4ae5-a84f-c8056856e65a', 'user_id': 'P4'}"
13:20:55,class.updated,"{'class_id': 'class-4e2d073b-3ca5-4e4f-b6da-403c7738d3c5', 'class_name': 'bunny Class', 'placeholder_count': 4, 'object_count': 4, 'session_id': '60574dc3-f482-4ae5-a84f-c8056856e65a', 'user_id': 'P4'}"
13:20:56,api.generate_scene_graph_to_text.succeeded,"{'text_length': 76, 'generated_text': 'A real-life bunny is wearing a blue jacket and is holding a hand in the sky.', 'session_id': '60574dc3-f482-4ae5-a84f-c8056856e65a', 'user_id': 'P4'}"
13:21:22,api.generate_scene_graph_to_text.succeeded,"{'text_length': 64, 'generated_text': 'Crying bunny wearing a slightly torn, dirt-covered yellow shirt.', 'session_id': '60574dc3-f482-4ae5-a84f-c8056856e65a', 'user_id': 'P4'}"
13:21:23,api.generate_instance_label_from_description.succeeded,"{'generated_label': 'Bunny', 'original_text': 'Crying bunny wearing a slightly torn, dirt-covered', 'session_id': '60574dc3-f482-4ae5-a84f-c8056856e65a', 'user_id': 'P4'}"
13:21:23,instance.created_from_class,"{'instance_id': 'instance-3e156c8e-12f3-4752-8bd7-635a1225b974', 'class_id': 'class-4e2d073b-3ca5-4e4f-b6da-403c7738d3c5', 'instance_label': 'Bunny', 'has_text_description': True, 'session_id': '60574dc3-f482-4ae5-a84f-c8056856e65a', 'user_id': 'P4'}"
13:21:58,api.generate_scene_graph_to_text.succeeded,"{'text_length': 106, 'generated_text': 'Crying bunny wearing a slightly torn, yellow dress covered in dirt, holding something while in a loc', 'session_id': '60574dc3-f482-4ae5-a84f-c8056856e65a', 'user_id': 'P4'}"
13:21:58,instance.created_from_class,"{'instance_id': 'instance-4bde5f26-3abb-4732-9506-b5eac8cbe69e', 'class_id': 'class-4e2d073b-3ca5-4e4f-b6da-403c7738d3c5', 'instance_label': 'Bunny', 'has_text_description': True, 'session_id': '60574dc3-f482-4ae5-a84f-c8056856e65a', 'user_id': 'P4'}"
13:21:58,api.generate_instance_label_from_description.succeeded,"{'generated_label': 'Bunny', 'original_text': 'Crying bunny wearing a slightly torn, yellow dress', 'session_id': '60574dc3-f482-4ae5-a84f-c8056856e65a', 'user_id': 'P4'}"
13:22:05,layout.node.moved,"{'nodeId': 'instance-4bde5f26-3abb-4732-9506-b5eac8cbe69e', 'newPos': {'x': 164, 'y': 68}, 'session_id': '60574dc3-f482-4ae5-a84f-c8056856e65a', 'user_id': 'P4'}"
13:22:09,layoutboard.node.resizable.resized,"{'nodeId': 'instance-4bde5f26-3abb-4732-9506-b5eac8cbe69e-resizable', 'prevSize': {'width': 50, 'height': 50}, 'newSize': {'width': 123, 'height': 86}, 'delta': {'width': 73, 'height': 36}, 'linkedSizeNodeIds': [], 'session_id': '60574dc3-f482-4ae5-a84f-c8056856e65a', 'user_id': 'P4'}"
13:22:10,instance_selected,"{'instance_id': 'instance-4bde5f26-3abb-4732-9506-b5eac8cbe69e', 'instance_label': 'Bunny', 'is_from_class': True, 'class_id': 'class-4e2d073b-3ca5-4e4f-b6da-403c7738d3c5', 'session_id': '60574dc3-f482-4ae5-a84f-c8056856e65a', 'user_id': 'P4'}"
13:22:12,layoutboard.node.resizable.resized,"{'nodeId': 'instance-4bde5f26-3abb-4732-9506-b5eac8cbe69e-resizable', 'prevSize': {'width': 50, 'height': 50}, 'newSize': {'width': 149, 'height': 279}, 'delta': {'width': 99, 'height': 229}, 'linkedSizeNodeIds': [], 'session_id': '60574dc3-f482-4ae5-a84f-c8056856e65a', 'user_id': 'P4'}"
13:22:15,layout.node.moved,"{'nodeId': 'instance-4bde5f26-3abb-4732-9506-b5eac8cbe69e', 'newPos': {'x': 192, 'y': 208}, 'session_id': '60574dc3-f482-4ae5-a84f-c8056856e65a', 'user_id': 'P4'}"
13:22:16,instance_selected,"{'instance_id': 'instance-3e156c8e-12f3-4752-8bd7-635a1225b974', 'instance_label': 'Bunny', 'is_from_class': True, 'class_id': 'class-4e2d073b-3ca5-4e4f-b6da-403c7738d3c5', 'session_id': '60574dc3-f482-4ae5-a84f-c8056856e65a', 'user_id': 'P4'}"
13:22:20,layout.node.moved,"{'nodeId': 'instance-3e156c8e-12f3-4752-8bd7-635a1225b974', 'newPos': {'x': 189, 'y': 57}, 'session_id': '60574dc3-f482-4ae5-a84f-c8056856e65a', 'user_id': 'P4'}"
13:22:24,layoutboard.node.resizable.resized,"{'nodeId': 'instance-3e156c8e-12f3-4752-8bd7-635a1225b974-resizable', 'prevSize': {'width': 50, 'height': 50}, 'newSize': {'width': 108, 'height': 102}, 'delta': {'width': 58, 'height': 52}, 'linkedSizeNodeIds': [], 'session_id': '60574dc3-f482-4ae5-a84f-c8056856e65a', 'user_id': 'P4'}"
13:22:32,layoutboard.node.resizable.resized,"{'nodeId': 'instance-3e156c8e-12f3-4752-8bd7-635a1225b974-resizable', 'prevSize': {'width': 50, 'height': 50}, 'newSize': {'width': 159, 'height': 239}, 'delta': {'width': 109, 'height': 189}, 'linkedSizeNodeIds': [], 'session_id': '60574dc3-f482-4ae5-a84f-c8056856e65a', 'user_id': 'P4'}"
13:22:37,layout.node.moved,"{'nodeId': 'instance-3e156c8e-12f3-4752-8bd7-635a1225b974', 'newPos': {'x': 32, 'y': 228}, 'session_id': '60574dc3-f482-4ae5-a84f-c8056856e65a', 'user_id': 'P4'}"
13:22:39,layoutboard.node.resizable.resized,"{'nodeId': 'instance-3e156c8e-12f3-4752-8bd7-635a1225b974-resizable', 'prevSize': {'width': 50, 'height': 50}, 'newSize': {'width': 145, 'height': 258}, 'delta': {'width': 95, 'height': 208}, 'linkedSizeNodeIds': [], 'session_id': '60574dc3-f482-4ae5-a84f-c8056856e65a', 'user_id': 'P4'}"
13:22:41,layout.node.moved,"{'nodeId': 'instance-3e156c8e-12f3-4752-8bd7-635a1225b974', 'newPos': {'x': 19, 'y': 232}, 'session_id': '60574dc3-f482-4ae5-a84f-c8056856e65a', 'user_id': 'P4'}"
13:22:46,class_library_toggle,"{'expanded': False, 'class_count': 1, 'session_id': '60574dc3-f482-4ae5-a84f-c8056856e65a', 'user_id': 'P4'}"
13:23:08,instance_selected,"{'instance_id': 'instance-4bde5f26-3abb-4732-9506-b5eac8cbe69e', 'instance_label': 'Bunny', 'is_from_class': True, 'class_id': 'class-4e2d073b-3ca5-4e4f-b6da-403c7738d3c5', 'session_id': '60574dc3-f482-4ae5-a84f-c8056856e65a', 'user_id': 'P4'}"
13:23:08,instance.save,"{'instance_id': 'instance-4bde5f26-3abb-4732-9506-b5eac8cbe69e', 'session_id': '60574dc3-f482-4ae5-a84f-c8056856e65a', 'user_id': 'P4'}"
13:23:13,api.generate_text_to_graph.succeeded,"{'objects_count': 4, 'relationships_count': 4, 'root_object': 'object1', 'session_id': '60574dc3-f482-4ae5-a84f-c8056856e65a', 'user_id': 'P4'}"
13:23:13,instance.updated,"{'instance_id': 'instance-4bde5f26-3abb-4732-9506-b5eac8cbe69e', 'instance_label': 'bunny', 'text_changed': True, 'graph_changed': False, 'session_id': '60574dc3-f482-4ae5-a84f-c8056856e65a', 'user_id': 'P4'}"
13:23:13,instance_selected,"{'instance_id': 'instance-4bde5f26-3abb-4732-9506-b5eac8cbe69e', 'instance_label': 'bunny', 'is_from_class': True, 'class_id': 'class-4e2d073b-3ca5-4e4f-b6da-403c7738d3c5', 'session_id': '60574dc3-f482-4ae5-a84f-c8056856e65a', 'user_id': 'P4'}"
13:23:15,instance.save,"{'instance_id': 'instance-3e156c8e-12f3-4752-8bd7-635a1225b974', 'session_id': '60574dc3-f482-4ae5-a84f-c8056856e65a', 'user_id': 'P4'}"
13:23:18,api.generate_text_to_graph.succeeded,"{'objects_count': 2, 'relationships_count': 2, 'root_object': 'object1', 'session_id': '60574dc3-f482-4ae5-a84f-c8056856e65a', 'user_id': 'P4'}"
13:23:18,instance.updated,"{'instance_id': 'instance-3e156c8e-12f3-4752-8bd7-635a1225b974', 'instance_label': 'bunny', 'text_changed': True, 'graph_changed': False, 'session_id': '60574dc3-f482-4ae5-a84f-c8056856e65a', 'user_id': 'P4'}"
13:23:18,instance_selected,"{'instance_id': 'instance-4bde5f26-3abb-4732-9506-b5eac8cbe69e', 'instance_label': 'bunny', 'is_from_class': True, 'class_id': 'class-4e2d073b-3ca5-4e4f-b6da-403c7738d3c5', 'session_id': '60574dc3-f482-4ae5-a84f-c8056856e65a', 'user_id': 'P4'}"
13:23:50,instance.save,"{'instance_id': 'instance-7d3e7ac0-4d90-4885-8dba-40e51d210058', 'session_id': '60574dc3-f482-4ae5-a84f-c8056856e65a', 'user_id': 'P4'}"
13:23:56,api.generate_text_to_graph.succeeded,"{'objects_count': 6, 'relationships_count': 5, 'root_object': 'object1', 'session_id': '60574dc3-f482-4ae5-a84f-c8056856e65a', 'user_id': 'P4'}"
13:23:56,instance.updated,"{'instance_id': 'instance-7d3e7ac0-4d90-4885-8dba-40e51d210058', 'instance_label': 'bunny', 'text_changed': True, 'graph_changed': False, 'session_id': '60574dc3-f482-4ae5-a84f-c8056856e65a', 'user_id': 'P4'}"
13:24:00,object_node.expand_collapse,"{'object_id': 'object1', 'object_name': 'bunny', 'action': 'collapse', 'parent_instance_id': 'instance-7d3e7ac0-4d90-4885-8dba-40e51d210058', 'is_class_mode': False, 'session_id': '60574dc3-f482-4ae5-a84f-c8056856e65a', 'user_id': 'P4'}"
13:24:09,instance.save,"{'instance_id': 'instance-7d3e7ac0-4d90-4885-8dba-40e51d210058', 'session_id': '60574dc3-f482-4ae5-a84f-c8056856e65a', 'user_id': 'P4'}"
13:24:10,instance_selected,"{'instance_id': 'instance-7d3e7ac0-4d90-4885-8dba-40e51d210058', 'instance_label': 'bunny', 'is_from_class': True, 'class_id': 'class-4e2d073b-3ca5-4e4f-b6da-403c7738d3c5', 'session_id': '60574dc3-f482-4ae5-a84f-c8056856e65a', 'user_id': 'P4'}"
13:24:12,object_node.expand_collapse,"{'object_id': 'object3', 'object_name': 'hand', 'action': 'collapse', 'parent_instance_id': 'instance-7d3e7ac0-4d90-4885-8dba-40e51d210058', 'is_class_mode': False, 'session_id': '60574dc3-f482-4ae5-a84f-c8056856e65a', 'user_id': 'P4'}"
13:24:19,instance.save,"{'instance_id': 'instance-7d3e7ac0-4d90-4885-8dba-40e51d210058', 'session_id': '60574dc3-f482-4ae5-a84f-c8056856e65a', 'user_id': 'P4'}"
13:24:23,instance.updated,"{'instance_id': 'instance-7d3e7ac0-4d90-4885-8dba-40e51d210058', 'instance_label': 'bunny', 'text_changed': False, 'graph_changed': True, 'session_id': '60574dc3-f482-4ae5-a84f-c8056856e65a', 'user_id': 'P4'}"
13:24:23,api.generate_scene_graph_to_text.succeeded,"{'text_length': 113, 'generated_text': 'A real-life bunny is wearing a blue jacket, with tears falling down from its eyes, running vigorousl', 'session_id': '60574dc3-f482-4ae5-a84f-c8056856e65a', 'user_id': 'P4'}"
13:24:23,instance_selected,"{'instance_id': 'instance-7d3e7ac0-4d90-4885-8dba-40e51d210058', 'instance_label': 'bunny', 'is_from_class': True, 'class_id': 'class-4e2d073b-3ca5-4e4f-b6da-403c7738d3c5', 'session_id': '60574dc3-f482-4ae5-a84f-c8056856e65a', 'user_id': 'P4'}"
13:24:33,instance.save,"{'instance_id': 'instance-7d3e7ac0-4d90-4885-8dba-40e51d210058', 'session_id': '60574dc3-f482-4ae5-a84f-c8056856e65a', 'user_id': 'P4'}"
13:24:37,api.generate_text_to_graph.succeeded,"{'objects_count': 4, 'relationships_count': 3, 'root_object': 'object1', 'session_id': '60574dc3-f482-4ae5-a84f-c8056856e65a', 'user_id': 'P4'}"
13:24:37,instance.updated,"{'instance_id': 'instance-7d3e7ac0-4d90-4885-8dba-40e51d210058', 'instance_label': 'bunny', 'text_changed': True, 'graph_changed': False, 'session_id': '60574dc3-f482-4ae5-a84f-c8056856e65a', 'user_id': 'P4'}"
13:24:37,instance_selected,"{'instance_id': 'instance-7d3e7ac0-4d90-4885-8dba-40e51d210058', 'instance_label': 'bunny', 'is_from_class': True, 'class_id': 'class-4e2d073b-3ca5-4e4f-b6da-403c7738d3c5', 'session_id': '60574dc3-f482-4ae5-a84f-c8056856e65a', 'user_id': 'P4'}"
13:24:53,layout.node.moved,"{'nodeId': 'instance-7d3e7ac0-4d90-4885-8dba-40e51d210058', 'newPos': {'x': 120.57500076293945, 'y': 145.19999885559082}, 'session_id': '60574dc3-f482-4ae5-a84f-c8056856e65a', 'user_id': 'P4'}"
13:24:54,instance_selected,"{'instance_id': 'instance-b809209e-40a9-4888-b180-379db1d19e17', 'instance_label': 'tears', 'is_from_class': False, 'class_id': None, 'session_id': '60574dc3-f482-4ae5-a84f-c8056856e65a', 'user_id': 'P4'}"
13:24:57,layout.node.moved,"{'nodeId': 'instance-a61c45e3-e19d-486b-a597-b5ed896d25b8-resizable', 'newPos': {'x': -122, 'y': 54}, 'session_id': '60574dc3-f482-4ae5-a84f-c8056856e65a', 'user_id': 'P4'}"
13:25:00,layout.node.moved,"{'nodeId': 'instance-a61c45e3-e19d-486b-a597-b5ed896d25b8-resizable', 'newPos': {'x': -122, 'y': 54}, 'session_id': '60574dc3-f482-4ae5-a84f-c8056856e65a', 'user_id': 'P4'}"
13:25:02,instance_selected,"{'instance_id': 'instance-a61c45e3-e19d-486b-a597-b5ed896d25b8', 'instance_label': 'forest', 'is_from_class': False, 'class_id': None, 'session_id': '60574dc3-f482-4ae5-a84f-c8056856e65a', 'user_id': 'P4'}"
13:25:05,layout.node.moved,"{'nodeId': 'instance-a61c45e3-e19d-486b-a597-b5ed896d25b8', 'newPos': {'x': 185, 'y': 80}, 'session_id': '60574dc3-f482-4ae5-a84f-c8056856e65a', 'user_id': 'P4'}"
13:25:06,instance_selected,"{'instance_id': 'instance-7d3e7ac0-4d90-4885-8dba-40e51d210058', 'instance_label': 'bunny', 'is_from_class': True, 'class_id': 'class-4e2d073b-3ca5-4e4f-b6da-403c7738d3c5', 'session_id': '60574dc3-f482-4ae5-a84f-c8056856e65a', 'user_id': 'P4'}"
13:25:16,instance_selected,"{'instance_id': 'instance-a61c45e3-e19d-486b-a597-b5ed896d25b8', 'instance_label': 'forest', 'is_from_class': False, 'class_id': None, 'session_id': '60574dc3-f482-4ae5-a84f-c8056856e65a', 'user_id': 'P4'}"
13:25:18,layout.node.moved,"{'nodeId': 'instance-a61c45e3-e19d-486b-a597-b5ed896d25b8', 'newPos': {'x': 5, 'y': 58}, 'session_id': '60574dc3-f482-4ae5-a84f-c8056856e65a', 'user_id': 'P4'}"
13:25:22,instance.save,"{'instance_id': 'instance-7d3e7ac0-4d90-4885-8dba-40e51d210058', 'session_id': '60574dc3-f482-4ae5-a84f-c8056856e65a', 'user_id': 'P4'}"
13:25:22,instance.updated,"{'instance_id': 'instance-7d3e7ac0-4d90-4885-8dba-40e51d210058', 'instance_label': 'bunny', 'text_changed': False, 'graph_changed': True, 'session_id': '60574dc3-f482-4ae5-a84f-c8056856e65a', 'user_id': 'P4'}"
13:25:22,api.generate_scene_graph_to_text.succeeded,"{'text_length': 66, 'generated_text': 'A real-life bunny is wearing a blue jacket and running vigorously.', 'session_id': '60574dc3-f482-4ae5-a84f-c8056856e65a', 'user_id': 'P4'}"
13:25:22,instance_selected,"{'instance_id': 'instance-a61c45e3-e19d-486b-a597-b5ed896d25b8', 'instance_label': 'forest', 'is_from_class': False, 'class_id': None, 'session_id': '60574dc3-f482-4ae5-a84f-c8056856e65a', 'user_id': 'P4'}"
13:25:26,layout.node.moved,"{'nodeId': 'instance-a61c45e3-e19d-486b-a597-b5ed896d25b8-resizable', 'newPos': {'x': -122, 'y': 54}, 'session_id': '60574dc3-f482-4ae5-a84f-c8056856e65a', 'user_id': 'P4'}"
13:25:30,layout.node.moved,"{'nodeId': 'instance-a61c45e3-e19d-486b-a597-b5ed896d25b8-resizable', 'newPos': {'x': -122, 'y': 54}, 'session_id': '60574dc3-f482-4ae5-a84f-c8056856e65a', 'user_id': 'P4'}"
13:25:34,layoutboard.node.resizable.resized,"{'nodeId': 'instance-a61c45e3-e19d-486b-a597-b5ed896d25b8-resizable', 'prevSize': {'width': 504, 'height': 367}, 'newSize': {'width': 532, 'height': 306}, 'delta': {'width': 28, 'height': -61}, 'linkedSizeNodeIds': [], 'session_id': '60574dc3-f482-4ae5-a84f-c8056856e65a', 'user_id': 'P4'}"
13:25:36,layout.node.moved,"{'nodeId': 'instance-a61c45e3-e19d-486b-a597-b5ed896d25b8-resizable', 'newPos': {'x': -20, 'y': 67}, 'session_id': '60574dc3-f482-4ae5-a84f-c8056856e65a', 'user_id': 'P4'}"
13:25:38,layout.node.moved,"{'nodeId': 'instance-a61c45e3-e19d-486b-a597-b5ed896d25b8-resizable', 'newPos': {'x': -20, 'y': 95}, 'session_id': '60574dc3-f482-4ae5-a84f-c8056856e65a', 'user_id': 'P4'}"
13:25:41,layoutboard.node.resizable.resized,"{'nodeId': 'instance-a61c45e3-e19d-486b-a597-b5ed896d25b8-resizable', 'prevSize': {'width': 504, 'height': 367}, 'newSize': {'width': 430, 'height': 306}, 'delta': {'width': -74, 'height': -61}, 'linkedSizeNodeIds': [], 'session_id': '60574dc3-f482-4ae5-a84f-c8056856e65a', 'user_id': 'P4'}"
13:25:43,layout.node.moved,"{'nodeId': 'instance-a61c45e3-e19d-486b-a597-b5ed896d25b8-resizable', 'newPos': {'x': 5, 'y': 62}, 'session_id': '60574dc3-f482-4ae5-a84f-c8056856e65a', 'user_id': 'P4'}"
13:25:46,layoutboard.node.resizable.resized,"{'nodeId': 'instance-a61c45e3-e19d-486b-a597-b5ed896d25b8-resizable', 'prevSize': {'width': 504, 'height': 367}, 'newSize': {'width': 220, 'height': 425}, 'delta': {'width': -284, 'height': 58}, 'linkedSizeNodeIds': [], 'session_id': '60574dc3-f482-4ae5-a84f-c8056856e65a', 'user_id': 'P4'}"
13:25:47,instance_selected,"{'instance_id': 'instance-7d3e7ac0-4d90-4885-8dba-40e51d210058', 'instance_label': 'bunny', 'is_from_class': True, 'class_id': 'class-4e2d073b-3ca5-4e4f-b6da-403c7738d3c5', 'session_id': '60574dc3-f482-4ae5-a84f-c8056856e65a', 'user_id': 'P4'}"
13:25:49,layout.node.moved,"{'nodeId': 'instance-7d3e7ac0-4d90-4885-8dba-40e51d210058', 'newPos': {'x': 120.57500076293945, 'y': 209.19999885559082}, 'session_id': '60574dc3-f482-4ae5-a84f-c8056856e65a', 'user_id': 'P4'}"
13:25:50,instance_selected,"{'instance_id': 'instance-a61c45e3-e19d-486b-a597-b5ed896d25b8', 'instance_label': 'forest', 'is_from_class': False, 'class_id': None, 'session_id': '60574dc3-f482-4ae5-a84f-c8056856e65a', 'user_id': 'P4'}"
13:25:56,layoutboard.node.resizable.resized,"{'nodeId': 'instance-a61c45e3-e19d-486b-a597-b5ed896d25b8-resizable', 'prevSize': {'width': 504, 'height': 367}, 'newSize': {'width': 506, 'height': 425}, 'delta': {'width': 2, 'height': 58}, 'linkedSizeNodeIds': [], 'session_id': '60574dc3-f482-4ae5-a84f-c8056856e65a', 'user_id': 'P4'}"
13:25:58,instance_selected,"{'instance_id': 'instance-3e156c8e-12f3-4752-8bd7-635a1225b974', 'instance_label': 'bunny', 'is_from_class': True, 'class_id': 'class-4e2d073b-3ca5-4e4f-b6da-403c7738d3c5', 'session_id': '60574dc3-f482-4ae5-a84f-c8056856e65a', 'user_id': 'P4'}"
13:26:41,prompt_saved,{'path': 'output/P4/2025-08-25_13-26-41/prompt.json'}
13:26:42,object_detection_integrated,{'objects_count': 4}
13:26:42,api.generate_image.succeeded,"{'global_caption': 'a scene featuring a real-life bunny wearing a blue jacket, running vigorously while looking up at something unknown, with tears in its eyes, set against a real-life green forest with many trees swaying towards one side and leaves flying in the air, under a blue sky; along with a crying bunny wearing a slightly torn, dirt-covered yellow shirt, running vigorously, and a crying bunny wearing a slightly torn, yellow dress covered in dirt, also running vigorously, while tears fall down from the bunnies.', 'region_count': 6, 'has_image': True, 'detected_objects_count': 4, 'image_path': 'output/P4/2025-08-25_13-26-41/image.png', 'image_with_layout_path': 'output/P4/2025-08-25_13-26-41/image_with_layout.png', 'timestamp_dir': 'output/P4/2025-08-25_13-26-41', 'session_id': '60574dc3-f482-4ae5-a84f-c8056856e65a', 'user_id': 'P4'}"
13:26:42,object_detection_integrated,"{'objectsCount': 4, 'objects': [{'label': 'teddy bear', 'confidence': 0.4857383370399475}, {'label': 'dog', 'confidence': 0.4527474045753479}, {'label': 'person', 'confidence': 0.3028971552848816}, {'label': 'teddy bear', 'confidence': 0.2504008412361145}], 'session_id': '60574dc3-f482-4ae5-a84f-c8056856e65a', 'user_id': 'P4'}"
13:27:05,instance.save,"{'instance_id': 'instance-3e156c8e-12f3-4752-8bd7-635a1225b974', 'session_id': '60574dc3-f482-4ae5-a84f-c8056856e65a', 'user_id': 'P4'}"
13:27:07,api.generate_text_to_graph.succeeded,"{'objects_count': 2, 'relationships_count': 2, 'root_object': 'object1', 'session_id': '60574dc3-f482-4ae5-a84f-c8056856e65a', 'user_id': 'P4'}"
13:27:07,instance.updated,"{'instance_id': 'instance-3e156c8e-12f3-4752-8bd7-635a1225b974', 'instance_label': 'bunny', 'text_changed': True, 'graph_changed': False, 'session_id': '60574dc3-f482-4ae5-a84f-c8056856e65a', 'user_id': 'P4'}"
13:27:08,instance_selected,"{'instance_id': 'instance-3e156c8e-12f3-4752-8bd7-635a1225b974', 'instance_label': 'bunny', 'is_from_class': True, 'class_id': 'class-4e2d073b-3ca5-4e4f-b6da-403c7738d3c5', 'session_id': '60574dc3-f482-4ae5-a84f-c8056856e65a', 'user_id': 'P4'}"
13:27:22,layout.node.moved,"{'nodeId': 'instance-3e156c8e-12f3-4752-8bd7-635a1225b974', 'newPos': {'x': 0, 'y': 269}, 'session_id': '60574dc3-f482-4ae5-a84f-c8056856e65a', 'user_id': 'P4'}"
13:27:25,layout.node.moved,"{'nodeId': 'instance-a61c45e3-e19d-486b-a597-b5ed896d25b8-resizable', 'newPos': {'x': 0, 'y': 64}, 'session_id': '60574dc3-f482-4ae5-a84f-c8056856e65a', 'user_id': 'P4'}"
13:27:52,layoutboard.node.resizable.resized,"{'nodeId': 'instance-a61c45e3-e19d-486b-a597-b5ed896d25b8-resizable', 'prevSize': {'width': 504, 'height': 367}, 'newSize': {'width': 506, 'height': 439}, 'delta': {'width': 2, 'height': 72}, 'linkedSizeNodeIds': [], 'session_id': '60574dc3-f482-4ae5-a84f-c8056856e65a', 'user_id': 'P4'}"
13:27:57,prompt_saved,{'path': 'output/P4/2025-08-25_13-27-57/prompt.json'}
13:27:58,object_detection_integrated,{'objects_count': 4}
13:27:58,api.generate_image.succeeded,"{'global_caption': 'a scene featuring a real-life bunny wearing a blue jacket, running vigorously while looking up at something unknown, with tears in its eyes, set against a real-life green forest with many trees swaying towards one side and leaves flying in the air, under a blue sky; along with a crying bunny wearing a slightly torn, dirt-covered green shirt, running vigorously, and a crying bunny wearing a slightly torn, yellow dress covered in dirt, also running vigorously, while tears fall down from the bunnies.', 'region_count': 6, 'has_image': True, 'detected_objects_count': 4, 'image_path': 'output/P4/2025-08-25_13-27-57/image.png', 'image_with_layout_path': 'output/P4/2025-08-25_13-27-57/image_with_layout.png', 'timestamp_dir': 'output/P4/2025-08-25_13-27-57', 'session_id': '60574dc3-f482-4ae5-a84f-c8056856e65a', 'user_id': 'P4'}"
13:27:58,object_detection_integrated,"{'objectsCount': 4, 'objects': [{'label': 'person', 'confidence': 0.8883478045463562}, {'label': 'person', 'confidence': 0.8784259557723999}, {'label': 'person', 'confidence': 0.7554414868354797}, {'label': 'bird', 'confidence': 0.5188044905662537}], 'session_id': '60574dc3-f482-4ae5-a84f-c8056856e65a', 'user_id': 'P4'}"
13:28:12,instance_selected,"{'instance_id': 'instance-4bde5f26-3abb-4732-9506-b5eac8cbe69e', 'instance_label': 'bunny', 'is_from_class': True, 'class_id': 'class-4e2d073b-3ca5-4e4f-b6da-403c7738d3c5', 'session_id': '60574dc3-f482-4ae5-a84f-c8056856e65a', 'user_id': 'P4'}"
13:28:47,instance.save,"{'instance_id': 'instance-4bde5f26-3abb-4732-9506-b5eac8cbe69e', 'session_id': '60574dc3-f482-4ae5-a84f-c8056856e65a', 'user_id': 'P4'}"
13:28:54,api.generate_text_to_graph.succeeded,"{'objects_count': 4, 'relationships_count': 4, 'root_object': 'object1', 'session_id': '60574dc3-f482-4ae5-a84f-c8056856e65a', 'user_id': 'P4'}"
13:28:54,instance.updated,"{'instance_id': 'instance-4bde5f26-3abb-4732-9506-b5eac8cbe69e', 'instance_label': 'bunny', 'text_changed': True, 'graph_changed': False, 'session_id': '60574dc3-f482-4ae5-a84f-c8056856e65a', 'user_id': 'P4'}"
13:28:54,instance_selected,"{'instance_id': 'instance-4bde5f26-3abb-4732-9506-b5eac8cbe69e', 'instance_label': 'bunny', 'is_from_class': True, 'class_id': 'class-4e2d073b-3ca5-4e4f-b6da-403c7738d3c5', 'session_id': '60574dc3-f482-4ae5-a84f-c8056856e65a', 'user_id': 'P4'}"
13:28:56,instance.save,"{'instance_id': 'instance-3e156c8e-12f3-4752-8bd7-635a1225b974', 'session_id': '60574dc3-f482-4ae5-a84f-c8056856e65a', 'user_id': 'P4'}"
13:28:59,api.generate_text_to_graph.succeeded,"{'objects_count': 2, 'relationships_count': 2, 'root_object': 'object1', 'session_id': '60574dc3-f482-4ae5-a84f-c8056856e65a', 'user_id': 'P4'}"
13:28:59,instance.updated,"{'instance_id': 'instance-3e156c8e-12f3-4752-8bd7-635a1225b974', 'instance_label': 'bunny', 'text_changed': True, 'graph_changed': False, 'session_id': '60574dc3-f482-4ae5-a84f-c8056856e65a', 'user_id': 'P4'}"
13:29:00,instance_selected,"{'instance_id': 'instance-4bde5f26-3abb-4732-9506-b5eac8cbe69e', 'instance_label': 'bunny', 'is_from_class': True, 'class_id': 'class-4e2d073b-3ca5-4e4f-b6da-403c7738d3c5', 'session_id': '60574dc3-f482-4ae5-a84f-c8056856e65a', 'user_id': 'P4'}"
13:29:00,instance_selected,"{'instance_id': 'instance-a61c45e3-e19d-486b-a597-b5ed896d25b8', 'instance_label': 'forest', 'is_from_class': False, 'class_id': None, 'session_id': '60574dc3-f482-4ae5-a84f-c8056856e65a', 'user_id': 'P4'}"
13:29:21,instance.save,"{'instance_id': 'instance-7d3e7ac0-4d90-4885-8dba-40e51d210058', 'session_id': '60574dc3-f482-4ae5-a84f-c8056856e65a', 'user_id': 'P4'}"
13:29:24,instance.updated,"{'instance_id': 'instance-7d3e7ac0-4d90-4885-8dba-40e51d210058', 'instance_label': 'bunny', 'text_changed': True, 'graph_changed': False, 'session_id': '60574dc3-f482-4ae5-a84f-c8056856e65a', 'user_id': 'P4'}"
13:29:24,api.generate_text_to_graph.succeeded,"{'objects_count': 2, 'relationships_count': 2, 'root_object': 'object1', 'session_id': '60574dc3-f482-4ae5-a84f-c8056856e65a', 'user_id': 'P4'}"
13:29:24,instance_selected,"{'instance_id': 'instance-a61c45e3-e19d-486b-a597-b5ed896d25b8', 'instance_label': 'forest', 'is_from_class': False, 'class_id': None, 'session_id': '60574dc3-f482-4ae5-a84f-c8056856e65a', 'user_id': 'P4'}"
13:29:33,instance_selected,"{'instance_id': 'instance-7d3e7ac0-4d90-4885-8dba-40e51d210058', 'instance_label': 'bunny', 'is_from_class': True, 'class_id': 'class-4e2d073b-3ca5-4e4f-b6da-403c7738d3c5', 'session_id': '60574dc3-f482-4ae5-a84f-c8056856e65a', 'user_id': 'P4'}"
13:29:44,object_node.expand_collapse,"{'object_id': 'object1', 'object_name': 'bunny', 'action': 'expand', 'parent_instance_id': 'instance-7d3e7ac0-4d90-4885-8dba-40e51d210058', 'is_class_mode': False, 'session_id': '60574dc3-f482-4ae5-a84f-c8056856e65a', 'user_id': 'P4'}"
13:29:48,object_node.expand_collapse,"{'object_id': 'object1', 'object_name': 'bunny', 'action': 'collapse', 'parent_instance_id': 'instance-7d3e7ac0-4d90-4885-8dba-40e51d210058', 'is_class_mode': False, 'session_id': '60574dc3-f482-4ae5-a84f-c8056856e65a', 'user_id': 'P4'}"
13:29:51,object_node.expand_collapse,"{'object_id': 'object1', 'object_name': 'bunny', 'action': 'expand', 'parent_instance_id': 'instance-7d3e7ac0-4d90-4885-8dba-40e51d210058', 'is_class_mode': False, 'session_id': '60574dc3-f482-4ae5-a84f-c8056856e65a', 'user_id': 'P4'}"
13:29:58,instance.save,"{'instance_id': 'instance-7d3e7ac0-4d90-4885-8dba-40e51d210058', 'session_id': '60574dc3-f482-4ae5-a84f-c8056856e65a', 'user_id': 'P4'}"
13:30:14,instance.save,"{'instance_id': 'instance-7d3e7ac0-4d90-4885-8dba-40e51d210058', 'session_id': '60574dc3-f482-4ae5-a84f-c8056856e65a', 'user_id': 'P4'}"
13:30:18,instance.updated,"{'instance_id': 'instance-7d3e7ac0-4d90-4885-8dba-40e51d210058', 'instance_label': 'bunny', 'text_changed': True, 'graph_changed': False, 'session_id': '60574dc3-f482-4ae5-a84f-c8056856e65a', 'user_id': 'P4'}"
13:30:18,api.generate_text_to_graph.succeeded,"{'objects_count': 2, 'relationships_count': 2, 'root_object': 'object1', 'session_id': '60574dc3-f482-4ae5-a84f-c8056856e65a', 'user_id': 'P4'}"
13:30:18,instance_selected,"{'instance_id': 'instance-7d3e7ac0-4d90-4885-8dba-40e51d210058', 'instance_label': 'bunny', 'is_from_class': True, 'class_id': 'class-4e2d073b-3ca5-4e4f-b6da-403c7738d3c5', 'session_id': '60574dc3-f482-4ae5-a84f-c8056856e65a', 'user_id': 'P4'}"
13:30:47,prompt_saved,{'path': 'output/P4/2025-08-25_13-30-47/prompt.json'}
13:30:47,object_detection_integrated,{'objects_count': 4}
13:30:47,api.generate_image.succeeded,"{'global_caption': 'a scene featuring a real-life bunny that is crying and exhausted, wearing a blue jacket and running vigorously while looking up at something unknown, with tears in its eyes, set against a real-life green forest with many trees swaying towards one side and leaves flying in the air, under a blue sky; along with a crying and exhausted bunny wearing a slightly torn, dirt-covered green shirt, running vigorously, and a crying and exhausted bunny wearing a slightly torn, yellow dress covered in dirt, also running vigorously, while tears fall down from the bunnies.', 'region_count': 6, 'has_image': True, 'detected_objects_count': 4, 'image_path': 'output/P4/2025-08-25_13-30-47/image.png', 'image_with_layout_path': 'output/P4/2025-08-25_13-30-47/image_with_layout.png', 'timestamp_dir': 'output/P4/2025-08-25_13-30-47', 'session_id': '60574dc3-f482-4ae5-a84f-c8056856e65a', 'user_id': 'P4'}"
13:30:47,object_detection_integrated,"{'objectsCount': 4, 'objects': [{'label': 'person', 'confidence': 0.8906941413879395}, {'label': 'person', 'confidence': 0.6015060544013977}, {'label': 'person', 'confidence': 0.5599046349525452}, {'label': 'bird', 'confidence': 0.30808714032173157}], 'session_id': '60574dc3-f482-4ae5-a84f-c8056856e65a', 'user_id': 'P4'}"
13:31:00,scene_saved,"{'slotNumber': 4, 'instanceCount': 6, 'nodeCount': 12, 'edgeCount': 9, 'session_id': '60574dc3-f482-4ae5-a84f-c8056856e65a', 'user_id': 'P4'}"
13:31:06,system_completed,"{'system': 'system2', 'completion_time': '2025-08-25T13:31:06.654Z', 'session_id': '60574dc3-f482-4ae5-a84f-c8056856e65a', 'user_id': 'P4'}"
13:32:42,system_survey_completed,"{'system_type': 'system2', 'language': 'ko', 'responses': {'mental_demand': 3, 'temporal_demand': 2, 'performance': 6, 'effort': 3, 'frustration': 1, 'exploration': 3, 'engagement': 6, 'effort_reward': 5, 'transparency': 6, 'expressiveness': 6, 'dg1_clarity': 6, 'dg2_prompt_to_image': 7, 'dg2_image_to_prompt': 6, 'dg3_reusability': 7, 'dg3_selective_edit': 2}, 'additional_feedback': '', 'completion_time': '2025-08-25T13:32:41.887Z', 'system_usage_duration': 3263761, 'session_id': '60574dc3-f482-4ae5-a84f-c8056856e65a', 'user_id': 'P4'}"
