timestamp,event,details
06:17:09,scene_saved,"{'slotNumber': 1, 'instanceCount': 0, 'nodeCount': 0, 'edgeCount': 0, 'session_id': '6c77a175-b038-4777-8ac4-52eb443031ec', 'user_id': 'P3'}"
06:17:16,scene_saved,"{'slotNumber': 1, 'instanceCount': 0, 'nodeCount': 0, 'edgeCount': 0, 'session_id': '6c77a175-b038-4777-8ac4-52eb443031ec', 'user_id': 'P3'}"
06:18:25,layout_board.new_box_positioned,"{'position': {'x': 195, 'y': 312}, 'screen_position': {'x': 258, 'y': 335}, 'board_type': 'advanced', 'session_id': '6c77a175-b038-4777-8ac4-52eb443031ec', 'user_id': 'P3'}"
06:19:02,instance_selected,"{'instance_id': 'instance-258e1650-a691-4328-9fb0-3bcf7775d2b6', 'instance_label': 'Processing...', 'is_from_class': False, 'class_id': None, 'session_id': '6c77a175-b038-4777-8ac4-52eb443031ec', 'user_id': 'P3'}"
06:19:03,api.generate_text_to_graph.succeeded,"{'objects_count': 3, 'relationships_count': 2, 'root_object': 'object1', 'session_id': '6c77a175-b038-4777-8ac4-52eb443031ec', 'user_id': 'P3'}"
06:19:03,instance_selected,"{'instance_id': 'instance-258e1650-a691-4328-9fb0-3bcf7775d2b6', 'instance_label': 'rabbit', 'is_from_class': False, 'class_id': None, 'session_id': '6c77a175-b038-4777-8ac4-52eb443031ec', 'user_id': 'P3'}"
06:19:04,layoutboard.node.resizable.resized,"{'nodeId': 'instance-258e1650-a691-4328-9fb0-3bcf7775d2b6-resizable', 'prevSize': {'width': 50, 'height': 50}, 'newSize': {'width': 90, 'height': 99}, 'delta': {'width': 40, 'height': 49}, 'linkedSizeNodeIds': [], 'session_id': '6c77a175-b038-4777-8ac4-52eb443031ec', 'user_id': 'P3'}"
06:19:25,layout.node.moved,"{'nodeId': 'instance-258e1650-a691-4328-9fb0-3bcf7775d2b6-resizable', 'newPos': {'x': 269, 'y': 246}, 'session_id': '6c77a175-b038-4777-8ac4-52eb443031ec', 'user_id': 'P3'}"
06:19:28,layout_board.new_box_positioned,"{'position': {'x': 92, 'y': 153}, 'screen_position': {'x': 155, 'y': 176}, 'board_type': 'advanced', 'session_id': '6c77a175-b038-4777-8ac4-52eb443031ec', 'user_id': 'P3'}"
06:19:53,api.generate_text_to_graph.succeeded,"{'objects_count': 2, 'relationships_count': 1, 'root_object': 'object1', 'session_id': '6c77a175-b038-4777-8ac4-52eb443031ec', 'user_id': 'P3'}"
06:19:53,layoutboard.node.resizable.resized,"{'nodeId': 'instance-bc576742-63dd-47ed-a242-06a9b1b04f4c-resizable', 'prevSize': {'width': 50, 'height': 50}, 'newSize': {'width': 362, 'height': 315}, 'delta': {'width': 312, 'height': 265}, 'linkedSizeNodeIds': [], 'session_id': '6c77a175-b038-4777-8ac4-52eb443031ec', 'user_id': 'P3'}"
06:19:56,layout.node.moved,"{'nodeId': 'instance-bc576742-63dd-47ed-a242-06a9b1b04f4c-resizable', 'newPos': {'x': 76, 'y': 113}, 'session_id': '6c77a175-b038-4777-8ac4-52eb443031ec', 'user_id': 'P3'}"
06:19:59,layoutboard.node.resizable.resized,"{'nodeId': 'instance-bc576742-63dd-47ed-a242-06a9b1b04f4c-resizable', 'prevSize': {'width': 50, 'height': 50}, 'newSize': {'width': 365, 'height': 343}, 'delta': {'width': 315, 'height': 293}, 'linkedSizeNodeIds': [], 'session_id': '6c77a175-b038-4777-8ac4-52eb443031ec', 'user_id': 'P3'}"
06:20:04,class_library_toggle,"{'expanded': True, 'class_count': 0, 'session_id': '6c77a175-b038-4777-8ac4-52eb443031ec', 'user_id': 'P3'}"
06:20:09,class.created,"{'class_id': 'class-412add9c-ec9b-4f19-8022-0757952f86ba', 'class_name': 'rabbit Class', 'placeholder_count': 3, 'created_from': 'rabbit', 'session_id': '6c77a175-b038-4777-8ac4-52eb443031ec', 'user_id': 'P3'}"
06:20:09,api.generate_placeholders.succeeded,"{'object_count': 3, 'unique_value_count': 6, 'session_id': '6c77a175-b038-4777-8ac4-52eb443031ec', 'user_id': 'P3'}"
06:20:16,object_node.attribute.deleted,"{'object_id': 'object2', 'object_name': 'jacket', 'attribute_index': 0, 'attribute_value': 'blue', 'is_class_mode': True, 'session_id': '6c77a175-b038-4777-8ac4-52eb443031ec', 'user_id': 'P3'}"
06:20:21,class.updated,"{'class_id': 'class-412add9c-ec9b-4f19-8022-0757952f86ba', 'class_name': 'rabbit Class', 'placeholder_count': 3, 'object_count': 2, 'session_id': '6c77a175-b038-4777-8ac4-52eb443031ec', 'user_id': 'P3'}"
06:20:23,api.generate_scene_graph_to_text.succeeded,"{'text_length': 34, 'generated_text': 'Cute rabbit walking with two feet.', 'session_id': '6c77a175-b038-4777-8ac4-52eb443031ec', 'user_id': 'P3'}"
06:20:39,api.generate_scene_graph_to_text.succeeded,"{'text_length': 34, 'generated_text': 'Cute rabbit walking with two feet.', 'session_id': '6c77a175-b038-4777-8ac4-52eb443031ec', 'user_id': 'P3'}"
06:20:39,instance.created_from_class,"{'instance_id': 'instance-c02c7781-54d0-4a6f-9e93-d917b97bc147', 'class_id': 'class-412add9c-ec9b-4f19-8022-0757952f86ba', 'instance_label': 'Rabbit', 'has_text_description': True, 'session_id': '6c77a175-b038-4777-8ac4-52eb443031ec', 'user_id': 'P3'}"
06:20:39,api.generate_instance_label_from_description.succeeded,"{'generated_label': 'Rabbit', 'original_text': 'Cute rabbit walking with two feet.', 'session_id': '6c77a175-b038-4777-8ac4-52eb443031ec', 'user_id': 'P3'}"
06:20:45,instance_selected,"{'instance_id': 'instance-258e1650-a691-4328-9fb0-3bcf7775d2b6', 'instance_label': 'rabbit', 'is_from_class': True, 'class_id': 'class-412add9c-ec9b-4f19-8022-0757952f86ba', 'session_id': '6c77a175-b038-4777-8ac4-52eb443031ec', 'user_id': 'P3'}"
06:20:48,instance_selected,"{'instance_id': 'instance-c02c7781-54d0-4a6f-9e93-d917b97bc147', 'instance_label': 'Rabbit', 'is_from_class': True, 'class_id': 'class-412add9c-ec9b-4f19-8022-0757952f86ba', 'session_id': '6c77a175-b038-4777-8ac4-52eb443031ec', 'user_id': 'P3'}"
06:20:52,layout.node.moved,"{'nodeId': 'instance-c02c7781-54d0-4a6f-9e93-d917b97bc147', 'newPos': {'x': 53, 'y': 295}, 'session_id': '6c77a175-b038-4777-8ac4-52eb443031ec', 'user_id': 'P3'}"
06:20:54,instance_selected,"{'instance_id': 'instance-bc576742-63dd-47ed-a242-06a9b1b04f4c', 'instance_label': 'village', 'is_from_class': False, 'class_id': None, 'session_id': '6c77a175-b038-4777-8ac4-52eb443031ec', 'user_id': 'P3'}"
06:20:57,layoutboard.node.resizable.resized,"{'nodeId': 'instance-bc576742-63dd-47ed-a242-06a9b1b04f4c-resizable', 'prevSize': {'width': 50, 'height': 50}, 'newSize': {'width': 403, 'height': 388}, 'delta': {'width': 353, 'height': 338}, 'linkedSizeNodeIds': [], 'session_id': '6c77a175-b038-4777-8ac4-52eb443031ec', 'user_id': 'P3'}"
06:20:59,instance_selected,"{'instance_id': 'instance-258e1650-a691-4328-9fb0-3bcf7775d2b6', 'instance_label': 'rabbit', 'is_from_class': True, 'class_id': 'class-412add9c-ec9b-4f19-8022-0757952f86ba', 'session_id': '6c77a175-b038-4777-8ac4-52eb443031ec', 'user_id': 'P3'}"
06:21:18,object_node.edit.saved,"{'object_id': '9cbdb7ac-5710-499f-947b-9bb9977750cc', 'object_name': 'new object', 'edit_mode': 'name', 'new_value': 'style ', 'is_class_mode': True, 'session_id': '6c77a175-b038-4777-8ac4-52eb443031ec', 'user_id': 'P3'}"
06:21:45,object_node.edit.saved,"{'object_id': '9cbdb7ac-5710-499f-947b-9bb9977750cc', 'object_name': '?', 'edit_mode': 'name', 'new_value': 'style a_fairy_tale_illustration', 'is_class_mode': True, 'session_id': '6c77a175-b038-4777-8ac4-52eb443031ec', 'user_id': 'P3'}"
06:21:53,object_node.connection_drag.completed,"{'source_object_id': 'object1', 'target_object_id': '9cbdb7ac-5710-499f-947b-9bb9977750cc', 'session_id': '6c77a175-b038-4777-8ac4-52eb443031ec', 'user_id': 'P3'}"
06:21:58,class.updated,"{'class_id': 'class-412add9c-ec9b-4f19-8022-0757952f86ba', 'class_name': 'rabbit Class', 'placeholder_count': 4, 'object_count': 3, 'session_id': '6c77a175-b038-4777-8ac4-52eb443031ec', 'user_id': 'P3'}"
06:22:01,api.generate_scene_graph_to_text.succeeded,"{'text_length': 63, 'generated_text': 'Cute rabbit walking with two feet in a fairy tale illustration.', 'session_id': '6c77a175-b038-4777-8ac4-52eb443031ec', 'user_id': 'P3'}"
06:22:01,instance_selected,"{'instance_id': 'instance-258e1650-a691-4328-9fb0-3bcf7775d2b6', 'instance_label': 'rabbit', 'is_from_class': True, 'class_id': 'class-412add9c-ec9b-4f19-8022-0757952f86ba', 'session_id': '6c77a175-b038-4777-8ac4-52eb443031ec', 'user_id': 'P3'}"
06:22:01,api.generate_scene_graph_to_text.succeeded,"{'text_length': 34, 'generated_text': 'Cute rabbit walking with two feet.', 'session_id': '6c77a175-b038-4777-8ac4-52eb443031ec', 'user_id': 'P3'}"
06:22:19,instance_selected,"{'instance_id': 'instance-c02c7781-54d0-4a6f-9e93-d917b97bc147', 'instance_label': 'Rabbit', 'is_from_class': True, 'class_id': 'class-412add9c-ec9b-4f19-8022-0757952f86ba', 'session_id': '6c77a175-b038-4777-8ac4-52eb443031ec', 'user_id': 'P3'}"
06:22:34,instance.updated,"{'instance_id': 'instance-258e1650-a691-4328-9fb0-3bcf7775d2b6', 'instance_label': 'rabbit', 'text_changed': True, 'graph_changed': False, 'session_id': '6c77a175-b038-4777-8ac4-52eb443031ec', 'user_id': 'P3'}"
06:22:34,api.generate_text_to_graph.succeeded,"{'objects_count': 3, 'relationships_count': 3, 'root_object': 'object1', 'session_id': '6c77a175-b038-4777-8ac4-52eb443031ec', 'user_id': 'P3'}"
06:22:34,instance_selected,"{'instance_id': 'instance-c02c7781-54d0-4a6f-9e93-d917b97bc147', 'instance_label': 'Rabbit', 'is_from_class': True, 'class_id': 'class-412add9c-ec9b-4f19-8022-0757952f86ba', 'session_id': '6c77a175-b038-4777-8ac4-52eb443031ec', 'user_id': 'P3'}"
06:23:07,prompt_saved,{'path': 'output/P3/2025-08-23_06-23-07/prompt.json'}
06:23:07,object_detection_integrated,{'objects_count': 1}
06:23:07,object_detection_integrated,"{'objectsCount': 1, 'objects': [{'label': 'banana', 'confidence': 0.5425778031349182}], 'session_id': '6c77a175-b038-4777-8ac4-52eb443031ec', 'user_id': 'P3'}"
06:23:07,api.generate_image.succeeded,"{'global_caption': 'a scene featuring a cute rabbit walking on two feet in a fairy tale illustration, Rabbit Village, and another cute rabbit walking on two feet in a fairy tale illustration', 'region_count': 3, 'has_image': True, 'detected_objects_count': 1, 'image_path': 'output/P3/2025-08-23_06-23-07/image.png', 'image_with_layout_path': 'output/P3/2025-08-23_06-23-07/image_with_layout.png', 'timestamp_dir': 'output/P3/2025-08-23_06-23-07', 'session_id': '6c77a175-b038-4777-8ac4-52eb443031ec', 'user_id': 'P3'}"
06:23:20,layoutboard.node.resizable.resized,"{'nodeId': 'instance-bc576742-63dd-47ed-a242-06a9b1b04f4c-resizable', 'prevSize': {'width': 50, 'height': 50}, 'newSize': {'width': 442, 'height': 456}, 'delta': {'width': 392, 'height': 406}, 'linkedSizeNodeIds': [], 'session_id': '6c77a175-b038-4777-8ac4-52eb443031ec', 'user_id': 'P3'}"
06:23:24,layoutboard.node.resizable.resized,"{'nodeId': 'instance-bc576742-63dd-47ed-a242-06a9b1b04f4c-resizable', 'prevSize': {'width': 50, 'height': 50}, 'newSize': {'width': 514, 'height': 513}, 'delta': {'width': 464, 'height': 463}, 'linkedSizeNodeIds': [], 'session_id': '6c77a175-b038-4777-8ac4-52eb443031ec', 'user_id': 'P3'}"
06:23:28,layout.node.moved,"{'nodeId': 'instance-bc576742-63dd-47ed-a242-06a9b1b04f4c-resizable', 'newPos': {'x': -2, 'y': -1}, 'session_id': '6c77a175-b038-4777-8ac4-52eb443031ec', 'user_id': 'P3'}"
06:23:29,layout.node.moved,"{'nodeId': 'instance-bc576742-63dd-47ed-a242-06a9b1b04f4c-resizable', 'newPos': {'x': -2, 'y': -1}, 'session_id': '6c77a175-b038-4777-8ac4-52eb443031ec', 'user_id': 'P3'}"
06:23:30,layout.node.moved,"{'nodeId': 'instance-bc576742-63dd-47ed-a242-06a9b1b04f4c', 'newPos': {'x': 20, 'y': 27}, 'session_id': '6c77a175-b038-4777-8ac4-52eb443031ec', 'user_id': 'P3'}"
06:23:33,layoutboard.node.resizable.resized,"{'nodeId': 'instance-bc576742-63dd-47ed-a242-06a9b1b04f4c-resizable', 'prevSize': {'width': 50, 'height': 50}, 'newSize': {'width': 477, 'height': 475}, 'delta': {'width': 427, 'height': 425}, 'linkedSizeNodeIds': [], 'session_id': '6c77a175-b038-4777-8ac4-52eb443031ec', 'user_id': 'P3'}"
06:23:35,layout.node.moved,"{'nodeId': 'instance-bc576742-63dd-47ed-a242-06a9b1b04f4c', 'newPos': {'x': 16, 'y': 19}, 'session_id': '6c77a175-b038-4777-8ac4-52eb443031ec', 'user_id': 'P3'}"
06:23:36,instance_selected,"{'instance_id': 'instance-258e1650-a691-4328-9fb0-3bcf7775d2b6', 'instance_label': 'rabbit', 'is_from_class': True, 'class_id': 'class-412add9c-ec9b-4f19-8022-0757952f86ba', 'session_id': '6c77a175-b038-4777-8ac4-52eb443031ec', 'user_id': 'P3'}"
06:23:52,object_node.edit.saved,"{'object_id': 'ee3b8d4e-35f6-453e-b3fe-d91e5c5a2535', 'object_name': 'new object', 'edit_mode': 'adding', 'new_value': 'blue', 'is_class_mode': False, 'parent_instance_id': 'instance-258e1650-a691-4328-9fb0-3bcf7775d2b6', 'session_id': '6c77a175-b038-4777-8ac4-52eb443031ec', 'user_id': 'P3'}"
06:24:13,object_node.edit.saved,"{'object_id': 'ee3b8d4e-35f6-453e-b3fe-d91e5c5a2535', 'object_name': 'new object', 'edit_mode': 'name', 'new_value': 'jacket', 'is_class_mode': False, 'parent_instance_id': 'instance-258e1650-a691-4328-9fb0-3bcf7775d2b6', 'session_id': '6c77a175-b038-4777-8ac4-52eb443031ec', 'user_id': 'P3'}"
06:24:17,object_node.connection_drag.completed,"{'source_object_id': 'object1', 'target_object_id': 'ee3b8d4e-35f6-453e-b3fe-d91e5c5a2535', 'source_parent_id': 'instance-258e1650-a691-4328-9fb0-3bcf7775d2b6', 'target_parent_id': 'instance-258e1650-a691-4328-9fb0-3bcf7775d2b6', 'session_id': '6c77a175-b038-4777-8ac4-52eb443031ec', 'user_id': 'P3'}"
06:24:42,instance_selected,"{'instance_id': 'instance-258e1650-a691-4328-9fb0-3bcf7775d2b6', 'instance_label': 'rabbit', 'is_from_class': True, 'class_id': 'class-412add9c-ec9b-4f19-8022-0757952f86ba', 'session_id': '6c77a175-b038-4777-8ac4-52eb443031ec', 'user_id': 'P3'}"
06:24:42,instance.updated,"{'instance_id': 'instance-258e1650-a691-4328-9fb0-3bcf7775d2b6', 'instance_label': 'rabbit', 'text_changed': False, 'graph_changed': True, 'session_id': '6c77a175-b038-4777-8ac4-52eb443031ec', 'user_id': 'P3'}"
06:24:42,api.generate_scene_graph_to_text.succeeded,"{'text_length': 91, 'generated_text': 'Cute rabbit walking with two feet in a fairy tale illustration, connected to a blue jacket.', 'session_id': '6c77a175-b038-4777-8ac4-52eb443031ec', 'user_id': 'P3'}"
06:24:54,layout.node.moved,"{'nodeId': 'instance-c02c7781-54d0-4a6f-9e93-d917b97bc147', 'newPos': {'x': 118, 'y': 278}, 'session_id': '6c77a175-b038-4777-8ac4-52eb443031ec', 'user_id': 'P3'}"
06:24:57,layoutboard.node.resizable.resized,"{'nodeId': 'instance-c02c7781-54d0-4a6f-9e93-d917b97bc147-resizable', 'prevSize': {'width': 50, 'height': 50}, 'newSize': {'width': 114, 'height': 87}, 'delta': {'width': 64, 'height': 37}, 'linkedSizeNodeIds': [], 'session_id': '6c77a175-b038-4777-8ac4-52eb443031ec', 'user_id': 'P3'}"
06:25:10,prompt_saved,{'path': 'output/P3/2025-08-23_06-25-10/prompt.json'}
06:25:10,object_detection_integrated,{'objects_count': 2}
06:25:11,object_detection_integrated,"{'objectsCount': 2, 'objects': [{'label': 'person', 'confidence': 0.44428136944770813}, {'label': 'horse', 'confidence': 0.39567404985427856}], 'session_id': '6c77a175-b038-4777-8ac4-52eb443031ec', 'user_id': 'P3'}"
06:25:11,api.generate_image.succeeded,"{'global_caption': 'a scene featuring a cute rabbit walking on two feet in a fairy tale illustration, connected to a blue jacket, Rabbit Village, and another cute rabbit walking on two feet in a fairy tale illustration', 'region_count': 3, 'has_image': True, 'detected_objects_count': 2, 'image_path': 'output/P3/2025-08-23_06-25-10/image.png', 'image_with_layout_path': 'output/P3/2025-08-23_06-25-10/image_with_layout.png', 'timestamp_dir': 'output/P3/2025-08-23_06-25-10', 'session_id': '6c77a175-b038-4777-8ac4-52eb443031ec', 'user_id': 'P3'}"
06:25:33,object_clicked,"{'label': 'horse', 'confidence': 0.39567404985427856, 'bbox': [60, 106, 223, 357], 'session_id': '6c77a175-b038-4777-8ac4-52eb443031ec', 'user_id': 'P3'}"
06:25:33,describe_requested,"{'crop_box': [60, 106, 223, 357], 'global_caption': 'a scene featuring a cute rabbit walking on two feet in a fairy tale illustration, connected to a blue jacket, Rabbit Village, and another cute rabbit walking on two feet in a fairy tale illustration'}"
06:25:33,describe_region_saved,{'region_path': 'output/P3/2025-08-23_06-25-33/region.png'}
06:25:35,describe_result,"{'noun_phrase': 'rabbit', 'description': 'a cheerful rabbit wearing a green jacket'}"
06:25:35,object_description_generated,"{'label': 'rabbit', 'description': 'a cheerful rabbit wearing a green jacket', 'session_id': '6c77a175-b038-4777-8ac4-52eb443031ec', 'user_id': 'P3'}"
06:25:35,api.generate_description.succeeded,"{'label': 'rabbit', 'description_length': 40, 'session_id': '6c77a175-b038-4777-8ac4-52eb443031ec', 'user_id': 'P3'}"
06:25:39,scene_graph_generated,"{'objects_count': 2, 'relationships_count': 1, 'session_id': '6c77a175-b038-4777-8ac4-52eb443031ec', 'user_id': 'P3'}"
06:25:39,api.generate_text_to_graph.succeeded,"{'objects_count': 2, 'relationships_count': 1, 'root_object': 'object1', 'session_id': '6c77a175-b038-4777-8ac4-52eb443031ec', 'user_id': 'P3'}"
06:25:39,instance_selected,"{'instance_id': 'instance-258e1650-a691-4328-9fb0-3bcf7775d2b6', 'instance_label': 'rabbit', 'is_from_class': True, 'class_id': 'class-412add9c-ec9b-4f19-8022-0757952f86ba', 'session_id': '6c77a175-b038-4777-8ac4-52eb443031ec', 'user_id': 'P3'}"
06:25:39,api.generate_instance_label_from_description.succeeded,"{'generated_label': 'Rabbit', 'original_text': 'a cheerful rabbit wearing a green jacket', 'session_id': '6c77a175-b038-4777-8ac4-52eb443031ec', 'user_id': 'P3'}"
06:25:39,instance_created_from_detection,"{'instanceId': 'dbf6ebe2-1674-4cdf-8d5e-f83a1c78a3bc', 'label': 'Rabbit', 'originalObjectLabel': 'horse', 'session_id': '6c77a175-b038-4777-8ac4-52eb443031ec', 'user_id': 'P3'}"
06:25:44,instance_selected,"{'instance_id': 'dbf6ebe2-1674-4cdf-8d5e-f83a1c78a3bc', 'instance_label': 'Rabbit', 'is_from_class': False, 'class_id': None, 'session_id': '6c77a175-b038-4777-8ac4-52eb443031ec', 'user_id': 'P3'}"
06:25:50,instance_selected,"{'instance_id': 'instance-c02c7781-54d0-4a6f-9e93-d917b97bc147', 'instance_label': 'Rabbit', 'is_from_class': True, 'class_id': 'class-412add9c-ec9b-4f19-8022-0757952f86ba', 'session_id': '6c77a175-b038-4777-8ac4-52eb443031ec', 'user_id': 'P3'}"
06:25:56,instance.deleted,"{'instance_id': 'dbf6ebe2-1674-4cdf-8d5e-f83a1c78a3bc', 'instance_label': 'Rabbit', 'is_from_class': False, 'class_id': None, 'session_id': '6c77a175-b038-4777-8ac4-52eb443031ec', 'user_id': 'P3'}"
06:25:56,instance_selected,"{'instance_id': 'instance-c02c7781-54d0-4a6f-9e93-d917b97bc147', 'instance_label': 'Rabbit', 'is_from_class': True, 'class_id': 'class-412add9c-ec9b-4f19-8022-0757952f86ba', 'session_id': '6c77a175-b038-4777-8ac4-52eb443031ec', 'user_id': 'P3'}"
06:26:07,layout.node.moved,"{'nodeId': 'instance-bc576742-63dd-47ed-a242-06a9b1b04f4c-resizable', 'newPos': {'x': 0, 'y': 0}, 'session_id': '6c77a175-b038-4777-8ac4-52eb443031ec', 'user_id': 'P3'}"
06:26:10,layout.node.moved,"{'nodeId': 'instance-bc576742-63dd-47ed-a242-06a9b1b04f4c-resizable', 'newPos': {'x': 14, 'y': 12}, 'session_id': '6c77a175-b038-4777-8ac4-52eb443031ec', 'user_id': 'P3'}"
06:26:11,scene_saved,"{'slotNumber': 1, 'instanceCount': 3, 'nodeCount': 6, 'edgeCount': 0, 'session_id': '6c77a175-b038-4777-8ac4-52eb443031ec', 'user_id': 'P3'}"
06:26:12,scene_saved,"{'slotNumber': 1, 'instanceCount': 3, 'nodeCount': 6, 'edgeCount': 0, 'session_id': '6c77a175-b038-4777-8ac4-52eb443031ec', 'user_id': 'P3'}"
06:26:13,scene_saved,"{'slotNumber': 1, 'instanceCount': 3, 'nodeCount': 6, 'edgeCount': 0, 'session_id': '6c77a175-b038-4777-8ac4-52eb443031ec', 'user_id': 'P3'}"
06:26:24,instance_selected,"{'instance_id': 'instance-bc576742-63dd-47ed-a242-06a9b1b04f4c', 'instance_label': 'village', 'is_from_class': False, 'class_id': None, 'session_id': '6c77a175-b038-4777-8ac4-52eb443031ec', 'user_id': 'P3'}"
06:26:44,object_node.edit.saved,"{'object_id': '99a9c90c-92c6-4657-b364-0c29bd7b5dbd', 'object_name': 'new object', 'edit_mode': 'name', 'new_value': 'parade', 'is_class_mode': False, 'parent_instance_id': 'instance-bc576742-63dd-47ed-a242-06a9b1b04f4c', 'session_id': '6c77a175-b038-4777-8ac4-52eb443031ec', 'user_id': 'P3'}"
06:26:56,object_node.connection_drag.completed,"{'source_object_id': 'object1', 'target_object_id': '99a9c90c-92c6-4657-b364-0c29bd7b5dbd', 'source_parent_id': 'instance-bc576742-63dd-47ed-a242-06a9b1b04f4c', 'target_parent_id': 'instance-bc576742-63dd-47ed-a242-06a9b1b04f4c', 'session_id': '6c77a175-b038-4777-8ac4-52eb443031ec', 'user_id': 'P3'}"
06:27:17,api.generate_scene_graph_to_text.succeeded,"{'text_length': 29, 'generated_text': 'Rabbit Village with a parade.', 'session_id': '6c77a175-b038-4777-8ac4-52eb443031ec', 'user_id': 'P3'}"
06:27:17,instance.updated,"{'instance_id': 'instance-bc576742-63dd-47ed-a242-06a9b1b04f4c', 'instance_label': 'village', 'text_changed': False, 'graph_changed': True, 'session_id': '6c77a175-b038-4777-8ac4-52eb443031ec', 'user_id': 'P3'}"
06:27:17,instance_selected,"{'instance_id': 'instance-bc576742-63dd-47ed-a242-06a9b1b04f4c', 'instance_label': 'village', 'is_from_class': False, 'class_id': None, 'session_id': '6c77a175-b038-4777-8ac4-52eb443031ec', 'user_id': 'P3'}"
06:27:18,instance_selected,"{'instance_id': 'instance-258e1650-a691-4328-9fb0-3bcf7775d2b6', 'instance_label': 'rabbit', 'is_from_class': True, 'class_id': 'class-412add9c-ec9b-4f19-8022-0757952f86ba', 'session_id': '6c77a175-b038-4777-8ac4-52eb443031ec', 'user_id': 'P3'}"
06:27:39,object_node.edit.saved,"{'object_id': 'bf91a80a-f1d8-4281-9b4d-382c87eea2c7', 'object_name': 'new object', 'edit_mode': 'name', 'new_value': 'new object', 'is_class_mode': False, 'parent_instance_id': 'instance-258e1650-a691-4328-9fb0-3bcf7775d2b6', 'session_id': '6c77a175-b038-4777-8ac4-52eb443031ec', 'user_id': 'P3'}"
06:28:18,object_node.edit.saved,"{'object_id': 'object1', 'object_name': 'rabbit', 'edit_mode': 'adding', 'new_value': 'age_child', 'is_class_mode': False, 'parent_instance_id': 'instance-258e1650-a691-4328-9fb0-3bcf7775d2b6', 'session_id': '6c77a175-b038-4777-8ac4-52eb443031ec', 'user_id': 'P3'}"
06:28:24,object_node.edit.saved,"{'object_id': 'object1', 'object_name': 'rabbit', 'edit_mode': 'attribute-1', 'new_value': 'child', 'is_class_mode': False, 'parent_instance_id': 'instance-258e1650-a691-4328-9fb0-3bcf7775d2b6', 'session_id': '6c77a175-b038-4777-8ac4-52eb443031ec', 'user_id': 'P3'}"
06:28:27,api.generate_scene_graph_to_text.succeeded,"{'text_length': 97, 'generated_text': 'Cute child rabbit walking with two feet in a fairy tale illustration, connected to a blue jacket.', 'session_id': '6c77a175-b038-4777-8ac4-52eb443031ec', 'user_id': 'P3'}"
06:28:27,instance.updated,"{'instance_id': 'instance-258e1650-a691-4328-9fb0-3bcf7775d2b6', 'instance_label': 'rabbit', 'text_changed': False, 'graph_changed': True, 'session_id': '6c77a175-b038-4777-8ac4-52eb443031ec', 'user_id': 'P3'}"
06:28:27,instance_selected,"{'instance_id': 'instance-258e1650-a691-4328-9fb0-3bcf7775d2b6', 'instance_label': 'rabbit', 'is_from_class': True, 'class_id': 'class-412add9c-ec9b-4f19-8022-0757952f86ba', 'session_id': '6c77a175-b038-4777-8ac4-52eb443031ec', 'user_id': 'P3'}"
06:28:31,instance_selected,"{'instance_id': 'instance-c02c7781-54d0-4a6f-9e93-d917b97bc147', 'instance_label': 'Rabbit', 'is_from_class': True, 'class_id': 'class-412add9c-ec9b-4f19-8022-0757952f86ba', 'session_id': '6c77a175-b038-4777-8ac4-52eb443031ec', 'user_id': 'P3'}"
06:28:42,object_node.edit.saved,"{'object_id': 'object1', 'object_name': 'rabbit', 'edit_mode': 'adding', 'new_value': 'adult', 'is_class_mode': False, 'parent_instance_id': 'instance-c02c7781-54d0-4a6f-9e93-d917b97bc147', 'session_id': '6c77a175-b038-4777-8ac4-52eb443031ec', 'user_id': 'P3'}"
06:29:00,api.generate_scene_graph_to_text.succeeded,"{'text_length': 69, 'generated_text': 'Cute adult rabbit walking with two feet in a fairy tale illustration.', 'session_id': '6c77a175-b038-4777-8ac4-52eb443031ec', 'user_id': 'P3'}"
06:29:00,instance.updated,"{'instance_id': 'instance-c02c7781-54d0-4a6f-9e93-d917b97bc147', 'instance_label': 'Rabbit', 'text_changed': False, 'graph_changed': True, 'session_id': '6c77a175-b038-4777-8ac4-52eb443031ec', 'user_id': 'P3'}"
06:29:00,instance_selected,"{'instance_id': 'instance-c02c7781-54d0-4a6f-9e93-d917b97bc147', 'instance_label': 'Rabbit', 'is_from_class': True, 'class_id': 'class-412add9c-ec9b-4f19-8022-0757952f86ba', 'session_id': '6c77a175-b038-4777-8ac4-52eb443031ec', 'user_id': 'P3'}"
06:29:06,layout_board.new_box_positioned,"{'position': {'x': 228, 'y': 140}, 'screen_position': {'x': 291, 'y': 163}, 'board_type': 'advanced', 'session_id': '6c77a175-b038-4777-8ac4-52eb443031ec', 'user_id': 'P3'}"
06:29:14,instance_selected,"{'instance_id': 'instance-c02c7781-54d0-4a6f-9e93-d917b97bc147', 'instance_label': 'Rabbit', 'is_from_class': True, 'class_id': 'class-412add9c-ec9b-4f19-8022-0757952f86ba', 'session_id': '6c77a175-b038-4777-8ac4-52eb443031ec', 'user_id': 'P3'}"
06:29:15,api.generate_text_to_graph.succeeded,"{'objects_count': 1, 'relationships_count': 0, 'root_object': 'object1', 'session_id': '6c77a175-b038-4777-8ac4-52eb443031ec', 'user_id': 'P3'}"
06:29:15,instance_selected,"{'instance_id': 'instance-c02c7781-54d0-4a6f-9e93-d917b97bc147', 'instance_label': 'Rabbit', 'is_from_class': True, 'class_id': 'class-412add9c-ec9b-4f19-8022-0757952f86ba', 'session_id': '6c77a175-b038-4777-8ac4-52eb443031ec', 'user_id': 'P3'}"
06:29:18,layout.node.moved,"{'nodeId': 'instance-bc576742-63dd-47ed-a242-06a9b1b04f4c-resizable', 'newPos': {'x': 18, 'y': 17}, 'session_id': '6c77a175-b038-4777-8ac4-52eb443031ec', 'user_id': 'P3'}"
06:29:20,layout.node.moved,"{'nodeId': 'instance-bc576742-63dd-47ed-a242-06a9b1b04f4c-resizable', 'newPos': {'x': 0, 'y': 13}, 'session_id': '6c77a175-b038-4777-8ac4-52eb443031ec', 'user_id': 'P3'}"
06:29:21,layout.node.moved,"{'nodeId': 'instance-bc576742-63dd-47ed-a242-06a9b1b04f4c-resizable', 'newPos': {'x': 17, 'y': 13}, 'session_id': '6c77a175-b038-4777-8ac4-52eb443031ec', 'user_id': 'P3'}"
06:29:24,layoutboard.node.resizable.resized,"{'nodeId': 'instance-bc576742-63dd-47ed-a242-06a9b1b04f4c-resizable', 'prevSize': {'width': 50, 'height': 50}, 'newSize': {'width': 127, 'height': 91}, 'delta': {'width': 77, 'height': 41}, 'linkedSizeNodeIds': [], 'session_id': '6c77a175-b038-4777-8ac4-52eb443031ec', 'user_id': 'P3'}"
06:29:26,layout.node.moved,"{'nodeId': 'instance-a2ba25a1-015c-43f3-9223-a565c3cb83d2', 'newPos': {'x': 194, 'y': 176}, 'session_id': '6c77a175-b038-4777-8ac4-52eb443031ec', 'user_id': 'P3'}"
06:29:27,layoutboard.node.resizable.resized,"{'nodeId': 'instance-a2ba25a1-015c-43f3-9223-a565c3cb83d2-resizable', 'prevSize': {'width': 50, 'height': 50}, 'newSize': {'width': 61, 'height': 69}, 'delta': {'width': 11, 'height': 19}, 'linkedSizeNodeIds': [], 'session_id': '6c77a175-b038-4777-8ac4-52eb443031ec', 'user_id': 'P3'}"
06:29:28,instance_selected,"{'instance_id': 'instance-c02c7781-54d0-4a6f-9e93-d917b97bc147', 'instance_label': 'Rabbit', 'is_from_class': True, 'class_id': 'class-412add9c-ec9b-4f19-8022-0757952f86ba', 'session_id': '6c77a175-b038-4777-8ac4-52eb443031ec', 'user_id': 'P3'}"
06:29:37,instance_selected,"{'instance_id': 'instance-258e1650-a691-4328-9fb0-3bcf7775d2b6', 'instance_label': 'rabbit', 'is_from_class': True, 'class_id': 'class-412add9c-ec9b-4f19-8022-0757952f86ba', 'session_id': '6c77a175-b038-4777-8ac4-52eb443031ec', 'user_id': 'P3'}"
06:29:46,layoutboard.node.resizable.resized,"{'nodeId': 'instance-258e1650-a691-4328-9fb0-3bcf7775d2b6-resizable', 'prevSize': {'width': 50, 'height': 50}, 'newSize': {'width': 69, 'height': 192}, 'delta': {'width': 19, 'height': 142}, 'linkedSizeNodeIds': [], 'session_id': '6c77a175-b038-4777-8ac4-52eb443031ec', 'user_id': 'P3'}"
06:29:47,layoutboard.node.resizable.resized,"{'nodeId': 'instance-258e1650-a691-4328-9fb0-3bcf7775d2b6-resizable', 'prevSize': {'width': 50, 'height': 50}, 'newSize': {'width': 110, 'height': 216}, 'delta': {'width': 60, 'height': 166}, 'linkedSizeNodeIds': [], 'session_id': '6c77a175-b038-4777-8ac4-52eb443031ec', 'user_id': 'P3'}"
06:29:48,instance_selected,"{'instance_id': 'instance-c02c7781-54d0-4a6f-9e93-d917b97bc147', 'instance_label': 'Rabbit', 'is_from_class': True, 'class_id': 'class-412add9c-ec9b-4f19-8022-0757952f86ba', 'session_id': '6c77a175-b038-4777-8ac4-52eb443031ec', 'user_id': 'P3'}"
06:29:49,instance_selected,"{'instance_id': 'instance-258e1650-a691-4328-9fb0-3bcf7775d2b6', 'instance_label': 'rabbit', 'is_from_class': True, 'class_id': 'class-412add9c-ec9b-4f19-8022-0757952f86ba', 'session_id': '6c77a175-b038-4777-8ac4-52eb443031ec', 'user_id': 'P3'}"
06:29:51,instance_selected,"{'instance_id': 'instance-c02c7781-54d0-4a6f-9e93-d917b97bc147', 'instance_label': 'Rabbit', 'is_from_class': True, 'class_id': 'class-412add9c-ec9b-4f19-8022-0757952f86ba', 'session_id': '6c77a175-b038-4777-8ac4-52eb443031ec', 'user_id': 'P3'}"
06:29:57,instance_selected,"{'instance_id': 'instance-258e1650-a691-4328-9fb0-3bcf7775d2b6', 'instance_label': 'rabbit', 'is_from_class': True, 'class_id': 'class-412add9c-ec9b-4f19-8022-0757952f86ba', 'session_id': '6c77a175-b038-4777-8ac4-52eb443031ec', 'user_id': 'P3'}"
06:30:01,layoutboard.node.resizable.resized,"{'nodeId': 'instance-c02c7781-54d0-4a6f-9e93-d917b97bc147-resizable', 'prevSize': {'width': 50, 'height': 50}, 'newSize': {'width': 146, 'height': 155}, 'delta': {'width': 96, 'height': 105}, 'linkedSizeNodeIds': [], 'session_id': '6c77a175-b038-4777-8ac4-52eb443031ec', 'user_id': 'P3'}"
06:30:02,layout.node.moved,"{'nodeId': 'instance-c02c7781-54d0-4a6f-9e93-d917b97bc147', 'newPos': {'x': 53, 'y': 199}, 'session_id': '6c77a175-b038-4777-8ac4-52eb443031ec', 'user_id': 'P3'}"
06:30:05,layoutboard.node.resizable.resized,"{'nodeId': 'instance-c02c7781-54d0-4a6f-9e93-d917b97bc147-resizable', 'prevSize': {'width': 50, 'height': 50}, 'newSize': {'width': 114, 'height': 182}, 'delta': {'width': 64, 'height': 132}, 'linkedSizeNodeIds': [], 'session_id': '6c77a175-b038-4777-8ac4-52eb443031ec', 'user_id': 'P3'}"
06:30:06,instance_selected,"{'instance_id': 'instance-c02c7781-54d0-4a6f-9e93-d917b97bc147', 'instance_label': 'Rabbit', 'is_from_class': True, 'class_id': 'class-412add9c-ec9b-4f19-8022-0757952f86ba', 'session_id': '6c77a175-b038-4777-8ac4-52eb443031ec', 'user_id': 'P3'}"
06:30:08,layout.node.moved,"{'nodeId': 'instance-c02c7781-54d0-4a6f-9e93-d917b97bc147', 'newPos': {'x': 72, 'y': 171}, 'session_id': '6c77a175-b038-4777-8ac4-52eb443031ec', 'user_id': 'P3'}"
06:30:10,layout.node.moved,"{'nodeId': 'instance-a2ba25a1-015c-43f3-9223-a565c3cb83d2', 'newPos': {'x': 209, 'y': 139}, 'session_id': '6c77a175-b038-4777-8ac4-52eb443031ec', 'user_id': 'P3'}"
06:30:19,relationship_node.created,"{'relationship_id': 'instance-258e1650-a691-4328-9fb0-3bcf7775d2b6->instance-a2ba25a1-015c-43f3-9223-a565c3cb83d2:giving', 'sourceId': 'instance-258e1650-a691-4328-9fb0-3bcf7775d2b6', 'targetId': 'instance-a2ba25a1-015c-43f3-9223-a565c3cb83d2', 'relation': 'giving', 'video_time': '34:21'}"
06:30:21,layout.node.moved,"{'nodeId': 'instance-258e1650-a691-4328-9fb0-3bcf7775d2b6', 'newPos': {'x': 306, 'y': 164}, 'session_id': '6c77a175-b038-4777-8ac4-52eb443031ec', 'user_id': 'P3'}"
06:30:22,instance_selected,"{'instance_id': 'instance-258e1650-a691-4328-9fb0-3bcf7775d2b6', 'instance_label': 'rabbit', 'is_from_class': True, 'class_id': 'class-412add9c-ec9b-4f19-8022-0757952f86ba', 'session_id': '6c77a175-b038-4777-8ac4-52eb443031ec', 'user_id': 'P3'}"
06:30:26,relationship_node.created,"{'relationship_id': 'instance-258e1650-a691-4328-9fb0-3bcf7775d2b6->instance-a2ba25a1-015c-43f3-9223-a565c3cb83d2:receiving', 'sourceId': 'instance-258e1650-a691-4328-9fb0-3bcf7775d2b6', 'targetId': 'instance-a2ba25a1-015c-43f3-9223-a565c3cb83d2', 'relation': 'receiving', 'video_time': '34:28'}"
06:30:43,layoutboard.node.resizable.resized,"{'nodeId': 'instance-bc576742-63dd-47ed-a242-06a9b1b04f4c-resizable', 'prevSize': {'width': 50, 'height': 50}, 'newSize': {'width': 482, 'height': 470}, 'delta': {'width': 432, 'height': 420}, 'linkedSizeNodeIds': [], 'session_id': '6c77a175-b038-4777-8ac4-52eb443031ec', 'user_id': 'P3'}"
06:31:10,prompt_saved,{'path': 'output/P3/2025-08-23_06-31-10/prompt.json'}
06:31:10,object_detection_integrated,{'objects_count': 0}
06:31:10,object_detection_integrated,"{'objectsCount': 0, 'objects': [], 'session_id': '6c77a175-b038-4777-8ac4-52eb443031ec', 'user_id': 'P3'}"
06:31:10,api.generate_image.succeeded,"{'global_caption': 'a scene featuring a cute child rabbit walking on two feet in a fairy tale illustration, connected to a blue jacket, receiving a balloon, a Rabbit Village with a parade, a cute adult rabbit walking on two feet in a fairy tale illustration, giving a balloon, and a red balloon', 'region_count': 4, 'has_image': True, 'detected_objects_count': 0, 'image_path': 'output/P3/2025-08-23_06-31-10/image.png', 'image_with_layout_path': 'output/P3/2025-08-23_06-31-10/image_with_layout.png', 'timestamp_dir': 'output/P3/2025-08-23_06-31-10', 'session_id': '6c77a175-b038-4777-8ac4-52eb443031ec', 'user_id': 'P3'}"
06:31:24,layout.node.moved,"{'nodeId': 'instance-258e1650-a691-4328-9fb0-3bcf7775d2b6', 'newPos': {'x': 317, 'y': 177}, 'session_id': '6c77a175-b038-4777-8ac4-52eb443031ec', 'user_id': 'P3'}"
06:31:29,layout.node.moved,"{'nodeId': 'instance-bc576742-63dd-47ed-a242-06a9b1b04f4c-resizable', 'newPos': {'x': 0, 'y': 42}, 'session_id': '6c77a175-b038-4777-8ac4-52eb443031ec', 'user_id': 'P3'}"
06:31:30,layout.node.moved,"{'nodeId': 'instance-bc576742-63dd-47ed-a242-06a9b1b04f4c-resizable', 'newPos': {'x': 0, 'y': 42}, 'session_id': '6c77a175-b038-4777-8ac4-52eb443031ec', 'user_id': 'P3'}"
06:31:34,layout.node.moved,"{'nodeId': 'instance-bc576742-63dd-47ed-a242-06a9b1b04f4c', 'newPos': {'x': 36, 'y': 42}, 'session_id': '6c77a175-b038-4777-8ac4-52eb443031ec', 'user_id': 'P3'}"
06:31:36,layoutboard.node.resizable.resized,"{'nodeId': 'instance-bc576742-63dd-47ed-a242-06a9b1b04f4c-resizable', 'prevSize': {'width': 50, 'height': 50}, 'newSize': {'width': 488, 'height': 190}, 'delta': {'width': 438, 'height': 140}, 'linkedSizeNodeIds': [], 'session_id': '6c77a175-b038-4777-8ac4-52eb443031ec', 'user_id': 'P3'}"
06:31:39,layoutboard.node.resizable.resized,"{'nodeId': 'instance-c02c7781-54d0-4a6f-9e93-d917b97bc147-resizable', 'prevSize': {'width': 50, 'height': 50}, 'newSize': {'width': 166, 'height': 268}, 'delta': {'width': 116, 'height': 218}, 'linkedSizeNodeIds': [], 'session_id': '6c77a175-b038-4777-8ac4-52eb443031ec', 'user_id': 'P3'}"
06:31:41,relationship_node.deleted,"{'relationship_id': 'instance-258e1650-a691-4328-9fb0-3bcf7775d2b6-instance-a2ba25a1-015c-43f3-9223-a565c3cb83d2', 'source_object_id': 'instance-258e1650-a691-4328-9fb0-3bcf7775d2b6', 'target_object_id': 'instance-a2ba25a1-015c-43f3-9223-a565c3cb83d2', 'relation': 'recieving', 'source_object_name': 'rabbit', 'target_object_name': 'balloon', 'session_id': '6c77a175-b038-4777-8ac4-52eb443031ec', 'user_id': 'P3'}"
06:31:45,layout.node.moved,"{'nodeId': 'instance-258e1650-a691-4328-9fb0-3bcf7775d2b6', 'newPos': {'x': 329, 'y': 113}, 'session_id': '6c77a175-b038-4777-8ac4-52eb443031ec', 'user_id': 'P3'}"
06:31:48,layoutboard.node.resizable.resized,"{'nodeId': 'instance-258e1650-a691-4328-9fb0-3bcf7775d2b6-resizable', 'prevSize': {'width': 50, 'height': 50}, 'newSize': {'width': 90, 'height': 119}, 'delta': {'width': 40, 'height': 69}, 'linkedSizeNodeIds': [], 'session_id': '6c77a175-b038-4777-8ac4-52eb443031ec', 'user_id': 'P3'}"
06:31:50,layout.node.moved,"{'nodeId': 'instance-c02c7781-54d0-4a6f-9e93-d917b97bc147', 'newPos': {'x': 98, 'y': 89}, 'session_id': '6c77a175-b038-4777-8ac4-52eb443031ec', 'user_id': 'P3'}"
06:32:01,layout.node.moved,"{'nodeId': 'instance-bc576742-63dd-47ed-a242-06a9b1b04f4c', 'newPos': {'x': 7, 'y': 2}, 'session_id': '6c77a175-b038-4777-8ac4-52eb443031ec', 'user_id': 'P3'}"
06:32:05,layoutboard.node.resizable.resized,"{'nodeId': 'instance-bc576742-63dd-47ed-a242-06a9b1b04f4c-resizable', 'prevSize': {'width': 50, 'height': 50}, 'newSize': {'width': 484, 'height': 485}, 'delta': {'width': 434, 'height': 435}, 'linkedSizeNodeIds': [], 'session_id': '6c77a175-b038-4777-8ac4-52eb443031ec', 'user_id': 'P3'}"
06:32:31,prompt_saved,{'path': 'output/P3/2025-08-23_06-32-31/prompt.json'}
06:32:31,object_detection_integrated,{'objects_count': 0}
06:32:31,api.generate_image.succeeded,"{'global_caption': 'a scene featuring a cute child rabbit walking on two feet in a fairy tale illustration, connected to a blue jacket, a Rabbit Village with a parade, a cute adult rabbit walking on two feet in a fairy tale illustration giving a balloon, and a red balloon', 'region_count': 4, 'has_image': True, 'detected_objects_count': 0, 'image_path': 'output/P3/2025-08-23_06-32-31/image.png', 'image_with_layout_path': 'output/P3/2025-08-23_06-32-31/image_with_layout.png', 'timestamp_dir': 'output/P3/2025-08-23_06-32-31', 'session_id': '6c77a175-b038-4777-8ac4-52eb443031ec', 'user_id': 'P3'}"
06:32:31,object_detection_integrated,"{'objectsCount': 0, 'objects': [], 'session_id': '6c77a175-b038-4777-8ac4-52eb443031ec', 'user_id': 'P3'}"
06:32:49,object_node.edit.saved,"{'object_id': 'object1', 'object_name': 'rabbit', 'edit_mode': 'adding', 'new_value': 'little', 'is_class_mode': False, 'parent_instance_id': 'instance-258e1650-a691-4328-9fb0-3bcf7775d2b6', 'session_id': '6c77a175-b038-4777-8ac4-52eb443031ec', 'user_id': 'P3'}"
06:32:55,api.generate_scene_graph_to_text.succeeded,"{'text_length': 104, 'generated_text': 'Cute little child rabbit walking with two feet in a fairy tale illustration, connected to a blue jac', 'session_id': '6c77a175-b038-4777-8ac4-52eb443031ec', 'user_id': 'P3'}"
06:32:55,instance.updated,"{'instance_id': 'instance-258e1650-a691-4328-9fb0-3bcf7775d2b6', 'instance_label': 'rabbit', 'text_changed': False, 'graph_changed': True, 'session_id': '6c77a175-b038-4777-8ac4-52eb443031ec', 'user_id': 'P3'}"
06:32:55,instance_selected,"{'instance_id': 'instance-258e1650-a691-4328-9fb0-3bcf7775d2b6', 'instance_label': 'rabbit', 'is_from_class': True, 'class_id': 'class-412add9c-ec9b-4f19-8022-0757952f86ba', 'session_id': '6c77a175-b038-4777-8ac4-52eb443031ec', 'user_id': 'P3'}"
06:33:21,prompt_saved,{'path': 'output/P3/2025-08-23_06-33-21/prompt.json'}
06:33:22,object_detection_integrated,{'objects_count': 0}
06:33:22,object_detection_integrated,"{'objectsCount': 0, 'objects': [], 'session_id': '6c77a175-b038-4777-8ac4-52eb443031ec', 'user_id': 'P3'}"
06:33:22,api.generate_image.succeeded,"{'global_caption': 'a scene featuring a cute little child rabbit walking on two feet in a fairy tale illustration, connected to a blue jacket, a Rabbit Village with a parade, a cute adult rabbit walking on two feet in a fairy tale illustration giving a balloon, and a red balloon', 'region_count': 4, 'has_image': True, 'detected_objects_count': 0, 'image_path': 'output/P3/2025-08-23_06-33-21/image.png', 'image_with_layout_path': 'output/P3/2025-08-23_06-33-21/image_with_layout.png', 'timestamp_dir': 'output/P3/2025-08-23_06-33-21', 'session_id': '6c77a175-b038-4777-8ac4-52eb443031ec', 'user_id': 'P3'}"
06:33:32,instance_selected,"{'instance_id': 'instance-c02c7781-54d0-4a6f-9e93-d917b97bc147', 'instance_label': 'Rabbit', 'is_from_class': True, 'class_id': 'class-412add9c-ec9b-4f19-8022-0757952f86ba', 'session_id': '6c77a175-b038-4777-8ac4-52eb443031ec', 'user_id': 'P3'}"
06:33:40,object_node.attribute.deleted,"{'object_id': 'object1', 'object_name': 'rabbit', 'attribute_index': 0, 'attribute_value': 'cute', 'is_class_mode': False, 'parent_instance_id': 'instance-c02c7781-54d0-4a6f-9e93-d917b97bc147', 'session_id': '6c77a175-b038-4777-8ac4-52eb443031ec', 'user_id': 'P3'}"
06:34:12,object_node.edit.saved,"{'object_id': 'c899b010-a18d-4c30-8a71-e2cdd641b865', 'object_name': 'new object', 'edit_mode': 'adding', 'new_value': 'suit', 'is_class_mode': False, 'parent_instance_id': 'instance-c02c7781-54d0-4a6f-9e93-d917b97bc147', 'session_id': '6c77a175-b038-4777-8ac4-52eb443031ec', 'user_id': 'P3'}"
06:34:14,object_node.attribute.deleted,"{'object_id': 'c899b010-a18d-4c30-8a71-e2cdd641b865', 'object_name': 'new object', 'attribute_index': 0, 'attribute_value': 'suit', 'is_class_mode': False, 'parent_instance_id': 'instance-c02c7781-54d0-4a6f-9e93-d917b97bc147', 'session_id': '6c77a175-b038-4777-8ac4-52eb443031ec', 'user_id': 'P3'}"
06:34:17,object_node.edit.saved,"{'object_id': 'c899b010-a18d-4c30-8a71-e2cdd641b865', 'object_name': 'new object', 'edit_mode': 'name', 'new_value': 'suit', 'is_class_mode': False, 'parent_instance_id': 'instance-c02c7781-54d0-4a6f-9e93-d917b97bc147', 'session_id': '6c77a175-b038-4777-8ac4-52eb443031ec', 'user_id': 'P3'}"
06:34:22,object_node.connection_drag.completed,"{'source_object_id': 'object1', 'target_object_id': 'c899b010-a18d-4c30-8a71-e2cdd641b865', 'source_parent_id': 'instance-c02c7781-54d0-4a6f-9e93-d917b97bc147', 'target_parent_id': 'instance-c02c7781-54d0-4a6f-9e93-d917b97bc147', 'session_id': '6c77a175-b038-4777-8ac4-52eb443031ec', 'user_id': 'P3'}"
06:34:42,object_node.edit.saved,"{'object_id': 'e85cf53a-dba4-47fc-b6d9-426728b0df1a', 'object_name': 'new object', 'edit_mode': 'name', 'new_value': 'fedora', 'is_class_mode': False, 'parent_instance_id': 'instance-c02c7781-54d0-4a6f-9e93-d917b97bc147', 'session_id': '6c77a175-b038-4777-8ac4-52eb443031ec', 'user_id': 'P3'}"
06:34:43,object_node.connection_drag.completed,"{'source_object_id': 'object1', 'target_object_id': 'e85cf53a-dba4-47fc-b6d9-426728b0df1a', 'source_parent_id': 'instance-c02c7781-54d0-4a6f-9e93-d917b97bc147', 'target_parent_id': 'instance-c02c7781-54d0-4a6f-9e93-d917b97bc147', 'session_id': '6c77a175-b038-4777-8ac4-52eb443031ec', 'user_id': 'P3'}"
06:34:48,object_node.edit.saved,"{'object_id': 'e85cf53a-dba4-47fc-b6d9-426728b0df1a', 'object_name': 'new object', 'edit_mode': 'name', 'new_value': 'fedora', 'is_class_mode': False, 'parent_instance_id': 'instance-c02c7781-54d0-4a6f-9e93-d917b97bc147', 'session_id': '6c77a175-b038-4777-8ac4-52eb443031ec', 'user_id': 'P3'}"
06:34:57,instance.updated,"{'instance_id': 'instance-c02c7781-54d0-4a6f-9e93-d917b97bc147', 'instance_label': 'Rabbit', 'text_changed': False, 'graph_changed': True, 'session_id': '6c77a175-b038-4777-8ac4-52eb443031ec', 'user_id': 'P3'}"
06:34:57,api.generate_scene_graph_to_text.succeeded,"{'text_length': 79, 'generated_text': 'Adult rabbit walking with two feet in a fairy tale illustration, with a fedora.', 'session_id': '6c77a175-b038-4777-8ac4-52eb443031ec', 'user_id': 'P3'}"
06:34:57,instance_selected,"{'instance_id': 'instance-c02c7781-54d0-4a6f-9e93-d917b97bc147', 'instance_label': 'Rabbit', 'is_from_class': True, 'class_id': 'class-412add9c-ec9b-4f19-8022-0757952f86ba', 'session_id': '6c77a175-b038-4777-8ac4-52eb443031ec', 'user_id': 'P3'}"
06:35:32,prompt_saved,{'path': 'output/P3/2025-08-23_06-35-32/prompt.json'}
06:35:32,object_detection_integrated,{'objects_count': 4}
06:35:32,api.generate_image.succeeded,"{'global_caption': 'a scene featuring a cute little child rabbit walking on two feet in a fairy tale illustration, connected to a blue jacket, a Rabbit Village with a parade, an adult rabbit walking on two feet in a fairy tale illustration, wearing a fedora and giving a red balloon', 'region_count': 4, 'has_image': True, 'detected_objects_count': 4, 'image_path': 'output/P3/2025-08-23_06-35-32/image.png', 'image_with_layout_path': 'output/P3/2025-08-23_06-35-32/image_with_layout.png', 'timestamp_dir': 'output/P3/2025-08-23_06-35-32', 'session_id': '6c77a175-b038-4777-8ac4-52eb443031ec', 'user_id': 'P3'}"
06:35:32,object_detection_integrated,"{'objectsCount': 4, 'objects': [{'label': 'person', 'confidence': 0.5503703355789185}, {'label': 'person', 'confidence': 0.5234851837158203}, {'label': 'person', 'confidence': 0.49063411355018616}, {'label': 'person', 'confidence': 0.2812448740005493}], 'session_id': '6c77a175-b038-4777-8ac4-52eb443031ec', 'user_id': 'P3'}"
06:35:44,scene_saved,"{'slotNumber': 2, 'instanceCount': 4, 'nodeCount': 8, 'edgeCount': 1, 'session_id': '6c77a175-b038-4777-8ac4-52eb443031ec', 'user_id': 'P3'}"
06:36:34,instance.updated,"{'instance_id': 'instance-c02c7781-54d0-4a6f-9e93-d917b97bc147', 'instance_label': 'rabbit', 'text_changed': True, 'graph_changed': False, 'session_id': '6c77a175-b038-4777-8ac4-52eb443031ec', 'user_id': 'P3'}"
06:36:34,api.generate_text_to_graph.succeeded,"{'objects_count': 5, 'relationships_count': 4, 'root_object': 'object1', 'session_id': '6c77a175-b038-4777-8ac4-52eb443031ec', 'user_id': 'P3'}"
06:36:34,instance_selected,"{'instance_id': 'instance-c02c7781-54d0-4a6f-9e93-d917b97bc147', 'instance_label': 'rabbit', 'is_from_class': True, 'class_id': 'class-412add9c-ec9b-4f19-8022-0757952f86ba', 'session_id': '6c77a175-b038-4777-8ac4-52eb443031ec', 'user_id': 'P3'}"
06:37:02,prompt_saved,{'path': 'output/P3/2025-08-23_06-37-02/prompt.json'}
06:37:02,object_detection_integrated,{'objects_count': 2}
06:37:03,api.generate_image.succeeded,"{'global_caption': 'a scene featuring a cute little child rabbit walking on two feet, connected to a blue jacket in a fairy tale illustration, a Rabbit Village with a parade, and an adult rabbit walking on two feet, wearing a fedora and a black suit in a fairy tale illustration, giving a red balloon.', 'region_count': 4, 'has_image': True, 'detected_objects_count': 2, 'image_path': 'output/P3/2025-08-23_06-37-02/image.png', 'image_with_layout_path': 'output/P3/2025-08-23_06-37-02/image_with_layout.png', 'timestamp_dir': 'output/P3/2025-08-23_06-37-02', 'session_id': '6c77a175-b038-4777-8ac4-52eb443031ec', 'user_id': 'P3'}"
06:37:03,object_detection_integrated,"{'objectsCount': 2, 'objects': [{'label': 'person', 'confidence': 0.8127411007881165}, {'label': 'person', 'confidence': 0.32337716221809387}], 'session_id': '6c77a175-b038-4777-8ac4-52eb443031ec', 'user_id': 'P3'}"
06:37:12,instance_selected,"{'instance_id': 'instance-258e1650-a691-4328-9fb0-3bcf7775d2b6', 'instance_label': 'rabbit', 'is_from_class': True, 'class_id': 'class-412add9c-ec9b-4f19-8022-0757952f86ba', 'session_id': '6c77a175-b038-4777-8ac4-52eb443031ec', 'user_id': 'P3'}"
06:37:21,layout.node.moved,"{'nodeId': 'instance-c02c7781-54d0-4a6f-9e93-d917b97bc147-resizable', 'newPos': {'x': 122, 'y': 111}, 'session_id': '6c77a175-b038-4777-8ac4-52eb443031ec', 'user_id': 'P3'}"
06:37:23,layout.node.moved,"{'nodeId': 'instance-a2ba25a1-015c-43f3-9223-a565c3cb83d2', 'newPos': {'x': 275, 'y': 131}, 'session_id': '6c77a175-b038-4777-8ac4-52eb443031ec', 'user_id': 'P3'}"
06:37:24,layout.node.moved,"{'nodeId': 'instance-bc576742-63dd-47ed-a242-06a9b1b04f4c-resizable', 'newPos': {'x': 0, 'y': 9}, 'session_id': '6c77a175-b038-4777-8ac4-52eb443031ec', 'user_id': 'P3'}"
06:37:25,layout.node.moved,"{'nodeId': 'instance-bc576742-63dd-47ed-a242-06a9b1b04f4c-resizable', 'newPos': {'x': 23, 'y': 10}, 'session_id': '6c77a175-b038-4777-8ac4-52eb443031ec', 'user_id': 'P3'}"
06:37:30,layout.node.moved,"{'nodeId': 'instance-bc576742-63dd-47ed-a242-06a9b1b04f4c-resizable', 'newPos': {'x': 0, 'y': 16}, 'session_id': '6c77a175-b038-4777-8ac4-52eb443031ec', 'user_id': 'P3'}"
06:37:32,layout.node.moved,"{'nodeId': 'instance-bc576742-63dd-47ed-a242-06a9b1b04f4c-resizable', 'newPos': {'x': 14, 'y': 12}, 'session_id': '6c77a175-b038-4777-8ac4-52eb443031ec', 'user_id': 'P3'}"
06:37:58,prompt_saved,{'path': 'output/P3/2025-08-23_06-37-58/prompt.json'}
06:37:58,object_detection_integrated,{'objects_count': 4}
06:37:58,api.generate_image.succeeded,"{'global_caption': 'a scene featuring a cute little child rabbit walking on two feet, connected to a blue jacket in a fairy tale illustration, a Rabbit Village with a parade, and an adult rabbit walking on two feet, wearing a fedora and a black suit in a fairy tale illustration, giving a red balloon.', 'region_count': 4, 'has_image': True, 'detected_objects_count': 4, 'image_path': 'output/P3/2025-08-23_06-37-58/image.png', 'image_with_layout_path': 'output/P3/2025-08-23_06-37-58/image_with_layout.png', 'timestamp_dir': 'output/P3/2025-08-23_06-37-58', 'session_id': '6c77a175-b038-4777-8ac4-52eb443031ec', 'user_id': 'P3'}"
06:37:58,object_detection_integrated,"{'objectsCount': 4, 'objects': [{'label': 'person', 'confidence': 0.9028578996658325}, {'label': 'potted plant', 'confidence': 0.5145913362503052}, {'label': 'sports ball', 'confidence': 0.38131290674209595}, {'label': 'backpack', 'confidence': 0.3490718901157379}], 'session_id': '6c77a175-b038-4777-8ac4-52eb443031ec', 'user_id': 'P3'}"
06:38:04,scene_saved,"{'slotNumber': 2, 'instanceCount': 4, 'nodeCount': 8, 'edgeCount': 1, 'session_id': '6c77a175-b038-4777-8ac4-52eb443031ec', 'user_id': 'P3'}"
06:38:05,scene_saved,"{'slotNumber': 2, 'instanceCount': 4, 'nodeCount': 8, 'edgeCount': 1, 'session_id': '6c77a175-b038-4777-8ac4-52eb443031ec', 'user_id': 'P3'}"
06:38:25,layout.node.moved,"{'nodeId': 'instance-bc576742-63dd-47ed-a242-06a9b1b04f4c-resizable', 'newPos': {'x': 15, 'y': 7}, 'session_id': '6c77a175-b038-4777-8ac4-52eb443031ec', 'user_id': 'P3'}"
06:38:28,layout.node.moved,"{'nodeId': 'instance-bc576742-63dd-47ed-a242-06a9b1b04f4c-resizable', 'newPos': {'x': 28, 'y': 27}, 'session_id': '6c77a175-b038-4777-8ac4-52eb443031ec', 'user_id': 'P3'}"
06:38:30,layout.node.moved,"{'nodeId': 'instance-bc576742-63dd-47ed-a242-06a9b1b04f4c-resizable', 'newPos': {'x': 28, 'y': 27}, 'session_id': '6c77a175-b038-4777-8ac4-52eb443031ec', 'user_id': 'P3'}"
06:38:34,layoutboard.node.resizable.resized,"{'nodeId': 'instance-bc576742-63dd-47ed-a242-06a9b1b04f4c-resizable', 'prevSize': {'width': 50, 'height': 50}, 'newSize': {'width': 505, 'height': 188}, 'delta': {'width': 455, 'height': 138}, 'linkedSizeNodeIds': [], 'session_id': '6c77a175-b038-4777-8ac4-52eb443031ec', 'user_id': 'P3'}"
06:38:34,instance_selected,"{'instance_id': 'instance-c02c7781-54d0-4a6f-9e93-d917b97bc147', 'instance_label': 'rabbit', 'is_from_class': True, 'class_id': 'class-412add9c-ec9b-4f19-8022-0757952f86ba', 'session_id': '6c77a175-b038-4777-8ac4-52eb443031ec', 'user_id': 'P3'}"
06:38:45,instance.deleted,"{'instance_id': 'instance-c02c7781-54d0-4a6f-9e93-d917b97bc147', 'instance_label': 'rabbit', 'is_from_class': True, 'class_id': 'class-412add9c-ec9b-4f19-8022-0757952f86ba', 'session_id': '6c77a175-b038-4777-8ac4-52eb443031ec', 'user_id': 'P3'}"
06:38:46,instance_selected,"{'instance_id': 'instance-a2ba25a1-015c-43f3-9223-a565c3cb83d2', 'instance_label': 'balloon', 'is_from_class': False, 'class_id': None, 'session_id': '6c77a175-b038-4777-8ac4-52eb443031ec', 'user_id': 'P3'}"
06:38:53,instance_selected,"{'instance_id': 'instance-258e1650-a691-4328-9fb0-3bcf7775d2b6', 'instance_label': 'rabbit', 'is_from_class': True, 'class_id': 'class-412add9c-ec9b-4f19-8022-0757952f86ba', 'session_id': '6c77a175-b038-4777-8ac4-52eb443031ec', 'user_id': 'P3'}"
06:39:15,object_node.edit.saved,"{'object_id': '761deff8-da08-4750-973d-4e9544802561', 'object_name': 'new object', 'edit_mode': 'name', 'new_value': 'crying', 'is_class_mode': False, 'parent_instance_id': 'instance-258e1650-a691-4328-9fb0-3bcf7775d2b6', 'session_id': '6c77a175-b038-4777-8ac4-52eb443031ec', 'user_id': 'P3'}"
06:39:25,object_node.edit.saved,"{'object_id': 'object1', 'object_name': 'rabbit', 'edit_mode': 'adding', 'new_value': 'crying', 'is_class_mode': False, 'parent_instance_id': 'instance-258e1650-a691-4328-9fb0-3bcf7775d2b6', 'session_id': '6c77a175-b038-4777-8ac4-52eb443031ec', 'user_id': 'P3'}"
06:39:43,instance_selected,"{'instance_id': 'instance-a2ba25a1-015c-43f3-9223-a565c3cb83d2', 'instance_label': 'balloon', 'is_from_class': False, 'class_id': None, 'session_id': '6c77a175-b038-4777-8ac4-52eb443031ec', 'user_id': 'P3'}"
06:39:51,instance.updated,"{'instance_id': 'instance-258e1650-a691-4328-9fb0-3bcf7775d2b6', 'instance_label': 'rabbit', 'text_changed': False, 'graph_changed': True, 'session_id': '6c77a175-b038-4777-8ac4-52eb443031ec', 'user_id': 'P3'}"
06:39:51,api.generate_scene_graph_to_text.succeeded,"{'text_length': 117, 'generated_text': 'Cute little child rabbit crying while walking with two feet in a fairy tale illustration, connected ', 'session_id': '6c77a175-b038-4777-8ac4-52eb443031ec', 'user_id': 'P3'}"
06:39:51,instance_selected,"{'instance_id': 'instance-a2ba25a1-015c-43f3-9223-a565c3cb83d2', 'instance_label': 'balloon', 'is_from_class': False, 'class_id': None, 'session_id': '6c77a175-b038-4777-8ac4-52eb443031ec', 'user_id': 'P3'}"
06:39:59,api.generate_text_to_graph.succeeded,"{'objects_count': 2, 'relationships_count': 1, 'root_object': 'object1', 'session_id': '6c77a175-b038-4777-8ac4-52eb443031ec', 'user_id': 'P3'}"
06:39:59,instance.updated,"{'instance_id': 'instance-a2ba25a1-015c-43f3-9223-a565c3cb83d2', 'instance_label': 'balloon', 'text_changed': True, 'graph_changed': False, 'session_id': '6c77a175-b038-4777-8ac4-52eb443031ec', 'user_id': 'P3'}"
06:39:59,instance_selected,"{'instance_id': 'instance-a2ba25a1-015c-43f3-9223-a565c3cb83d2', 'instance_label': 'balloon', 'is_from_class': False, 'class_id': None, 'session_id': '6c77a175-b038-4777-8ac4-52eb443031ec', 'user_id': 'P3'}"
06:40:01,instance_selected,"{'instance_id': 'instance-bc576742-63dd-47ed-a242-06a9b1b04f4c', 'instance_label': 'village', 'is_from_class': False, 'class_id': None, 'session_id': '6c77a175-b038-4777-8ac4-52eb443031ec', 'user_id': 'P3'}"
06:40:06,instance.deleted,"{'instance_id': 'instance-bc576742-63dd-47ed-a242-06a9b1b04f4c', 'instance_label': 'village', 'is_from_class': False, 'class_id': None, 'session_id': '6c77a175-b038-4777-8ac4-52eb443031ec', 'user_id': 'P3'}"
06:40:09,layout.node.moved,"{'nodeId': 'instance-258e1650-a691-4328-9fb0-3bcf7775d2b6', 'newPos': {'x': 228, 'y': 252}, 'session_id': '6c77a175-b038-4777-8ac4-52eb443031ec', 'user_id': 'P3'}"
06:40:11,layout.node.moved,"{'nodeId': 'instance-a2ba25a1-015c-43f3-9223-a565c3cb83d2', 'newPos': {'x': 220, 'y': 159}, 'session_id': '6c77a175-b038-4777-8ac4-52eb443031ec', 'user_id': 'P3'}"
06:40:34,relationship_node.deleted,"{'relationship_id': 'instance-258e1650-a691-4328-9fb0-3bcf7775d2b6-instance-a2ba25a1-015c-43f3-9223-a565c3cb83d2', 'source_object_id': 'instance-258e1650-a691-4328-9fb0-3bcf7775d2b6', 'target_object_id': 'instance-a2ba25a1-015c-43f3-9223-a565c3cb83d2', 'relation': 'related', 'source_object_name': 'rabbit', 'target_object_name': 'balloon', 'session_id': '6c77a175-b038-4777-8ac4-52eb443031ec', 'user_id': 'P3'}"
06:40:38,relationship_node.created,"{'relationship_id': 'instance-258e1650-a691-4328-9fb0-3bcf7775d2b6->instance-a2ba25a1-015c-43f3-9223-a565c3cb83d2:looking up', 'sourceId': 'instance-258e1650-a691-4328-9fb0-3bcf7775d2b6', 'targetId': 'instance-a2ba25a1-015c-43f3-9223-a565c3cb83d2', 'relation': 'looking up', 'video_time': '44:40'}"
06:40:52,layout_board.new_box_positioned,"{'position': {'x': 24, 'y': 10}, 'screen_position': {'x': 87, 'y': 53}, 'board_type': 'advanced', 'session_id': '6c77a175-b038-4777-8ac4-52eb443031ec', 'user_id': 'P3'}"
06:41:35,layout_board.new_box_positioned,"{'position': {'x': 11, 'y': 8}, 'screen_position': {'x': 74, 'y': 51}, 'board_type': 'advanced', 'session_id': '6c77a175-b038-4777-8ac4-52eb443031ec', 'user_id': 'P3'}"
06:41:40,api.generate_text_to_graph.succeeded,"{'objects_count': 4, 'relationships_count': 3, 'root_object': 'object1', 'session_id': '6c77a175-b038-4777-8ac4-52eb443031ec', 'user_id': 'P3'}"
06:41:46,layoutboard.node.resizable.resized,"{'nodeId': 'instance-609046ce-c5d2-4ea6-96e6-33e893861034-resizable', 'prevSize': {'width': 50, 'height': 50}, 'newSize': {'width': 485, 'height': 477}, 'delta': {'width': 435, 'height': 427}, 'linkedSizeNodeIds': [], 'session_id': '6c77a175-b038-4777-8ac4-52eb443031ec', 'user_id': 'P3'}"
06:42:18,api.generate_text_to_graph.succeeded,"{'objects_count': 2, 'relationships_count': 1, 'root_object': 'object1', 'session_id': '6c77a175-b038-4777-8ac4-52eb443031ec', 'user_id': 'P3'}"
06:42:18,instance.updated,"{'instance_id': 'instance-a2ba25a1-015c-43f3-9223-a565c3cb83d2', 'instance_label': 'balloon', 'text_changed': True, 'graph_changed': False, 'session_id': '6c77a175-b038-4777-8ac4-52eb443031ec', 'user_id': 'P3'}"
06:42:48,prompt_saved,{'path': 'output/P3/2025-08-23_06-42-48/prompt.json'}
06:42:48,object_detection_integrated,{'objects_count': 8}
06:42:48,object_detection_integrated,"{'objectsCount': 8, 'objects': [{'label': 'person', 'confidence': 0.8285230398178101}, {'label': 'kite', 'confidence': 0.6088418364524841}, {'label': 'teddy bear', 'confidence': 0.48802152276039124}, {'label': 'kite', 'confidence': 0.365161269903183}, {'label': 'teddy bear', 'confidence': 0.3573274612426758}, {'label': 'kite', 'confidence': 0.2983488142490387}, {'label': 'teddy bear', 'confidence': 0.29822444915771484}, {'label': 'kite', 'confidence': 0.26423391699790955}], 'session_id': '6c77a175-b038-4777-8ac4-52eb443031ec', 'user_id': 'P3'}"
06:42:48,api.generate_image.succeeded,"{'global_caption': 'a scene featuring a cute little child rabbit crying while walking on two feet in a fairy tale illustration, connected to a blue jacket and looking up at a red balloon disappearing into the sky, with the composition of looking down at balloons and rabbits from the sky.', 'region_count': 3, 'has_image': True, 'detected_objects_count': 8, 'image_path': 'output/P3/2025-08-23_06-42-48/image.png', 'image_with_layout_path': 'output/P3/2025-08-23_06-42-48/image_with_layout.png', 'timestamp_dir': 'output/P3/2025-08-23_06-42-48', 'session_id': '6c77a175-b038-4777-8ac4-52eb443031ec', 'user_id': 'P3'}"
06:42:59,instance_selected,"{'instance_id': 'instance-609046ce-c5d2-4ea6-96e6-33e893861034', 'instance_label': 'composition', 'is_from_class': False, 'class_id': None, 'session_id': '6c77a175-b038-4777-8ac4-52eb443031ec', 'user_id': 'P3'}"
06:43:57,api.generate_text_to_graph.succeeded,"{'objects_count': 5, 'relationships_count': 3, 'root_object': 'object1', 'session_id': '6c77a175-b038-4777-8ac4-52eb443031ec', 'user_id': 'P3'}"
06:43:57,instance.updated,"{'instance_id': 'instance-609046ce-c5d2-4ea6-96e6-33e893861034', 'instance_label': 'composition', 'text_changed': True, 'graph_changed': False, 'session_id': '6c77a175-b038-4777-8ac4-52eb443031ec', 'user_id': 'P3'}"
06:43:57,instance_selected,"{'instance_id': 'instance-609046ce-c5d2-4ea6-96e6-33e893861034', 'instance_label': 'composition', 'is_from_class': False, 'class_id': None, 'session_id': '6c77a175-b038-4777-8ac4-52eb443031ec', 'user_id': 'P3'}"
06:44:02,instance.deleted,"{'instance_id': 'instance-609046ce-c5d2-4ea6-96e6-33e893861034', 'instance_label': 'composition', 'is_from_class': False, 'class_id': None, 'session_id': '6c77a175-b038-4777-8ac4-52eb443031ec', 'user_id': 'P3'}"
06:44:30,instance_selected,"{'instance_id': 'instance-258e1650-a691-4328-9fb0-3bcf7775d2b6', 'instance_label': 'rabbit', 'is_from_class': True, 'class_id': 'class-412add9c-ec9b-4f19-8022-0757952f86ba', 'session_id': '6c77a175-b038-4777-8ac4-52eb443031ec', 'user_id': 'P3'}"
06:44:35,object_node.attribute.deleted,"{'object_id': 'object1', 'object_name': 'rabbit', 'attribute_index': 1, 'attribute_value': 'child', 'is_class_mode': False, 'parent_instance_id': 'instance-258e1650-a691-4328-9fb0-3bcf7775d2b6', 'session_id': '6c77a175-b038-4777-8ac4-52eb443031ec', 'user_id': 'P3'}"
06:44:35,object_node.attribute.deleted,"{'object_id': 'object1', 'object_name': 'rabbit', 'attribute_index': 2, 'attribute_value': 'little', 'is_class_mode': False, 'parent_instance_id': 'instance-258e1650-a691-4328-9fb0-3bcf7775d2b6', 'session_id': '6c77a175-b038-4777-8ac4-52eb443031ec', 'user_id': 'P3'}"
06:44:39,object_node.edit.saved,"{'object_id': 'object1', 'object_name': 'rabbit', 'edit_mode': 'adding', 'new_value': 'from above', 'is_class_mode': False, 'parent_instance_id': 'instance-258e1650-a691-4328-9fb0-3bcf7775d2b6', 'session_id': '6c77a175-b038-4777-8ac4-52eb443031ec', 'user_id': 'P3'}"
06:44:53,object_node.attribute.deleted,"{'object_id': 'object1', 'object_name': 'rabbit', 'attribute_index': 4, 'attribute_value': 'from above', 'is_class_mode': False, 'parent_instance_id': 'instance-258e1650-a691-4328-9fb0-3bcf7775d2b6', 'session_id': '6c77a175-b038-4777-8ac4-52eb443031ec', 'user_id': 'P3'}"
06:45:00,api.generate_scene_graph_to_text.succeeded,"{'text_length': 99, 'generated_text': 'Rabbit crying while walking with two feet in a fairy tale illustration, connected to a blue jacket.', 'session_id': '6c77a175-b038-4777-8ac4-52eb443031ec', 'user_id': 'P3'}"
06:45:00,instance_selected,"{'instance_id': 'instance-258e1650-a691-4328-9fb0-3bcf7775d2b6', 'instance_label': 'rabbit', 'is_from_class': True, 'class_id': 'class-412add9c-ec9b-4f19-8022-0757952f86ba', 'session_id': '6c77a175-b038-4777-8ac4-52eb443031ec', 'user_id': 'P3'}"
06:45:00,instance.updated,"{'instance_id': 'instance-258e1650-a691-4328-9fb0-3bcf7775d2b6', 'instance_label': 'rabbit', 'text_changed': False, 'graph_changed': True, 'session_id': '6c77a175-b038-4777-8ac4-52eb443031ec', 'user_id': 'P3'}"
06:45:10,api.generate_text_to_graph.succeeded,"{'objects_count': 4, 'relationships_count': 4, 'root_object': 'object1', 'session_id': '6c77a175-b038-4777-8ac4-52eb443031ec', 'user_id': 'P3'}"
06:45:10,instance.updated,"{'instance_id': 'instance-258e1650-a691-4328-9fb0-3bcf7775d2b6', 'instance_label': 'rabbit', 'text_changed': True, 'graph_changed': False, 'session_id': '6c77a175-b038-4777-8ac4-52eb443031ec', 'user_id': 'P3'}"
06:45:10,instance_selected,"{'instance_id': 'instance-258e1650-a691-4328-9fb0-3bcf7775d2b6', 'instance_label': 'rabbit', 'is_from_class': True, 'class_id': 'class-412add9c-ec9b-4f19-8022-0757952f86ba', 'session_id': '6c77a175-b038-4777-8ac4-52eb443031ec', 'user_id': 'P3'}"
06:45:32,prompt_saved,{'path': 'output/P3/2025-08-23_06-45-32/prompt.json'}
06:45:32,object_detection_integrated,{'objects_count': 4}
06:45:32,object_detection_integrated,"{'objectsCount': 4, 'objects': [{'label': 'kite', 'confidence': 0.5922790169715881}, {'label': 'kite', 'confidence': 0.5128777027130127}, {'label': 'kite', 'confidence': 0.47395920753479004}, {'label': 'teddy bear', 'confidence': 0.29773858189582825}], 'session_id': '6c77a175-b038-4777-8ac4-52eb443031ec', 'user_id': 'P3'}"
06:45:32,api.generate_image.succeeded,"{'global_caption': 'a scene featuring a rabbit crying while walking on two feet in a fairy tale illustration, connected to a blue jacket and looking up at a red balloon disappearing into the sky, with the composition of looking down at balloons and rabbits from the sky.', 'region_count': 2, 'has_image': True, 'detected_objects_count': 4, 'image_path': 'output/P3/2025-08-23_06-45-32/image.png', 'image_with_layout_path': 'output/P3/2025-08-23_06-45-32/image_with_layout.png', 'timestamp_dir': 'output/P3/2025-08-23_06-45-32', 'session_id': '6c77a175-b038-4777-8ac4-52eb443031ec', 'user_id': 'P3'}"
06:45:50,api.generate_text_to_graph.succeeded,"{'objects_count': 4, 'relationships_count': 3, 'root_object': 'object1', 'session_id': '6c77a175-b038-4777-8ac4-52eb443031ec', 'user_id': 'P3'}"
06:45:50,instance.updated,"{'instance_id': 'instance-258e1650-a691-4328-9fb0-3bcf7775d2b6', 'instance_label': 'rabbit', 'text_changed': True, 'graph_changed': False, 'session_id': '6c77a175-b038-4777-8ac4-52eb443031ec', 'user_id': 'P3'}"
06:45:50,instance_selected,"{'instance_id': 'instance-258e1650-a691-4328-9fb0-3bcf7775d2b6', 'instance_label': 'rabbit', 'is_from_class': True, 'class_id': 'class-412add9c-ec9b-4f19-8022-0757952f86ba', 'session_id': '6c77a175-b038-4777-8ac4-52eb443031ec', 'user_id': 'P3'}"
06:45:50,layout.node.moved,"{'nodeId': 'instance-258e1650-a691-4328-9fb0-3bcf7775d2b6', 'newPos': {'x': 267, 'y': 325}, 'session_id': '6c77a175-b038-4777-8ac4-52eb443031ec', 'user_id': 'P3'}"
06:45:53,layout.node.moved,"{'nodeId': 'instance-a2ba25a1-015c-43f3-9223-a565c3cb83d2', 'newPos': {'x': 205, 'y': 19}, 'session_id': '6c77a175-b038-4777-8ac4-52eb443031ec', 'user_id': 'P3'}"
06:45:57,layout_board.new_box_positioned,"{'position': {'x': 24, 'y': 374}, 'screen_position': {'x': 87, 'y': 417}, 'board_type': 'advanced', 'session_id': '6c77a175-b038-4777-8ac4-52eb443031ec', 'user_id': 'P3'}"
06:46:02,api.generate_text_to_graph.succeeded,"{'objects_count': 1, 'relationships_count': 0, 'root_object': 'object1', 'session_id': '6c77a175-b038-4777-8ac4-52eb443031ec', 'user_id': 'P3'}"
06:46:03,layoutboard.node.resizable.resized,"{'nodeId': 'instance-2cdbe66b-fbc1-4642-8c96-8f987bc04ceb-resizable', 'prevSize': {'width': 50, 'height': 50}, 'newSize': {'width': 462, 'height': 110}, 'delta': {'width': 412, 'height': 60}, 'linkedSizeNodeIds': [], 'session_id': '6c77a175-b038-4777-8ac4-52eb443031ec', 'user_id': 'P3'}"
06:46:06,layoutboard.node.resizable.resized,"{'nodeId': 'instance-2cdbe66b-fbc1-4642-8c96-8f987bc04ceb-resizable', 'prevSize': {'width': 50, 'height': 50}, 'newSize': {'width': 459, 'height': 77}, 'delta': {'width': 409, 'height': 27}, 'linkedSizeNodeIds': [], 'session_id': '6c77a175-b038-4777-8ac4-52eb443031ec', 'user_id': 'P3'}"
06:46:08,layoutboard.node.resizable.resized,"{'nodeId': 'instance-2cdbe66b-fbc1-4642-8c96-8f987bc04ceb-resizable', 'prevSize': {'width': 50, 'height': 50}, 'newSize': {'width': 468, 'height': 76}, 'delta': {'width': 418, 'height': 26}, 'linkedSizeNodeIds': [], 'session_id': '6c77a175-b038-4777-8ac4-52eb443031ec', 'user_id': 'P3'}"
06:46:59,relationship_node.edited,"{'relationship_id': 'instance-258e1650-a691-4328-9fb0-3bcf7775d2b6-instance-a2ba25a1-015c-43f3-9223-a565c3cb83d2', 'source_object_id': 'instance-258e1650-a691-4328-9fb0-3bcf7775d2b6', 'target_object_id': 'instance-a2ba25a1-015c-43f3-9223-a565c3cb83d2', 'old_relation': 'looking up', 'new_relation': 'looking up missed', 'source_object_name': 'rabbit', 'target_object_name': 'balloon', 'session_id': '6c77a175-b038-4777-8ac4-52eb443031ec', 'user_id': 'P3'}"
06:47:25,prompt_saved,{'path': 'output/P3/2025-08-23_06-47-25/prompt.json'}
06:47:25,object_detection_integrated,{'objects_count': 0}
06:47:26,object_detection_integrated,"{'objectsCount': 0, 'objects': [], 'session_id': '6c77a175-b038-4777-8ac4-52eb443031ec', 'user_id': 'P3'}"
06:47:26,api.generate_image.succeeded,"{'global_caption': 'a scene featuring a rabbit crying while walking on two feet in a fairy tale illustration, connected to a blue jacket and looking up at a red balloon disappearing into the sky, with the ground below.', 'region_count': 3, 'has_image': True, 'detected_objects_count': 0, 'image_path': 'output/P3/2025-08-23_06-47-25/image.png', 'image_with_layout_path': 'output/P3/2025-08-23_06-47-25/image_with_layout.png', 'timestamp_dir': 'output/P3/2025-08-23_06-47-25', 'session_id': '6c77a175-b038-4777-8ac4-52eb443031ec', 'user_id': 'P3'}"
06:47:37,instance_selected,"{'instance_id': 'instance-a2ba25a1-015c-43f3-9223-a565c3cb83d2', 'instance_label': 'balloon', 'is_from_class': False, 'class_id': None, 'session_id': '6c77a175-b038-4777-8ac4-52eb443031ec', 'user_id': 'P3'}"
06:48:18,api.generate_text_to_graph.succeeded,"{'objects_count': 2, 'relationships_count': 1, 'root_object': 'object1', 'session_id': '6c77a175-b038-4777-8ac4-52eb443031ec', 'user_id': 'P3'}"
06:48:18,instance.updated,"{'instance_id': 'instance-a2ba25a1-015c-43f3-9223-a565c3cb83d2', 'instance_label': 'balloon', 'text_changed': True, 'graph_changed': False, 'session_id': '6c77a175-b038-4777-8ac4-52eb443031ec', 'user_id': 'P3'}"
06:48:18,instance_selected,"{'instance_id': 'instance-a2ba25a1-015c-43f3-9223-a565c3cb83d2', 'instance_label': 'balloon', 'is_from_class': False, 'class_id': None, 'session_id': '6c77a175-b038-4777-8ac4-52eb443031ec', 'user_id': 'P3'}"
06:48:30,instance_selected,"{'instance_id': 'instance-258e1650-a691-4328-9fb0-3bcf7775d2b6', 'instance_label': 'rabbit', 'is_from_class': True, 'class_id': 'class-412add9c-ec9b-4f19-8022-0757952f86ba', 'session_id': '6c77a175-b038-4777-8ac4-52eb443031ec', 'user_id': 'P3'}"
06:48:32,instance_selected,"{'instance_id': 'instance-a2ba25a1-015c-43f3-9223-a565c3cb83d2', 'instance_label': 'balloon', 'is_from_class': False, 'class_id': None, 'session_id': '6c77a175-b038-4777-8ac4-52eb443031ec', 'user_id': 'P3'}"
06:48:43,prompt_saved,{'path': 'output/P3/2025-08-23_06-48-43/prompt.json'}
06:48:44,object_detection_integrated,{'objects_count': 1}
06:48:44,object_detection_integrated,"{'objectsCount': 1, 'objects': [{'label': 'person', 'confidence': 0.6942459344863892}], 'session_id': '6c77a175-b038-4777-8ac4-52eb443031ec', 'user_id': 'P3'}"
06:48:44,api.generate_image.succeeded,"{'global_caption': 'a scene featuring a rabbit crying while walking on two feet in a fairy tale illustration, connected to a blue jacket and looking up at a red balloon disappearing into the sky, with the ground below.', 'region_count': 3, 'has_image': True, 'detected_objects_count': 1, 'image_path': 'output/P3/2025-08-23_06-48-43/image.png', 'image_with_layout_path': 'output/P3/2025-08-23_06-48-43/image_with_layout.png', 'timestamp_dir': 'output/P3/2025-08-23_06-48-43', 'session_id': '6c77a175-b038-4777-8ac4-52eb443031ec', 'user_id': 'P3'}"
06:49:01,scene_saved,"{'slotNumber': 3, 'instanceCount': 3, 'nodeCount': 6, 'edgeCount': 1, 'session_id': '6c77a175-b038-4777-8ac4-52eb443031ec', 'user_id': 'P3'}"
06:49:16,layout.node.moved,"{'nodeId': 'instance-258e1650-a691-4328-9fb0-3bcf7775d2b6', 'newPos': {'x': 248, 'y': 255}, 'session_id': '6c77a175-b038-4777-8ac4-52eb443031ec', 'user_id': 'P3'}"
06:49:17,layoutboard.node.resizable.resized,"{'nodeId': 'instance-2cdbe66b-fbc1-4642-8c96-8f987bc04ceb-resizable', 'prevSize': {'width': 50, 'height': 50}, 'newSize': {'width': 468, 'height': 76}, 'delta': {'width': 418, 'height': 26}, 'linkedSizeNodeIds': [], 'session_id': '6c77a175-b038-4777-8ac4-52eb443031ec', 'user_id': 'P3'}"
06:49:25,instance.deleted,"{'instance_id': 'instance-a2ba25a1-015c-43f3-9223-a565c3cb83d2', 'instance_label': 'balloon', 'is_from_class': False, 'class_id': None, 'session_id': '6c77a175-b038-4777-8ac4-52eb443031ec', 'user_id': 'P3'}"
06:49:52,instance_selected,"{'instance_id': 'instance-258e1650-a691-4328-9fb0-3bcf7775d2b6', 'instance_label': 'rabbit', 'is_from_class': True, 'class_id': 'class-412add9c-ec9b-4f19-8022-0757952f86ba', 'session_id': '6c77a175-b038-4777-8ac4-52eb443031ec', 'user_id': 'P3'}"
06:49:56,object_node.edit.saved,"{'object_id': 'object1', 'object_name': 'rabbit', 'edit_mode': 'adding', 'new_value': 'slumping', 'is_class_mode': False, 'parent_instance_id': 'instance-258e1650-a691-4328-9fb0-3bcf7775d2b6', 'session_id': '6c77a175-b038-4777-8ac4-52eb443031ec', 'user_id': 'P3'}"
06:49:59,api.generate_scene_graph_to_text.succeeded,"{'text_length': 112, 'generated_text': 'Rabbit crying and slumping while walking with two feet in a fairy tale illustration, connected to a ', 'session_id': '6c77a175-b038-4777-8ac4-52eb443031ec', 'user_id': 'P3'}"
06:49:59,instance_selected,"{'instance_id': 'instance-258e1650-a691-4328-9fb0-3bcf7775d2b6', 'instance_label': 'rabbit', 'is_from_class': True, 'class_id': 'class-412add9c-ec9b-4f19-8022-0757952f86ba', 'session_id': '6c77a175-b038-4777-8ac4-52eb443031ec', 'user_id': 'P3'}"
06:49:59,instance.updated,"{'instance_id': 'instance-258e1650-a691-4328-9fb0-3bcf7775d2b6', 'instance_label': 'rabbit', 'text_changed': False, 'graph_changed': True, 'session_id': '6c77a175-b038-4777-8ac4-52eb443031ec', 'user_id': 'P3'}"
06:50:53,class_deleted,"{'class_id': 'class-412add9c-ec9b-4f19-8022-0757952f86ba', 'class_name': 'rabbit Class', 'instance_count': 1, 'session_id': '6c77a175-b038-4777-8ac4-52eb443031ec', 'user_id': 'P3'}"
06:50:53,class.deleted,"{'class_id': 'class-412add9c-ec9b-4f19-8022-0757952f86ba', 'class_name': 'rabbit Class', 'affected_instances_count': 1, 'placeholder_count': 4, 'session_id': '6c77a175-b038-4777-8ac4-52eb443031ec', 'user_id': 'P3'}"
06:50:53,instance_selected,"{'instance_id': 'instance-258e1650-a691-4328-9fb0-3bcf7775d2b6', 'instance_label': 'rabbit', 'is_from_class': False, 'class_id': None, 'session_id': '6c77a175-b038-4777-8ac4-52eb443031ec', 'user_id': 'P3'}"
06:50:57,class.created,"{'class_id': 'class-48ecf44d-906c-4baf-9e2d-e77a381c9537', 'class_name': 'rabbit Class', 'placeholder_count': 4, 'created_from': 'rabbit', 'session_id': '6c77a175-b038-4777-8ac4-52eb443031ec', 'user_id': 'P3'}"
06:50:57,api.generate_placeholders.succeeded,"{'object_count': 4, 'unique_value_count': 9, 'session_id': '6c77a175-b038-4777-8ac4-52eb443031ec', 'user_id': 'P3'}"
06:50:57,instance_selected,"{'instance_id': 'instance-258e1650-a691-4328-9fb0-3bcf7775d2b6', 'instance_label': 'rabbit', 'is_from_class': True, 'class_id': 'class-48ecf44d-906c-4baf-9e2d-e77a381c9537', 'session_id': '6c77a175-b038-4777-8ac4-52eb443031ec', 'user_id': 'P3'}"
06:51:48,instance_selected,"{'instance_id': 'instance-258e1650-a691-4328-9fb0-3bcf7775d2b6', 'instance_label': 'rabbit', 'is_from_class': True, 'class_id': 'class-48ecf44d-906c-4baf-9e2d-e77a381c9537', 'session_id': '6c77a175-b038-4777-8ac4-52eb443031ec', 'user_id': 'P3'}"
06:51:48,instance.updated,"{'instance_id': 'instance-258e1650-a691-4328-9fb0-3bcf7775d2b6', 'instance_label': 'rabbit', 'text_changed': False, 'graph_changed': True, 'session_id': '6c77a175-b038-4777-8ac4-52eb443031ec', 'user_id': 'P3'}"
06:51:48,api.generate_scene_graph_to_text.succeeded,"{'text_length': 107, 'generated_text': 'Rabbit crying and slumping while walking with two feet in a fairy tale illustration, wearing a blue ', 'session_id': '6c77a175-b038-4777-8ac4-52eb443031ec', 'user_id': 'P3'}"
06:51:52,class_deleted,"{'class_id': 'class-48ecf44d-906c-4baf-9e2d-e77a381c9537', 'class_name': 'rabbit Class', 'instance_count': 1, 'session_id': '6c77a175-b038-4777-8ac4-52eb443031ec', 'user_id': 'P3'}"
06:51:52,class.deleted,"{'class_id': 'class-48ecf44d-906c-4baf-9e2d-e77a381c9537', 'class_name': 'rabbit Class', 'affected_instances_count': 1, 'placeholder_count': 4, 'session_id': '6c77a175-b038-4777-8ac4-52eb443031ec', 'user_id': 'P3'}"
06:51:52,instance_selected,"{'instance_id': 'instance-258e1650-a691-4328-9fb0-3bcf7775d2b6', 'instance_label': 'rabbit', 'is_from_class': False, 'class_id': None, 'session_id': '6c77a175-b038-4777-8ac4-52eb443031ec', 'user_id': 'P3'}"
06:51:56,instance_selected,"{'instance_id': 'instance-258e1650-a691-4328-9fb0-3bcf7775d2b6', 'instance_label': 'rabbit', 'is_from_class': True, 'class_id': 'class-cb23a6c3-4b8e-42a1-add2-695165f93bc0', 'session_id': '6c77a175-b038-4777-8ac4-52eb443031ec', 'user_id': 'P3'}"
06:51:56,api.generate_placeholders.succeeded,"{'object_count': 4, 'unique_value_count': 9, 'session_id': '6c77a175-b038-4777-8ac4-52eb443031ec', 'user_id': 'P3'}"
06:51:56,class.created,"{'class_id': 'class-cb23a6c3-4b8e-42a1-add2-695165f93bc0', 'class_name': 'rabbit Class', 'placeholder_count': 4, 'created_from': 'rabbit', 'session_id': '6c77a175-b038-4777-8ac4-52eb443031ec', 'user_id': 'P3'}"
06:52:21,api.generate_scene_graph_to_text.succeeded,"{'text_length': 88, 'generated_text': 'A crying rabbit wearing red pants is walking with two feet in a fairy tale illustration.', 'session_id': '6c77a175-b038-4777-8ac4-52eb443031ec', 'user_id': 'P3'}"
06:52:22,instance.created_from_class,"{'instance_id': 'instance-8eb4b1c9-95b9-4b1a-b163-8e844f2fdc82', 'class_id': 'class-cb23a6c3-4b8e-42a1-add2-695165f93bc0', 'instance_label': 'Rabbit', 'has_text_description': True, 'session_id': '6c77a175-b038-4777-8ac4-52eb443031ec', 'user_id': 'P3'}"
06:52:22,instance_selected,"{'instance_id': 'instance-258e1650-a691-4328-9fb0-3bcf7775d2b6', 'instance_label': 'rabbit', 'is_from_class': True, 'class_id': 'class-cb23a6c3-4b8e-42a1-add2-695165f93bc0', 'session_id': '6c77a175-b038-4777-8ac4-52eb443031ec', 'user_id': 'P3'}"
06:52:22,api.generate_instance_label_from_description.succeeded,"{'generated_label': 'Rabbit', 'original_text': 'A crying rabbit wearing red pants is walking with ', 'session_id': '6c77a175-b038-4777-8ac4-52eb443031ec', 'user_id': 'P3'}"
06:52:33,layout.node.moved,"{'nodeId': 'instance-8eb4b1c9-95b9-4b1a-b163-8e844f2fdc82', 'newPos': {'x': 148, 'y': 309}, 'session_id': '6c77a175-b038-4777-8ac4-52eb443031ec', 'user_id': 'P3'}"
06:52:34,layoutboard.node.resizable.resized,"{'nodeId': 'instance-8eb4b1c9-95b9-4b1a-b163-8e844f2fdc82-resizable', 'prevSize': {'width': 50, 'height': 50}, 'newSize': {'width': 74, 'height': 99}, 'delta': {'width': 24, 'height': 49}, 'linkedSizeNodeIds': [], 'session_id': '6c77a175-b038-4777-8ac4-52eb443031ec', 'user_id': 'P3'}"
06:52:35,layout.node.moved,"{'nodeId': 'instance-8eb4b1c9-95b9-4b1a-b163-8e844f2fdc82', 'newPos': {'x': 103, 'y': 287}, 'session_id': '6c77a175-b038-4777-8ac4-52eb443031ec', 'user_id': 'P3'}"
06:52:37,layout.node.moved,"{'nodeId': 'instance-258e1650-a691-4328-9fb0-3bcf7775d2b6', 'newPos': {'x': 217, 'y': 254}, 'session_id': '6c77a175-b038-4777-8ac4-52eb443031ec', 'user_id': 'P3'}"
06:53:04,api.generate_scene_graph_to_text.succeeded,"{'text_length': 94, 'generated_text': 'A crying rabbit, wearing a green dress, is walking with two feet in a fairy tale illustration.', 'session_id': '6c77a175-b038-4777-8ac4-52eb443031ec', 'user_id': 'P3'}"
06:53:04,api.generate_instance_label_from_description.succeeded,"{'generated_label': 'Rabbit', 'original_text': 'A crying rabbit, wearing a green dress, is walking', 'session_id': '6c77a175-b038-4777-8ac4-52eb443031ec', 'user_id': 'P3'}"
06:53:04,instance.created_from_class,"{'instance_id': 'instance-06bb46eb-adba-4dc5-9dca-e5a7ec91c01a', 'class_id': 'class-cb23a6c3-4b8e-42a1-add2-695165f93bc0', 'instance_label': 'Rabbit', 'has_text_description': True, 'session_id': '6c77a175-b038-4777-8ac4-52eb443031ec', 'user_id': 'P3'}"
06:53:04,instance_selected,"{'instance_id': 'instance-258e1650-a691-4328-9fb0-3bcf7775d2b6', 'instance_label': 'rabbit', 'is_from_class': True, 'class_id': 'class-cb23a6c3-4b8e-42a1-add2-695165f93bc0', 'session_id': '6c77a175-b038-4777-8ac4-52eb443031ec', 'user_id': 'P3'}"
06:53:11,layout.node.moved,"{'nodeId': 'instance-06bb46eb-adba-4dc5-9dca-e5a7ec91c01a', 'newPos': {'x': 335, 'y': 329}, 'session_id': '6c77a175-b038-4777-8ac4-52eb443031ec', 'user_id': 'P3'}"
06:53:13,layout.node.moved,"{'nodeId': 'instance-258e1650-a691-4328-9fb0-3bcf7775d2b6', 'newPos': {'x': 212, 'y': 235}, 'session_id': '6c77a175-b038-4777-8ac4-52eb443031ec', 'user_id': 'P3'}"
06:53:14,layoutboard.node.resizable.resized,"{'nodeId': 'instance-258e1650-a691-4328-9fb0-3bcf7775d2b6-resizable', 'prevSize': {'width': 50, 'height': 50}, 'newSize': {'width': 102, 'height': 155}, 'delta': {'width': 52, 'height': 105}, 'linkedSizeNodeIds': [], 'session_id': '6c77a175-b038-4777-8ac4-52eb443031ec', 'user_id': 'P3'}"
06:53:16,layout.node.moved,"{'nodeId': 'instance-258e1650-a691-4328-9fb0-3bcf7775d2b6', 'newPos': {'x': 214, 'y': 237}, 'session_id': '6c77a175-b038-4777-8ac4-52eb443031ec', 'user_id': 'P3'}"
06:53:18,layout.node.moved,"{'nodeId': 'instance-8eb4b1c9-95b9-4b1a-b163-8e844f2fdc82', 'newPos': {'x': 94, 'y': 285}, 'session_id': '6c77a175-b038-4777-8ac4-52eb443031ec', 'user_id': 'P3'}"
06:53:19,relationship_node.created,"{'relationship_id': 'instance-258e1650-a691-4328-9fb0-3bcf7775d2b6->instance-258e1650-a691-4328-9fb0-3bcf7775d2b6:console', 'sourceId': 'instance-258e1650-a691-4328-9fb0-3bcf7775d2b6', 'targetId': 'instance-258e1650-a691-4328-9fb0-3bcf7775d2b6', 'relation': 'console', 'video_time': '57:21'}"
06:53:33,relationship_node.created,"{'relationship_id': 'instance-258e1650-a691-4328-9fb0-3bcf7775d2b6->instance-258e1650-a691-4328-9fb0-3bcf7775d2b6:console', 'sourceId': 'instance-258e1650-a691-4328-9fb0-3bcf7775d2b6', 'targetId': 'instance-258e1650-a691-4328-9fb0-3bcf7775d2b6', 'relation': 'console', 'video_time': '57:35'}"
06:53:34,layout.node.moved,"{'nodeId': 'instance-06bb46eb-adba-4dc5-9dca-e5a7ec91c01a', 'newPos': {'x': 350, 'y': 330}, 'session_id': '6c77a175-b038-4777-8ac4-52eb443031ec', 'user_id': 'P3'}"
06:53:42,instance_selected,"{'instance_id': 'instance-2cdbe66b-fbc1-4642-8c96-8f987bc04ceb', 'instance_label': 'ground', 'is_from_class': False, 'class_id': None, 'session_id': '6c77a175-b038-4777-8ac4-52eb443031ec', 'user_id': 'P3'}"
06:53:45,instance.deleted,"{'instance_id': 'instance-2cdbe66b-fbc1-4642-8c96-8f987bc04ceb', 'instance_label': 'ground', 'is_from_class': False, 'class_id': None, 'session_id': '6c77a175-b038-4777-8ac4-52eb443031ec', 'user_id': 'P3'}"
06:54:03,prompt_saved,{'path': 'output/P3/2025-08-23_06-54-03/prompt.json'}
06:54:03,object_detection_integrated,{'objects_count': 1}
06:54:04,api.generate_image.succeeded,"{'global_caption': 'a scene featuring a rabbit crying and slumping while walking with two feet in a fairy tale illustration, wearing a blue jacket, ground, a crying rabbit wearing red pants walking with two feet in a fairy tale illustration, while one rabbit consoles another rabbit, and a crying rabbit, wearing a green dress, walking with two feet in a fairy tale illustration, while one rabbit consoles another rabbit', 'region_count': 4, 'has_image': True, 'detected_objects_count': 1, 'image_path': 'output/P3/2025-08-23_06-54-03/image.png', 'image_with_layout_path': 'output/P3/2025-08-23_06-54-03/image_with_layout.png', 'timestamp_dir': 'output/P3/2025-08-23_06-54-03', 'session_id': '6c77a175-b038-4777-8ac4-52eb443031ec', 'user_id': 'P3'}"
06:54:04,object_detection_integrated,"{'objectsCount': 1, 'objects': [{'label': 'vase', 'confidence': 0.30431556701660156}], 'session_id': '6c77a175-b038-4777-8ac4-52eb443031ec', 'user_id': 'P3'}"
06:54:47,prompt_saved,{'path': 'output/P3/2025-08-23_06-54-47/prompt.json'}
06:54:47,object_detection_integrated,{'objects_count': 1}
06:54:48,object_detection_integrated,"{'objectsCount': 1, 'objects': [{'label': 'clock', 'confidence': 0.34953728318214417}], 'session_id': '6c77a175-b038-4777-8ac4-52eb443031ec', 'user_id': 'P3'}"
06:54:48,api.generate_image.succeeded,"{'global_caption': 'a scene featuring a rabbit crying and slumping while walking on two feet in a fairy tale illustration, wearing a blue jacket, a crying rabbit wearing red pants walking on two feet in a fairy tale illustration, while one rabbit consoles another rabbit, and a crying rabbit wearing a green dress walking on two feet in a fairy tale illustration, while one rabbit consoles another rabbit', 'region_count': 3, 'has_image': True, 'detected_objects_count': 1, 'image_path': 'output/P3/2025-08-23_06-54-47/image.png', 'image_with_layout_path': 'output/P3/2025-08-23_06-54-47/image_with_layout.png', 'timestamp_dir': 'output/P3/2025-08-23_06-54-47', 'session_id': '6c77a175-b038-4777-8ac4-52eb443031ec', 'user_id': 'P3'}"
06:54:58,layout.node.moved,"{'nodeId': 'instance-06bb46eb-adba-4dc5-9dca-e5a7ec91c01a', 'newPos': {'x': 363, 'y': 287}, 'session_id': '6c77a175-b038-4777-8ac4-52eb443031ec', 'user_id': 'P3'}"
06:55:00,layoutboard.node.resizable.resized,"{'nodeId': 'instance-06bb46eb-adba-4dc5-9dca-e5a7ec91c01a-resizable', 'prevSize': {'width': 50, 'height': 50}, 'newSize': {'width': 47, 'height': 50}, 'delta': {'width': -3, 'height': 0}, 'linkedSizeNodeIds': [], 'session_id': '6c77a175-b038-4777-8ac4-52eb443031ec', 'user_id': 'P3'}"
06:55:03,layout.node.moved,"{'nodeId': 'instance-06bb46eb-adba-4dc5-9dca-e5a7ec91c01a', 'newPos': {'x': 372, 'y': 324}, 'session_id': '6c77a175-b038-4777-8ac4-52eb443031ec', 'user_id': 'P3'}"
06:55:05,layoutboard.node.resizable.resized,"{'nodeId': 'instance-06bb46eb-adba-4dc5-9dca-e5a7ec91c01a-resizable', 'prevSize': {'width': 50, 'height': 50}, 'newSize': {'width': 61, 'height': 88}, 'delta': {'width': 11, 'height': 38}, 'linkedSizeNodeIds': [], 'session_id': '6c77a175-b038-4777-8ac4-52eb443031ec', 'user_id': 'P3'}"
06:55:07,relationship_node.deleted,"{'relationship_id': 'instance-06bb46eb-adba-4dc5-9dca-e5a7ec91c01a-instance-258e1650-a691-4328-9fb0-3bcf7775d2b6', 'source_object_id': 'instance-06bb46eb-adba-4dc5-9dca-e5a7ec91c01a', 'target_object_id': 'instance-258e1650-a691-4328-9fb0-3bcf7775d2b6', 'relation': 'console', 'source_object_name': 'Rabbit', 'target_object_name': 'rabbit', 'session_id': '6c77a175-b038-4777-8ac4-52eb443031ec', 'user_id': 'P3'}"
06:55:13,layout.node.moved,"{'nodeId': 'instance-258e1650-a691-4328-9fb0-3bcf7775d2b6', 'newPos': {'x': 292, 'y': 183}, 'session_id': '6c77a175-b038-4777-8ac4-52eb443031ec', 'user_id': 'P3'}"
06:55:14,relationship_node.deleted,"{'relationship_id': 'instance-8eb4b1c9-95b9-4b1a-b163-8e844f2fdc82-instance-258e1650-a691-4328-9fb0-3bcf7775d2b6', 'source_object_id': 'instance-8eb4b1c9-95b9-4b1a-b163-8e844f2fdc82', 'target_object_id': 'instance-258e1650-a691-4328-9fb0-3bcf7775d2b6', 'relation': 'console', 'source_object_name': 'Rabbit', 'target_object_name': 'rabbit', 'session_id': '6c77a175-b038-4777-8ac4-52eb443031ec', 'user_id': 'P3'}"
06:55:16,layout.node.moved,"{'nodeId': 'instance-258e1650-a691-4328-9fb0-3bcf7775d2b6', 'newPos': {'x': 225, 'y': 211}, 'session_id': '6c77a175-b038-4777-8ac4-52eb443031ec', 'user_id': 'P3'}"
06:55:42,layout.node.moved,"{'nodeId': 'instance-8eb4b1c9-95b9-4b1a-b163-8e844f2fdc82', 'newPos': {'x': 90, 'y': 283}, 'session_id': '6c77a175-b038-4777-8ac4-52eb443031ec', 'user_id': 'P3'}"
06:55:44,prompt_saved,{'path': 'output/P3/2025-08-23_06-55-44/prompt.json'}
06:55:45,object_detection_integrated,{'objects_count': 0}
06:55:45,api.generate_image.succeeded,"{'global_caption': 'a scene featuring a rabbit crying and slumping while walking on two feet in a fairy tale illustration, wearing a blue jacket, a crying rabbit wearing red pants walking on two feet in a fairy tale illustration, and a crying rabbit wearing a green dress walking on two feet in a fairy tale illustration, while one rabbit consoles another rabbit', 'region_count': 3, 'has_image': True, 'detected_objects_count': 0, 'image_path': 'output/P3/2025-08-23_06-55-44/image.png', 'image_with_layout_path': 'output/P3/2025-08-23_06-55-44/image_with_layout.png', 'timestamp_dir': 'output/P3/2025-08-23_06-55-44', 'session_id': '6c77a175-b038-4777-8ac4-52eb443031ec', 'user_id': 'P3'}"
06:55:45,object_detection_integrated,"{'objectsCount': 0, 'objects': [], 'session_id': '6c77a175-b038-4777-8ac4-52eb443031ec', 'user_id': 'P3'}"
06:55:54,layout_board.new_box_positioned,"{'position': {'x': 17, 'y': 12}, 'screen_position': {'x': 80, 'y': 55}, 'board_type': 'advanced', 'session_id': '6c77a175-b038-4777-8ac4-52eb443031ec', 'user_id': 'P3'}"
06:55:58,api.generate_text_to_graph.succeeded,"{'objects_count': 1, 'relationships_count': 0, 'root_object': 'object1', 'session_id': '6c77a175-b038-4777-8ac4-52eb443031ec', 'user_id': 'P3'}"
06:56:00,layoutboard.node.resizable.resized,"{'nodeId': 'instance-0c984c45-3d2b-4651-b46c-1c14e452060b-resizable', 'prevSize': {'width': 50, 'height': 50}, 'newSize': {'width': 481, 'height': 462}, 'delta': {'width': 431, 'height': 412}, 'linkedSizeNodeIds': [], 'session_id': '6c77a175-b038-4777-8ac4-52eb443031ec', 'user_id': 'P3'}"
06:56:38,prompt_saved,{'path': 'output/P3/2025-08-23_06-56-38/prompt.json'}
06:56:38,object_detection_integrated,{'objects_count': 0}
06:56:38,object_detection_integrated,"{'objectsCount': 0, 'objects': [], 'session_id': '6c77a175-b038-4777-8ac4-52eb443031ec', 'user_id': 'P3'}"
06:56:38,api.generate_image.succeeded,"{'global_caption': 'a scene featuring a rabbit crying and slumping while walking on two feet in a fairy tale illustration, wearing a blue jacket, a crying rabbit wearing red pants walking on two feet in a fairy tale illustration, a crying rabbit wearing a green dress walking on two feet in a fairy tale illustration, and a forest, while one rabbit consoles another rabbit', 'region_count': 4, 'has_image': True, 'detected_objects_count': 0, 'image_path': 'output/P3/2025-08-23_06-56-38/image.png', 'image_with_layout_path': 'output/P3/2025-08-23_06-56-38/image_with_layout.png', 'timestamp_dir': 'output/P3/2025-08-23_06-56-38', 'session_id': '6c77a175-b038-4777-8ac4-52eb443031ec', 'user_id': 'P3'}"
06:57:12,layout.node.moved,"{'nodeId': 'instance-0c984c45-3d2b-4651-b46c-1c14e452060b-resizable', 'newPos': {'x': 0, 'y': 14}, 'session_id': '6c77a175-b038-4777-8ac4-52eb443031ec', 'user_id': 'P3'}"
06:57:14,layout.node.moved,"{'nodeId': 'instance-0c984c45-3d2b-4651-b46c-1c14e452060b-resizable', 'newPos': {'x': 0, 'y': 30}, 'session_id': '6c77a175-b038-4777-8ac4-52eb443031ec', 'user_id': 'P3'}"
06:57:15,layout.node.moved,"{'nodeId': 'instance-0c984c45-3d2b-4651-b46c-1c14e452060b-resizable', 'newPos': {'x': 9, 'y': 12}, 'session_id': '6c77a175-b038-4777-8ac4-52eb443031ec', 'user_id': 'P3'}"
06:57:18,layoutboard.node.resizable.resized,"{'nodeId': 'instance-0c984c45-3d2b-4651-b46c-1c14e452060b-resizable', 'prevSize': {'width': 50, 'height': 50}, 'newSize': {'width': 443, 'height': 130}, 'delta': {'width': 393, 'height': 80}, 'linkedSizeNodeIds': [], 'session_id': '6c77a175-b038-4777-8ac4-52eb443031ec', 'user_id': 'P3'}"
06:57:19,layout.node.moved,"{'nodeId': 'instance-8eb4b1c9-95b9-4b1a-b163-8e844f2fdc82', 'newPos': {'x': 140, 'y': 263}, 'session_id': '6c77a175-b038-4777-8ac4-52eb443031ec', 'user_id': 'P3'}"
06:57:21,layout.node.moved,"{'nodeId': 'instance-06bb46eb-adba-4dc5-9dca-e5a7ec91c01a', 'newPos': {'x': 315, 'y': 261}, 'session_id': '6c77a175-b038-4777-8ac4-52eb443031ec', 'user_id': 'P3'}"
06:57:27,layoutboard.node.resizable.resized,"{'nodeId': 'instance-0c984c45-3d2b-4651-b46c-1c14e452060b-resizable', 'prevSize': {'width': 50, 'height': 50}, 'newSize': {'width': 474, 'height': 454}, 'delta': {'width': 424, 'height': 404}, 'linkedSizeNodeIds': [], 'session_id': '6c77a175-b038-4777-8ac4-52eb443031ec', 'user_id': 'P3'}"
06:57:34,prompt_saved,{'path': 'output/P3/2025-08-23_06-57-34/prompt.json'}
06:57:35,object_detection_integrated,{'objects_count': 0}
06:57:35,api.generate_image.succeeded,"{'global_caption': 'a scene featuring a crying rabbit slumping and walking on two feet in a fairy tale illustration, wearing a blue jacket, a crying rabbit walking on two feet in a fairy tale illustration, wearing red pants, a crying rabbit walking on two feet in a fairy tale illustration, wearing a green dress, and a forest, while one rabbit consoles another rabbit', 'region_count': 4, 'has_image': True, 'detected_objects_count': 0, 'image_path': 'output/P3/2025-08-23_06-57-34/image.png', 'image_with_layout_path': 'output/P3/2025-08-23_06-57-34/image_with_layout.png', 'timestamp_dir': 'output/P3/2025-08-23_06-57-34', 'session_id': '6c77a175-b038-4777-8ac4-52eb443031ec', 'user_id': 'P3'}"
06:57:35,object_detection_integrated,"{'objectsCount': 0, 'objects': [], 'session_id': '6c77a175-b038-4777-8ac4-52eb443031ec', 'user_id': 'P3'}"
06:58:07,scene_saved,"{'slotNumber': 4, 'instanceCount': 4, 'nodeCount': 8, 'edgeCount': 0, 'session_id': '6c77a175-b038-4777-8ac4-52eb443031ec', 'user_id': 'P3'}"
07:00:09,layout_board.new_box_positioned,"{'position': {'x': 334, 'y': 87}, 'screen_position': {'x': 397, 'y': 110}, 'board_type': 'advanced', 'session_id': '6c77a175-b038-4777-8ac4-52eb443031ec', 'user_id': 'P3'}"
07:00:16,api.generate_text_to_graph.succeeded,"{'objects_count': 1, 'relationships_count': 0, 'root_object': 'object1', 'session_id': '6c77a175-b038-4777-8ac4-52eb443031ec', 'user_id': 'P3'}"
07:00:22,instance_selected,"{'instance_id': 'instance-795b2501-131b-47ab-9c96-d36a65e67ca2', 'instance_label': 'balloon', 'is_from_class': False, 'class_id': None, 'session_id': '6c77a175-b038-4777-8ac4-52eb443031ec', 'user_id': 'P3'}"
07:00:48,instance.updated,"{'instance_id': 'instance-795b2501-131b-47ab-9c96-d36a65e67ca2', 'instance_label': 'balloon', 'text_changed': True, 'graph_changed': False, 'session_id': '6c77a175-b038-4777-8ac4-52eb443031ec', 'user_id': 'P3'}"
07:00:48,api.generate_text_to_graph.succeeded,"{'objects_count': 2, 'relationships_count': 1, 'root_object': 'object1', 'session_id': '6c77a175-b038-4777-8ac4-52eb443031ec', 'user_id': 'P3'}"
07:00:48,instance_selected,"{'instance_id': 'instance-795b2501-131b-47ab-9c96-d36a65e67ca2', 'instance_label': 'balloon', 'is_from_class': False, 'class_id': None, 'session_id': '6c77a175-b038-4777-8ac4-52eb443031ec', 'user_id': 'P3'}"
07:00:56,layout.node.moved,"{'nodeId': 'instance-0c984c45-3d2b-4651-b46c-1c14e452060b-resizable', 'newPos': {'x': 23, 'y': 58}, 'session_id': '6c77a175-b038-4777-8ac4-52eb443031ec', 'user_id': 'P3'}"
07:00:58,layout.node.moved,"{'nodeId': 'instance-0c984c45-3d2b-4651-b46c-1c14e452060b-resizable', 'newPos': {'x': 38, 'y': 58}, 'session_id': '6c77a175-b038-4777-8ac4-52eb443031ec', 'user_id': 'P3'}"
07:01:00,layout.node.moved,"{'nodeId': 'instance-0c984c45-3d2b-4651-b46c-1c14e452060b-resizable', 'newPos': {'x': 38, 'y': 58}, 'session_id': '6c77a175-b038-4777-8ac4-52eb443031ec', 'user_id': 'P3'}"
07:01:03,layout.node.moved,"{'nodeId': 'instance-0c984c45-3d2b-4651-b46c-1c14e452060b-resizable', 'newPos': {'x': 19, 'y': 17}, 'session_id': '6c77a175-b038-4777-8ac4-52eb443031ec', 'user_id': 'P3'}"
07:01:05,layoutboard.node.resizable.resized,"{'nodeId': 'instance-0c984c45-3d2b-4651-b46c-1c14e452060b-resizable', 'prevSize': {'width': 50, 'height': 50}, 'newSize': {'width': 474, 'height': 127}, 'delta': {'width': 424, 'height': 77}, 'linkedSizeNodeIds': [], 'session_id': '6c77a175-b038-4777-8ac4-52eb443031ec', 'user_id': 'P3'}"
07:01:06,layout.node.moved,"{'nodeId': 'instance-8eb4b1c9-95b9-4b1a-b163-8e844f2fdc82', 'newPos': {'x': 113, 'y': 269}, 'session_id': '6c77a175-b038-4777-8ac4-52eb443031ec', 'user_id': 'P3'}"
07:01:07,instance_selected,"{'instance_id': 'instance-06bb46eb-adba-4dc5-9dca-e5a7ec91c01a', 'instance_label': 'Rabbit', 'is_from_class': True, 'class_id': 'class-cb23a6c3-4b8e-42a1-add2-695165f93bc0', 'session_id': '6c77a175-b038-4777-8ac4-52eb443031ec', 'user_id': 'P3'}"
07:01:09,instance_selected,"{'instance_id': 'instance-8eb4b1c9-95b9-4b1a-b163-8e844f2fdc82', 'instance_label': 'Rabbit', 'is_from_class': True, 'class_id': 'class-cb23a6c3-4b8e-42a1-add2-695165f93bc0', 'session_id': '6c77a175-b038-4777-8ac4-52eb443031ec', 'user_id': 'P3'}"
07:01:11,instance.deleted,"{'instance_id': 'instance-8eb4b1c9-95b9-4b1a-b163-8e844f2fdc82', 'instance_label': 'Rabbit', 'is_from_class': True, 'class_id': 'class-cb23a6c3-4b8e-42a1-add2-695165f93bc0', 'session_id': '6c77a175-b038-4777-8ac4-52eb443031ec', 'user_id': 'P3'}"
07:01:13,layout.node.moved,"{'nodeId': 'instance-258e1650-a691-4328-9fb0-3bcf7775d2b6', 'newPos': {'x': 142, 'y': 219}, 'session_id': '6c77a175-b038-4777-8ac4-52eb443031ec', 'user_id': 'P3'}"
07:01:15,layout.node.moved,"{'nodeId': 'instance-06bb46eb-adba-4dc5-9dca-e5a7ec91c01a', 'newPos': {'x': 292, 'y': 269}, 'session_id': '6c77a175-b038-4777-8ac4-52eb443031ec', 'user_id': 'P3'}"
07:01:26,layout.node.moved,"{'nodeId': 'instance-06bb46eb-adba-4dc5-9dca-e5a7ec91c01a', 'newPos': {'x': 283, 'y': 269}, 'session_id': '6c77a175-b038-4777-8ac4-52eb443031ec', 'user_id': 'P3'}"
07:01:40,instance_selected,"{'instance_id': 'instance-06bb46eb-adba-4dc5-9dca-e5a7ec91c01a', 'instance_label': 'Rabbit', 'is_from_class': True, 'class_id': 'class-cb23a6c3-4b8e-42a1-add2-695165f93bc0', 'session_id': '6c77a175-b038-4777-8ac4-52eb443031ec', 'user_id': 'P3'}"
07:01:44,relationship_node.deleted,"{'relationship_id': 'instance-258e1650-a691-4328-9fb0-3bcf7775d2b6-instance-795b2501-131b-47ab-9c96-d36a65e67ca2', 'source_object_id': 'instance-258e1650-a691-4328-9fb0-3bcf7775d2b6', 'target_object_id': 'instance-795b2501-131b-47ab-9c96-d36a65e67ca2', 'relation': 'pointing', 'source_object_name': 'rabbit', 'target_object_name': 'balloon', 'session_id': '6c77a175-b038-4777-8ac4-52eb443031ec', 'user_id': 'P3'}"
07:01:47,relationship_node.created,"{'relationship_id': 'instance-258e1650-a691-4328-9fb0-3bcf7775d2b6->instance-a2ba25a1-015c-43f3-9223-a565c3cb83d2:poing', 'sourceId': 'instance-258e1650-a691-4328-9fb0-3bcf7775d2b6', 'targetId': 'instance-a2ba25a1-015c-43f3-9223-a565c3cb83d2', 'relation': 'poing', 'video_time': '1:05:49'}"
07:01:57,layoutboard.node.resizable.resized,"{'nodeId': 'instance-0c984c45-3d2b-4651-b46c-1c14e452060b-resizable', 'prevSize': {'width': 50, 'height': 50}, 'newSize': {'width': 478, 'height': 451}, 'delta': {'width': 428, 'height': 401}, 'linkedSizeNodeIds': [], 'session_id': '6c77a175-b038-4777-8ac4-52eb443031ec', 'user_id': 'P3'}"
07:02:17,prompt_saved,{'path': 'output/P3/2025-08-23_07-02-17/prompt.json'}
07:02:17,object_detection_integrated,{'objects_count': 0}
07:02:18,object_detection_integrated,"{'objectsCount': 0, 'objects': [], 'session_id': '6c77a175-b038-4777-8ac4-52eb443031ec', 'user_id': 'P3'}"
07:02:18,api.generate_image.succeeded,"{'global_caption': 'a scene featuring a rabbit crying and slumping while walking on two feet in a fairy tale illustration, wearing a blue jacket, a crying rabbit wearing a green dress walking on two feet in a fairy tale illustration pointing at a balloon, a forest, and a red balloon hanging from a tree.', 'region_count': 4, 'has_image': True, 'detected_objects_count': 0, 'image_path': 'output/P3/2025-08-23_07-02-17/image.png', 'image_with_layout_path': 'output/P3/2025-08-23_07-02-17/image_with_layout.png', 'timestamp_dir': 'output/P3/2025-08-23_07-02-17', 'session_id': '6c77a175-b038-4777-8ac4-52eb443031ec', 'user_id': 'P3'}"
07:02:37,layoutboard.node.resizable.resized,"{'nodeId': 'instance-0c984c45-3d2b-4651-b46c-1c14e452060b-resizable', 'prevSize': {'width': 50, 'height': 50}, 'newSize': {'width': 478, 'height': 475}, 'delta': {'width': 428, 'height': 425}, 'linkedSizeNodeIds': [], 'session_id': '6c77a175-b038-4777-8ac4-52eb443031ec', 'user_id': 'P3'}"
07:03:04,layout.node.moved,"{'nodeId': 'instance-0c984c45-3d2b-4651-b46c-1c14e452060b-resizable', 'newPos': {'x': 21, 'y': 21}, 'session_id': '6c77a175-b038-4777-8ac4-52eb443031ec', 'user_id': 'P3'}"
07:03:06,layoutboard.node.resizable.resized,"{'nodeId': 'instance-0c984c45-3d2b-4651-b46c-1c14e452060b-resizable', 'prevSize': {'width': 50, 'height': 50}, 'newSize': {'width': 478, 'height': 264}, 'delta': {'width': 428, 'height': 214}, 'linkedSizeNodeIds': [], 'session_id': '6c77a175-b038-4777-8ac4-52eb443031ec', 'user_id': 'P3'}"
07:03:15,relationship_node.edited,"{'relationship_id': 'instance-06bb46eb-adba-4dc5-9dca-e5a7ec91c01a-instance-795b2501-131b-47ab-9c96-d36a65e67ca2', 'source_object_id': 'instance-06bb46eb-adba-4dc5-9dca-e5a7ec91c01a', 'target_object_id': 'instance-795b2501-131b-47ab-9c96-d36a65e67ca2', 'old_relation': 'pointing', 'new_relation': 'point a distant', 'source_object_name': 'Rabbit', 'target_object_name': 'balloon', 'session_id': '6c77a175-b038-4777-8ac4-52eb443031ec', 'user_id': 'P3'}"
07:03:19,layoutboard.node.resizable.resized,"{'nodeId': 'instance-0c984c45-3d2b-4651-b46c-1c14e452060b-resizable', 'prevSize': {'width': 50, 'height': 50}, 'newSize': {'width': 483, 'height': 419}, 'delta': {'width': 433, 'height': 369}, 'linkedSizeNodeIds': [], 'session_id': '6c77a175-b038-4777-8ac4-52eb443031ec', 'user_id': 'P3'}"
07:03:20,layoutboard.node.resizable.resized,"{'nodeId': 'instance-0c984c45-3d2b-4651-b46c-1c14e452060b-resizable', 'prevSize': {'width': 50, 'height': 50}, 'newSize': {'width': 490, 'height': 489}, 'delta': {'width': 440, 'height': 439}, 'linkedSizeNodeIds': [], 'session_id': '6c77a175-b038-4777-8ac4-52eb443031ec', 'user_id': 'P3'}"
07:03:48,prompt_saved,{'path': 'output/P3/2025-08-23_07-03-48/prompt.json'}
07:03:48,object_detection_integrated,{'objects_count': 1}
07:03:49,api.generate_image.succeeded,"{'global_caption': 'a scene featuring a crying rabbit slumping while walking on two feet in a fairy tale illustration, wearing a blue jacket, a crying rabbit wearing a green dress walking on two feet in a fairy tale illustration pointing at a distant balloon, a forest, and a red balloon hanging from a tree.', 'region_count': 4, 'has_image': True, 'detected_objects_count': 1, 'image_path': 'output/P3/2025-08-23_07-03-48/image.png', 'image_with_layout_path': 'output/P3/2025-08-23_07-03-48/image_with_layout.png', 'timestamp_dir': 'output/P3/2025-08-23_07-03-48', 'session_id': '6c77a175-b038-4777-8ac4-52eb443031ec', 'user_id': 'P3'}"
07:03:49,object_detection_integrated,"{'objectsCount': 1, 'objects': [{'label': 'cake', 'confidence': 0.26581549644470215}], 'session_id': '6c77a175-b038-4777-8ac4-52eb443031ec', 'user_id': 'P3'}"
07:04:00,scene_saved,"{'slotNumber': 5, 'instanceCount': 4, 'nodeCount': 8, 'edgeCount': 1, 'session_id': '6c77a175-b038-4777-8ac4-52eb443031ec', 'user_id': 'P3'}"
07:04:07,system_completed,"{'system': 'system2', 'completion_time': '2025-08-23T07:04:06.964Z', 'session_id': '6c77a175-b038-4777-8ac4-52eb443031ec', 'user_id': 'P3'}"
07:05:43,system_survey_completed,"{'system_type': 'system2', 'language': 'ko', 'responses': {'mental_demand': 4, 'temporal_demand': 3, 'performance': 5, 'effort': 4, 'frustration': 2, 'exploration': 4, 'engagement': 4, 'effort_reward': 6, 'transparency': 5, 'expressiveness': 5, 'dg1_clarity': 6, 'dg2_prompt_to_image': 7, 'dg2_image_to_prompt': 5, 'dg3_reusability': 7, 'dg3_selective_edit': 5}, 'additional_feedback': '배경이나 구도나 배경설명?설정사항? 들을 할 수 있으면 좋겠습니다', 'completion_time': '2025-08-23T07:05:42.989Z', 'system_usage_duration': 2903281, 'session_id': '6c77a175-b038-4777-8ac4-52eb443031ec', 'user_id': 'P3'}"
