,timestamp,id,event,details,id_group
0,2000-01-01 08:33:16,,layout_board.new_box_positioned,"{'position': {'x': 285.765625, 'y': 272}, 'screen_position': {'x': 347, 'y': 295}, 'board_type': 'advanced', 'session_id': 'e5466056-3354-4623-8ea1-e8a18af6d601', 'user_id': 'P1'}",1
1,2000-01-01 08:34:32,instance-b97d172f-0052-4bf6-b087-4fe1e6af7dd5-resizable,layoutboard.node.resizable.resized,"{'nodeId': 'instance-b97d172f-0052-4bf6-b087-4fe1e6af7dd5-resizable', 'prevSize': {'width': 50, 'height': 50}, 'newSize': {'width': 195, 'height': 193}, 'delta': {'width': 145, 'height': 143}, 'linkedSizeNodeIds': [], 'session_id': 'e5466056-3354-4623-8ea1-e8a18af6d601', 'user_id': 'P1'}",1
2,2000-01-01 08:34:45,class-195fd647-2a91-4524-b4e2-7f050ac7dda8,class.created,"{'class_id': 'class-195fd647-2a91-4524-b4e2-7f050ac7dda8', 'class_name': 'rabbit Class', 'placeholder_count': 3, 'created_from': 'rabbit', 'session_id': 'e5466056-3354-4623-8ea1-e8a18af6d601', 'user_id': 'P1'}",1
3,2000-01-01 08:35:11,instance-a407e81f-4d34-4660-81b4-316c2d2366d7,instance.created_from_class,"{'instance_id': 'instance-a407e81f-4d34-4660-81b4-316c2d2366d7', 'class_id': 'class-195fd647-2a91-4524-b4e2-7f050ac7dda8', 'instance_label': 'Rabbit', 'has_text_description': True, 'session_id': 'e5466056-3354-4623-8ea1-e8a18af6d601', 'user_id': 'P1'}",1
4,2000-01-01 08:35:22,instance-a407e81f-4d34-4660-81b4-316c2d2366d7-resizable,layoutboard.node.resizable.resized,"{'nodeId': 'instance-a407e81f-4d34-4660-81b4-316c2d2366d7-resizable', 'prevSize': {'width': 50, 'height': 50}, 'newSize': {'width': 107, 'height': 79}, 'delta': {'width': 57, 'height': 29}, 'linkedSizeNodeIds': [], 'session_id': 'e5466056-3354-4623-8ea1-e8a18af6d601', 'user_id': 'P1'}",1
5,2000-01-01 08:35:24,instance-a407e81f-4d34-4660-81b4-316c2d2366d7-resizable,layoutboard.node.resizable.resized,"{'nodeId': 'instance-a407e81f-4d34-4660-81b4-316c2d2366d7-resizable', 'prevSize': {'width': 50, 'height': 50}, 'newSize': {'width': 225, 'height': 243}, 'delta': {'width': 175, 'height': 193}, 'linkedSizeNodeIds': [], 'session_id': 'e5466056-3354-4623-8ea1-e8a18af6d601', 'user_id': 'P1'}",1
6,2000-01-01 08:35:26,instance-a407e81f-4d34-4660-81b4-316c2d2366d7-resizable,layout.node.moved,"{'nodeId': 'instance-a407e81f-4d34-4660-81b4-316c2d2366d7-resizable', 'newPos': {'x': 21, 'y': 232}, 'session_id': 'e5466056-3354-4623-8ea1-e8a18af6d601', 'user_id': 'P1'}",1
7,2000-01-01 08:35:28,instance-a407e81f-4d34-4660-81b4-316c2d2366d7-resizable,layout.node.moved,"{'nodeId': 'instance-a407e81f-4d34-4660-81b4-316c2d2366d7-resizable', 'newPos': {'x': 0, 'y': 212}, 'session_id': 'e5466056-3354-4623-8ea1-e8a18af6d601', 'user_id': 'P1'}",1
8,2000-01-01 08:35:29,instance-b97d172f-0052-4bf6-b087-4fe1e6af7dd5-resizable,layout.node.moved,"{'nodeId': 'instance-b97d172f-0052-4bf6-b087-4fe1e6af7dd5-resizable', 'newPos': {'x': 249.765625, 'y': 271}, 'session_id': 'e5466056-3354-4623-8ea1-e8a18af6d601', 'user_id': 'P1'}",1
9,2000-01-01 08:35:31,instance-b97d172f-0052-4bf6-b087-4fe1e6af7dd5-resizable,layoutboard.node.resizable.resized,"{'nodeId': 'instance-b97d172f-0052-4bf6-b087-4fe1e6af7dd5-resizable', 'prevSize': {'width': 50, 'height': 50}, 'newSize': {'width': 206, 'height': 213}, 'delta': {'width': 156, 'height': 163}, 'linkedSizeNodeIds': [], 'session_id': 'e5466056-3354-4623-8ea1-e8a18af6d601', 'user_id': 'P1'}",1
10,2000-01-01 08:35:32,instance-b97d172f-0052-4bf6-b087-4fe1e6af7dd5-resizable,layout.node.moved,"{'nodeId': 'instance-b97d172f-0052-4bf6-b087-4fe1e6af7dd5-resizable', 'newPos': {'x': 250.765625, 'y': 279}, 'session_id': 'e5466056-3354-4623-8ea1-e8a18af6d601', 'user_id': 'P1'}",1
11,2000-01-01 08:35:33,instance-a407e81f-4d34-4660-81b4-316c2d2366d7-resizable,layout.node.moved,"{'nodeId': 'instance-a407e81f-4d34-4660-81b4-316c2d2366d7-resizable', 'newPos': {'x': 4, 'y': 211}, 'session_id': 'e5466056-3354-4623-8ea1-e8a18af6d601', 'user_id': 'P1'}",1
12,2000-01-01 08:36:32,instance-b97d172f-0052-4bf6-b087-4fe1e6af7dd5,instance.updated,"{'instance_id': 'instance-b97d172f-0052-4bf6-b087-4fe1e6af7dd5', 'instance_label': 'rabbit', 'text_changed': True, 'graph_changed': False, 'session_id': 'e5466056-3354-4623-8ea1-e8a18af6d601', 'user_id': 'P1'}",1
13,2000-01-01 08:36:43,instance-a407e81f-4d34-4660-81b4-316c2d2366d7-resizable,layout.node.moved,"{'nodeId': 'instance-a407e81f-4d34-4660-81b4-316c2d2366d7-resizable', 'newPos': {'x': 11, 'y': 208}, 'session_id': 'e5466056-3354-4623-8ea1-e8a18af6d601', 'user_id': 'P1'}",1
14,2000-01-01 08:36:45,,layout_board.new_box_positioned,"{'position': {'x': 216.765625, 'y': 283}, 'screen_position': {'x': 278, 'y': 306}, 'board_type': 'advanced', 'session_id': 'e5466056-3354-4623-8ea1-e8a18af6d601', 'user_id': 'P1'}",1
15,2000-01-01 08:37:10,instance-ee18810a-dc3c-4744-9f9b-a6e15d8f7999-resizable,layoutboard.node.resizable.resized,"{'nodeId': 'instance-ee18810a-dc3c-4744-9f9b-a6e15d8f7999-resizable', 'prevSize': {'width': 50, 'height': 50}, 'newSize': {'width': 74, 'height': 144}, 'delta': {'width': 24, 'height': 94}, 'linkedSizeNodeIds': [], 'session_id': 'e5466056-3354-4623-8ea1-e8a18af6d601', 'user_id': 'P1'}",1
16,2000-01-01 08:37:11,instance-ee18810a-dc3c-4744-9f9b-a6e15d8f7999-resizable,layout.node.moved,"{'nodeId': 'instance-ee18810a-dc3c-4744-9f9b-a6e15d8f7999-resizable', 'newPos': {'x': 223.765625, 'y': 248}, 'session_id': 'e5466056-3354-4623-8ea1-e8a18af6d601', 'user_id': 'P1'}",1
17,2000-01-01 08:37:18,,relationship_node.created,"{'relationship_id': 'instance-b97d172f-0052-4bf6-b087-4fe1e6af7dd5->instance-ee18810a-dc3c-4744-9f9b-a6e15d8f7999:cuddling', 'sourceId': 'instance-b97d172f-0052-4bf6-b087-4fe1e6af7dd5', 'targetId': 'instance-ee18810a-dc3c-4744-9f9b-a6e15d8f7999', 'relation': 'cuddling', 'video_time': '4:41'}",1
18,2000-01-01 08:37:20,instance-ee18810a-dc3c-4744-9f9b-a6e15d8f7999-resizable,layout.node.moved,"{'nodeId': 'instance-ee18810a-dc3c-4744-9f9b-a6e15d8f7999-resizable', 'newPos': {'x': 256.765625, 'y': 313}, 'session_id': 'e5466056-3354-4623-8ea1-e8a18af6d601', 'user_id': 'P1'}",1
19,2000-01-01 08:37:21,instance-ee18810a-dc3c-4744-9f9b-a6e15d8f7999-resizable,layout.node.moved,"{'nodeId': 'instance-ee18810a-dc3c-4744-9f9b-a6e15d8f7999-resizable', 'newPos': {'x': 238.765625, 'y': 268}, 'session_id': 'e5466056-3354-4623-8ea1-e8a18af6d601', 'user_id': 'P1'}",1
20,2000-01-01 08:37:23,instance-b97d172f-0052-4bf6-b087-4fe1e6af7dd5-resizable,layout.node.moved,"{'nodeId': 'instance-b97d172f-0052-4bf6-b087-4fe1e6af7dd5-resizable', 'newPos': {'x': 264.765625, 'y': 268}, 'session_id': 'e5466056-3354-4623-8ea1-e8a18af6d601', 'user_id': 'P1'}",1
21,2000-01-01 08:37:25,instance-ee18810a-dc3c-4744-9f9b-a6e15d8f7999-resizable,layoutboard.node.resizable.resized,"{'nodeId': 'instance-ee18810a-dc3c-4744-9f9b-a6e15d8f7999-resizable', 'prevSize': {'width': 50, 'height': 50}, 'newSize': {'width': 105, 'height': 146}, 'delta': {'width': 55, 'height': 96}, 'linkedSizeNodeIds': [], 'session_id': 'e5466056-3354-4623-8ea1-e8a18af6d601', 'user_id': 'P1'}",1
22,2000-01-01 08:37:31,,relationship_node.created,"{'relationship_id': 'instance-b97d172f-0052-4bf6-b087-4fe1e6af7dd5->instance-ee18810a-dc3c-4744-9f9b-a6e15d8f7999:talking to', 'sourceId': 'instance-b97d172f-0052-4bf6-b087-4fe1e6af7dd5', 'targetId': 'instance-ee18810a-dc3c-4744-9f9b-a6e15d8f7999', 'relation': 'talking to', 'video_time': '4:54'}",1
23,2000-01-01 08:38:51,instance-ee18810a-dc3c-4744-9f9b-a6e15d8f7999,layout.node.moved,"{'nodeId': 'instance-ee18810a-dc3c-4744-9f9b-a6e15d8f7999', 'newPos': {'x': 238.765625, 'y': 179}, 'session_id': 'e5466056-3354-4623-8ea1-e8a18af6d601', 'user_id': 'P1'}",1
24,2000-01-01 08:39:02,instance-ee18810a-dc3c-4744-9f9b-a6e15d8f7999,layout.node.moved,"{'nodeId': 'instance-ee18810a-dc3c-4744-9f9b-a6e15d8f7999', 'newPos': {'x': 239.765625, 'y': 236}, 'session_id': 'e5466056-3354-4623-8ea1-e8a18af6d601', 'user_id': 'P1'}",1
25,2000-01-01 08:39:04,instance-ee18810a-dc3c-4744-9f9b-a6e15d8f7999,layout.node.moved,"{'nodeId': 'instance-ee18810a-dc3c-4744-9f9b-a6e15d8f7999', 'newPos': {'x': 246.765625, 'y': 240}, 'session_id': 'e5466056-3354-4623-8ea1-e8a18af6d601', 'user_id': 'P1'}",1
26,2000-01-01 08:39:07,instance-ee18810a-dc3c-4744-9f9b-a6e15d8f7999,layout.node.moved,"{'nodeId': 'instance-ee18810a-dc3c-4744-9f9b-a6e15d8f7999', 'newPos': {'x': 249.765625, 'y': 258}, 'session_id': 'e5466056-3354-4623-8ea1-e8a18af6d601', 'user_id': 'P1'}",1
27,2000-01-01 08:39:10,,layout_board.new_box_positioned,"{'position': {'x': 63.765625, 'y': 66}, 'screen_position': {'x': 125, 'y': 89}, 'board_type': 'advanced', 'session_id': 'e5466056-3354-4623-8ea1-e8a18af6d601', 'user_id': 'P1'}",1
28,2000-01-01 08:39:29,instance-32bf5aa7-0443-47ce-b69a-53a95226e911-resizable,layoutboard.node.resizable.resized,"{'nodeId': 'instance-32bf5aa7-0443-47ce-b69a-53a95226e911-resizable', 'prevSize': {'width': 50, 'height': 50}, 'newSize': {'width': 491, 'height': 472}, 'delta': {'width': 441, 'height': 422}, 'linkedSizeNodeIds': [], 'session_id': 'e5466056-3354-4623-8ea1-e8a18af6d601', 'user_id': 'P1'}",1
29,2000-01-01 08:39:32,instance-32bf5aa7-0443-47ce-b69a-53a95226e911-resizable,layoutboard.node.resizable.resized,"{'nodeId': 'instance-32bf5aa7-0443-47ce-b69a-53a95226e911-resizable', 'prevSize': {'width': 50, 'height': 50}, 'newSize': {'width': 558, 'height': 540}, 'delta': {'width': 508, 'height': 490}, 'linkedSizeNodeIds': [], 'session_id': 'e5466056-3354-4623-8ea1-e8a18af6d601', 'user_id': 'P1'}",1
30,2000-01-01 08:40:06,,api.generate_image.succeeded,"{'global_caption': 'a scene featuring a baby rabbit character, a 2D sketch illustration, wearing a blue jacket, with a brightly smiling face, cuddling a balloon, alongside an adult rabbit in an illustration with a character, talking to another rabbit, with a red balloon in a 2D sketch illustration, set against a forest background in a 2D illustration style with blur.', 'region_count': 4, 'has_image': True, 'detected_objects_count': 0, 'image_path': 'output/P1/2025-08-22_08-40-06/image.png', 'image_with_layout_path': 'output/P1/2025-08-22_08-40-06/image_with_layout.png', 'timestamp_dir': 'output/P1/2025-08-22_08-40-06', 'session_id': 'e5466056-3354-4623-8ea1-e8a18af6d601', 'user_id': 'P1'}",1
31,2000-01-01 08:40:26,instance-32bf5aa7-0443-47ce-b69a-53a95226e911-resizable,layout.node.moved,"{'nodeId': 'instance-32bf5aa7-0443-47ce-b69a-53a95226e911-resizable', 'newPos': {'x': -46, 'y': -28}, 'session_id': 'e5466056-3354-4623-8ea1-e8a18af6d601', 'user_id': 'P1'}",1
32,2000-01-01 08:40:27,instance-32bf5aa7-0443-47ce-b69a-53a95226e911-resizable,layout.node.moved,"{'nodeId': 'instance-32bf5aa7-0443-47ce-b69a-53a95226e911-resizable', 'newPos': {'x': -46, 'y': -28}, 'session_id': 'e5466056-3354-4623-8ea1-e8a18af6d601', 'user_id': 'P1'}",1
33,2000-01-01 08:40:39,instance-32bf5aa7-0443-47ce-b69a-53a95226e911-resizable,layout.node.moved,"{'nodeId': 'instance-32bf5aa7-0443-47ce-b69a-53a95226e911-resizable', 'newPos': {'x': -46, 'y': -28}, 'session_id': 'e5466056-3354-4623-8ea1-e8a18af6d601', 'user_id': 'P1'}",1
34,2000-01-01 08:40:44,instance-32bf5aa7-0443-47ce-b69a-53a95226e911-resizable,layout.node.moved,"{'nodeId': 'instance-32bf5aa7-0443-47ce-b69a-53a95226e911-resizable', 'newPos': {'x': -46, 'y': -28}, 'session_id': 'e5466056-3354-4623-8ea1-e8a18af6d601', 'user_id': 'P1'}",1
35,2000-01-01 08:40:45,instance-32bf5aa7-0443-47ce-b69a-53a95226e911-resizable,layout.node.moved,"{'nodeId': 'instance-32bf5aa7-0443-47ce-b69a-53a95226e911-resizable', 'newPos': {'x': -46, 'y': -28}, 'session_id': 'e5466056-3354-4623-8ea1-e8a18af6d601', 'user_id': 'P1'}",1
36,2000-01-01 08:40:47,instance-32bf5aa7-0443-47ce-b69a-53a95226e911-resizable,layout.node.moved,"{'nodeId': 'instance-32bf5aa7-0443-47ce-b69a-53a95226e911-resizable', 'newPos': {'x': -46, 'y': -28}, 'session_id': 'e5466056-3354-4623-8ea1-e8a18af6d601', 'user_id': 'P1'}",1
37,2000-01-01 08:40:47,instance-32bf5aa7-0443-47ce-b69a-53a95226e911-resizable,layout.node.moved,"{'nodeId': 'instance-32bf5aa7-0443-47ce-b69a-53a95226e911-resizable', 'newPos': {'x': -46, 'y': -28}, 'session_id': 'e5466056-3354-4623-8ea1-e8a18af6d601', 'user_id': 'P1'}",1
38,2000-01-01 08:40:55,instance-32bf5aa7-0443-47ce-b69a-53a95226e911-resizable,layout.node.moved,"{'nodeId': 'instance-32bf5aa7-0443-47ce-b69a-53a95226e911-resizable', 'newPos': {'x': -46, 'y': -28}, 'session_id': 'e5466056-3354-4623-8ea1-e8a18af6d601', 'user_id': 'P1'}",1
39,2000-01-01 08:40:58,instance-32bf5aa7-0443-47ce-b69a-53a95226e911-resizable,layout.node.moved,"{'nodeId': 'instance-32bf5aa7-0443-47ce-b69a-53a95226e911-resizable', 'newPos': {'x': -46, 'y': -28}, 'session_id': 'e5466056-3354-4623-8ea1-e8a18af6d601', 'user_id': 'P1'}",1
40,2000-01-01 08:41:05,instance-32bf5aa7-0443-47ce-b69a-53a95226e911,instance.deleted,"{'instance_id': 'instance-32bf5aa7-0443-47ce-b69a-53a95226e911', 'instance_label': 'forest', 'is_from_class': False, 'class_id': None, 'session_id': 'e5466056-3354-4623-8ea1-e8a18af6d601', 'user_id': 'P1'}",1
41,2000-01-01 08:41:09,instance-a407e81f-4d34-4660-81b4-316c2d2366d7,layout.node.moved,"{'nodeId': 'instance-a407e81f-4d34-4660-81b4-316c2d2366d7', 'newPos': {'x': 36, 'y': 208}, 'session_id': 'e5466056-3354-4623-8ea1-e8a18af6d601', 'user_id': 'P1'}",1
42,2000-01-01 08:41:33,instance-ee18810a-dc3c-4744-9f9b-a6e15d8f7999,instance.updated,"{'instance_id': 'instance-ee18810a-dc3c-4744-9f9b-a6e15d8f7999', 'instance_label': 'balloon', 'text_changed': True, 'graph_changed': False, 'session_id': 'e5466056-3354-4623-8ea1-e8a18af6d601', 'user_id': 'P1'}",1
43,2000-01-01 08:41:43,instance-b97d172f-0052-4bf6-b087-4fe1e6af7dd5,instance.updated,"{'instance_id': 'instance-b97d172f-0052-4bf6-b087-4fe1e6af7dd5', 'instance_label': 'rabbit', 'text_changed': True, 'graph_changed': False, 'session_id': 'e5466056-3354-4623-8ea1-e8a18af6d601', 'user_id': 'P1'}",1
44,2000-01-01 08:42:21,class-195fd647-2a91-4524-b4e2-7f050ac7dda8,class.updated,"{'class_id': 'class-195fd647-2a91-4524-b4e2-7f050ac7dda8', 'class_name': 'rabbit Class', 'placeholder_count': 3, 'object_count': 3, 'session_id': 'e5466056-3354-4623-8ea1-e8a18af6d601', 'user_id': 'P1'}",1
45,2000-01-01 08:42:29,,layout_board.new_box_positioned,"{'position': {'x': 118.765625, 'y': 65}, 'screen_position': {'x': 180, 'y': 88}, 'board_type': 'advanced', 'session_id': 'e5466056-3354-4623-8ea1-e8a18af6d601', 'user_id': 'P1'}",1
46,2000-01-01 08:42:51,instance-608e8a4d-b475-4a5b-8cfe-feae5fff45f6-resizable,layoutboard.node.resizable.resized,"{'nodeId': 'instance-608e8a4d-b475-4a5b-8cfe-feae5fff45f6-resizable', 'prevSize': {'width': 50, 'height': 50}, 'newSize': {'width': 371, 'height': 431}, 'delta': {'width': 321, 'height': 381}, 'linkedSizeNodeIds': [], 'session_id': 'e5466056-3354-4623-8ea1-e8a18af6d601', 'user_id': 'P1'}",1
47,2000-01-01 08:42:59,instance-608e8a4d-b475-4a5b-8cfe-feae5fff45f6-resizable,layoutboard.node.resizable.resized,"{'nodeId': 'instance-608e8a4d-b475-4a5b-8cfe-feae5fff45f6-resizable', 'prevSize': {'width': 50, 'height': 50}, 'newSize': {'width': 493, 'height': 499}, 'delta': {'width': 443, 'height': 449}, 'linkedSizeNodeIds': [], 'session_id': 'e5466056-3354-4623-8ea1-e8a18af6d601', 'user_id': 'P1'}",1
48,2000-01-01 08:43:05,instance-608e8a4d-b475-4a5b-8cfe-feae5fff45f6-resizable,layoutboard.node.resizable.resized,"{'nodeId': 'instance-608e8a4d-b475-4a5b-8cfe-feae5fff45f6-resizable', 'prevSize': {'width': 50, 'height': 50}, 'newSize': {'width': 505, 'height': 507}, 'delta': {'width': 455, 'height': 457}, 'linkedSizeNodeIds': [], 'session_id': 'e5466056-3354-4623-8ea1-e8a18af6d601', 'user_id': 'P1'}",1
49,2000-01-01 08:43:07,instance-608e8a4d-b475-4a5b-8cfe-feae5fff45f6,layout.node.moved,"{'nodeId': 'instance-608e8a4d-b475-4a5b-8cfe-feae5fff45f6', 'newPos': {'x': 9, 'y': 9}, 'session_id': 'e5466056-3354-4623-8ea1-e8a18af6d601', 'user_id': 'P1'}",1
50,2000-01-01 08:43:36,,api.generate_image.succeeded,"{'global_caption': 'a scene featuring a baby rabbit character in a 2D sketch illustration in watercolor style, wearing a blue jacket, with a brightly smiling face, cuddling a balloon, alongside an adult rabbit in a watercolor illustration with a character, talking to another rabbit, with a red balloon in a 2D sketch illustration in watercolor style, set against a forest background in a 2D illustration in watercolor style, with blur.', 'region_count': 4, 'has_image': True, 'detected_objects_count': 1, 'image_path': 'output/P1/2025-08-22_08-43-35/image.png', 'image_with_layout_path': 'output/P1/2025-08-22_08-43-35/image_with_layout.png', 'timestamp_dir': 'output/P1/2025-08-22_08-43-35', 'session_id': 'e5466056-3354-4623-8ea1-e8a18af6d601', 'user_id': 'P1'}",1
51,2000-01-01 08:44:01,,scene_saved,"{'slotNumber': 1, 'instanceCount': 4, 'nodeCount': 8, 'edgeCount': 2, 'session_id': 'e5466056-3354-4623-8ea1-e8a18af6d601', 'user_id': 'P1'}",1
52,2000-01-01 08:44:08,instance-b97d172f-0052-4bf6-b087-4fe1e6af7dd5,instance.deleted,"{'instance_id': 'instance-b97d172f-0052-4bf6-b087-4fe1e6af7dd5', 'instance_label': 'rabbit', 'is_from_class': True, 'class_id': 'class-195fd647-2a91-4524-b4e2-7f050ac7dda8', 'session_id': 'e5466056-3354-4623-8ea1-e8a18af6d601', 'user_id': 'P1'}",1
53,2000-01-01 08:44:11,instance-608e8a4d-b475-4a5b-8cfe-feae5fff45f6,instance.deleted,"{'instance_id': 'instance-608e8a4d-b475-4a5b-8cfe-feae5fff45f6', 'instance_label': 'forest', 'is_from_class': False, 'class_id': None, 'session_id': 'e5466056-3354-4623-8ea1-e8a18af6d601', 'user_id': 'P1'}",1
54,2000-01-01 08:44:16,instance-ee18810a-dc3c-4744-9f9b-a6e15d8f7999,instance.deleted,"{'instance_id': 'instance-ee18810a-dc3c-4744-9f9b-a6e15d8f7999', 'instance_label': 'balloon', 'is_from_class': False, 'class_id': None, 'session_id': 'e5466056-3354-4623-8ea1-e8a18af6d601', 'user_id': 'P1'}",1
55,2000-01-01 08:44:21,instance-a407e81f-4d34-4660-81b4-316c2d2366d7,instance.deleted,"{'instance_id': 'instance-a407e81f-4d34-4660-81b4-316c2d2366d7', 'instance_label': 'Rabbit', 'is_from_class': True, 'class_id': 'class-195fd647-2a91-4524-b4e2-7f050ac7dda8', 'session_id': 'e5466056-3354-4623-8ea1-e8a18af6d601', 'user_id': 'P1'}",1
56,2000-01-01 08:44:29,class-3ff65e8f-8335-4b67-9c53-1d92b1fbbefb,class.created,"{'class_id': 'class-3ff65e8f-8335-4b67-9c53-1d92b1fbbefb', 'class_name': 'forest Class', 'placeholder_count': 3, 'created_from': 'forest', 'session_id': 'e5466056-3354-4623-8ea1-e8a18af6d601', 'user_id': 'P1'}",1
57,2000-01-01 08:44:53,instance-a407e81f-4d34-4660-81b4-316c2d2366d7,instance.deleted,"{'instance_id': 'instance-a407e81f-4d34-4660-81b4-316c2d2366d7', 'instance_label': 'Rabbit', 'is_from_class': True, 'class_id': 'class-195fd647-2a91-4524-b4e2-7f050ac7dda8', 'session_id': 'e5466056-3354-4623-8ea1-e8a18af6d601', 'user_id': 'P1'}",1
58,2000-01-01 08:45:57,instance-b97d172f-0052-4bf6-b087-4fe1e6af7dd5,instance.updated,"{'instance_id': 'instance-b97d172f-0052-4bf6-b087-4fe1e6af7dd5', 'instance_label': 'rabbit', 'text_changed': True, 'graph_changed': False, 'session_id': 'e5466056-3354-4623-8ea1-e8a18af6d601', 'user_id': 'P1'}",1
59,2000-01-01 08:46:14,instance-608e8a4d-b475-4a5b-8cfe-feae5fff45f6-resizable,layout.node.moved,"{'nodeId': 'instance-608e8a4d-b475-4a5b-8cfe-feae5fff45f6-resizable', 'newPos': {'x': 7, 'y': 0}, 'session_id': 'e5466056-3354-4623-8ea1-e8a18af6d601', 'user_id': 'P1'}",1
60,2000-01-01 08:46:16,instance-608e8a4d-b475-4a5b-8cfe-feae5fff45f6-resizable,layout.node.moved,"{'nodeId': 'instance-608e8a4d-b475-4a5b-8cfe-feae5fff45f6-resizable', 'newPos': {'x': 7, 'y': 0}, 'session_id': 'e5466056-3354-4623-8ea1-e8a18af6d601', 'user_id': 'P1'}",1
61,2000-01-01 08:46:17,instance-608e8a4d-b475-4a5b-8cfe-feae5fff45f6-resizable,layout.node.moved,"{'nodeId': 'instance-608e8a4d-b475-4a5b-8cfe-feae5fff45f6-resizable', 'newPos': {'x': 7, 'y': 5}, 'session_id': 'e5466056-3354-4623-8ea1-e8a18af6d601', 'user_id': 'P1'}",1
62,2000-01-01 08:46:18,instance-608e8a4d-b475-4a5b-8cfe-feae5fff45f6-resizable,layout.node.moved,"{'nodeId': 'instance-608e8a4d-b475-4a5b-8cfe-feae5fff45f6-resizable', 'newPos': {'x': 7, 'y': 5}, 'session_id': 'e5466056-3354-4623-8ea1-e8a18af6d601', 'user_id': 'P1'}",1
63,2000-01-01 08:46:21,instance-608e8a4d-b475-4a5b-8cfe-feae5fff45f6-resizable,layoutboard.node.resizable.resized,"{'nodeId': 'instance-608e8a4d-b475-4a5b-8cfe-feae5fff45f6-resizable', 'prevSize': {'width': 505, 'height': 507}, 'newSize': {'width': 56, 'height': 80}, 'delta': {'width': -449, 'height': -427}, 'linkedSizeNodeIds': [], 'session_id': 'e5466056-3354-4623-8ea1-e8a18af6d601', 'user_id': 'P1'}",1
64,2000-01-01 08:46:25,instance-ee18810a-dc3c-4744-9f9b-a6e15d8f7999,layout.node.moved,"{'nodeId': 'instance-ee18810a-dc3c-4744-9f9b-a6e15d8f7999', 'newPos': {'x': 220.765625, 'y': 106}, 'session_id': 'e5466056-3354-4623-8ea1-e8a18af6d601', 'user_id': 'P1'}",1
65,2000-01-01 08:46:28,instance-ee18810a-dc3c-4744-9f9b-a6e15d8f7999,layout.node.moved,"{'nodeId': 'instance-ee18810a-dc3c-4744-9f9b-a6e15d8f7999', 'newPos': {'x': 195.765625, 'y': 22}, 'session_id': 'e5466056-3354-4623-8ea1-e8a18af6d601', 'user_id': 'P1'}",1
66,2000-01-01 08:46:34,instance-b97d172f-0052-4bf6-b087-4fe1e6af7dd5,layout.node.moved,"{'nodeId': 'instance-b97d172f-0052-4bf6-b087-4fe1e6af7dd5', 'newPos': {'x': 119.765625, 'y': 222}, 'session_id': 'e5466056-3354-4623-8ea1-e8a18af6d601', 'user_id': 'P1'}",1
67,2000-01-01 08:46:35,instance-ee18810a-dc3c-4744-9f9b-a6e15d8f7999,layout.node.moved,"{'nodeId': 'instance-ee18810a-dc3c-4744-9f9b-a6e15d8f7999', 'newPos': {'x': 246.765625, 'y': 22}, 'session_id': 'e5466056-3354-4623-8ea1-e8a18af6d601', 'user_id': 'P1'}",1
68,2000-01-01 08:46:54,,relationship_node.edited,"{'relationship_id': 'instance-b97d172f-0052-4bf6-b087-4fe1e6af7dd5-instance-ee18810a-dc3c-4744-9f9b-a6e15d8f7999', 'source_object_id': 'instance-b97d172f-0052-4bf6-b087-4fe1e6af7dd5', 'target_object_id': 'instance-ee18810a-dc3c-4744-9f9b-a6e15d8f7999', 'old_relation': 'cuddling', 'new_relation': 'looking above', 'source_object_name': 'rabbit', 'target_object_name': 'balloon', 'session_id': 'e5466056-3354-4623-8ea1-e8a18af6d601', 'user_id': 'P1'}",1
69,2000-01-01 08:46:57,instance-b97d172f-0052-4bf6-b087-4fe1e6af7dd5-resizable,layoutboard.node.resizable.resized,"{'nodeId': 'instance-b97d172f-0052-4bf6-b087-4fe1e6af7dd5-resizable', 'prevSize': {'width': 206, 'height': 213}, 'newSize': {'width': 206, 'height': 237}, 'delta': {'width': 0, 'height': 24}, 'linkedSizeNodeIds': [], 'session_id': 'e5466056-3354-4623-8ea1-e8a18af6d601', 'user_id': 'P1'}",1
70,2000-01-01 08:47:00,instance-608e8a4d-b475-4a5b-8cfe-feae5fff45f6,layout.node.moved,"{'nodeId': 'instance-608e8a4d-b475-4a5b-8cfe-feae5fff45f6', 'newPos': {'x': 10, 'y': 21}, 'session_id': 'e5466056-3354-4623-8ea1-e8a18af6d601', 'user_id': 'P1'}",1
71,2000-01-01 08:47:20,instance-608e8a4d-b475-4a5b-8cfe-feae5fff45f6,instance.updated,"{'instance_id': 'instance-608e8a4d-b475-4a5b-8cfe-feae5fff45f6', 'instance_label': 'forest', 'text_changed': True, 'graph_changed': False, 'session_id': 'e5466056-3354-4623-8ea1-e8a18af6d601', 'user_id': 'P1'}",1
72,2000-01-01 08:47:22,instance-608e8a4d-b475-4a5b-8cfe-feae5fff45f6-resizable,layoutboard.node.resizable.resized,"{'nodeId': 'instance-608e8a4d-b475-4a5b-8cfe-feae5fff45f6-resizable', 'prevSize': {'width': 505, 'height': 507}, 'newSize': {'width': 491, 'height': 456}, 'delta': {'width': -14, 'height': -51}, 'linkedSizeNodeIds': [], 'session_id': 'e5466056-3354-4623-8ea1-e8a18af6d601', 'user_id': 'P1'}",1
73,2000-01-01 08:47:24,instance-608e8a4d-b475-4a5b-8cfe-feae5fff45f6-resizable,layoutboard.node.resizable.resized,"{'nodeId': 'instance-608e8a4d-b475-4a5b-8cfe-feae5fff45f6-resizable', 'prevSize': {'width': 505, 'height': 507}, 'newSize': {'width': 493, 'height': 466}, 'delta': {'width': -12, 'height': -41}, 'linkedSizeNodeIds': [], 'session_id': 'e5466056-3354-4623-8ea1-e8a18af6d601', 'user_id': 'P1'}",1
74,2000-01-01 08:47:55,,api.generate_image.succeeded,"{'global_caption': 'a scene featuring a baby rabbit character in a 2D sketch illustration in watercolor style, wearing a blue jacket, paused while running with tears in panic, looking above a red balloon, alongside a red balloon in a 2D sketch illustration in watercolor style, set against a forest background in a 2D illustration in watercolor style, with blur and windy weather.', 'region_count': 3, 'has_image': True, 'detected_objects_count': 1, 'image_path': 'output/P1/2025-08-22_08-47-54/image.png', 'image_with_layout_path': 'output/P1/2025-08-22_08-47-54/image_with_layout.png', 'timestamp_dir': 'output/P1/2025-08-22_08-47-54', 'session_id': 'e5466056-3354-4623-8ea1-e8a18af6d601', 'user_id': 'P1'}",1
75,2000-01-01 08:48:12,instance-608e8a4d-b475-4a5b-8cfe-feae5fff45f6-resizable,layout.node.moved,"{'nodeId': 'instance-608e8a4d-b475-4a5b-8cfe-feae5fff45f6-resizable', 'newPos': {'x': 6, 'y': 10}, 'session_id': 'e5466056-3354-4623-8ea1-e8a18af6d601', 'user_id': 'P1'}",1
76,2000-01-01 08:48:41,instance-b97d172f-0052-4bf6-b087-4fe1e6af7dd5,instance.updated,"{'instance_id': 'instance-b97d172f-0052-4bf6-b087-4fe1e6af7dd5', 'instance_label': 'rabbit', 'text_changed': True, 'graph_changed': False, 'session_id': 'e5466056-3354-4623-8ea1-e8a18af6d601', 'user_id': 'P1'}",1
77,2000-01-01 08:48:46,instance-608e8a4d-b475-4a5b-8cfe-feae5fff45f6-resizable,layoutboard.node.resizable.resized,"{'nodeId': 'instance-608e8a4d-b475-4a5b-8cfe-feae5fff45f6-resizable', 'prevSize': {'width': 505, 'height': 507}, 'newSize': {'width': 57, 'height': 90}, 'delta': {'width': -448, 'height': -417}, 'linkedSizeNodeIds': [], 'session_id': 'e5466056-3354-4623-8ea1-e8a18af6d601', 'user_id': 'P1'}",1
78,2000-01-01 08:48:49,instance-ee18810a-dc3c-4744-9f9b-a6e15d8f7999-resizable,layoutboard.node.resizable.resized,"{'nodeId': 'instance-ee18810a-dc3c-4744-9f9b-a6e15d8f7999-resizable', 'prevSize': {'width': 105, 'height': 146}, 'newSize': {'width': 81, 'height': 132}, 'delta': {'width': -24, 'height': -14}, 'linkedSizeNodeIds': [], 'session_id': 'e5466056-3354-4623-8ea1-e8a18af6d601', 'user_id': 'P1'}",1
79,2000-01-01 08:48:52,instance-608e8a4d-b475-4a5b-8cfe-feae5fff45f6-resizable,layoutboard.node.resizable.resized,"{'nodeId': 'instance-608e8a4d-b475-4a5b-8cfe-feae5fff45f6-resizable', 'prevSize': {'width': 505, 'height': 507}, 'newSize': {'width': 499, 'height': 500}, 'delta': {'width': -6, 'height': -7}, 'linkedSizeNodeIds': [], 'session_id': 'e5466056-3354-4623-8ea1-e8a18af6d601', 'user_id': 'P1'}",1
80,2000-01-01 08:49:08,instance-ee18810a-dc3c-4744-9f9b-a6e15d8f7999,instance.updated,"{'instance_id': 'instance-ee18810a-dc3c-4744-9f9b-a6e15d8f7999', 'instance_label': 'balloon', 'text_changed': True, 'graph_changed': False, 'session_id': 'e5466056-3354-4623-8ea1-e8a18af6d601', 'user_id': 'P1'}",1
81,2000-01-01 08:49:39,,api.generate_image.succeeded,"{'global_caption': 'a scene featuring a baby rabbit character in a 2D sketch illustration in watercolor style, wearing a blue jacket, paused while running with tears in panic, showing its back and looking above a red balloon, alongside a red balloon in a 2D sketch illustration in watercolor style, far in the sky, set against a forest background in a 2D illustration in watercolor style, with a blur and windy weather.', 'region_count': 3, 'has_image': True, 'detected_objects_count': 0, 'image_path': 'output/P1/2025-08-22_08-49-38/image.png', 'image_with_layout_path': 'output/P1/2025-08-22_08-49-38/image_with_layout.png', 'timestamp_dir': 'output/P1/2025-08-22_08-49-38', 'session_id': 'e5466056-3354-4623-8ea1-e8a18af6d601', 'user_id': 'P1'}",1
82,2000-01-01 08:50:05,instance-608e8a4d-b475-4a5b-8cfe-feae5fff45f6-resizable,layoutboard.node.resizable.resized,"{'nodeId': 'instance-608e8a4d-b475-4a5b-8cfe-feae5fff45f6-resizable', 'prevSize': {'width': 505, 'height': 507}, 'newSize': {'width': 127, 'height': 96}, 'delta': {'width': -378, 'height': -411}, 'linkedSizeNodeIds': [], 'session_id': 'e5466056-3354-4623-8ea1-e8a18af6d601', 'user_id': 'P1'}",1
83,2000-01-01 08:50:24,,relationship_node.edited,"{'relationship_id': 'instance-b97d172f-0052-4bf6-b087-4fe1e6af7dd5-instance-ee18810a-dc3c-4744-9f9b-a6e15d8f7999', 'source_object_id': 'instance-b97d172f-0052-4bf6-b087-4fe1e6af7dd5', 'target_object_id': 'instance-ee18810a-dc3c-4744-9f9b-a6e15d8f7999', 'old_relation': 'looking above', 'new_relation': 'looking above, eyes on', 'source_object_name': 'rabbit', 'target_object_name': 'balloon', 'session_id': 'e5466056-3354-4623-8ea1-e8a18af6d601', 'user_id': 'P1'}",1
84,2000-01-01 08:52:07,instance-b97d172f-0052-4bf6-b087-4fe1e6af7dd5,instance.updated,"{'instance_id': 'instance-b97d172f-0052-4bf6-b087-4fe1e6af7dd5', 'instance_label': 'rabbit', 'text_changed': True, 'graph_changed': False, 'session_id': 'e5466056-3354-4623-8ea1-e8a18af6d601', 'user_id': 'P1'}",1
85,2000-01-01 08:52:18,instance-608e8a4d-b475-4a5b-8cfe-feae5fff45f6-resizable,layoutboard.node.resizable.resized,"{'nodeId': 'instance-608e8a4d-b475-4a5b-8cfe-feae5fff45f6-resizable', 'prevSize': {'width': 505, 'height': 507}, 'newSize': {'width': 501, 'height': 497}, 'delta': {'width': -4, 'height': -10}, 'linkedSizeNodeIds': [], 'session_id': 'e5466056-3354-4623-8ea1-e8a18af6d601', 'user_id': 'P1'}",1
86,2000-01-01 08:52:25,instance-608e8a4d-b475-4a5b-8cfe-feae5fff45f6-resizable,layoutboard.node.resizable.resized,"{'nodeId': 'instance-608e8a4d-b475-4a5b-8cfe-feae5fff45f6-resizable', 'prevSize': {'width': 505, 'height': 507}, 'newSize': {'width': 70, 'height': 138}, 'delta': {'width': -435, 'height': -369}, 'linkedSizeNodeIds': [], 'session_id': 'e5466056-3354-4623-8ea1-e8a18af6d601', 'user_id': 'P1'}",1
87,2000-01-01 08:52:27,instance-ee18810a-dc3c-4744-9f9b-a6e15d8f7999-resizable,layoutboard.node.resizable.resized,"{'nodeId': 'instance-ee18810a-dc3c-4744-9f9b-a6e15d8f7999-resizable', 'prevSize': {'width': 105, 'height': 146}, 'newSize': {'width': 70, 'height': 103}, 'delta': {'width': -35, 'height': -43}, 'linkedSizeNodeIds': [], 'session_id': 'e5466056-3354-4623-8ea1-e8a18af6d601', 'user_id': 'P1'}",1
88,2000-01-01 08:52:29,instance-ee18810a-dc3c-4744-9f9b-a6e15d8f7999-resizable,layoutboard.node.resizable.resized,"{'nodeId': 'instance-ee18810a-dc3c-4744-9f9b-a6e15d8f7999-resizable', 'prevSize': {'width': 105, 'height': 146}, 'newSize': {'width': 70, 'height': 113}, 'delta': {'width': -35, 'height': -33}, 'linkedSizeNodeIds': [], 'session_id': 'e5466056-3354-4623-8ea1-e8a18af6d601', 'user_id': 'P1'}",1
89,2000-01-01 08:52:32,instance-608e8a4d-b475-4a5b-8cfe-feae5fff45f6-resizable,layoutboard.node.resizable.resized,"{'nodeId': 'instance-608e8a4d-b475-4a5b-8cfe-feae5fff45f6-resizable', 'prevSize': {'width': 505, 'height': 507}, 'newSize': {'width': 503, 'height': 500}, 'delta': {'width': -2, 'height': -7}, 'linkedSizeNodeIds': [], 'session_id': 'e5466056-3354-4623-8ea1-e8a18af6d601', 'user_id': 'P1'}",1
90,2000-01-01 08:53:02,,api.generate_image.succeeded,"{'global_caption': 'a scene featuring a baby rabbit character in a 2D sketch illustration in watercolor style, wearing a blue jacket, paused while running with tears in panic, showing its back and looking above at a red balloon, alongside a red balloon in a 2D sketch illustration in watercolor style, far in the sky, set against a forest background in a 2D illustration in watercolor style, with a blur and windy weather.', 'region_count': 3, 'has_image': True, 'detected_objects_count': 0, 'image_path': 'output/P1/2025-08-22_08-53-01/image.png', 'image_with_layout_path': 'output/P1/2025-08-22_08-53-01/image_with_layout.png', 'timestamp_dir': 'output/P1/2025-08-22_08-53-01', 'session_id': 'e5466056-3354-4623-8ea1-e8a18af6d601', 'user_id': 'P1'}",1
91,2000-01-01 08:53:47,instance-608e8a4d-b475-4a5b-8cfe-feae5fff45f6-resizable,layoutboard.node.resizable.resized,"{'nodeId': 'instance-608e8a4d-b475-4a5b-8cfe-feae5fff45f6-resizable', 'prevSize': {'width': 505, 'height': 507}, 'newSize': {'width': 127, 'height': 144}, 'delta': {'width': -378, 'height': -363}, 'linkedSizeNodeIds': [], 'session_id': 'e5466056-3354-4623-8ea1-e8a18af6d601', 'user_id': 'P1'}",1
92,2000-01-01 08:53:55,,relationship_node.edited,"{'relationship_id': 'instance-b97d172f-0052-4bf6-b087-4fe1e6af7dd5-instance-ee18810a-dc3c-4744-9f9b-a6e15d8f7999', 'source_object_id': 'instance-b97d172f-0052-4bf6-b087-4fe1e6af7dd5', 'target_object_id': 'instance-ee18810a-dc3c-4744-9f9b-a6e15d8f7999', 'old_relation': 'looking above, eyes on', 'new_relation': 'looking up', 'source_object_name': 'rabbit', 'target_object_name': 'balloon', 'session_id': 'e5466056-3354-4623-8ea1-e8a18af6d601', 'user_id': 'P1'}",1
93,2000-01-01 08:53:58,instance-608e8a4d-b475-4a5b-8cfe-feae5fff45f6-resizable,layoutboard.node.resizable.resized,"{'nodeId': 'instance-608e8a4d-b475-4a5b-8cfe-feae5fff45f6-resizable', 'prevSize': {'width': 505, 'height': 507}, 'newSize': {'width': 503, 'height': 500}, 'delta': {'width': -2, 'height': -7}, 'linkedSizeNodeIds': [], 'session_id': 'e5466056-3354-4623-8ea1-e8a18af6d601', 'user_id': 'P1'}",1
94,2000-01-01 08:54:00,instance-608e8a4d-b475-4a5b-8cfe-feae5fff45f6-resizable,layoutboard.node.resizable.resized,"{'nodeId': 'instance-608e8a4d-b475-4a5b-8cfe-feae5fff45f6-resizable', 'prevSize': {'width': 505, 'height': 507}, 'newSize': {'width': 21, 'height': 142}, 'delta': {'width': -484, 'height': -365}, 'linkedSizeNodeIds': [], 'session_id': 'e5466056-3354-4623-8ea1-e8a18af6d601', 'user_id': 'P1'}",1
95,2000-01-01 08:54:02,instance-b97d172f-0052-4bf6-b087-4fe1e6af7dd5-resizable,layoutboard.node.resizable.resized,"{'nodeId': 'instance-b97d172f-0052-4bf6-b087-4fe1e6af7dd5-resizable', 'prevSize': {'width': 206, 'height': 213}, 'newSize': {'width': 254, 'height': 306}, 'delta': {'width': 48, 'height': 93}, 'linkedSizeNodeIds': [], 'session_id': 'e5466056-3354-4623-8ea1-e8a18af6d601', 'user_id': 'P1'}",1
96,2000-01-01 08:54:05,instance-b97d172f-0052-4bf6-b087-4fe1e6af7dd5-resizable,layoutboard.node.resizable.resized,"{'nodeId': 'instance-b97d172f-0052-4bf6-b087-4fe1e6af7dd5-resizable', 'prevSize': {'width': 206, 'height': 213}, 'newSize': {'width': 243, 'height': 294}, 'delta': {'width': 37, 'height': 81}, 'linkedSizeNodeIds': [], 'session_id': 'e5466056-3354-4623-8ea1-e8a18af6d601', 'user_id': 'P1'}",1
97,2000-01-01 08:54:09,instance-b97d172f-0052-4bf6-b087-4fe1e6af7dd5-resizable,layoutboard.node.resizable.resized,"{'nodeId': 'instance-b97d172f-0052-4bf6-b087-4fe1e6af7dd5-resizable', 'prevSize': {'width': 206, 'height': 213}, 'newSize': {'width': 233, 'height': 281}, 'delta': {'width': 27, 'height': 68}, 'linkedSizeNodeIds': [], 'session_id': 'e5466056-3354-4623-8ea1-e8a18af6d601', 'user_id': 'P1'}",1
98,2000-01-01 08:54:11,instance-608e8a4d-b475-4a5b-8cfe-feae5fff45f6-resizable,layoutboard.node.resizable.resized,"{'nodeId': 'instance-608e8a4d-b475-4a5b-8cfe-feae5fff45f6-resizable', 'prevSize': {'width': 505, 'height': 507}, 'newSize': {'width': 500, 'height': 495}, 'delta': {'width': -5, 'height': -12}, 'linkedSizeNodeIds': [], 'session_id': 'e5466056-3354-4623-8ea1-e8a18af6d601', 'user_id': 'P1'}",1
99,2000-01-01 08:55:27,instance-b97d172f-0052-4bf6-b087-4fe1e6af7dd5,instance.updated,"{'instance_id': 'instance-b97d172f-0052-4bf6-b087-4fe1e6af7dd5', 'instance_label': 'rabbit', 'text_changed': True, 'graph_changed': False, 'session_id': 'e5466056-3354-4623-8ea1-e8a18af6d601', 'user_id': 'P1'}",1
100,2000-01-01 08:55:48,,api.generate_image.succeeded,"{'global_caption': 'a scene featuring a baby rabbit character in a 2D sketch illustration in watercolor style, wearing a blue jacket, paused while running with tears in panic, showing its back and looking up at a red balloon, alongside a red balloon in a 2D sketch illustration in watercolor style, far in the sky, set against a forest background in a 2D illustration in watercolor style, with a blur and windy weather.', 'region_count': 3, 'has_image': True, 'detected_objects_count': 0, 'image_path': 'output/P1/2025-08-22_08-55-47/image.png', 'image_with_layout_path': 'output/P1/2025-08-22_08-55-47/image_with_layout.png', 'timestamp_dir': 'output/P1/2025-08-22_08-55-47', 'session_id': 'e5466056-3354-4623-8ea1-e8a18af6d601', 'user_id': 'P1'}",1
101,2000-01-01 08:55:56,,scene_saved,"{'slotNumber': 2, 'instanceCount': 3, 'nodeCount': 6, 'edgeCount': 2, 'session_id': 'e5466056-3354-4623-8ea1-e8a18af6d601', 'user_id': 'P1'}",1
102,2000-01-01 08:56:17,class-3e5a7aa6-5b51-446b-97b9-b2c655fb78dc,class.created,"{'class_id': 'class-3e5a7aa6-5b51-446b-97b9-b2c655fb78dc', 'class_name': 'balloon Class', 'placeholder_count': 3, 'created_from': 'balloon', 'session_id': 'e5466056-3354-4623-8ea1-e8a18af6d601', 'user_id': 'P1'}",1
103,2000-01-01 08:56:20,instance-ee18810a-dc3c-4744-9f9b-a6e15d8f7999,instance.deleted,"{'instance_id': 'instance-ee18810a-dc3c-4744-9f9b-a6e15d8f7999', 'instance_label': 'balloon', 'is_from_class': True, 'class_id': 'class-3e5a7aa6-5b51-446b-97b9-b2c655fb78dc', 'session_id': 'e5466056-3354-4623-8ea1-e8a18af6d601', 'user_id': 'P1'}",1
104,2000-01-01 08:56:44,instance-5ab7832b-69c5-42ea-8ed3-bde6e5761037,instance.created_from_class,"{'instance_id': 'instance-5ab7832b-69c5-42ea-8ed3-bde6e5761037', 'class_id': 'class-195fd647-2a91-4524-b4e2-7f050ac7dda8', 'instance_label': 'Baby rabbit', 'has_text_description': True, 'session_id': 'e5466056-3354-4623-8ea1-e8a18af6d601', 'user_id': 'P1'}",1
105,2000-01-01 08:56:48,instance-9e369952-10a4-4279-9ec1-aa69428e395c,instance.created_from_class,"{'instance_id': 'instance-9e369952-10a4-4279-9ec1-aa69428e395c', 'class_id': 'class-195fd647-2a91-4524-b4e2-7f050ac7dda8', 'instance_label': 'Baby rabbit', 'has_text_description': True, 'session_id': 'e5466056-3354-4623-8ea1-e8a18af6d601', 'user_id': 'P1'}",1
106,2000-01-01 08:56:55,instance-608e8a4d-b475-4a5b-8cfe-feae5fff45f6-resizable,layoutboard.node.resizable.resized,"{'nodeId': 'instance-608e8a4d-b475-4a5b-8cfe-feae5fff45f6-resizable', 'prevSize': {'width': 505, 'height': 507}, 'newSize': {'width': 45, 'height': 48}, 'delta': {'width': -460, 'height': -459}, 'linkedSizeNodeIds': [], 'session_id': 'e5466056-3354-4623-8ea1-e8a18af6d601', 'user_id': 'P1'}",1
107,2000-01-01 08:56:57,instance-9e369952-10a4-4279-9ec1-aa69428e395c-resizable,layoutboard.node.resizable.resized,"{'nodeId': 'instance-9e369952-10a4-4279-9ec1-aa69428e395c-resizable', 'prevSize': {'width': 50, 'height': 50}, 'newSize': {'width': 74, 'height': 314}, 'delta': {'width': 24, 'height': 264}, 'linkedSizeNodeIds': [], 'session_id': 'e5466056-3354-4623-8ea1-e8a18af6d601', 'user_id': 'P1'}",1
108,2000-01-01 08:56:58,instance-9e369952-10a4-4279-9ec1-aa69428e395c-resizable,layout.node.moved,"{'nodeId': 'instance-9e369952-10a4-4279-9ec1-aa69428e395c-resizable', 'newPos': {'x': 54, 'y': 158}, 'session_id': 'e5466056-3354-4623-8ea1-e8a18af6d601', 'user_id': 'P1'}",1
109,2000-01-01 08:57:00,instance-9e369952-10a4-4279-9ec1-aa69428e395c-resizable,layoutboard.node.resizable.resized,"{'nodeId': 'instance-9e369952-10a4-4279-9ec1-aa69428e395c-resizable', 'prevSize': {'width': 50, 'height': 50}, 'newSize': {'width': 141, 'height': 262}, 'delta': {'width': 91, 'height': 212}, 'linkedSizeNodeIds': [], 'session_id': 'e5466056-3354-4623-8ea1-e8a18af6d601', 'user_id': 'P1'}",1
110,2000-01-01 08:57:03,instance-b97d172f-0052-4bf6-b087-4fe1e6af7dd5-resizable,layout.node.moved,"{'nodeId': 'instance-b97d172f-0052-4bf6-b087-4fe1e6af7dd5-resizable', 'newPos': {'x': 197.765625, 'y': 167}, 'session_id': 'e5466056-3354-4623-8ea1-e8a18af6d601', 'user_id': 'P1'}",1
111,2000-01-01 08:57:06,instance-b97d172f-0052-4bf6-b087-4fe1e6af7dd5-resizable,layoutboard.node.resizable.resized,"{'nodeId': 'instance-b97d172f-0052-4bf6-b087-4fe1e6af7dd5-resizable', 'prevSize': {'width': 206, 'height': 213}, 'newSize': {'width': 215, 'height': 252}, 'delta': {'width': 9, 'height': 39}, 'linkedSizeNodeIds': [], 'session_id': 'e5466056-3354-4623-8ea1-e8a18af6d601', 'user_id': 'P1'}",1
112,2000-01-01 08:57:08,instance-9e369952-10a4-4279-9ec1-aa69428e395c-resizable,layoutboard.node.resizable.resized,"{'nodeId': 'instance-9e369952-10a4-4279-9ec1-aa69428e395c-resizable', 'prevSize': {'width': 50, 'height': 50}, 'newSize': {'width': 127, 'height': 237}, 'delta': {'width': 77, 'height': 187}, 'linkedSizeNodeIds': [], 'session_id': 'e5466056-3354-4623-8ea1-e8a18af6d601', 'user_id': 'P1'}",1
113,2000-01-01 08:57:10,instance-9e369952-10a4-4279-9ec1-aa69428e395c-resizable,layoutboard.node.resizable.resized,"{'nodeId': 'instance-9e369952-10a4-4279-9ec1-aa69428e395c-resizable', 'prevSize': {'width': 50, 'height': 50}, 'newSize': {'width': 152, 'height': 237}, 'delta': {'width': 102, 'height': 187}, 'linkedSizeNodeIds': [], 'session_id': 'e5466056-3354-4623-8ea1-e8a18af6d601', 'user_id': 'P1'}",1
114,2000-01-01 08:57:12,instance-b97d172f-0052-4bf6-b087-4fe1e6af7dd5,layout.node.moved,"{'nodeId': 'instance-b97d172f-0052-4bf6-b087-4fe1e6af7dd5', 'newPos': {'x': 249.765625, 'y': 188}, 'session_id': 'e5466056-3354-4623-8ea1-e8a18af6d601', 'user_id': 'P1'}",1
115,2000-01-01 08:57:14,instance-5ab7832b-69c5-42ea-8ed3-bde6e5761037-resizable,layoutboard.node.resizable.resized,"{'nodeId': 'instance-5ab7832b-69c5-42ea-8ed3-bde6e5761037-resizable', 'prevSize': {'width': 50, 'height': 50}, 'newSize': {'width': 156, 'height': 226}, 'delta': {'width': 106, 'height': 176}, 'linkedSizeNodeIds': [], 'session_id': 'e5466056-3354-4623-8ea1-e8a18af6d601', 'user_id': 'P1'}",1
116,2000-01-01 08:57:15,instance-5ab7832b-69c5-42ea-8ed3-bde6e5761037-resizable,layout.node.moved,"{'nodeId': 'instance-5ab7832b-69c5-42ea-8ed3-bde6e5761037-resizable', 'newPos': {'x': 112, 'y': 241}, 'session_id': 'e5466056-3354-4623-8ea1-e8a18af6d601', 'user_id': 'P1'}",1
117,2000-01-01 08:57:29,instance-9e369952-10a4-4279-9ec1-aa69428e395c-resizable,layout.node.moved,"{'nodeId': 'instance-9e369952-10a4-4279-9ec1-aa69428e395c-resizable', 'newPos': {'x': 26, 'y': 194}, 'session_id': 'e5466056-3354-4623-8ea1-e8a18af6d601', 'user_id': 'P1'}",1
118,2000-01-01 08:58:37,instance-b97d172f-0052-4bf6-b087-4fe1e6af7dd5,instance.updated,"{'instance_id': 'instance-b97d172f-0052-4bf6-b087-4fe1e6af7dd5', 'instance_label': 'rabbit', 'text_changed': True, 'graph_changed': False, 'session_id': 'e5466056-3354-4623-8ea1-e8a18af6d601', 'user_id': 'P1'}",1
119,2000-01-01 08:59:43,,relationship_node.created,"{'relationship_id': 'instance-5ab7832b-69c5-42ea-8ed3-bde6e5761037->instance-b97d172f-0052-4bf6-b087-4fe1e6af7dd5:talking to', 'sourceId': 'instance-5ab7832b-69c5-42ea-8ed3-bde6e5761037', 'targetId': 'instance-b97d172f-0052-4bf6-b087-4fe1e6af7dd5', 'relation': 'talking to', 'video_time': '27:06'}",1
120,2000-01-01 08:59:53,,relationship_node.created,"{'relationship_id': 'instance-5ab7832b-69c5-42ea-8ed3-bde6e5761037->instance-b97d172f-0052-4bf6-b087-4fe1e6af7dd5:talking to', 'sourceId': 'instance-5ab7832b-69c5-42ea-8ed3-bde6e5761037', 'targetId': 'instance-b97d172f-0052-4bf6-b087-4fe1e6af7dd5', 'relation': 'talking to', 'video_time': '27:16'}",1
121,2000-01-01 09:00:04,,relationship_node.created,"{'relationship_id': 'instance-b97d172f-0052-4bf6-b087-4fe1e6af7dd5->instance-5ab7832b-69c5-42ea-8ed3-bde6e5761037:watching', 'sourceId': 'instance-b97d172f-0052-4bf6-b087-4fe1e6af7dd5', 'targetId': 'instance-5ab7832b-69c5-42ea-8ed3-bde6e5761037', 'relation': 'watching', 'video_time': '27:27'}",1
122,2000-01-01 09:00:18,instance-9e369952-10a4-4279-9ec1-aa69428e395c,instance.updated,"{'instance_id': 'instance-9e369952-10a4-4279-9ec1-aa69428e395c', 'instance_label': 'rabbit', 'text_changed': True, 'graph_changed': False, 'session_id': 'e5466056-3354-4623-8ea1-e8a18af6d601', 'user_id': 'P1'}",1
123,2000-01-01 09:00:47,instance-9e369952-10a4-4279-9ec1-aa69428e395c,instance.updated,"{'instance_id': 'instance-9e369952-10a4-4279-9ec1-aa69428e395c', 'instance_label': 'rabbit', 'text_changed': True, 'graph_changed': False, 'session_id': 'e5466056-3354-4623-8ea1-e8a18af6d601', 'user_id': 'P1'}",1
124,2000-01-01 09:00:58,instance-5ab7832b-69c5-42ea-8ed3-bde6e5761037,instance.updated,"{'instance_id': 'instance-5ab7832b-69c5-42ea-8ed3-bde6e5761037', 'instance_label': 'rabbit', 'text_changed': True, 'graph_changed': False, 'session_id': 'e5466056-3354-4623-8ea1-e8a18af6d601', 'user_id': 'P1'}",1
125,2000-01-01 09:01:31,instance-9e369952-10a4-4279-9ec1-aa69428e395c-resizable,layoutboard.node.resizable.resized,"{'nodeId': 'instance-9e369952-10a4-4279-9ec1-aa69428e395c-resizable', 'prevSize': {'width': 50, 'height': 50}, 'newSize': {'width': 151, 'height': 222}, 'delta': {'width': 101, 'height': 172}, 'linkedSizeNodeIds': [], 'session_id': 'e5466056-3354-4623-8ea1-e8a18af6d601', 'user_id': 'P1'}",1
126,2000-01-01 09:01:34,instance-608e8a4d-b475-4a5b-8cfe-feae5fff45f6-resizable,layoutboard.node.resizable.resized,"{'nodeId': 'instance-608e8a4d-b475-4a5b-8cfe-feae5fff45f6-resizable', 'prevSize': {'width': 505, 'height': 507}, 'newSize': {'width': 499, 'height': 497}, 'delta': {'width': -6, 'height': -10}, 'linkedSizeNodeIds': [], 'session_id': 'e5466056-3354-4623-8ea1-e8a18af6d601', 'user_id': 'P1'}",1
127,2000-01-01 09:02:01,,api.generate_image.succeeded,"{'global_caption': 'a scene featuring a baby rabbit character, a 2D sketch illustration in watercolor style, wearing a blue jacket, talking with a worrying face, staying still, looking up at an unknown object, and watching another rabbit, with a forest background, a 2D illustration in watercolor style, blurred, with windy weather, alongside a baby rabbit character in a watercolor illustration, with a bright and passionate face, wearing a green shirt, talking to another rabbit, and a baby rabbit in a watercolor illustration, with a bright and passionate face, wearing a red shirt, talking to another rabbit.', 'region_count': 4, 'has_image': True, 'detected_objects_count': 0, 'image_path': 'output/P1/2025-08-22_09-02-01/image.png', 'image_with_layout_path': 'output/P1/2025-08-22_09-02-01/image_with_layout.png', 'timestamp_dir': 'output/P1/2025-08-22_09-02-01', 'session_id': 'e5466056-3354-4623-8ea1-e8a18af6d601', 'user_id': 'P1'}",1
128,2000-01-01 09:02:45,instance-608e8a4d-b475-4a5b-8cfe-feae5fff45f6-resizable,layout.node.moved,"{'nodeId': 'instance-608e8a4d-b475-4a5b-8cfe-feae5fff45f6-resizable', 'newPos': {'x': 13, 'y': 10}, 'session_id': 'e5466056-3354-4623-8ea1-e8a18af6d601', 'user_id': 'P1'}",1
129,2000-01-01 09:02:46,instance-608e8a4d-b475-4a5b-8cfe-feae5fff45f6-resizable,layoutboard.node.resizable.resized,"{'nodeId': 'instance-608e8a4d-b475-4a5b-8cfe-feae5fff45f6-resizable', 'prevSize': {'width': 505, 'height': 507}, 'newSize': {'width': 128, 'height': 57}, 'delta': {'width': -377, 'height': -450}, 'linkedSizeNodeIds': [], 'session_id': 'e5466056-3354-4623-8ea1-e8a18af6d601', 'user_id': 'P1'}",1
130,2000-01-01 09:02:51,instance-b97d172f-0052-4bf6-b087-4fe1e6af7dd5,layout.node.moved,"{'nodeId': 'instance-b97d172f-0052-4bf6-b087-4fe1e6af7dd5', 'newPos': {'x': 267.765625, 'y': 191}, 'session_id': 'e5466056-3354-4623-8ea1-e8a18af6d601', 'user_id': 'P1'}",1
131,2000-01-01 09:03:24,instance-5ab7832b-69c5-42ea-8ed3-bde6e5761037,instance.updated,"{'instance_id': 'instance-5ab7832b-69c5-42ea-8ed3-bde6e5761037', 'instance_label': 'rabbit', 'text_changed': True, 'graph_changed': False, 'session_id': 'e5466056-3354-4623-8ea1-e8a18af6d601', 'user_id': 'P1'}",1
132,2000-01-01 09:03:35,instance-9e369952-10a4-4279-9ec1-aa69428e395c,instance.updated,"{'instance_id': 'instance-9e369952-10a4-4279-9ec1-aa69428e395c', 'instance_label': 'rabbit', 'text_changed': True, 'graph_changed': False, 'session_id': 'e5466056-3354-4623-8ea1-e8a18af6d601', 'user_id': 'P1'}",1
133,2000-01-01 09:03:39,instance-608e8a4d-b475-4a5b-8cfe-feae5fff45f6-resizable,layoutboard.node.resizable.resized,"{'nodeId': 'instance-608e8a4d-b475-4a5b-8cfe-feae5fff45f6-resizable', 'prevSize': {'width': 505, 'height': 507}, 'newSize': {'width': 487, 'height': 491}, 'delta': {'width': -18, 'height': -16}, 'linkedSizeNodeIds': [], 'session_id': 'e5466056-3354-4623-8ea1-e8a18af6d601', 'user_id': 'P1'}",1
134,2000-01-01 09:04:06,,api.generate_image.succeeded,"{'global_caption': 'a scene featuring a baby rabbit character, a 2D sketch illustration in watercolor style, wearing a blue jacket, talking with a worrying face, staying still, looking up at an unknown object and watching another rabbit, with a forest background, a 2D illustration in watercolor style, blurred, with windy weather, alongside a baby rabbit character in a watercolor illustration, with a bright and passionate face, wearing a green shirt, standing and talking to another rabbit, and a baby rabbit in a watercolor illustration, with a bright and passionate face, wearing a red shirt, standing and talking to another rabbit.', 'region_count': 4, 'has_image': True, 'detected_objects_count': 0, 'image_path': 'output/P1/2025-08-22_09-04-05/image.png', 'image_with_layout_path': 'output/P1/2025-08-22_09-04-05/image_with_layout.png', 'timestamp_dir': 'output/P1/2025-08-22_09-04-05', 'session_id': 'e5466056-3354-4623-8ea1-e8a18af6d601', 'user_id': 'P1'}",1
135,2000-01-01 09:04:17,,scene_saved,"{'slotNumber': 3, 'instanceCount': 4, 'nodeCount': 8, 'edgeCount': 5, 'session_id': 'e5466056-3354-4623-8ea1-e8a18af6d601', 'user_id': 'P1'}",1
136,2000-01-01 09:05:59,instance-b97d172f-0052-4bf6-b087-4fe1e6af7dd5,instance.updated,"{'instance_id': 'instance-b97d172f-0052-4bf6-b087-4fe1e6af7dd5', 'instance_label': 'rabbit', 'text_changed': True, 'graph_changed': False, 'session_id': 'e5466056-3354-4623-8ea1-e8a18af6d601', 'user_id': 'P1'}",1
137,2000-01-01 09:06:42,instance-608e8a4d-b475-4a5b-8cfe-feae5fff45f6,instance.updated,"{'instance_id': 'instance-608e8a4d-b475-4a5b-8cfe-feae5fff45f6', 'instance_label': 'forest', 'text_changed': True, 'graph_changed': False, 'session_id': 'e5466056-3354-4623-8ea1-e8a18af6d601', 'user_id': 'P1'}",1
138,2000-01-01 09:07:13,instance-9e369952-10a4-4279-9ec1-aa69428e395c,instance.updated,"{'instance_id': 'instance-9e369952-10a4-4279-9ec1-aa69428e395c', 'instance_label': 'rabbit', 'text_changed': True, 'graph_changed': False, 'session_id': 'e5466056-3354-4623-8ea1-e8a18af6d601', 'user_id': 'P1'}",1
139,2000-01-01 09:07:34,instance-5ab7832b-69c5-42ea-8ed3-bde6e5761037,instance.updated,"{'instance_id': 'instance-5ab7832b-69c5-42ea-8ed3-bde6e5761037', 'instance_label': 'rabbit', 'text_changed': True, 'graph_changed': False, 'session_id': 'e5466056-3354-4623-8ea1-e8a18af6d601', 'user_id': 'P1'}",1
140,2000-01-01 09:07:41,instance-608e8a4d-b475-4a5b-8cfe-feae5fff45f6-resizable,layout.node.moved,"{'nodeId': 'instance-608e8a4d-b475-4a5b-8cfe-feae5fff45f6-resizable', 'newPos': {'x': 11, 'y': 20}, 'session_id': 'e5466056-3354-4623-8ea1-e8a18af6d601', 'user_id': 'P1'}",1
141,2000-01-01 09:07:43,instance-608e8a4d-b475-4a5b-8cfe-feae5fff45f6-resizable,layoutboard.node.resizable.resized,"{'nodeId': 'instance-608e8a4d-b475-4a5b-8cfe-feae5fff45f6-resizable', 'prevSize': {'width': 505, 'height': 507}, 'newSize': {'width': 47, 'height': 35}, 'delta': {'width': -458, 'height': -472}, 'linkedSizeNodeIds': [], 'session_id': 'e5466056-3354-4623-8ea1-e8a18af6d601', 'user_id': 'P1'}",1
142,2000-01-01 09:07:45,instance-b97d172f-0052-4bf6-b087-4fe1e6af7dd5,layout.node.moved,"{'nodeId': 'instance-b97d172f-0052-4bf6-b087-4fe1e6af7dd5', 'newPos': {'x': 272.765625, 'y': 119}, 'session_id': 'e5466056-3354-4623-8ea1-e8a18af6d601', 'user_id': 'P1'}",1
143,2000-01-01 09:07:56,,relationship_node.deleted,"{'relationship_id': 'instance-9e369952-10a4-4279-9ec1-aa69428e395c-instance-b97d172f-0052-4bf6-b087-4fe1e6af7dd5', 'source_object_id': 'instance-9e369952-10a4-4279-9ec1-aa69428e395c', 'target_object_id': 'instance-b97d172f-0052-4bf6-b087-4fe1e6af7dd5', 'relation': 'talking to', 'source_object_name': 'Baby rabbit', 'target_object_name': 'rabbit', 'session_id': 'e5466056-3354-4623-8ea1-e8a18af6d601', 'user_id': 'P1'}",1
144,2000-01-01 09:07:58,instance-b97d172f-0052-4bf6-b087-4fe1e6af7dd5,layout.node.moved,"{'nodeId': 'instance-b97d172f-0052-4bf6-b087-4fe1e6af7dd5', 'newPos': {'x': 317.765625, 'y': 118}, 'session_id': 'e5466056-3354-4623-8ea1-e8a18af6d601', 'user_id': 'P1'}",1
145,2000-01-01 09:08:00,,relationship_node.deleted,"{'relationship_id': 'instance-b97d172f-0052-4bf6-b087-4fe1e6af7dd5-instance-5ab7832b-69c5-42ea-8ed3-bde6e5761037', 'source_object_id': 'instance-b97d172f-0052-4bf6-b087-4fe1e6af7dd5', 'target_object_id': 'instance-5ab7832b-69c5-42ea-8ed3-bde6e5761037', 'relation': 'watching', 'source_object_name': 'rabbit', 'target_object_name': 'Baby rabbit', 'session_id': 'e5466056-3354-4623-8ea1-e8a18af6d601', 'user_id': 'P1'}",1
146,2000-01-01 09:08:01,,relationship_node.deleted,"{'relationship_id': 'instance-5ab7832b-69c5-42ea-8ed3-bde6e5761037-instance-b97d172f-0052-4bf6-b087-4fe1e6af7dd5', 'source_object_id': 'instance-5ab7832b-69c5-42ea-8ed3-bde6e5761037', 'target_object_id': 'instance-b97d172f-0052-4bf6-b087-4fe1e6af7dd5', 'relation': 'talking to', 'source_object_name': 'Baby rabbit', 'target_object_name': 'rabbit', 'session_id': 'e5466056-3354-4623-8ea1-e8a18af6d601', 'user_id': 'P1'}",1
147,2000-01-01 09:08:02,instance-b97d172f-0052-4bf6-b087-4fe1e6af7dd5,layout.node.moved,"{'nodeId': 'instance-b97d172f-0052-4bf6-b087-4fe1e6af7dd5', 'newPos': {'x': 250.765625, 'y': 120}, 'session_id': 'e5466056-3354-4623-8ea1-e8a18af6d601', 'user_id': 'P1'}",1
148,2000-01-01 09:08:04,instance-5ab7832b-69c5-42ea-8ed3-bde6e5761037,layout.node.moved,"{'nodeId': 'instance-5ab7832b-69c5-42ea-8ed3-bde6e5761037', 'newPos': {'x': 126, 'y': 225}, 'session_id': 'e5466056-3354-4623-8ea1-e8a18af6d601', 'user_id': 'P1'}",1
149,2000-01-01 09:08:05,instance-9e369952-10a4-4279-9ec1-aa69428e395c,layout.node.moved,"{'nodeId': 'instance-9e369952-10a4-4279-9ec1-aa69428e395c', 'newPos': {'x': 36, 'y': 142}, 'session_id': 'e5466056-3354-4623-8ea1-e8a18af6d601', 'user_id': 'P1'}",1
150,2000-01-01 09:08:08,instance-b97d172f-0052-4bf6-b087-4fe1e6af7dd5,layout.node.moved,"{'nodeId': 'instance-b97d172f-0052-4bf6-b087-4fe1e6af7dd5', 'newPos': {'x': 164.765625, 'y': 119}, 'session_id': 'e5466056-3354-4623-8ea1-e8a18af6d601', 'user_id': 'P1'}",1
151,2000-01-01 09:08:10,instance-9e369952-10a4-4279-9ec1-aa69428e395c-resizable,layout.node.moved,"{'nodeId': 'instance-9e369952-10a4-4279-9ec1-aa69428e395c-resizable', 'newPos': {'x': 319, 'y': 209}, 'session_id': 'e5466056-3354-4623-8ea1-e8a18af6d601', 'user_id': 'P1'}",1
152,2000-01-01 09:08:11,instance-9e369952-10a4-4279-9ec1-aa69428e395c,layout.node.moved,"{'nodeId': 'instance-9e369952-10a4-4279-9ec1-aa69428e395c', 'newPos': {'x': 0, 'y': 217}, 'session_id': 'e5466056-3354-4623-8ea1-e8a18af6d601', 'user_id': 'P1'}",1
153,2000-01-01 09:08:12,instance-5ab7832b-69c5-42ea-8ed3-bde6e5761037,layout.node.moved,"{'nodeId': 'instance-5ab7832b-69c5-42ea-8ed3-bde6e5761037', 'newPos': {'x': 307, 'y': 208}, 'session_id': 'e5466056-3354-4623-8ea1-e8a18af6d601', 'user_id': 'P1'}",1
154,2000-01-01 09:08:14,instance-9e369952-10a4-4279-9ec1-aa69428e395c,layout.node.moved,"{'nodeId': 'instance-9e369952-10a4-4279-9ec1-aa69428e395c', 'newPos': {'x': 47, 'y': 208}, 'session_id': 'e5466056-3354-4623-8ea1-e8a18af6d601', 'user_id': 'P1'}",1
155,2000-01-01 09:08:15,instance-b97d172f-0052-4bf6-b087-4fe1e6af7dd5,layout.node.moved,"{'nodeId': 'instance-b97d172f-0052-4bf6-b087-4fe1e6af7dd5', 'newPos': {'x': 148.765625, 'y': 109}, 'session_id': 'e5466056-3354-4623-8ea1-e8a18af6d601', 'user_id': 'P1'}",1
156,2000-01-01 09:08:48,,api.generate_image.succeeded,"{'global_caption': 'a scene featuring a baby rabbit character, a 2D sketch illustration in watercolor style, wearing a dirty blue jacket with mud, running and finding something, an enthusiastic rabbit looking up at the unknown, with a forest background with trees and mud, a 2D illustration in watercolor style, with blur, in rough condition, along with a baby rabbit character in a watercolor illustration, with a bright and passionate face, wearing a dirty green shirt with mud, running and finding something, enthusiastic, and a baby rabbit in a watercolor illustration, with a bright and passionate face, wearing a dirty red shirt with mud, running and finding something, enthusiastic.', 'region_count': 4, 'has_image': True, 'detected_objects_count': 2, 'image_path': 'output/P1/2025-08-22_09-08-48/image.png', 'image_with_layout_path': 'output/P1/2025-08-22_09-08-48/image_with_layout.png', 'timestamp_dir': 'output/P1/2025-08-22_09-08-48', 'session_id': 'e5466056-3354-4623-8ea1-e8a18af6d601', 'user_id': 'P1'}",1
157,2000-01-01 09:09:09,,scene_saved,"{'slotNumber': 4, 'instanceCount': 4, 'nodeCount': 8, 'edgeCount': 2, 'session_id': 'e5466056-3354-4623-8ea1-e8a18af6d601', 'user_id': 'P1'}",1
158,2000-01-01 09:09:33,instance-608e8a4d-b475-4a5b-8cfe-feae5fff45f6-resizable,layoutboard.node.resizable.resized,"{'nodeId': 'instance-608e8a4d-b475-4a5b-8cfe-feae5fff45f6-resizable', 'prevSize': {'width': 505, 'height': 507}, 'newSize': {'width': 35, 'height': 75}, 'delta': {'width': -470, 'height': -432}, 'linkedSizeNodeIds': [], 'session_id': 'e5466056-3354-4623-8ea1-e8a18af6d601', 'user_id': 'P1'}",1
159,2000-01-01 09:09:38,,layout_board.new_box_positioned,"{'position': {'x': 309.765625, 'y': 80}, 'screen_position': {'x': 371, 'y': 123}, 'board_type': 'advanced', 'session_id': 'e5466056-3354-4623-8ea1-e8a18af6d601', 'user_id': 'P1'}",1
160,2000-01-01 09:10:03,instance-0108ee6e-4717-4496-acc6-27106afa83f1-resizable,layoutboard.node.resizable.resized,"{'nodeId': 'instance-0108ee6e-4717-4496-acc6-27106afa83f1-resizable', 'prevSize': {'width': 50, 'height': 50}, 'newSize': {'width': 154, 'height': 430}, 'delta': {'width': 104, 'height': 380}, 'linkedSizeNodeIds': [], 'session_id': 'e5466056-3354-4623-8ea1-e8a18af6d601', 'user_id': 'P1'}",1
161,2000-01-01 09:10:04,instance-0108ee6e-4717-4496-acc6-27106afa83f1,layout.node.moved,"{'nodeId': 'instance-0108ee6e-4717-4496-acc6-27106afa83f1', 'newPos': {'x': 308.765625, 'y': 54}, 'session_id': 'e5466056-3354-4623-8ea1-e8a18af6d601', 'user_id': 'P1'}",1
162,2000-01-01 09:10:21,instance-a6e38a4c-3d55-4f61-81f3-558826446a79,instance.created_from_class,"{'instance_id': 'instance-a6e38a4c-3d55-4f61-81f3-558826446a79', 'class_id': 'class-3e5a7aa6-5b51-446b-97b9-b2c655fb78dc', 'instance_label': 'Balloon', 'has_text_description': True, 'session_id': 'e5466056-3354-4623-8ea1-e8a18af6d601', 'user_id': 'P1'}",1
163,2000-01-01 09:10:21,,relationship_node.created,"{'relationship_id': 'instance-5ab7832b-69c5-42ea-8ed3-bde6e5761037->instance-0108ee6e-4717-4496-acc6-27106afa83f1:looking/pointing at', 'sourceId': 'instance-5ab7832b-69c5-42ea-8ed3-bde6e5761037', 'targetId': 'instance-0108ee6e-4717-4496-acc6-27106afa83f1', 'relation': 'looking/pointing at', 'video_time': '37:44'}",1
164,2000-01-01 09:10:27,instance-a6e38a4c-3d55-4f61-81f3-558826446a79,layout.node.moved,"{'nodeId': 'instance-a6e38a4c-3d55-4f61-81f3-558826446a79', 'newPos': {'x': 380, 'y': 99}, 'session_id': 'e5466056-3354-4623-8ea1-e8a18af6d601', 'user_id': 'P1'}",1
165,2000-01-01 09:10:29,instance-a6e38a4c-3d55-4f61-81f3-558826446a79,layout.node.moved,"{'nodeId': 'instance-a6e38a4c-3d55-4f61-81f3-558826446a79', 'newPos': {'x': 166, 'y': 21}, 'session_id': 'e5466056-3354-4623-8ea1-e8a18af6d601', 'user_id': 'P1'}",1
166,2000-01-01 09:10:30,instance-a6e38a4c-3d55-4f61-81f3-558826446a79-resizable,layoutboard.node.resizable.resized,"{'nodeId': 'instance-a6e38a4c-3d55-4f61-81f3-558826446a79-resizable', 'prevSize': {'width': 50, 'height': 50}, 'newSize': {'width': 108, 'height': 121}, 'delta': {'width': 58, 'height': 71}, 'linkedSizeNodeIds': [], 'session_id': 'e5466056-3354-4623-8ea1-e8a18af6d601', 'user_id': 'P1'}",1
167,2000-01-01 09:10:32,instance-a6e38a4c-3d55-4f61-81f3-558826446a79-resizable,layoutboard.node.resizable.resized,"{'nodeId': 'instance-a6e38a4c-3d55-4f61-81f3-558826446a79-resizable', 'prevSize': {'width': 50, 'height': 50}, 'newSize': {'width': 99, 'height': 136}, 'delta': {'width': 49, 'height': 86}, 'linkedSizeNodeIds': [], 'session_id': 'e5466056-3354-4623-8ea1-e8a18af6d601', 'user_id': 'P1'}",1
168,2000-01-01 09:10:35,instance-a6e38a4c-3d55-4f61-81f3-558826446a79,layout.node.moved,"{'nodeId': 'instance-a6e38a4c-3d55-4f61-81f3-558826446a79', 'newPos': {'x': 369, 'y': 86}, 'session_id': 'e5466056-3354-4623-8ea1-e8a18af6d601', 'user_id': 'P1'}",1
169,2000-01-01 09:10:38,instance-a6e38a4c-3d55-4f61-81f3-558826446a79,layout.node.moved,"{'nodeId': 'instance-a6e38a4c-3d55-4f61-81f3-558826446a79', 'newPos': {'x': 382, 'y': 63}, 'session_id': 'e5466056-3354-4623-8ea1-e8a18af6d601', 'user_id': 'P1'}",1
170,2000-01-01 09:10:42,instance-0108ee6e-4717-4496-acc6-27106afa83f1-resizable,layout.node.moved,"{'nodeId': 'instance-0108ee6e-4717-4496-acc6-27106afa83f1-resizable', 'newPos': {'x': 300.765625, 'y': 43}, 'session_id': 'e5466056-3354-4623-8ea1-e8a18af6d601', 'user_id': 'P1'}",1
171,2000-01-01 09:11:03,instance-a6e38a4c-3d55-4f61-81f3-558826446a79,instance.updated,"{'instance_id': 'instance-a6e38a4c-3d55-4f61-81f3-558826446a79', 'instance_label': 'balloon', 'text_changed': True, 'graph_changed': False, 'session_id': 'e5466056-3354-4623-8ea1-e8a18af6d601', 'user_id': 'P1'}",1
172,2000-01-01 09:11:17,,relationship_node.created,"{'relationship_id': 'instance-5ab7832b-69c5-42ea-8ed3-bde6e5761037->instance-0108ee6e-4717-4496-acc6-27106afa83f1:looking up', 'sourceId': 'instance-5ab7832b-69c5-42ea-8ed3-bde6e5761037', 'targetId': 'instance-0108ee6e-4717-4496-acc6-27106afa83f1', 'relation': 'looking up', 'video_time': '38:40'}",1
173,2000-01-01 09:11:25,instance-b97d172f-0052-4bf6-b087-4fe1e6af7dd5,layout.node.moved,"{'nodeId': 'instance-b97d172f-0052-4bf6-b087-4fe1e6af7dd5', 'newPos': {'x': 33.765625, 'y': 159}, 'session_id': 'e5466056-3354-4623-8ea1-e8a18af6d601', 'user_id': 'P1'}",1
174,2000-01-01 09:11:27,instance-9e369952-10a4-4279-9ec1-aa69428e395c,layout.node.moved,"{'nodeId': 'instance-9e369952-10a4-4279-9ec1-aa69428e395c', 'newPos': {'x': 23, 'y': 238}, 'session_id': 'e5466056-3354-4623-8ea1-e8a18af6d601', 'user_id': 'P1'}",1
175,2000-01-01 09:11:29,instance-0108ee6e-4717-4496-acc6-27106afa83f1-resizable,layout.node.moved,"{'nodeId': 'instance-0108ee6e-4717-4496-acc6-27106afa83f1-resizable', 'newPos': {'x': 286.765625, 'y': 30}, 'session_id': 'e5466056-3354-4623-8ea1-e8a18af6d601', 'user_id': 'P1'}",1
176,2000-01-01 09:11:31,instance-5ab7832b-69c5-42ea-8ed3-bde6e5761037-resizable,layout.node.moved,"{'nodeId': 'instance-5ab7832b-69c5-42ea-8ed3-bde6e5761037-resizable', 'newPos': {'x': 193, 'y': 210}, 'session_id': 'e5466056-3354-4623-8ea1-e8a18af6d601', 'user_id': 'P1'}",1
177,2000-01-01 09:11:50,,relationship_node.created,"{'relationship_id': 'instance-b97d172f-0052-4bf6-b087-4fe1e6af7dd5->instance-0108ee6e-4717-4496-acc6-27106afa83f1:looking up', 'sourceId': 'instance-b97d172f-0052-4bf6-b087-4fe1e6af7dd5', 'targetId': 'instance-0108ee6e-4717-4496-acc6-27106afa83f1', 'relation': 'looking up', 'video_time': '39:13'}",1
178,2000-01-01 09:11:53,,relationship_node.created,"{'relationship_id': 'instance-ee18810a-dc3c-4744-9f9b-a6e15d8f7999->instance-0108ee6e-4717-4496-acc6-27106afa83f1:stuck in', 'sourceId': 'instance-ee18810a-dc3c-4744-9f9b-a6e15d8f7999', 'targetId': 'instance-0108ee6e-4717-4496-acc6-27106afa83f1', 'relation': 'stuck in', 'video_time': '39:16'}",1
179,2000-01-01 09:11:54,,relationship_node.edited,"{'relationship_id': 'instance-5ab7832b-69c5-42ea-8ed3-bde6e5761037-instance-0108ee6e-4717-4496-acc6-27106afa83f1', 'source_object_id': 'instance-5ab7832b-69c5-42ea-8ed3-bde6e5761037', 'target_object_id': 'instance-0108ee6e-4717-4496-acc6-27106afa83f1', 'old_relation': 'related', 'new_relation': 'looking, pointing at', 'source_object_name': 'Baby rabbit', 'target_object_name': 'tree', 'session_id': 'e5466056-3354-4623-8ea1-e8a18af6d601', 'user_id': 'P1'}",1
180,2000-01-01 09:12:50,instance-b97d172f-0052-4bf6-b087-4fe1e6af7dd5-resizable,layoutboard.node.resizable.resized,"{'nodeId': 'instance-b97d172f-0052-4bf6-b087-4fe1e6af7dd5-resizable', 'prevSize': {'width': 206, 'height': 213}, 'newSize': {'width': 186, 'height': 235}, 'delta': {'width': -20, 'height': 22}, 'linkedSizeNodeIds': [], 'session_id': 'e5466056-3354-4623-8ea1-e8a18af6d601', 'user_id': 'P1'}",1
181,2000-01-01 09:12:52,instance-b97d172f-0052-4bf6-b087-4fe1e6af7dd5-resizable,layoutboard.node.resizable.resized,"{'nodeId': 'instance-b97d172f-0052-4bf6-b087-4fe1e6af7dd5-resizable', 'prevSize': {'width': 206, 'height': 213}, 'newSize': {'width': 175, 'height': 236}, 'delta': {'width': -31, 'height': 23}, 'linkedSizeNodeIds': [], 'session_id': 'e5466056-3354-4623-8ea1-e8a18af6d601', 'user_id': 'P1'}",1
182,2000-01-01 09:12:54,instance-5ab7832b-69c5-42ea-8ed3-bde6e5761037,instance.updated,"{'instance_id': 'instance-5ab7832b-69c5-42ea-8ed3-bde6e5761037', 'instance_label': 'rabbit', 'text_changed': True, 'graph_changed': False, 'session_id': 'e5466056-3354-4623-8ea1-e8a18af6d601', 'user_id': 'P1'}",1
183,2000-01-01 09:13:19,instance-608e8a4d-b475-4a5b-8cfe-feae5fff45f6-resizable,layoutboard.node.resizable.resized,"{'nodeId': 'instance-608e8a4d-b475-4a5b-8cfe-feae5fff45f6-resizable', 'prevSize': {'width': 505, 'height': 507}, 'newSize': {'width': 488, 'height': 501}, 'delta': {'width': -17, 'height': -6}, 'linkedSizeNodeIds': [], 'session_id': 'e5466056-3354-4623-8ea1-e8a18af6d601', 'user_id': 'P1'}",1
184,2000-01-01 09:13:35,instance-608e8a4d-b475-4a5b-8cfe-feae5fff45f6,instance.updated,"{'instance_id': 'instance-608e8a4d-b475-4a5b-8cfe-feae5fff45f6', 'instance_label': 'forest', 'text_changed': True, 'graph_changed': False, 'session_id': 'e5466056-3354-4623-8ea1-e8a18af6d601', 'user_id': 'P1'}",1
185,2000-01-01 09:14:00,,api.generate_image.succeeded,"{'global_caption': 'a scene featuring a baby rabbit character in a 2D sketch illustration in watercolor style, wearing a dirty blue jacket with mud, running and finding something, an enthusiastic rabbit looking up at the unknown and pointing at a tree, alongside a forest background with trees and mud in a 2D illustration in watercolor style, a baby rabbit character with a bright and passionate face wearing a dirty green shirt with mud, another baby rabbit with a bright and passionate face wearing a dirty red shirt with mud, a big tree with branches, and a red balloon illustrated in a 2D watercolor sketch, a stuck balloon stuck in a tree.', 'region_count': 6, 'has_image': True, 'detected_objects_count': 6, 'image_path': 'output/P1/2025-08-22_09-13-59/image.png', 'image_with_layout_path': 'output/P1/2025-08-22_09-13-59/image_with_layout.png', 'timestamp_dir': 'output/P1/2025-08-22_09-13-59', 'session_id': 'e5466056-3354-4623-8ea1-e8a18af6d601', 'user_id': 'P1'}",1
186,2000-01-01 09:14:15,instance-608e8a4d-b475-4a5b-8cfe-feae5fff45f6-resizable,layout.node.moved,"{'nodeId': 'instance-608e8a4d-b475-4a5b-8cfe-feae5fff45f6-resizable', 'newPos': {'x': 19, 'y': 11}, 'session_id': 'e5466056-3354-4623-8ea1-e8a18af6d601', 'user_id': 'P1'}",1
187,2000-01-01 09:14:17,instance-608e8a4d-b475-4a5b-8cfe-feae5fff45f6-resizable,layoutboard.node.resizable.resized,"{'nodeId': 'instance-608e8a4d-b475-4a5b-8cfe-feae5fff45f6-resizable', 'prevSize': {'width': 505, 'height': 507}, 'newSize': {'width': 143, 'height': 161}, 'delta': {'width': -362, 'height': -346}, 'linkedSizeNodeIds': [], 'session_id': 'e5466056-3354-4623-8ea1-e8a18af6d601', 'user_id': 'P1'}",1
188,2000-01-01 09:14:18,d4aafb76-910c-46fc-83dc-9c55cf29efb5,instance_created_from_detection,"{'instanceId': 'd4aafb76-910c-46fc-83dc-9c55cf29efb5', 'label': 'Baby rabbit', 'originalObjectLabel': 'person', 'session_id': 'e5466056-3354-4623-8ea1-e8a18af6d601', 'user_id': 'P1'}",1
189,2000-01-01 09:14:19,instance-b97d172f-0052-4bf6-b087-4fe1e6af7dd5,layout.node.moved,"{'nodeId': 'instance-b97d172f-0052-4bf6-b087-4fe1e6af7dd5', 'newPos': {'x': 72.765625, 'y': 175}, 'session_id': 'e5466056-3354-4623-8ea1-e8a18af6d601', 'user_id': 'P1'}",1
190,2000-01-01 09:14:20,instance-9e369952-10a4-4279-9ec1-aa69428e395c,layout.node.moved,"{'nodeId': 'instance-9e369952-10a4-4279-9ec1-aa69428e395c', 'newPos': {'x': 15, 'y': 250}, 'session_id': 'e5466056-3354-4623-8ea1-e8a18af6d601', 'user_id': 'P1'}",1
191,2000-01-01 09:14:48,instance-9e369952-10a4-4279-9ec1-aa69428e395c,instance.updated,"{'instance_id': 'instance-9e369952-10a4-4279-9ec1-aa69428e395c', 'instance_label': 'rabbit', 'text_changed': True, 'graph_changed': False, 'session_id': 'e5466056-3354-4623-8ea1-e8a18af6d601', 'user_id': 'P1'}",1
192,2000-01-01 09:15:11,instance-b97d172f-0052-4bf6-b087-4fe1e6af7dd5,instance.updated,"{'instance_id': 'instance-b97d172f-0052-4bf6-b087-4fe1e6af7dd5', 'instance_label': 'rabbit', 'text_changed': True, 'graph_changed': False, 'session_id': 'e5466056-3354-4623-8ea1-e8a18af6d601', 'user_id': 'P1'}",1
193,2000-01-01 09:15:42,,api.generate_image.succeeded,"{'global_caption': 'a scene featuring a baby rabbit character in a 2D sketch illustration in watercolor style, wearing a dirty blue jacket with mud, surprised and looking up at an unknown object, alongside an enthusiastic rabbit with a bright and passionate face wearing a dirty green shirt with mud, pointing at a tree, another baby rabbit character with a bright and passionate face wearing a dirty red shirt with mud, surprised and looking up at a tree, a big tree with branches, a red balloon illustrated in a 2D watercolor sketch, stuck in a tree, and a forest background with trees and mud in a blurred sunny 2D illustration in watercolor style.', 'region_count': 7, 'has_image': True, 'detected_objects_count': 2, 'image_path': 'output/P1/2025-08-22_09-15-41/image.png', 'image_with_layout_path': 'output/P1/2025-08-22_09-15-41/image_with_layout.png', 'timestamp_dir': 'output/P1/2025-08-22_09-15-41', 'session_id': 'e5466056-3354-4623-8ea1-e8a18af6d601', 'user_id': 'P1'}",1
194,2000-01-01 09:16:09,d4aafb76-910c-46fc-83dc-9c55cf29efb5,instance.deleted,"{'instance_id': 'd4aafb76-910c-46fc-83dc-9c55cf29efb5', 'instance_label': 'Baby rabbit', 'is_from_class': False, 'class_id': None, 'session_id': 'e5466056-3354-4623-8ea1-e8a18af6d601', 'user_id': 'P1'}",1
195,2000-01-01 09:16:21,e03d7df2-dfc6-4c77-a8c0-adf28299d8be,instance_created_from_detection,"{'instanceId': 'e03d7df2-dfc6-4c77-a8c0-adf28299d8be', 'label': 'Rabbit', 'originalObjectLabel': 'person', 'session_id': 'e5466056-3354-4623-8ea1-e8a18af6d601', 'user_id': 'P1'}",1
196,2000-01-01 09:16:29,e03d7df2-dfc6-4c77-a8c0-adf28299d8be,layout.node.moved,"{'nodeId': 'e03d7df2-dfc6-4c77-a8c0-adf28299d8be', 'newPos': {'x': 299.765625, 'y': 269}, 'session_id': 'e5466056-3354-4623-8ea1-e8a18af6d601', 'user_id': 'P1'}",1
197,2000-01-01 09:16:33,e03d7df2-dfc6-4c77-a8c0-adf28299d8be,instance.deleted,"{'instance_id': 'e03d7df2-dfc6-4c77-a8c0-adf28299d8be', 'instance_label': 'Rabbit', 'is_from_class': False, 'class_id': None, 'session_id': 'e5466056-3354-4623-8ea1-e8a18af6d601', 'user_id': 'P1'}",1
198,2000-01-01 09:17:03,,api.generate_image.succeeded,"{'global_caption': 'a scene featuring a baby rabbit character in a 2D sketch illustration in watercolor style, wearing a dirty blue jacket with mud, surprised and looking up at an unknown object, alongside a baby rabbit character in a watercolor illustration with a bright and passionate face, wearing a dirty green shirt with mud, with a bright face and a smile, found something, one arm reaching up pointing at something, another baby rabbit in a watercolor illustration with a bright and passionate face, wearing a dirty red shirt with mud, surprised and looking up at a tree, a big tree with branches, a red balloon illustrated in a 2D watercolor sketch, stuck in a tree, and a forest background with trees and mud in a blurred sunny 2D illustration in watercolor style.', 'region_count': 6, 'has_image': True, 'detected_objects_count': 4, 'image_path': 'output/P1/2025-08-22_09-17-03/image.png', 'image_with_layout_path': 'output/P1/2025-08-22_09-17-03/image_with_layout.png', 'timestamp_dir': 'output/P1/2025-08-22_09-17-03', 'session_id': 'e5466056-3354-4623-8ea1-e8a18af6d601', 'user_id': 'P1'}",1
199,2000-01-01 09:17:13,,scene_saved,"{'slotNumber': 5, 'instanceCount': 6, 'nodeCount': 12, 'edgeCount': 6, 'session_id': 'e5466056-3354-4623-8ea1-e8a18af6d601', 'user_id': 'P1'}",1
200,2000-01-01 09:17:19,instance-608e8a4d-b475-4a5b-8cfe-feae5fff45f6-resizable,layoutboard.node.resizable.resized,"{'nodeId': 'instance-608e8a4d-b475-4a5b-8cfe-feae5fff45f6-resizable', 'prevSize': {'width': 505, 'height': 507}, 'newSize': {'width': 136, 'height': 497}, 'delta': {'width': -369, 'height': -10}, 'linkedSizeNodeIds': [], 'session_id': 'e5466056-3354-4623-8ea1-e8a18af6d601', 'user_id': 'P1'}",1
201,2000-01-01 09:17:23,instance-608e8a4d-b475-4a5b-8cfe-feae5fff45f6-resizable,layoutboard.node.resizable.resized,"{'nodeId': 'instance-608e8a4d-b475-4a5b-8cfe-feae5fff45f6-resizable', 'prevSize': {'width': 505, 'height': 507}, 'newSize': {'width': 501, 'height': 523}, 'delta': {'width': -4, 'height': 16}, 'linkedSizeNodeIds': [], 'session_id': 'e5466056-3354-4623-8ea1-e8a18af6d601', 'user_id': 'P1'}",1
202,2000-01-01 09:17:24,,relationship_node.created,"{'relationship_id': 'instance-b97d172f-0052-4bf6-b087-4fe1e6af7dd5->instance-ee18810a-dc3c-4744-9f9b-a6e15d8f7999:grabbing', 'sourceId': 'instance-b97d172f-0052-4bf6-b087-4fe1e6af7dd5', 'targetId': 'instance-ee18810a-dc3c-4744-9f9b-a6e15d8f7999', 'relation': 'grabbing', 'video_time': '44:47'}",1
203,2000-01-01 09:17:56,,api.generate_image.succeeded,"{'global_caption': 'a scene featuring a baby rabbit character in a 2D sketch illustration in watercolor style, wearing a dirty blue jacket with mud, surprised, looking up at an unknown object, a rabbit looking up at a tree, a forest background with trees and mud, a 2D illustration in watercolor style, with a blur effect and sunny atmosphere, a baby rabbit character in a watercolor illustration with a bright and passionate face, wearing a dirty green shirt with mud, a bright face with a smile, found something, one arm reaching up, pointing at something, a rabbit looking and pointing at a tree, a baby rabbit in a watercolor illustration with a bright and passionate face, wearing a dirty red shirt with mud, surprised, looking up at a rabbit looking up at a tree, a big tree with branches, and a red balloon illustrated in a 2D watercolor sketch, a balloon stuck in the tree.', 'region_count': 6, 'has_image': True, 'detected_objects_count': 0, 'image_path': 'output/P1/2025-08-22_09-17-56/image.png', 'image_with_layout_path': 'output/P1/2025-08-22_09-17-56/image_with_layout.png', 'timestamp_dir': 'output/P1/2025-08-22_09-17-56', 'session_id': 'e5466056-3354-4623-8ea1-e8a18af6d601', 'user_id': 'P1'}",1
204,2000-01-01 09:18:08,instance-608e8a4d-b475-4a5b-8cfe-feae5fff45f6-resizable,layoutboard.node.resizable.resized,"{'nodeId': 'instance-608e8a4d-b475-4a5b-8cfe-feae5fff45f6-resizable', 'prevSize': {'width': 505, 'height': 507}, 'newSize': {'width': 97, 'height': 83}, 'delta': {'width': -408, 'height': -424}, 'linkedSizeNodeIds': [], 'session_id': 'e5466056-3354-4623-8ea1-e8a18af6d601', 'user_id': 'P1'}",1
205,2000-01-01 09:18:10,,relationship_node.created,"{'relationship_id': 'instance-b97d172f-0052-4bf6-b087-4fe1e6af7dd5->instance-5ab7832b-69c5-42ea-8ed3-bde6e5761037:hugging together', 'sourceId': 'instance-b97d172f-0052-4bf6-b087-4fe1e6af7dd5', 'targetId': 'instance-5ab7832b-69c5-42ea-8ed3-bde6e5761037', 'relation': 'hugging together', 'video_time': '45:33'}",1
206,2000-01-01 09:18:20,,relationship_node.created,"{'relationship_id': 'instance-5ab7832b-69c5-42ea-8ed3-bde6e5761037->instance-5ab7832b-69c5-42ea-8ed3-bde6e5761037:hugging together', 'sourceId': 'instance-5ab7832b-69c5-42ea-8ed3-bde6e5761037', 'targetId': 'instance-5ab7832b-69c5-42ea-8ed3-bde6e5761037', 'relation': 'hugging together', 'video_time': '45:43'}",1
207,2000-01-01 09:18:22,instance-0108ee6e-4717-4496-acc6-27106afa83f1,instance.deleted,"{'instance_id': 'instance-0108ee6e-4717-4496-acc6-27106afa83f1', 'instance_label': 'tree', 'is_from_class': False, 'class_id': None, 'session_id': 'e5466056-3354-4623-8ea1-e8a18af6d601', 'user_id': 'P1'}",1
208,2000-01-01 09:18:25,instance-a6e38a4c-3d55-4f61-81f3-558826446a79,layout.node.moved,"{'nodeId': 'instance-a6e38a4c-3d55-4f61-81f3-558826446a79', 'newPos': {'x': 329, 'y': 119}, 'session_id': 'e5466056-3354-4623-8ea1-e8a18af6d601', 'user_id': 'P1'}",1
209,2000-01-01 09:18:25,,relationship_node.created,"{'relationship_id': 'instance-5ab7832b-69c5-42ea-8ed3-bde6e5761037->instance-b97d172f-0052-4bf6-b087-4fe1e6af7dd5:hugging together', 'sourceId': 'instance-5ab7832b-69c5-42ea-8ed3-bde6e5761037', 'targetId': 'instance-b97d172f-0052-4bf6-b087-4fe1e6af7dd5', 'relation': 'hugging together', 'video_time': '45:48'}",1
210,2000-01-01 09:18:27,instance-5ab7832b-69c5-42ea-8ed3-bde6e5761037,layout.node.moved,"{'nodeId': 'instance-5ab7832b-69c5-42ea-8ed3-bde6e5761037', 'newPos': {'x': 330, 'y': 260}, 'session_id': 'e5466056-3354-4623-8ea1-e8a18af6d601', 'user_id': 'P1'}",1
211,2000-01-01 09:18:28,instance-b97d172f-0052-4bf6-b087-4fe1e6af7dd5,layout.node.moved,"{'nodeId': 'instance-b97d172f-0052-4bf6-b087-4fe1e6af7dd5', 'newPos': {'x': 164.765625, 'y': 175}, 'session_id': 'e5466056-3354-4623-8ea1-e8a18af6d601', 'user_id': 'P1'}",1
212,2000-01-01 09:18:30,instance-a6e38a4c-3d55-4f61-81f3-558826446a79,layout.node.moved,"{'nodeId': 'instance-a6e38a4c-3d55-4f61-81f3-558826446a79', 'newPos': {'x': 258, 'y': 114}, 'session_id': 'e5466056-3354-4623-8ea1-e8a18af6d601', 'user_id': 'P1'}",1
213,2000-01-01 09:18:33,instance-9e369952-10a4-4279-9ec1-aa69428e395c,layout.node.moved,"{'nodeId': 'instance-9e369952-10a4-4279-9ec1-aa69428e395c', 'newPos': {'x': 39, 'y': 221}, 'session_id': 'e5466056-3354-4623-8ea1-e8a18af6d601', 'user_id': 'P1'}",1
214,2000-01-01 09:18:35,instance-5ab7832b-69c5-42ea-8ed3-bde6e5761037,layout.node.moved,"{'nodeId': 'instance-5ab7832b-69c5-42ea-8ed3-bde6e5761037', 'newPos': {'x': 274, 'y': 221}, 'session_id': 'e5466056-3354-4623-8ea1-e8a18af6d601', 'user_id': 'P1'}",1
215,2000-01-01 09:18:36,instance-9e369952-10a4-4279-9ec1-aa69428e395c,layout.node.moved,"{'nodeId': 'instance-9e369952-10a4-4279-9ec1-aa69428e395c', 'newPos': {'x': 48, 'y': 220}, 'session_id': 'e5466056-3354-4623-8ea1-e8a18af6d601', 'user_id': 'P1'}",1
216,2000-01-01 09:18:38,instance-a6e38a4c-3d55-4f61-81f3-558826446a79,layout.node.moved,"{'nodeId': 'instance-a6e38a4c-3d55-4f61-81f3-558826446a79', 'newPos': {'x': 261, 'y': 115}, 'session_id': 'e5466056-3354-4623-8ea1-e8a18af6d601', 'user_id': 'P1'}",1
217,2000-01-01 09:20:25,instance-b97d172f-0052-4bf6-b087-4fe1e6af7dd5,instance.updated,"{'instance_id': 'instance-b97d172f-0052-4bf6-b087-4fe1e6af7dd5', 'instance_label': 'rabbit', 'text_changed': True, 'graph_changed': False, 'session_id': 'e5466056-3354-4623-8ea1-e8a18af6d601', 'user_id': 'P1'}",1
218,2000-01-01 09:20:40,instance-a6e38a4c-3d55-4f61-81f3-558826446a79,instance.updated,"{'instance_id': 'instance-a6e38a4c-3d55-4f61-81f3-558826446a79', 'instance_label': 'balloon', 'text_changed': True, 'graph_changed': False, 'session_id': 'e5466056-3354-4623-8ea1-e8a18af6d601', 'user_id': 'P1'}",1
219,2000-01-01 09:21:03,instance-9e369952-10a4-4279-9ec1-aa69428e395c,instance.updated,"{'instance_id': 'instance-9e369952-10a4-4279-9ec1-aa69428e395c', 'instance_label': 'rabbit', 'text_changed': True, 'graph_changed': False, 'session_id': 'e5466056-3354-4623-8ea1-e8a18af6d601', 'user_id': 'P1'}",1
220,2000-01-01 09:21:13,instance-5ab7832b-69c5-42ea-8ed3-bde6e5761037,instance.updated,"{'instance_id': 'instance-5ab7832b-69c5-42ea-8ed3-bde6e5761037', 'instance_label': 'rabbit', 'text_changed': True, 'graph_changed': False, 'session_id': 'e5466056-3354-4623-8ea1-e8a18af6d601', 'user_id': 'P1'}",1
221,2000-01-01 09:21:33,instance-608e8a4d-b475-4a5b-8cfe-feae5fff45f6,instance.updated,"{'instance_id': 'instance-608e8a4d-b475-4a5b-8cfe-feae5fff45f6', 'instance_label': 'forest', 'text_changed': True, 'graph_changed': False, 'session_id': 'e5466056-3354-4623-8ea1-e8a18af6d601', 'user_id': 'P1'}",1
222,2000-01-01 09:21:33,instance-608e8a4d-b475-4a5b-8cfe-feae5fff45f6-resizable,layoutboard.node.resizable.resized,"{'nodeId': 'instance-608e8a4d-b475-4a5b-8cfe-feae5fff45f6-resizable', 'prevSize': {'width': 505, 'height': 507}, 'newSize': {'width': 506, 'height': 513}, 'delta': {'width': 1, 'height': 6}, 'linkedSizeNodeIds': [], 'session_id': 'e5466056-3354-4623-8ea1-e8a18af6d601', 'user_id': 'P1'}",1
223,2000-01-01 09:22:08,,api.generate_image.succeeded,"{'global_caption': 'a scene featuring a baby rabbit character in a 2D sketch illustration in watercolor style, wearing a dirty blue jacket with mud, with a happy face, talking while grabbing a balloon and hugging another rabbit, set against a forest background in a 2D illustration in watercolor style, with a blur effect and bright sunny atmosphere. In addition, there is a baby rabbit character in a watercolor illustration with a bright and passionate face, wearing a dirty green shirt with mud, smiling while looking and pointing at an unknown object, alongside another baby rabbit in a watercolor illustration with a bright and passionate face, wearing a dirty red shirt with mud, looking up at an unknown object, and hugging another rabbit. The scene is completed with a red balloon illustrated in a 2D watercolor sketch, stuck in an unknown object.', 'region_count': 5, 'has_image': True, 'detected_objects_count': 0, 'image_path': 'output/P1/2025-08-22_09-22-07/image.png', 'image_with_layout_path': 'output/P1/2025-08-22_09-22-07/image_with_layout.png', 'timestamp_dir': 'output/P1/2025-08-22_09-22-07', 'session_id': 'e5466056-3354-4623-8ea1-e8a18af6d601', 'user_id': 'P1'}",1
224,2000-01-01 09:22:21,instance-9e369952-10a4-4279-9ec1-aa69428e395c,layout.node.moved,"{'nodeId': 'instance-9e369952-10a4-4279-9ec1-aa69428e395c', 'newPos': {'x': 49, 'y': 224}, 'session_id': 'e5466056-3354-4623-8ea1-e8a18af6d601', 'user_id': 'P1'}",1
225,2000-01-01 09:22:24,instance-9e369952-10a4-4279-9ec1-aa69428e395c,layout.node.moved,"{'nodeId': 'instance-9e369952-10a4-4279-9ec1-aa69428e395c', 'newPos': {'x': 49, 'y': 214}, 'session_id': 'e5466056-3354-4623-8ea1-e8a18af6d601', 'user_id': 'P1'}",1
226,2000-01-01 09:22:26,instance-a6e38a4c-3d55-4f61-81f3-558826446a79,layout.node.moved,"{'nodeId': 'instance-a6e38a4c-3d55-4f61-81f3-558826446a79', 'newPos': {'x': 258, 'y': 104}, 'session_id': 'e5466056-3354-4623-8ea1-e8a18af6d601', 'user_id': 'P1'}",1
227,2000-01-01 09:22:39,instance-a6e38a4c-3d55-4f61-81f3-558826446a79,instance.updated,"{'instance_id': 'instance-a6e38a4c-3d55-4f61-81f3-558826446a79', 'instance_label': 'balloon', 'text_changed': True, 'graph_changed': False, 'session_id': 'e5466056-3354-4623-8ea1-e8a18af6d601', 'user_id': 'P1'}",1
228,2000-01-01 09:23:07,,api.generate_image.succeeded,"{'global_caption': 'a scene featuring a baby rabbit character in a 2D sketch illustration in watercolor style, wearing a dirty blue jacket with mud, with a happy face, talking while grabbing a balloon and hugging another rabbit, set against a forest background in a 2D illustration in watercolor style, with a blur effect and bright sunny atmosphere. Additionally, there is a baby rabbit character in a watercolor illustration with a bright and passionate face, wearing a dirty green shirt with mud, smiling while looking and pointing at an unknown object, alongside another baby rabbit in a watercolor illustration with a bright and passionate face, wearing a dirty red shirt with mud, looking up at an unknown object while hugging another rabbit. The scene is completed with a red balloon illustrated in a 2D watercolor sketch, stuck in an unknown object.', 'region_count': 5, 'has_image': True, 'detected_objects_count': 1, 'image_path': 'output/P1/2025-08-22_09-23-07/image.png', 'image_with_layout_path': 'output/P1/2025-08-22_09-23-07/image_with_layout.png', 'timestamp_dir': 'output/P1/2025-08-22_09-23-07', 'session_id': 'e5466056-3354-4623-8ea1-e8a18af6d601', 'user_id': 'P1'}",1
229,2000-01-01 09:23:16,,scene_saved,"{'slotNumber': 6, 'instanceCount': 5, 'nodeCount': 10, 'edgeCount': 10, 'session_id': 'e5466056-3354-4623-8ea1-e8a18af6d601', 'user_id': 'P1'}",1
230,2000-01-01 01:35:15,,layout_board.new_box_positioned,"{'position': {'x': 41.3515625, 'y': 75}, 'screen_position': {'x': 103, 'y': 118}, 'board_type': 'advanced', 'session_id': '5a569202-eeea-41bb-9e3a-68dda74fa20c', 'user_id': 'P2'}",2
231,2000-01-01 01:36:48,,api.generate_image.succeeded,"{'global_caption': 'a scene featuring a small village in the forest', 'region_count': 1, 'has_image': True, 'detected_objects_count': 0, 'image_path': 'output/P2/2025-08-23_01-36-48/image.png', 'image_with_layout_path': 'output/P2/2025-08-23_01-36-48/image_with_layout.png', 'timestamp_dir': 'output/P2/2025-08-23_01-36-48', 'session_id': '5a569202-eeea-41bb-9e3a-68dda74fa20c', 'user_id': 'P2'}",2
232,2000-01-01 01:36:56,instance-59e89abd-6d5a-4b78-8601-646ee33699d8-resizable,layout.node.moved,"{'nodeId': 'instance-59e89abd-6d5a-4b78-8601-646ee33699d8-resizable', 'newPos': {'x': 14.3515625, 'y': 18}, 'session_id': '5a569202-eeea-41bb-9e3a-68dda74fa20c', 'user_id': 'P2'}",2
233,2000-01-01 01:36:58,instance-59e89abd-6d5a-4b78-8601-646ee33699d8-resizable,layoutboard.node.resizable.resized,"{'nodeId': 'instance-59e89abd-6d5a-4b78-8601-646ee33699d8-resizable', 'prevSize': {'width': 50, 'height': 50}, 'newSize': {'width': 42, 'height': 45}, 'delta': {'width': -8, 'height': -5}, 'linkedSizeNodeIds': [], 'session_id': '5a569202-eeea-41bb-9e3a-68dda74fa20c', 'user_id': 'P2'}",2
234,2000-01-01 01:37:08,instance-59e89abd-6d5a-4b78-8601-646ee33699d8-resizable,layoutboard.node.resizable.resized,"{'nodeId': 'instance-59e89abd-6d5a-4b78-8601-646ee33699d8-resizable', 'prevSize': {'width': 50, 'height': 50}, 'newSize': {'width': 491, 'height': 483}, 'delta': {'width': 441, 'height': 433}, 'linkedSizeNodeIds': [], 'session_id': '5a569202-eeea-41bb-9e3a-68dda74fa20c', 'user_id': 'P2'}",2
235,2000-01-01 01:37:13,instance-59e89abd-6d5a-4b78-8601-646ee33699d8-resizable,layoutboard.node.resizable.resized,"{'nodeId': 'instance-59e89abd-6d5a-4b78-8601-646ee33699d8-resizable', 'prevSize': {'width': 50, 'height': 50}, 'newSize': {'width': 502, 'height': 495}, 'delta': {'width': 452, 'height': 445}, 'linkedSizeNodeIds': [], 'session_id': '5a569202-eeea-41bb-9e3a-68dda74fa20c', 'user_id': 'P2'}",2
236,2000-01-01 01:37:16,instance-59e89abd-6d5a-4b78-8601-646ee33699d8-resizable,layoutboard.node.resizable.resized,"{'nodeId': 'instance-59e89abd-6d5a-4b78-8601-646ee33699d8-resizable', 'prevSize': {'width': 50, 'height': 50}, 'newSize': {'width': 502, 'height': 503}, 'delta': {'width': 452, 'height': 453}, 'linkedSizeNodeIds': [], 'session_id': '5a569202-eeea-41bb-9e3a-68dda74fa20c', 'user_id': 'P2'}",2
237,2000-01-01 01:37:18,,layout_board.new_box_positioned,"{'position': {'x': 123.9453125, 'y': 216}, 'screen_position': {'x': 181, 'y': 259}, 'board_type': 'advanced', 'session_id': '5a569202-eeea-41bb-9e3a-68dda74fa20c', 'user_id': 'P2'}",2
238,2000-01-01 01:38:16,,layout_board.new_box_positioned,"{'position': {'x': 147.9453125, 'y': 192}, 'screen_position': {'x': 205, 'y': 235}, 'board_type': 'advanced', 'session_id': '5a569202-eeea-41bb-9e3a-68dda74fa20c', 'user_id': 'P2'}",2
239,2000-01-01 01:40:32,instance-2b75c4bb-d457-4a02-8099-68d3c8a16ea7,instance.updated,"{'instance_id': 'instance-2b75c4bb-d457-4a02-8099-68d3c8a16ea7', 'instance_label': 'rabbit', 'text_changed': False, 'graph_changed': True, 'session_id': '5a569202-eeea-41bb-9e3a-68dda74fa20c', 'user_id': 'P2'}",2
240,2000-01-01 01:40:38,instance-59e89abd-6d5a-4b78-8601-646ee33699d8-resizable,layout.node.moved,"{'nodeId': 'instance-59e89abd-6d5a-4b78-8601-646ee33699d8-resizable', 'newPos': {'x': 2.3515625, 'y': 1}, 'session_id': '5a569202-eeea-41bb-9e3a-68dda74fa20c', 'user_id': 'P2'}",2
241,2000-01-01 01:40:42,instance-59e89abd-6d5a-4b78-8601-646ee33699d8-resizable,layout.node.moved,"{'nodeId': 'instance-59e89abd-6d5a-4b78-8601-646ee33699d8-resizable', 'newPos': {'x': 3.3515625, 'y': 3}, 'session_id': '5a569202-eeea-41bb-9e3a-68dda74fa20c', 'user_id': 'P2'}",2
242,2000-01-01 01:40:46,instance-59e89abd-6d5a-4b78-8601-646ee33699d8-resizable,layoutboard.node.resizable.resized,"{'nodeId': 'instance-59e89abd-6d5a-4b78-8601-646ee33699d8-resizable', 'prevSize': {'width': 50, 'height': 50}, 'newSize': {'width': 20, 'height': 20}, 'delta': {'width': -30, 'height': -30}, 'linkedSizeNodeIds': [], 'session_id': '5a569202-eeea-41bb-9e3a-68dda74fa20c', 'user_id': 'P2'}",2
243,2000-01-01 01:40:50,instance-2b75c4bb-d457-4a02-8099-68d3c8a16ea7-resizable,layoutboard.node.resizable.resized,"{'nodeId': 'instance-2b75c4bb-d457-4a02-8099-68d3c8a16ea7-resizable', 'prevSize': {'width': 50, 'height': 50}, 'newSize': {'width': 236, 'height': 251}, 'delta': {'width': 186, 'height': 201}, 'linkedSizeNodeIds': [], 'session_id': '5a569202-eeea-41bb-9e3a-68dda74fa20c', 'user_id': 'P2'}",2
244,2000-01-01 01:40:54,instance-2b75c4bb-d457-4a02-8099-68d3c8a16ea7-resizable,layoutboard.node.resizable.resized,"{'nodeId': 'instance-2b75c4bb-d457-4a02-8099-68d3c8a16ea7-resizable', 'prevSize': {'width': 50, 'height': 50}, 'newSize': {'width': 236, 'height': 156}, 'delta': {'width': 186, 'height': 106}, 'linkedSizeNodeIds': [], 'session_id': '5a569202-eeea-41bb-9e3a-68dda74fa20c', 'user_id': 'P2'}",2
245,2000-01-01 01:40:55,instance-2b75c4bb-d457-4a02-8099-68d3c8a16ea7-resizable,layout.node.moved,"{'nodeId': 'instance-2b75c4bb-d457-4a02-8099-68d3c8a16ea7-resizable', 'newPos': {'x': 144.9453125, 'y': 335}, 'session_id': '5a569202-eeea-41bb-9e3a-68dda74fa20c', 'user_id': 'P2'}",2
246,2000-01-01 01:40:58,instance-2b75c4bb-d457-4a02-8099-68d3c8a16ea7-resizable,layoutboard.node.resizable.resized,"{'nodeId': 'instance-2b75c4bb-d457-4a02-8099-68d3c8a16ea7-resizable', 'prevSize': {'width': 50, 'height': 50}, 'newSize': {'width': 236, 'height': 157}, 'delta': {'width': 186, 'height': 107}, 'linkedSizeNodeIds': [], 'session_id': '5a569202-eeea-41bb-9e3a-68dda74fa20c', 'user_id': 'P2'}",2
247,2000-01-01 01:40:58,,api.generate_image.succeeded,"{'global_caption': 'a scene featuring a small village in the forest, three small rabbits are smiling, and one rabbit is grabbing a red balloon in its hand', 'region_count': 2, 'has_image': True, 'detected_objects_count': 3, 'image_path': 'output/P2/2025-08-23_01-40-58/image.png', 'image_with_layout_path': 'output/P2/2025-08-23_01-40-58/image_with_layout.png', 'timestamp_dir': 'output/P2/2025-08-23_01-40-58', 'session_id': '5a569202-eeea-41bb-9e3a-68dda74fa20c', 'user_id': 'P2'}",2
248,2000-01-01 01:43:27,instance-2b75c4bb-d457-4a02-8099-68d3c8a16ea7,instance.updated,"{'instance_id': 'instance-2b75c4bb-d457-4a02-8099-68d3c8a16ea7', 'instance_label': 'rabbit', 'text_changed': False, 'graph_changed': True, 'session_id': '5a569202-eeea-41bb-9e3a-68dda74fa20c', 'user_id': 'P2'}",2
249,2000-01-01 01:45:17,instance-2b75c4bb-d457-4a02-8099-68d3c8a16ea7,instance.updated,"{'instance_id': 'instance-2b75c4bb-d457-4a02-8099-68d3c8a16ea7', 'instance_label': 'rabbit', 'text_changed': True, 'graph_changed': False, 'session_id': '5a569202-eeea-41bb-9e3a-68dda74fa20c', 'user_id': 'P2'}",2
250,2000-01-01 01:45:26,instance-2b75c4bb-d457-4a02-8099-68d3c8a16ea7,instance.updated,"{'instance_id': 'instance-2b75c4bb-d457-4a02-8099-68d3c8a16ea7', 'instance_label': 'rabbit', 'text_changed': False, 'graph_changed': True, 'session_id': '5a569202-eeea-41bb-9e3a-68dda74fa20c', 'user_id': 'P2'}",2
251,2000-01-01 01:45:39,,layout_board.new_box_positioned,"{'position': {'x': 57.3515625, 'y': 213}, 'screen_position': {'x': 119, 'y': 256}, 'board_type': 'advanced', 'session_id': '5a569202-eeea-41bb-9e3a-68dda74fa20c', 'user_id': 'P2'}",2
252,2000-01-01 01:46:09,instance-7c807f3f-e9ba-4bb8-a25e-cb15eaf738de-resizable,layoutboard.node.resizable.resized,"{'nodeId': 'instance-7c807f3f-e9ba-4bb8-a25e-cb15eaf738de-resizable', 'prevSize': {'width': 50, 'height': 50}, 'newSize': {'width': 85, 'height': 241}, 'delta': {'width': 35, 'height': 191}, 'linkedSizeNodeIds': [], 'session_id': '5a569202-eeea-41bb-9e3a-68dda74fa20c', 'user_id': 'P2'}",2
253,2000-01-01 01:46:12,instance-2b75c4bb-d457-4a02-8099-68d3c8a16ea7-resizable,layoutboard.node.resizable.resized,"{'nodeId': 'instance-2b75c4bb-d457-4a02-8099-68d3c8a16ea7-resizable', 'prevSize': {'width': 50, 'height': 50}, 'newSize': {'width': 149, 'height': 265}, 'delta': {'width': 99, 'height': 215}, 'linkedSizeNodeIds': [], 'session_id': '5a569202-eeea-41bb-9e3a-68dda74fa20c', 'user_id': 'P2'}",2
254,2000-01-01 01:46:14,instance-7c807f3f-e9ba-4bb8-a25e-cb15eaf738de-resizable,layoutboard.node.resizable.resized,"{'nodeId': 'instance-7c807f3f-e9ba-4bb8-a25e-cb15eaf738de-resizable', 'prevSize': {'width': 50, 'height': 50}, 'newSize': {'width': 128, 'height': 262}, 'delta': {'width': 78, 'height': 212}, 'linkedSizeNodeIds': [], 'session_id': '5a569202-eeea-41bb-9e3a-68dda74fa20c', 'user_id': 'P2'}",2
255,2000-01-01 01:46:17,instance-2b75c4bb-d457-4a02-8099-68d3c8a16ea7-resizable,layoutboard.node.resizable.resized,"{'nodeId': 'instance-2b75c4bb-d457-4a02-8099-68d3c8a16ea7-resizable', 'prevSize': {'width': 50, 'height': 50}, 'newSize': {'width': 142, 'height': 224}, 'delta': {'width': 92, 'height': 174}, 'linkedSizeNodeIds': [], 'session_id': '5a569202-eeea-41bb-9e3a-68dda74fa20c', 'user_id': 'P2'}",2
256,2000-01-01 01:46:42,,api.generate_image.succeeded,"{'global_caption': 'a scene featuring a small village in the forest, one small rabbit, smiling, wearing a blue jacket and hugging a red balloon, and a grown-up rabbit', 'region_count': 3, 'has_image': True, 'detected_objects_count': 5, 'image_path': 'output/P2/2025-08-23_01-46-41/image.png', 'image_with_layout_path': 'output/P2/2025-08-23_01-46-41/image_with_layout.png', 'timestamp_dir': 'output/P2/2025-08-23_01-46-41', 'session_id': '5a569202-eeea-41bb-9e3a-68dda74fa20c', 'user_id': 'P2'}",2
257,2000-01-01 01:46:54,,scene_saved,"{'slotNumber': 1, 'instanceCount': 3, 'nodeCount': 6, 'edgeCount': 0, 'session_id': '5a569202-eeea-41bb-9e3a-68dda74fa20c', 'user_id': 'P2'}",2
258,2000-01-01 01:47:11,instance-2b75c4bb-d457-4a02-8099-68d3c8a16ea7,instance.deleted,"{'instance_id': 'instance-2b75c4bb-d457-4a02-8099-68d3c8a16ea7', 'instance_label': 'rabbit', 'is_from_class': False, 'class_id': None, 'session_id': '5a569202-eeea-41bb-9e3a-68dda74fa20c', 'user_id': 'P2'}",2
259,2000-01-01 01:47:29,instance-7c807f3f-e9ba-4bb8-a25e-cb15eaf738de,instance.deleted,"{'instance_id': 'instance-7c807f3f-e9ba-4bb8-a25e-cb15eaf738de', 'instance_label': 'rabbit', 'is_from_class': False, 'class_id': None, 'session_id': '5a569202-eeea-41bb-9e3a-68dda74fa20c', 'user_id': 'P2'}",2
260,2000-01-01 01:49:02,instance-2b75c4bb-d457-4a02-8099-68d3c8a16ea7,object_node.extract.confirmed,"{'object_id': 'object3', 'object_name': 'balloon', 'parent_instance_id': 'instance-2b75c4bb-d457-4a02-8099-68d3c8a16ea7', 'session_id': '5a569202-eeea-41bb-9e3a-68dda74fa20c', 'user_id': 'P2'}",2
261,2000-01-01 01:49:05,instance-ba7e8248-b947-4fe4-ae79-3c8be9fcdb04-resizable,layout.node.moved,"{'nodeId': 'instance-ba7e8248-b947-4fe4-ae79-3c8be9fcdb04-resizable', 'newPos': {'x': 218, 'y': 39}, 'session_id': '5a569202-eeea-41bb-9e3a-68dda74fa20c', 'user_id': 'P2'}",2
262,2000-01-01 01:49:08,instance-ba7e8248-b947-4fe4-ae79-3c8be9fcdb04-resizable,layoutboard.node.resizable.resized,"{'nodeId': 'instance-ba7e8248-b947-4fe4-ae79-3c8be9fcdb04-resizable', 'prevSize': {'width': 50, 'height': 50}, 'newSize': {'width': 73, 'height': 157}, 'delta': {'width': 23, 'height': 107}, 'linkedSizeNodeIds': [], 'session_id': '5a569202-eeea-41bb-9e3a-68dda74fa20c', 'user_id': 'P2'}",2
263,2000-01-01 01:49:09,instance-ba7e8248-b947-4fe4-ae79-3c8be9fcdb04-resizable,layout.node.moved,"{'nodeId': 'instance-ba7e8248-b947-4fe4-ae79-3c8be9fcdb04-resizable', 'newPos': {'x': 222, 'y': 7}, 'session_id': '5a569202-eeea-41bb-9e3a-68dda74fa20c', 'user_id': 'P2'}",2
264,2000-01-01 01:50:28,instance-2b75c4bb-d457-4a02-8099-68d3c8a16ea7,instance.updated,"{'instance_id': 'instance-2b75c4bb-d457-4a02-8099-68d3c8a16ea7', 'instance_label': 'rabbit', 'text_changed': True, 'graph_changed': False, 'session_id': '5a569202-eeea-41bb-9e3a-68dda74fa20c', 'user_id': 'P2'}",2
265,2000-01-01 01:50:46,instance-2b75c4bb-d457-4a02-8099-68d3c8a16ea7,instance.updated,"{'instance_id': 'instance-2b75c4bb-d457-4a02-8099-68d3c8a16ea7', 'instance_label': 'rabbit', 'text_changed': False, 'graph_changed': True, 'session_id': '5a569202-eeea-41bb-9e3a-68dda74fa20c', 'user_id': 'P2'}",2
266,2000-01-01 01:50:55,,relationship_node.deleted,"{'relationship_id': 'instance-2b75c4bb-d457-4a02-8099-68d3c8a16ea7-instance-ba7e8248-b947-4fe4-ae79-3c8be9fcdb04', 'source_object_id': 'instance-2b75c4bb-d457-4a02-8099-68d3c8a16ea7', 'target_object_id': 'instance-ba7e8248-b947-4fe4-ae79-3c8be9fcdb04', 'relation': 'hugs', 'source_object_name': 'rabbit', 'target_object_name': 'balloon', 'session_id': '5a569202-eeea-41bb-9e3a-68dda74fa20c', 'user_id': 'P2'}",2
267,2000-01-01 01:51:13,,api.generate_image.succeeded,"{'global_caption': 'a scene featuring a small village in the forest, a small rabbit, sad and with tears in its eyes, wearing a blue jacket and hugging a red balloon.', 'region_count': 3, 'has_image': True, 'detected_objects_count': 2, 'image_path': 'output/P2/2025-08-23_01-51-12/image.png', 'image_with_layout_path': 'output/P2/2025-08-23_01-51-12/image_with_layout.png', 'timestamp_dir': 'output/P2/2025-08-23_01-51-12', 'session_id': '5a569202-eeea-41bb-9e3a-68dda74fa20c', 'user_id': 'P2'}",2
268,2000-01-01 01:52:02,instance-2b75c4bb-d457-4a02-8099-68d3c8a16ea7,instance.updated,"{'instance_id': 'instance-2b75c4bb-d457-4a02-8099-68d3c8a16ea7', 'instance_label': 'rabbit', 'text_changed': False, 'graph_changed': True, 'session_id': '5a569202-eeea-41bb-9e3a-68dda74fa20c', 'user_id': 'P2'}",2
269,2000-01-01 01:52:08,,relationship_node.deleted,"{'relationship_id': 'instance-2b75c4bb-d457-4a02-8099-68d3c8a16ea7-instance-ba7e8248-b947-4fe4-ae79-3c8be9fcdb04', 'source_object_id': 'instance-2b75c4bb-d457-4a02-8099-68d3c8a16ea7', 'target_object_id': 'instance-ba7e8248-b947-4fe4-ae79-3c8be9fcdb04', 'relation': 'hugs', 'source_object_name': 'rabbit', 'target_object_name': 'balloon', 'session_id': '5a569202-eeea-41bb-9e3a-68dda74fa20c', 'user_id': 'P2'}",2
270,2000-01-01 01:52:30,,api.generate_image.succeeded,"{'global_caption': 'a scene featuring a small village in the forest, a small rabbit, sad with tears in its eyes, wearing a blue jacket and hugging a red balloon.', 'region_count': 3, 'has_image': True, 'detected_objects_count': 3, 'image_path': 'output/P2/2025-08-23_01-52-29/image.png', 'image_with_layout_path': 'output/P2/2025-08-23_01-52-29/image_with_layout.png', 'timestamp_dir': 'output/P2/2025-08-23_01-52-29', 'session_id': '5a569202-eeea-41bb-9e3a-68dda74fa20c', 'user_id': 'P2'}",2
271,2000-01-01 01:52:40,instance-ba7e8248-b947-4fe4-ae79-3c8be9fcdb04-resizable,layoutboard.node.resizable.resized,"{'nodeId': 'instance-ba7e8248-b947-4fe4-ae79-3c8be9fcdb04-resizable', 'prevSize': {'width': 50, 'height': 50}, 'newSize': {'width': 116, 'height': 108}, 'delta': {'width': 66, 'height': 58}, 'linkedSizeNodeIds': [], 'session_id': '5a569202-eeea-41bb-9e3a-68dda74fa20c', 'user_id': 'P2'}",2
272,2000-01-01 01:52:42,instance-ba7e8248-b947-4fe4-ae79-3c8be9fcdb04-resizable,layoutboard.node.resizable.resized,"{'nodeId': 'instance-ba7e8248-b947-4fe4-ae79-3c8be9fcdb04-resizable', 'prevSize': {'width': 50, 'height': 50}, 'newSize': {'width': 93, 'height': 93}, 'delta': {'width': 43, 'height': 43}, 'linkedSizeNodeIds': [], 'session_id': '5a569202-eeea-41bb-9e3a-68dda74fa20c', 'user_id': 'P2'}",2
273,2000-01-01 01:52:54,instance-2b75c4bb-d457-4a02-8099-68d3c8a16ea7-resizable,layout.node.moved,"{'nodeId': 'instance-2b75c4bb-d457-4a02-8099-68d3c8a16ea7-resizable', 'newPos': {'x': 274.9453125, 'y': 267}, 'session_id': '5a569202-eeea-41bb-9e3a-68dda74fa20c', 'user_id': 'P2'}",2
274,2000-01-01 01:52:56,instance-2b75c4bb-d457-4a02-8099-68d3c8a16ea7-resizable,layoutboard.node.resizable.resized,"{'nodeId': 'instance-2b75c4bb-d457-4a02-8099-68d3c8a16ea7-resizable', 'prevSize': {'width': 142, 'height': 224}, 'newSize': {'width': 173, 'height': 256}, 'delta': {'width': 31, 'height': 32}, 'linkedSizeNodeIds': [], 'session_id': '5a569202-eeea-41bb-9e3a-68dda74fa20c', 'user_id': 'P2'}",2
275,2000-01-01 01:53:13,,scene_saved,"{'slotNumber': 2, 'instanceCount': 3, 'nodeCount': 6, 'edgeCount': 0, 'session_id': '5a569202-eeea-41bb-9e3a-68dda74fa20c', 'user_id': 'P2'}",2
276,2000-01-01 01:53:23,instance-ba7e8248-b947-4fe4-ae79-3c8be9fcdb04,instance.deleted,"{'instance_id': 'instance-ba7e8248-b947-4fe4-ae79-3c8be9fcdb04', 'instance_label': 'balloon', 'is_from_class': False, 'class_id': None, 'session_id': '5a569202-eeea-41bb-9e3a-68dda74fa20c', 'user_id': 'P2'}",2
277,2000-01-01 01:53:30,class-6e251dd6-7b8d-4ae1-a103-8c1b41f9de91,class.created,"{'class_id': 'class-6e251dd6-7b8d-4ae1-a103-8c1b41f9de91', 'class_name': 'rabbit Class', 'placeholder_count': 3, 'created_from': 'rabbit', 'session_id': '5a569202-eeea-41bb-9e3a-68dda74fa20c', 'user_id': 'P2'}",2
278,2000-01-01 01:54:08,instance-6502b88c-cca3-4c9d-8b28-8c543c3816b7,instance.created_from_class,"{'instance_id': 'instance-6502b88c-cca3-4c9d-8b28-8c543c3816b7', 'class_id': 'class-6e251dd6-7b8d-4ae1-a103-8c1b41f9de91', 'instance_label': 'Rabbit', 'has_text_description': True, 'session_id': '5a569202-eeea-41bb-9e3a-68dda74fa20c', 'user_id': 'P2'}",2
279,2000-01-01 01:54:21,instance-16c56a32-06f2-4fa5-9e2b-bd7da5842240,instance.created_from_class,"{'instance_id': 'instance-16c56a32-06f2-4fa5-9e2b-bd7da5842240', 'class_id': 'class-6e251dd6-7b8d-4ae1-a103-8c1b41f9de91', 'instance_label': 'Rabbit', 'has_text_description': True, 'session_id': '5a569202-eeea-41bb-9e3a-68dda74fa20c', 'user_id': 'P2'}",2
280,2000-01-01 01:54:36,instance-16c56a32-06f2-4fa5-9e2b-bd7da5842240,layout.node.moved,"{'nodeId': 'instance-16c56a32-06f2-4fa5-9e2b-bd7da5842240', 'newPos': {'x': 168, 'y': 210}, 'session_id': '5a569202-eeea-41bb-9e3a-68dda74fa20c', 'user_id': 'P2'}",2
281,2000-01-01 01:54:39,instance-16c56a32-06f2-4fa5-9e2b-bd7da5842240-resizable,layoutboard.node.resizable.resized,"{'nodeId': 'instance-16c56a32-06f2-4fa5-9e2b-bd7da5842240-resizable', 'prevSize': {'width': 50, 'height': 50}, 'newSize': {'width': 77, 'height': 148}, 'delta': {'width': 27, 'height': 98}, 'linkedSizeNodeIds': [], 'session_id': '5a569202-eeea-41bb-9e3a-68dda74fa20c', 'user_id': 'P2'}",2
282,2000-01-01 01:54:40,instance-16c56a32-06f2-4fa5-9e2b-bd7da5842240-resizable,layoutboard.node.resizable.resized,"{'nodeId': 'instance-16c56a32-06f2-4fa5-9e2b-bd7da5842240-resizable', 'prevSize': {'width': 50, 'height': 50}, 'newSize': {'width': 136, 'height': 267}, 'delta': {'width': 86, 'height': 217}, 'linkedSizeNodeIds': [], 'session_id': '5a569202-eeea-41bb-9e3a-68dda74fa20c', 'user_id': 'P2'}",2
283,2000-01-01 01:54:41,instance-16c56a32-06f2-4fa5-9e2b-bd7da5842240-resizable,layout.node.moved,"{'nodeId': 'instance-16c56a32-06f2-4fa5-9e2b-bd7da5842240-resizable', 'newPos': {'x': 131, 'y': 236}, 'session_id': '5a569202-eeea-41bb-9e3a-68dda74fa20c', 'user_id': 'P2'}",2
284,2000-01-01 01:54:42,instance-2b75c4bb-d457-4a02-8099-68d3c8a16ea7-resizable,layout.node.moved,"{'nodeId': 'instance-2b75c4bb-d457-4a02-8099-68d3c8a16ea7-resizable', 'newPos': {'x': 319.9453125, 'y': 235}, 'session_id': '5a569202-eeea-41bb-9e3a-68dda74fa20c', 'user_id': 'P2'}",2
285,2000-01-01 01:54:43,instance-16c56a32-06f2-4fa5-9e2b-bd7da5842240-resizable,layout.node.moved,"{'nodeId': 'instance-16c56a32-06f2-4fa5-9e2b-bd7da5842240-resizable', 'newPos': {'x': 173, 'y': 236}, 'session_id': '5a569202-eeea-41bb-9e3a-68dda74fa20c', 'user_id': 'P2'}",2
286,2000-01-01 01:54:45,instance-6502b88c-cca3-4c9d-8b28-8c543c3816b7-resizable,layoutboard.node.resizable.resized,"{'nodeId': 'instance-6502b88c-cca3-4c9d-8b28-8c543c3816b7-resizable', 'prevSize': {'width': 50, 'height': 50}, 'newSize': {'width': 90, 'height': 353}, 'delta': {'width': 40, 'height': 303}, 'linkedSizeNodeIds': [], 'session_id': '5a569202-eeea-41bb-9e3a-68dda74fa20c', 'user_id': 'P2'}",2
287,2000-01-01 01:54:46,instance-6502b88c-cca3-4c9d-8b28-8c543c3816b7-resizable,layoutboard.node.resizable.resized,"{'nodeId': 'instance-6502b88c-cca3-4c9d-8b28-8c543c3816b7-resizable', 'prevSize': {'width': 50, 'height': 50}, 'newSize': {'width': 146, 'height': 257}, 'delta': {'width': 96, 'height': 207}, 'linkedSizeNodeIds': [], 'session_id': '5a569202-eeea-41bb-9e3a-68dda74fa20c', 'user_id': 'P2'}",2
288,2000-01-01 01:54:47,instance-6502b88c-cca3-4c9d-8b28-8c543c3816b7-resizable,layout.node.moved,"{'nodeId': 'instance-6502b88c-cca3-4c9d-8b28-8c543c3816b7-resizable', 'newPos': {'x': 12, 'y': 240}, 'session_id': '5a569202-eeea-41bb-9e3a-68dda74fa20c', 'user_id': 'P2'}",2
289,2000-01-01 01:54:49,instance-16c56a32-06f2-4fa5-9e2b-bd7da5842240-resizable,layout.node.moved,"{'nodeId': 'instance-16c56a32-06f2-4fa5-9e2b-bd7da5842240-resizable', 'newPos': {'x': 367, 'y': 29}, 'session_id': '5a569202-eeea-41bb-9e3a-68dda74fa20c', 'user_id': 'P2'}",2
290,2000-01-01 01:54:50,instance-2b75c4bb-d457-4a02-8099-68d3c8a16ea7-resizable,layout.node.moved,"{'nodeId': 'instance-2b75c4bb-d457-4a02-8099-68d3c8a16ea7-resizable', 'newPos': {'x': 182.9453125, 'y': 238}, 'session_id': '5a569202-eeea-41bb-9e3a-68dda74fa20c', 'user_id': 'P2'}",2
291,2000-01-01 01:54:52,instance-2b75c4bb-d457-4a02-8099-68d3c8a16ea7-resizable,layoutboard.node.resizable.resized,"{'nodeId': 'instance-2b75c4bb-d457-4a02-8099-68d3c8a16ea7-resizable', 'prevSize': {'width': 142, 'height': 224}, 'newSize': {'width': 155, 'height': 256}, 'delta': {'width': 13, 'height': 32}, 'linkedSizeNodeIds': [], 'session_id': '5a569202-eeea-41bb-9e3a-68dda74fa20c', 'user_id': 'P2'}",2
292,2000-01-01 01:54:54,instance-16c56a32-06f2-4fa5-9e2b-bd7da5842240-resizable,layout.node.moved,"{'nodeId': 'instance-16c56a32-06f2-4fa5-9e2b-bd7da5842240-resizable', 'newPos': {'x': 362, 'y': 229}, 'session_id': '5a569202-eeea-41bb-9e3a-68dda74fa20c', 'user_id': 'P2'}",2
293,2000-01-01 01:54:56,instance-16c56a32-06f2-4fa5-9e2b-bd7da5842240,layout.node.moved,"{'nodeId': 'instance-16c56a32-06f2-4fa5-9e2b-bd7da5842240', 'newPos': {'x': 358, 'y': 232}, 'session_id': '5a569202-eeea-41bb-9e3a-68dda74fa20c', 'user_id': 'P2'}",2
294,2000-01-01 01:54:59,instance-16c56a32-06f2-4fa5-9e2b-bd7da5842240-resizable,layout.node.moved,"{'nodeId': 'instance-16c56a32-06f2-4fa5-9e2b-bd7da5842240-resizable', 'newPos': {'x': 348, 'y': 233}, 'session_id': '5a569202-eeea-41bb-9e3a-68dda74fa20c', 'user_id': 'P2'}",2
295,2000-01-01 01:55:00,instance-16c56a32-06f2-4fa5-9e2b-bd7da5842240-resizable,layoutboard.node.resizable.resized,"{'nodeId': 'instance-16c56a32-06f2-4fa5-9e2b-bd7da5842240-resizable', 'prevSize': {'width': 50, 'height': 50}, 'newSize': {'width': 160, 'height': 267}, 'delta': {'width': 110, 'height': 217}, 'linkedSizeNodeIds': [], 'session_id': '5a569202-eeea-41bb-9e3a-68dda74fa20c', 'user_id': 'P2'}",2
296,2000-01-01 01:55:06,instance-2b75c4bb-d457-4a02-8099-68d3c8a16ea7-resizable,layout.node.moved,"{'nodeId': 'instance-2b75c4bb-d457-4a02-8099-68d3c8a16ea7-resizable', 'newPos': {'x': 177.9453125, 'y': 238}, 'session_id': '5a569202-eeea-41bb-9e3a-68dda74fa20c', 'user_id': 'P2'}",2
297,2000-01-01 01:55:34,,api.generate_image.succeeded,"{'global_caption': 'a scene featuring a small village in the forest, a small rabbit, sad and wearing a blue jacket with tears in its eyes, a happy small rabbit wearing a green shirt with tears in its eyes, and a small happy rabbit wearing a pink shirt with tears in its eyes.', 'region_count': 4, 'has_image': True, 'detected_objects_count': 2, 'image_path': 'output/P2/2025-08-23_01-55-33/image.png', 'image_with_layout_path': 'output/P2/2025-08-23_01-55-33/image_with_layout.png', 'timestamp_dir': 'output/P2/2025-08-23_01-55-33', 'session_id': '5a569202-eeea-41bb-9e3a-68dda74fa20c', 'user_id': 'P2'}",2
298,2000-01-01 01:56:26,instance-2b75c4bb-d457-4a02-8099-68d3c8a16ea7,instance.updated,"{'instance_id': 'instance-2b75c4bb-d457-4a02-8099-68d3c8a16ea7', 'instance_label': 'rabbit', 'text_changed': False, 'graph_changed': True, 'session_id': '5a569202-eeea-41bb-9e3a-68dda74fa20c', 'user_id': 'P2'}",2
299,2000-01-01 01:56:32,instance-16c56a32-06f2-4fa5-9e2b-bd7da5842240,instance.updated,"{'instance_id': 'instance-16c56a32-06f2-4fa5-9e2b-bd7da5842240', 'instance_label': 'Rabbit', 'text_changed': False, 'graph_changed': True, 'session_id': '5a569202-eeea-41bb-9e3a-68dda74fa20c', 'user_id': 'P2'}",2
300,2000-01-01 01:56:37,instance-6502b88c-cca3-4c9d-8b28-8c543c3816b7,instance.updated,"{'instance_id': 'instance-6502b88c-cca3-4c9d-8b28-8c543c3816b7', 'instance_label': 'Rabbit', 'text_changed': False, 'graph_changed': True, 'session_id': '5a569202-eeea-41bb-9e3a-68dda74fa20c', 'user_id': 'P2'}",2
301,2000-01-01 01:57:03,,api.generate_image.succeeded,"{'global_caption': 'a scene featuring a small village in the forest, a small rabbit, sad and confident, wearing a blue jacket with tears in its eyes, a happy small confident rabbit wearing a green shirt with tears in its eyes, and a small happy confident rabbit wearing a pink shirt with tears in its eyes.', 'region_count': 4, 'has_image': True, 'detected_objects_count': 4, 'image_path': 'output/P2/2025-08-23_01-57-02/image.png', 'image_with_layout_path': 'output/P2/2025-08-23_01-57-02/image_with_layout.png', 'timestamp_dir': 'output/P2/2025-08-23_01-57-02', 'session_id': '5a569202-eeea-41bb-9e3a-68dda74fa20c', 'user_id': 'P2'}",2
302,2000-01-01 01:57:09,,scene_saved,"{'slotNumber': 3, 'instanceCount': 4, 'nodeCount': 8, 'edgeCount': 0, 'session_id': '5a569202-eeea-41bb-9e3a-68dda74fa20c', 'user_id': 'P2'}",2
303,2000-01-01 01:58:52,class-6e251dd6-7b8d-4ae1-a103-8c1b41f9de91,class.updated,"{'class_id': 'class-6e251dd6-7b8d-4ae1-a103-8c1b41f9de91', 'class_name': 'rabbit Class', 'placeholder_count': 3, 'object_count': 3, 'session_id': '5a569202-eeea-41bb-9e3a-68dda74fa20c', 'user_id': 'P2'}",2
304,2000-01-01 01:59:08,class-6e251dd6-7b8d-4ae1-a103-8c1b41f9de91,class.updated,"{'class_id': 'class-6e251dd6-7b8d-4ae1-a103-8c1b41f9de91', 'class_name': 'rabbit Class', 'placeholder_count': 3, 'object_count': 3, 'session_id': '5a569202-eeea-41bb-9e3a-68dda74fa20c', 'user_id': 'P2'}",2
305,2000-01-01 02:00:14,instance-2b75c4bb-d457-4a02-8099-68d3c8a16ea7,instance.updated,"{'instance_id': 'instance-2b75c4bb-d457-4a02-8099-68d3c8a16ea7', 'instance_label': 'rabbit', 'text_changed': False, 'graph_changed': True, 'session_id': '5a569202-eeea-41bb-9e3a-68dda74fa20c', 'user_id': 'P2'}",2
306,2000-01-01 02:00:35,instance-2b75c4bb-d457-4a02-8099-68d3c8a16ea7,instance.updated,"{'instance_id': 'instance-2b75c4bb-d457-4a02-8099-68d3c8a16ea7', 'instance_label': 'rabbit', 'text_changed': False, 'graph_changed': True, 'session_id': '5a569202-eeea-41bb-9e3a-68dda74fa20c', 'user_id': 'P2'}",2
307,2000-01-01 02:00:55,class-6e251dd6-7b8d-4ae1-a103-8c1b41f9de91,class.updated,"{'class_id': 'class-6e251dd6-7b8d-4ae1-a103-8c1b41f9de91', 'class_name': 'rabbit Class', 'placeholder_count': 3, 'object_count': 3, 'session_id': '5a569202-eeea-41bb-9e3a-68dda74fa20c', 'user_id': 'P2'}",2
308,2000-01-01 02:01:34,,api.generate_image.succeeded,"{'global_caption': 'a scene featuring a small village in the forest, a small rabbit, sad and confident, wearing a blue, dirty jacket, with tears in its eyes, a happy small confident rabbit wearing a green shirt, with tears in its eyes, and a small, happy, confident rabbit wearing a pink shirt, with tears in its eyes', 'region_count': 4, 'has_image': True, 'detected_objects_count': 8, 'image_path': 'output/P2/2025-08-23_02-01-34/image.png', 'image_with_layout_path': 'output/P2/2025-08-23_02-01-34/image_with_layout.png', 'timestamp_dir': 'output/P2/2025-08-23_02-01-34', 'session_id': '5a569202-eeea-41bb-9e3a-68dda74fa20c', 'user_id': 'P2'}",2
309,2000-01-01 02:02:27,instance-16c56a32-06f2-4fa5-9e2b-bd7da5842240,instance.updated,"{'instance_id': 'instance-16c56a32-06f2-4fa5-9e2b-bd7da5842240', 'instance_label': 'Rabbit', 'text_changed': False, 'graph_changed': True, 'session_id': '5a569202-eeea-41bb-9e3a-68dda74fa20c', 'user_id': 'P2'}",2
310,2000-01-01 02:04:54,instance-2b75c4bb-d457-4a02-8099-68d3c8a16ea7,instance.updated,"{'instance_id': 'instance-2b75c4bb-d457-4a02-8099-68d3c8a16ea7', 'instance_label': 'rabbit', 'text_changed': True, 'graph_changed': False, 'session_id': '5a569202-eeea-41bb-9e3a-68dda74fa20c', 'user_id': 'P2'}",2
311,2000-01-01 02:05:13,instance-16c56a32-06f2-4fa5-9e2b-bd7da5842240,instance.updated,"{'instance_id': 'instance-16c56a32-06f2-4fa5-9e2b-bd7da5842240', 'instance_label': 'rabbit', 'text_changed': True, 'graph_changed': False, 'session_id': '5a569202-eeea-41bb-9e3a-68dda74fa20c', 'user_id': 'P2'}",2
312,2000-01-01 02:05:32,instance-6502b88c-cca3-4c9d-8b28-8c543c3816b7,instance.updated,"{'instance_id': 'instance-6502b88c-cca3-4c9d-8b28-8c543c3816b7', 'instance_label': 'rabbit', 'text_changed': True, 'graph_changed': False, 'session_id': '5a569202-eeea-41bb-9e3a-68dda74fa20c', 'user_id': 'P2'}",2
313,2000-01-01 02:05:59,,api.generate_image.succeeded,"{'global_caption': 'a scene featuring a small village in the forest, a small rabbit, happy and confident, wearing a blue, dirty jacket with mud and scratched by branches, with eyes and running, a small rabbit, happy and confident, wearing a pink, dirty jacket with mud and scratched by branches, with eyes and running, and a small rabbit, happy and confident, wearing a green, dirty shirt with mud and scratched by branches, with eyes and running', 'region_count': 4, 'has_image': True, 'detected_objects_count': 6, 'image_path': 'output/P2/2025-08-23_02-05-58/image.png', 'image_with_layout_path': 'output/P2/2025-08-23_02-05-58/image_with_layout.png', 'timestamp_dir': 'output/P2/2025-08-23_02-05-58', 'session_id': '5a569202-eeea-41bb-9e3a-68dda74fa20c', 'user_id': 'P2'}",2
314,2000-01-01 02:06:08,,scene_saved,"{'slotNumber': 4, 'instanceCount': 4, 'nodeCount': 8, 'edgeCount': 0, 'session_id': '5a569202-eeea-41bb-9e3a-68dda74fa20c', 'user_id': 'P2'}",2
315,2000-01-01 02:07:29,instance-6502b88c-cca3-4c9d-8b28-8c543c3816b7,instance.updated,"{'instance_id': 'instance-6502b88c-cca3-4c9d-8b28-8c543c3816b7', 'instance_label': 'rabbit', 'text_changed': True, 'graph_changed': False, 'session_id': '5a569202-eeea-41bb-9e3a-68dda74fa20c', 'user_id': 'P2'}",2
316,2000-01-01 02:08:21,instance-16c56a32-06f2-4fa5-9e2b-bd7da5842240,instance.updated,"{'instance_id': 'instance-16c56a32-06f2-4fa5-9e2b-bd7da5842240', 'instance_label': 'rabbit', 'text_changed': True, 'graph_changed': False, 'session_id': '5a569202-eeea-41bb-9e3a-68dda74fa20c', 'user_id': 'P2'}",2
317,2000-01-01 02:09:13,instance-16c56a32-06f2-4fa5-9e2b-bd7da5842240,instance.updated,"{'instance_id': 'instance-16c56a32-06f2-4fa5-9e2b-bd7da5842240', 'instance_label': 'rabbit', 'text_changed': False, 'graph_changed': True, 'session_id': '5a569202-eeea-41bb-9e3a-68dda74fa20c', 'user_id': 'P2'}",2
318,2000-01-01 02:10:26,instance-2b75c4bb-d457-4a02-8099-68d3c8a16ea7,instance.updated,"{'instance_id': 'instance-2b75c4bb-d457-4a02-8099-68d3c8a16ea7', 'instance_label': 'rabbit', 'text_changed': True, 'graph_changed': False, 'session_id': '5a569202-eeea-41bb-9e3a-68dda74fa20c', 'user_id': 'P2'}",2
319,2000-01-01 02:10:35,,layout_board.new_box_positioned,"{'position': {'x': 317.3515625, 'y': 18}, 'screen_position': {'x': 379, 'y': 61}, 'board_type': 'advanced', 'session_id': '5a569202-eeea-41bb-9e3a-68dda74fa20c', 'user_id': 'P2'}",2
320,2000-01-01 02:11:04,instance-250f7a13-558d-44f6-8aeb-3e1169ac956f-resizable,layoutboard.node.resizable.resized,"{'nodeId': 'instance-250f7a13-558d-44f6-8aeb-3e1169ac956f-resizable', 'prevSize': {'width': 50, 'height': 50}, 'newSize': {'width': 77, 'height': 216}, 'delta': {'width': 27, 'height': 166}, 'linkedSizeNodeIds': [], 'session_id': '5a569202-eeea-41bb-9e3a-68dda74fa20c', 'user_id': 'P2'}",2
321,2000-01-01 02:11:06,instance-2b75c4bb-d457-4a02-8099-68d3c8a16ea7,layout.node.moved,"{'nodeId': 'instance-2b75c4bb-d457-4a02-8099-68d3c8a16ea7', 'newPos': {'x': 178.9453125, 'y': 252}, 'session_id': '5a569202-eeea-41bb-9e3a-68dda74fa20c', 'user_id': 'P2'}",2
322,2000-01-01 02:11:08,instance-2b75c4bb-d457-4a02-8099-68d3c8a16ea7-resizable,layoutboard.node.resizable.resized,"{'nodeId': 'instance-2b75c4bb-d457-4a02-8099-68d3c8a16ea7-resizable', 'prevSize': {'width': 142, 'height': 224}, 'newSize': {'width': 139, 'height': 167}, 'delta': {'width': -3, 'height': -57}, 'linkedSizeNodeIds': [], 'session_id': '5a569202-eeea-41bb-9e3a-68dda74fa20c', 'user_id': 'P2'}",2
323,2000-01-01 02:11:09,instance-2b75c4bb-d457-4a02-8099-68d3c8a16ea7-resizable,layout.node.moved,"{'nodeId': 'instance-2b75c4bb-d457-4a02-8099-68d3c8a16ea7-resizable', 'newPos': {'x': 177.9453125, 'y': 330}, 'session_id': '5a569202-eeea-41bb-9e3a-68dda74fa20c', 'user_id': 'P2'}",2
324,2000-01-01 02:11:11,instance-6502b88c-cca3-4c9d-8b28-8c543c3816b7-resizable,layoutboard.node.resizable.resized,"{'nodeId': 'instance-6502b88c-cca3-4c9d-8b28-8c543c3816b7-resizable', 'prevSize': {'width': 50, 'height': 50}, 'newSize': {'width': 126, 'height': 168}, 'delta': {'width': 76, 'height': 118}, 'linkedSizeNodeIds': [], 'session_id': '5a569202-eeea-41bb-9e3a-68dda74fa20c', 'user_id': 'P2'}",2
325,2000-01-01 02:11:12,instance-2b75c4bb-d457-4a02-8099-68d3c8a16ea7-resizable,layout.node.moved,"{'nodeId': 'instance-2b75c4bb-d457-4a02-8099-68d3c8a16ea7-resizable', 'newPos': {'x': 154.9453125, 'y': 330}, 'session_id': '5a569202-eeea-41bb-9e3a-68dda74fa20c', 'user_id': 'P2'}",2
326,2000-01-01 02:11:14,instance-6502b88c-cca3-4c9d-8b28-8c543c3816b7-resizable,layout.node.moved,"{'nodeId': 'instance-6502b88c-cca3-4c9d-8b28-8c543c3816b7-resizable', 'newPos': {'x': 13, 'y': 229}, 'session_id': '5a569202-eeea-41bb-9e3a-68dda74fa20c', 'user_id': 'P2'}",2
327,2000-01-01 02:11:15,instance-16c56a32-06f2-4fa5-9e2b-bd7da5842240-resizable,layout.node.moved,"{'nodeId': 'instance-16c56a32-06f2-4fa5-9e2b-bd7da5842240-resizable', 'newPos': {'x': 333, 'y': 234}, 'session_id': '5a569202-eeea-41bb-9e3a-68dda74fa20c', 'user_id': 'P2'}",2
328,2000-01-01 02:11:17,instance-16c56a32-06f2-4fa5-9e2b-bd7da5842240-resizable,layoutboard.node.resizable.resized,"{'nodeId': 'instance-16c56a32-06f2-4fa5-9e2b-bd7da5842240-resizable', 'prevSize': {'width': 50, 'height': 50}, 'newSize': {'width': 145, 'height': 165}, 'delta': {'width': 95, 'height': 115}, 'linkedSizeNodeIds': [], 'session_id': '5a569202-eeea-41bb-9e3a-68dda74fa20c', 'user_id': 'P2'}",2
329,2000-01-01 02:11:19,instance-250f7a13-558d-44f6-8aeb-3e1169ac956f-resizable,layoutboard.node.resizable.resized,"{'nodeId': 'instance-250f7a13-558d-44f6-8aeb-3e1169ac956f-resizable', 'prevSize': {'width': 50, 'height': 50}, 'newSize': {'width': 147, 'height': 452}, 'delta': {'width': 97, 'height': 402}, 'linkedSizeNodeIds': [], 'session_id': '5a569202-eeea-41bb-9e3a-68dda74fa20c', 'user_id': 'P2'}",2
330,2000-01-01 02:11:21,instance-250f7a13-558d-44f6-8aeb-3e1169ac956f-resizable,layout.node.moved,"{'nodeId': 'instance-250f7a13-558d-44f6-8aeb-3e1169ac956f-resizable', 'newPos': {'x': 352.3515625, 'y': 6}, 'session_id': '5a569202-eeea-41bb-9e3a-68dda74fa20c', 'user_id': 'P2'}",2
331,2000-01-01 02:11:22,instance-2b75c4bb-d457-4a02-8099-68d3c8a16ea7-resizable,layout.node.moved,"{'nodeId': 'instance-2b75c4bb-d457-4a02-8099-68d3c8a16ea7-resizable', 'newPos': {'x': 154.9453125, 'y': 269}, 'session_id': '5a569202-eeea-41bb-9e3a-68dda74fa20c', 'user_id': 'P2'}",2
332,2000-01-01 02:11:24,instance-16c56a32-06f2-4fa5-9e2b-bd7da5842240-resizable,layout.node.moved,"{'nodeId': 'instance-16c56a32-06f2-4fa5-9e2b-bd7da5842240-resizable', 'newPos': {'x': 27, 'y': 334}, 'session_id': '5a569202-eeea-41bb-9e3a-68dda74fa20c', 'user_id': 'P2'}",2
333,2000-01-01 02:11:25,instance-2b75c4bb-d457-4a02-8099-68d3c8a16ea7-resizable,layout.node.moved,"{'nodeId': 'instance-2b75c4bb-d457-4a02-8099-68d3c8a16ea7-resizable', 'newPos': {'x': 176.9453125, 'y': 284}, 'session_id': '5a569202-eeea-41bb-9e3a-68dda74fa20c', 'user_id': 'P2'}",2
334,2000-01-01 02:11:26,instance-6502b88c-cca3-4c9d-8b28-8c543c3816b7-resizable,layout.node.moved,"{'nodeId': 'instance-6502b88c-cca3-4c9d-8b28-8c543c3816b7-resizable', 'newPos': {'x': 27, 'y': 154}, 'session_id': '5a569202-eeea-41bb-9e3a-68dda74fa20c', 'user_id': 'P2'}",2
335,2000-01-01 02:11:55,,api.generate_image.succeeded,"{'global_caption': 'a scene featuring a small village in the forest, a small rabbit, happy and confident, wearing a blue, dirty jacket with mud and scratched by branches, hugging a red balloon, another small rabbit, happy and confident, wearing a pink, dirty jacket with mud and scratched by branches, with eyes and running, climbing a tree and shaking a branch, a small rabbit, happy and confident, wearing a green, dirty shirt with mud and scratched by branches, with eyes and running, yelling when it finds a balloon and pointing at the balloon with its hand, and a big tree with a red balloon on one of its branches.', 'region_count': 5, 'has_image': True, 'detected_objects_count': 5, 'image_path': 'output/P2/2025-08-23_02-11-54/image.png', 'image_with_layout_path': 'output/P2/2025-08-23_02-11-54/image_with_layout.png', 'timestamp_dir': 'output/P2/2025-08-23_02-11-54', 'session_id': '5a569202-eeea-41bb-9e3a-68dda74fa20c', 'user_id': 'P2'}",2
336,2000-01-01 02:12:43,instance-6502b88c-cca3-4c9d-8b28-8c543c3816b7-resizable,layout.node.moved,"{'nodeId': 'instance-6502b88c-cca3-4c9d-8b28-8c543c3816b7-resizable', 'newPos': {'x': 353, 'y': 148}, 'session_id': '5a569202-eeea-41bb-9e3a-68dda74fa20c', 'user_id': 'P2'}",2
337,2000-01-01 02:13:32,instance-6502b88c-cca3-4c9d-8b28-8c543c3816b7-resizable,layout.node.moved,"{'nodeId': 'instance-6502b88c-cca3-4c9d-8b28-8c543c3816b7-resizable', 'newPos': {'x': 350, 'y': 162}, 'session_id': '5a569202-eeea-41bb-9e3a-68dda74fa20c', 'user_id': 'P2'}",2
338,2000-01-01 02:14:17,instance-250f7a13-558d-44f6-8aeb-3e1169ac956f-resizable,layout.node.moved,"{'nodeId': 'instance-250f7a13-558d-44f6-8aeb-3e1169ac956f-resizable', 'newPos': {'x': 343.3515625, 'y': 3}, 'session_id': '5a569202-eeea-41bb-9e3a-68dda74fa20c', 'user_id': 'P2'}",2
339,2000-01-01 02:14:18,instance-250f7a13-558d-44f6-8aeb-3e1169ac956f-resizable,layout.node.moved,"{'nodeId': 'instance-250f7a13-558d-44f6-8aeb-3e1169ac956f-resizable', 'newPos': {'x': 363.3515625, 'y': 4}, 'session_id': '5a569202-eeea-41bb-9e3a-68dda74fa20c', 'user_id': 'P2'}",2
340,2000-01-01 02:14:20,instance-6502b88c-cca3-4c9d-8b28-8c543c3816b7-resizable,layout.node.moved,"{'nodeId': 'instance-6502b88c-cca3-4c9d-8b28-8c543c3816b7-resizable', 'newPos': {'x': 109, 'y': 81}, 'session_id': '5a569202-eeea-41bb-9e3a-68dda74fa20c', 'user_id': 'P2'}",2
341,2000-01-01 02:14:26,instance-6502b88c-cca3-4c9d-8b28-8c543c3816b7,layout.node.moved,"{'nodeId': 'instance-6502b88c-cca3-4c9d-8b28-8c543c3816b7', 'newPos': {'x': 345, 'y': 189}, 'session_id': '5a569202-eeea-41bb-9e3a-68dda74fa20c', 'user_id': 'P2'}",2
342,2000-01-01 02:14:44,instance-6502b88c-cca3-4c9d-8b28-8c543c3816b7-resizable,layout.node.moved,"{'nodeId': 'instance-6502b88c-cca3-4c9d-8b28-8c543c3816b7-resizable', 'newPos': {'x': 346, 'y': 65}, 'session_id': '5a569202-eeea-41bb-9e3a-68dda74fa20c', 'user_id': 'P2'}",2
343,2000-01-01 02:15:12,instance-250f7a13-558d-44f6-8aeb-3e1169ac956f,instance.updated,"{'instance_id': 'instance-250f7a13-558d-44f6-8aeb-3e1169ac956f', 'instance_label': 'tree', 'text_changed': True, 'graph_changed': False, 'session_id': '5a569202-eeea-41bb-9e3a-68dda74fa20c', 'user_id': 'P2'}",2
344,2000-01-01 02:15:25,instance-6502b88c-cca3-4c9d-8b28-8c543c3816b7,instance.updated,"{'instance_id': 'instance-6502b88c-cca3-4c9d-8b28-8c543c3816b7', 'instance_label': 'rabbit', 'text_changed': True, 'graph_changed': False, 'session_id': '5a569202-eeea-41bb-9e3a-68dda74fa20c', 'user_id': 'P2'}",2
345,2000-01-01 02:15:51,instance-2b75c4bb-d457-4a02-8099-68d3c8a16ea7,instance.updated,"{'instance_id': 'instance-2b75c4bb-d457-4a02-8099-68d3c8a16ea7', 'instance_label': 'rabbit', 'text_changed': True, 'graph_changed': False, 'session_id': '5a569202-eeea-41bb-9e3a-68dda74fa20c', 'user_id': 'P2'}",2
346,2000-01-01 02:16:14,instance-2b75c4bb-d457-4a02-8099-68d3c8a16ea7,instance.updated,"{'instance_id': 'instance-2b75c4bb-d457-4a02-8099-68d3c8a16ea7', 'instance_label': 'rabbit', 'text_changed': True, 'graph_changed': False, 'session_id': '5a569202-eeea-41bb-9e3a-68dda74fa20c', 'user_id': 'P2'}",2
347,2000-01-01 02:16:44,,api.generate_image.succeeded,"{'global_caption': 'a scene featuring a small village in the forest, a small rabbit, happy and confident, wearing a blue, dirty jacket with mud and scratched by branches, hugging a red balloon close to its body, another small rabbit, happy and confident, wearing a pink, dirty jacket with mud and scratched by branches, with eyes, climbing a tree and shaking a branch, a small rabbit, happy and confident, wearing a green, dirty shirt with mud and scratched by branches, with eyes, running, yelling when it finds a balloon and pointing at the balloon with its hand, and a big tree.', 'region_count': 5, 'has_image': True, 'detected_objects_count': 6, 'image_path': 'output/P2/2025-08-23_02-16-43/image.png', 'image_with_layout_path': 'output/P2/2025-08-23_02-16-43/image_with_layout.png', 'timestamp_dir': 'output/P2/2025-08-23_02-16-43', 'session_id': '5a569202-eeea-41bb-9e3a-68dda74fa20c', 'user_id': 'P2'}",2
348,2000-01-01 02:17:42,instance-16c56a32-06f2-4fa5-9e2b-bd7da5842240,instance.updated,"{'instance_id': 'instance-16c56a32-06f2-4fa5-9e2b-bd7da5842240', 'instance_label': 'rabbit', 'text_changed': True, 'graph_changed': False, 'session_id': '5a569202-eeea-41bb-9e3a-68dda74fa20c', 'user_id': 'P2'}",2
349,2000-01-01 02:18:21,,api.generate_image.succeeded,"{'global_caption': 'a scene featuring a small village in the forest, a small rabbit, happy and confident, wearing a blue, dirty jacket with mud and scratched by branches, hugging a red balloon close to its body, another small rabbit, happy and confident, wearing a pink, dirty jacket with mud and scratched by branches, with eyes, climbing a tree and shaking a branch, a third small rabbit, happy and confident, wearing a green, dirty shirt with mud and scratched by branches, with eyes, running, yelling and pointing at a balloon with its hand, and a big tree.', 'region_count': 5, 'has_image': True, 'detected_objects_count': 4, 'image_path': 'output/P2/2025-08-23_02-18-21/image.png', 'image_with_layout_path': 'output/P2/2025-08-23_02-18-21/image_with_layout.png', 'timestamp_dir': 'output/P2/2025-08-23_02-18-21', 'session_id': '5a569202-eeea-41bb-9e3a-68dda74fa20c', 'user_id': 'P2'}",2
350,2000-01-01 02:18:44,instance-2b75c4bb-d457-4a02-8099-68d3c8a16ea7-resizable,layout.node.moved,"{'nodeId': 'instance-2b75c4bb-d457-4a02-8099-68d3c8a16ea7-resizable', 'newPos': {'x': 185.9453125, 'y': 286}, 'session_id': '5a569202-eeea-41bb-9e3a-68dda74fa20c', 'user_id': 'P2'}",2
351,2000-01-01 02:18:51,instance-2b75c4bb-d457-4a02-8099-68d3c8a16ea7-resizable,layout.node.moved,"{'nodeId': 'instance-2b75c4bb-d457-4a02-8099-68d3c8a16ea7-resizable', 'newPos': {'x': 181.9453125, 'y': 278}, 'session_id': '5a569202-eeea-41bb-9e3a-68dda74fa20c', 'user_id': 'P2'}",2
352,2000-01-01 02:18:53,instance-16c56a32-06f2-4fa5-9e2b-bd7da5842240-resizable,layout.node.moved,"{'nodeId': 'instance-16c56a32-06f2-4fa5-9e2b-bd7da5842240-resizable', 'newPos': {'x': 1, 'y': 343}, 'session_id': '5a569202-eeea-41bb-9e3a-68dda74fa20c', 'user_id': 'P2'}",2
353,2000-01-01 02:18:55,instance-2b75c4bb-d457-4a02-8099-68d3c8a16ea7-resizable,layout.node.moved,"{'nodeId': 'instance-2b75c4bb-d457-4a02-8099-68d3c8a16ea7-resizable', 'newPos': {'x': 187.9453125, 'y': 271}, 'session_id': '5a569202-eeea-41bb-9e3a-68dda74fa20c', 'user_id': 'P2'}",2
354,2000-01-01 02:19:25,,api.generate_image.succeeded,"{'global_caption': 'a scene featuring a small village in the forest, a small rabbit, happy and confident, wearing a blue, dirty jacket with mud and scratched by branches, hugging a red balloon close to its body, another small rabbit, happy and confident, wearing a pink, dirty jacket with mud and scratched by branches, with eyes, climbing a tree and shaking a branch, a third small rabbit, happy and confident, wearing a green, dirty shirt with mud and scratched by branches, with eyes, running, yelling and pointing something with its hand, and a big tree.', 'region_count': 5, 'has_image': True, 'detected_objects_count': 6, 'image_path': 'output/P2/2025-08-23_02-19-24/image.png', 'image_with_layout_path': 'output/P2/2025-08-23_02-19-24/image_with_layout.png', 'timestamp_dir': 'output/P2/2025-08-23_02-19-24', 'session_id': '5a569202-eeea-41bb-9e3a-68dda74fa20c', 'user_id': 'P2'}",2
355,2000-01-01 02:19:42,,scene_saved,"{'slotNumber': 5, 'instanceCount': 5, 'nodeCount': 10, 'edgeCount': 0, 'session_id': '5a569202-eeea-41bb-9e3a-68dda74fa20c', 'user_id': 'P2'}",2
356,2000-01-01 06:17:09,,scene_saved,"{'slotNumber': 1, 'instanceCount': 0, 'nodeCount': 0, 'edgeCount': 0, 'session_id': '6c77a175-b038-4777-8ac4-52eb443031ec', 'user_id': 'P3'}",3
357,2000-01-01 06:17:16,,scene_saved,"{'slotNumber': 1, 'instanceCount': 0, 'nodeCount': 0, 'edgeCount': 0, 'session_id': '6c77a175-b038-4777-8ac4-52eb443031ec', 'user_id': 'P3'}",3
358,2000-01-01 06:18:25,,layout_board.new_box_positioned,"{'position': {'x': 195, 'y': 312}, 'screen_position': {'x': 258, 'y': 335}, 'board_type': 'advanced', 'session_id': '6c77a175-b038-4777-8ac4-52eb443031ec', 'user_id': 'P3'}",3
359,2000-01-01 06:19:04,instance-258e1650-a691-4328-9fb0-3bcf7775d2b6-resizable,layoutboard.node.resizable.resized,"{'nodeId': 'instance-258e1650-a691-4328-9fb0-3bcf7775d2b6-resizable', 'prevSize': {'width': 50, 'height': 50}, 'newSize': {'width': 90, 'height': 99}, 'delta': {'width': 40, 'height': 49}, 'linkedSizeNodeIds': [], 'session_id': '6c77a175-b038-4777-8ac4-52eb443031ec', 'user_id': 'P3'}",3
360,2000-01-01 06:19:25,instance-258e1650-a691-4328-9fb0-3bcf7775d2b6-resizable,layout.node.moved,"{'nodeId': 'instance-258e1650-a691-4328-9fb0-3bcf7775d2b6-resizable', 'newPos': {'x': 269, 'y': 246}, 'session_id': '6c77a175-b038-4777-8ac4-52eb443031ec', 'user_id': 'P3'}",3
361,2000-01-01 06:19:28,,layout_board.new_box_positioned,"{'position': {'x': 92, 'y': 153}, 'screen_position': {'x': 155, 'y': 176}, 'board_type': 'advanced', 'session_id': '6c77a175-b038-4777-8ac4-52eb443031ec', 'user_id': 'P3'}",3
362,2000-01-01 06:19:53,instance-bc576742-63dd-47ed-a242-06a9b1b04f4c-resizable,layoutboard.node.resizable.resized,"{'nodeId': 'instance-bc576742-63dd-47ed-a242-06a9b1b04f4c-resizable', 'prevSize': {'width': 50, 'height': 50}, 'newSize': {'width': 362, 'height': 315}, 'delta': {'width': 312, 'height': 265}, 'linkedSizeNodeIds': [], 'session_id': '6c77a175-b038-4777-8ac4-52eb443031ec', 'user_id': 'P3'}",3
363,2000-01-01 06:19:56,instance-bc576742-63dd-47ed-a242-06a9b1b04f4c-resizable,layout.node.moved,"{'nodeId': 'instance-bc576742-63dd-47ed-a242-06a9b1b04f4c-resizable', 'newPos': {'x': 76, 'y': 113}, 'session_id': '6c77a175-b038-4777-8ac4-52eb443031ec', 'user_id': 'P3'}",3
364,2000-01-01 06:19:59,instance-bc576742-63dd-47ed-a242-06a9b1b04f4c-resizable,layoutboard.node.resizable.resized,"{'nodeId': 'instance-bc576742-63dd-47ed-a242-06a9b1b04f4c-resizable', 'prevSize': {'width': 50, 'height': 50}, 'newSize': {'width': 365, 'height': 343}, 'delta': {'width': 315, 'height': 293}, 'linkedSizeNodeIds': [], 'session_id': '6c77a175-b038-4777-8ac4-52eb443031ec', 'user_id': 'P3'}",3
365,2000-01-01 06:20:09,class-412add9c-ec9b-4f19-8022-0757952f86ba,class.created,"{'class_id': 'class-412add9c-ec9b-4f19-8022-0757952f86ba', 'class_name': 'rabbit Class', 'placeholder_count': 3, 'created_from': 'rabbit', 'session_id': '6c77a175-b038-4777-8ac4-52eb443031ec', 'user_id': 'P3'}",3
366,2000-01-01 06:20:21,class-412add9c-ec9b-4f19-8022-0757952f86ba,class.updated,"{'class_id': 'class-412add9c-ec9b-4f19-8022-0757952f86ba', 'class_name': 'rabbit Class', 'placeholder_count': 3, 'object_count': 2, 'session_id': '6c77a175-b038-4777-8ac4-52eb443031ec', 'user_id': 'P3'}",3
367,2000-01-01 06:20:39,instance-c02c7781-54d0-4a6f-9e93-d917b97bc147,instance.created_from_class,"{'instance_id': 'instance-c02c7781-54d0-4a6f-9e93-d917b97bc147', 'class_id': 'class-412add9c-ec9b-4f19-8022-0757952f86ba', 'instance_label': 'Rabbit', 'has_text_description': True, 'session_id': '6c77a175-b038-4777-8ac4-52eb443031ec', 'user_id': 'P3'}",3
368,2000-01-01 06:20:52,instance-c02c7781-54d0-4a6f-9e93-d917b97bc147,layout.node.moved,"{'nodeId': 'instance-c02c7781-54d0-4a6f-9e93-d917b97bc147', 'newPos': {'x': 53, 'y': 295}, 'session_id': '6c77a175-b038-4777-8ac4-52eb443031ec', 'user_id': 'P3'}",3
369,2000-01-01 06:20:57,instance-bc576742-63dd-47ed-a242-06a9b1b04f4c-resizable,layoutboard.node.resizable.resized,"{'nodeId': 'instance-bc576742-63dd-47ed-a242-06a9b1b04f4c-resizable', 'prevSize': {'width': 50, 'height': 50}, 'newSize': {'width': 403, 'height': 388}, 'delta': {'width': 353, 'height': 338}, 'linkedSizeNodeIds': [], 'session_id': '6c77a175-b038-4777-8ac4-52eb443031ec', 'user_id': 'P3'}",3
370,2000-01-01 06:21:58,class-412add9c-ec9b-4f19-8022-0757952f86ba,class.updated,"{'class_id': 'class-412add9c-ec9b-4f19-8022-0757952f86ba', 'class_name': 'rabbit Class', 'placeholder_count': 4, 'object_count': 3, 'session_id': '6c77a175-b038-4777-8ac4-52eb443031ec', 'user_id': 'P3'}",3
371,2000-01-01 06:22:34,instance-258e1650-a691-4328-9fb0-3bcf7775d2b6,instance.updated,"{'instance_id': 'instance-258e1650-a691-4328-9fb0-3bcf7775d2b6', 'instance_label': 'rabbit', 'text_changed': True, 'graph_changed': False, 'session_id': '6c77a175-b038-4777-8ac4-52eb443031ec', 'user_id': 'P3'}",3
372,2000-01-01 06:23:07,,api.generate_image.succeeded,"{'global_caption': 'a scene featuring a cute rabbit walking on two feet in a fairy tale illustration, Rabbit Village, and another cute rabbit walking on two feet in a fairy tale illustration', 'region_count': 3, 'has_image': True, 'detected_objects_count': 1, 'image_path': 'output/P3/2025-08-23_06-23-07/image.png', 'image_with_layout_path': 'output/P3/2025-08-23_06-23-07/image_with_layout.png', 'timestamp_dir': 'output/P3/2025-08-23_06-23-07', 'session_id': '6c77a175-b038-4777-8ac4-52eb443031ec', 'user_id': 'P3'}",3
373,2000-01-01 06:23:20,instance-bc576742-63dd-47ed-a242-06a9b1b04f4c-resizable,layoutboard.node.resizable.resized,"{'nodeId': 'instance-bc576742-63dd-47ed-a242-06a9b1b04f4c-resizable', 'prevSize': {'width': 50, 'height': 50}, 'newSize': {'width': 442, 'height': 456}, 'delta': {'width': 392, 'height': 406}, 'linkedSizeNodeIds': [], 'session_id': '6c77a175-b038-4777-8ac4-52eb443031ec', 'user_id': 'P3'}",3
374,2000-01-01 06:23:24,instance-bc576742-63dd-47ed-a242-06a9b1b04f4c-resizable,layoutboard.node.resizable.resized,"{'nodeId': 'instance-bc576742-63dd-47ed-a242-06a9b1b04f4c-resizable', 'prevSize': {'width': 50, 'height': 50}, 'newSize': {'width': 514, 'height': 513}, 'delta': {'width': 464, 'height': 463}, 'linkedSizeNodeIds': [], 'session_id': '6c77a175-b038-4777-8ac4-52eb443031ec', 'user_id': 'P3'}",3
375,2000-01-01 06:23:28,instance-bc576742-63dd-47ed-a242-06a9b1b04f4c-resizable,layout.node.moved,"{'nodeId': 'instance-bc576742-63dd-47ed-a242-06a9b1b04f4c-resizable', 'newPos': {'x': -2, 'y': -1}, 'session_id': '6c77a175-b038-4777-8ac4-52eb443031ec', 'user_id': 'P3'}",3
376,2000-01-01 06:23:29,instance-bc576742-63dd-47ed-a242-06a9b1b04f4c-resizable,layout.node.moved,"{'nodeId': 'instance-bc576742-63dd-47ed-a242-06a9b1b04f4c-resizable', 'newPos': {'x': -2, 'y': -1}, 'session_id': '6c77a175-b038-4777-8ac4-52eb443031ec', 'user_id': 'P3'}",3
377,2000-01-01 06:23:30,instance-bc576742-63dd-47ed-a242-06a9b1b04f4c,layout.node.moved,"{'nodeId': 'instance-bc576742-63dd-47ed-a242-06a9b1b04f4c', 'newPos': {'x': 20, 'y': 27}, 'session_id': '6c77a175-b038-4777-8ac4-52eb443031ec', 'user_id': 'P3'}",3
378,2000-01-01 06:23:33,instance-bc576742-63dd-47ed-a242-06a9b1b04f4c-resizable,layoutboard.node.resizable.resized,"{'nodeId': 'instance-bc576742-63dd-47ed-a242-06a9b1b04f4c-resizable', 'prevSize': {'width': 50, 'height': 50}, 'newSize': {'width': 477, 'height': 475}, 'delta': {'width': 427, 'height': 425}, 'linkedSizeNodeIds': [], 'session_id': '6c77a175-b038-4777-8ac4-52eb443031ec', 'user_id': 'P3'}",3
379,2000-01-01 06:23:35,instance-bc576742-63dd-47ed-a242-06a9b1b04f4c,layout.node.moved,"{'nodeId': 'instance-bc576742-63dd-47ed-a242-06a9b1b04f4c', 'newPos': {'x': 16, 'y': 19}, 'session_id': '6c77a175-b038-4777-8ac4-52eb443031ec', 'user_id': 'P3'}",3
380,2000-01-01 06:24:42,instance-258e1650-a691-4328-9fb0-3bcf7775d2b6,instance.updated,"{'instance_id': 'instance-258e1650-a691-4328-9fb0-3bcf7775d2b6', 'instance_label': 'rabbit', 'text_changed': False, 'graph_changed': True, 'session_id': '6c77a175-b038-4777-8ac4-52eb443031ec', 'user_id': 'P3'}",3
381,2000-01-01 06:24:54,instance-c02c7781-54d0-4a6f-9e93-d917b97bc147,layout.node.moved,"{'nodeId': 'instance-c02c7781-54d0-4a6f-9e93-d917b97bc147', 'newPos': {'x': 118, 'y': 278}, 'session_id': '6c77a175-b038-4777-8ac4-52eb443031ec', 'user_id': 'P3'}",3
382,2000-01-01 06:24:57,instance-c02c7781-54d0-4a6f-9e93-d917b97bc147-resizable,layoutboard.node.resizable.resized,"{'nodeId': 'instance-c02c7781-54d0-4a6f-9e93-d917b97bc147-resizable', 'prevSize': {'width': 50, 'height': 50}, 'newSize': {'width': 114, 'height': 87}, 'delta': {'width': 64, 'height': 37}, 'linkedSizeNodeIds': [], 'session_id': '6c77a175-b038-4777-8ac4-52eb443031ec', 'user_id': 'P3'}",3
383,2000-01-01 06:25:11,,api.generate_image.succeeded,"{'global_caption': 'a scene featuring a cute rabbit walking on two feet in a fairy tale illustration, connected to a blue jacket, Rabbit Village, and another cute rabbit walking on two feet in a fairy tale illustration', 'region_count': 3, 'has_image': True, 'detected_objects_count': 2, 'image_path': 'output/P3/2025-08-23_06-25-10/image.png', 'image_with_layout_path': 'output/P3/2025-08-23_06-25-10/image_with_layout.png', 'timestamp_dir': 'output/P3/2025-08-23_06-25-10', 'session_id': '6c77a175-b038-4777-8ac4-52eb443031ec', 'user_id': 'P3'}",3
384,2000-01-01 06:25:39,dbf6ebe2-1674-4cdf-8d5e-f83a1c78a3bc,instance_created_from_detection,"{'instanceId': 'dbf6ebe2-1674-4cdf-8d5e-f83a1c78a3bc', 'label': 'Rabbit', 'originalObjectLabel': 'horse', 'session_id': '6c77a175-b038-4777-8ac4-52eb443031ec', 'user_id': 'P3'}",3
385,2000-01-01 06:25:56,dbf6ebe2-1674-4cdf-8d5e-f83a1c78a3bc,instance.deleted,"{'instance_id': 'dbf6ebe2-1674-4cdf-8d5e-f83a1c78a3bc', 'instance_label': 'Rabbit', 'is_from_class': False, 'class_id': None, 'session_id': '6c77a175-b038-4777-8ac4-52eb443031ec', 'user_id': 'P3'}",3
386,2000-01-01 06:26:07,instance-bc576742-63dd-47ed-a242-06a9b1b04f4c-resizable,layout.node.moved,"{'nodeId': 'instance-bc576742-63dd-47ed-a242-06a9b1b04f4c-resizable', 'newPos': {'x': 0, 'y': 0}, 'session_id': '6c77a175-b038-4777-8ac4-52eb443031ec', 'user_id': 'P3'}",3
387,2000-01-01 06:26:10,instance-bc576742-63dd-47ed-a242-06a9b1b04f4c-resizable,layout.node.moved,"{'nodeId': 'instance-bc576742-63dd-47ed-a242-06a9b1b04f4c-resizable', 'newPos': {'x': 14, 'y': 12}, 'session_id': '6c77a175-b038-4777-8ac4-52eb443031ec', 'user_id': 'P3'}",3
388,2000-01-01 06:26:11,,scene_saved,"{'slotNumber': 1, 'instanceCount': 3, 'nodeCount': 6, 'edgeCount': 0, 'session_id': '6c77a175-b038-4777-8ac4-52eb443031ec', 'user_id': 'P3'}",3
389,2000-01-01 06:26:12,,scene_saved,"{'slotNumber': 1, 'instanceCount': 3, 'nodeCount': 6, 'edgeCount': 0, 'session_id': '6c77a175-b038-4777-8ac4-52eb443031ec', 'user_id': 'P3'}",3
390,2000-01-01 06:26:13,,scene_saved,"{'slotNumber': 1, 'instanceCount': 3, 'nodeCount': 6, 'edgeCount': 0, 'session_id': '6c77a175-b038-4777-8ac4-52eb443031ec', 'user_id': 'P3'}",3
391,2000-01-01 06:27:17,instance-bc576742-63dd-47ed-a242-06a9b1b04f4c,instance.updated,"{'instance_id': 'instance-bc576742-63dd-47ed-a242-06a9b1b04f4c', 'instance_label': 'village', 'text_changed': False, 'graph_changed': True, 'session_id': '6c77a175-b038-4777-8ac4-52eb443031ec', 'user_id': 'P3'}",3
392,2000-01-01 06:28:27,instance-258e1650-a691-4328-9fb0-3bcf7775d2b6,instance.updated,"{'instance_id': 'instance-258e1650-a691-4328-9fb0-3bcf7775d2b6', 'instance_label': 'rabbit', 'text_changed': False, 'graph_changed': True, 'session_id': '6c77a175-b038-4777-8ac4-52eb443031ec', 'user_id': 'P3'}",3
393,2000-01-01 06:29:00,instance-c02c7781-54d0-4a6f-9e93-d917b97bc147,instance.updated,"{'instance_id': 'instance-c02c7781-54d0-4a6f-9e93-d917b97bc147', 'instance_label': 'Rabbit', 'text_changed': False, 'graph_changed': True, 'session_id': '6c77a175-b038-4777-8ac4-52eb443031ec', 'user_id': 'P3'}",3
394,2000-01-01 06:29:06,,layout_board.new_box_positioned,"{'position': {'x': 228, 'y': 140}, 'screen_position': {'x': 291, 'y': 163}, 'board_type': 'advanced', 'session_id': '6c77a175-b038-4777-8ac4-52eb443031ec', 'user_id': 'P3'}",3
395,2000-01-01 06:29:18,instance-bc576742-63dd-47ed-a242-06a9b1b04f4c-resizable,layout.node.moved,"{'nodeId': 'instance-bc576742-63dd-47ed-a242-06a9b1b04f4c-resizable', 'newPos': {'x': 18, 'y': 17}, 'session_id': '6c77a175-b038-4777-8ac4-52eb443031ec', 'user_id': 'P3'}",3
396,2000-01-01 06:29:20,instance-bc576742-63dd-47ed-a242-06a9b1b04f4c-resizable,layout.node.moved,"{'nodeId': 'instance-bc576742-63dd-47ed-a242-06a9b1b04f4c-resizable', 'newPos': {'x': 0, 'y': 13}, 'session_id': '6c77a175-b038-4777-8ac4-52eb443031ec', 'user_id': 'P3'}",3
397,2000-01-01 06:29:21,instance-bc576742-63dd-47ed-a242-06a9b1b04f4c-resizable,layout.node.moved,"{'nodeId': 'instance-bc576742-63dd-47ed-a242-06a9b1b04f4c-resizable', 'newPos': {'x': 17, 'y': 13}, 'session_id': '6c77a175-b038-4777-8ac4-52eb443031ec', 'user_id': 'P3'}",3
398,2000-01-01 06:29:24,instance-bc576742-63dd-47ed-a242-06a9b1b04f4c-resizable,layoutboard.node.resizable.resized,"{'nodeId': 'instance-bc576742-63dd-47ed-a242-06a9b1b04f4c-resizable', 'prevSize': {'width': 50, 'height': 50}, 'newSize': {'width': 127, 'height': 91}, 'delta': {'width': 77, 'height': 41}, 'linkedSizeNodeIds': [], 'session_id': '6c77a175-b038-4777-8ac4-52eb443031ec', 'user_id': 'P3'}",3
399,2000-01-01 06:29:26,instance-a2ba25a1-015c-43f3-9223-a565c3cb83d2,layout.node.moved,"{'nodeId': 'instance-a2ba25a1-015c-43f3-9223-a565c3cb83d2', 'newPos': {'x': 194, 'y': 176}, 'session_id': '6c77a175-b038-4777-8ac4-52eb443031ec', 'user_id': 'P3'}",3
400,2000-01-01 06:29:27,instance-a2ba25a1-015c-43f3-9223-a565c3cb83d2-resizable,layoutboard.node.resizable.resized,"{'nodeId': 'instance-a2ba25a1-015c-43f3-9223-a565c3cb83d2-resizable', 'prevSize': {'width': 50, 'height': 50}, 'newSize': {'width': 61, 'height': 69}, 'delta': {'width': 11, 'height': 19}, 'linkedSizeNodeIds': [], 'session_id': '6c77a175-b038-4777-8ac4-52eb443031ec', 'user_id': 'P3'}",3
401,2000-01-01 06:29:46,instance-258e1650-a691-4328-9fb0-3bcf7775d2b6-resizable,layoutboard.node.resizable.resized,"{'nodeId': 'instance-258e1650-a691-4328-9fb0-3bcf7775d2b6-resizable', 'prevSize': {'width': 50, 'height': 50}, 'newSize': {'width': 69, 'height': 192}, 'delta': {'width': 19, 'height': 142}, 'linkedSizeNodeIds': [], 'session_id': '6c77a175-b038-4777-8ac4-52eb443031ec', 'user_id': 'P3'}",3
402,2000-01-01 06:29:47,instance-258e1650-a691-4328-9fb0-3bcf7775d2b6-resizable,layoutboard.node.resizable.resized,"{'nodeId': 'instance-258e1650-a691-4328-9fb0-3bcf7775d2b6-resizable', 'prevSize': {'width': 50, 'height': 50}, 'newSize': {'width': 110, 'height': 216}, 'delta': {'width': 60, 'height': 166}, 'linkedSizeNodeIds': [], 'session_id': '6c77a175-b038-4777-8ac4-52eb443031ec', 'user_id': 'P3'}",3
403,2000-01-01 06:30:01,instance-c02c7781-54d0-4a6f-9e93-d917b97bc147-resizable,layoutboard.node.resizable.resized,"{'nodeId': 'instance-c02c7781-54d0-4a6f-9e93-d917b97bc147-resizable', 'prevSize': {'width': 50, 'height': 50}, 'newSize': {'width': 146, 'height': 155}, 'delta': {'width': 96, 'height': 105}, 'linkedSizeNodeIds': [], 'session_id': '6c77a175-b038-4777-8ac4-52eb443031ec', 'user_id': 'P3'}",3
404,2000-01-01 06:30:02,instance-c02c7781-54d0-4a6f-9e93-d917b97bc147,layout.node.moved,"{'nodeId': 'instance-c02c7781-54d0-4a6f-9e93-d917b97bc147', 'newPos': {'x': 53, 'y': 199}, 'session_id': '6c77a175-b038-4777-8ac4-52eb443031ec', 'user_id': 'P3'}",3
405,2000-01-01 06:30:05,instance-c02c7781-54d0-4a6f-9e93-d917b97bc147-resizable,layoutboard.node.resizable.resized,"{'nodeId': 'instance-c02c7781-54d0-4a6f-9e93-d917b97bc147-resizable', 'prevSize': {'width': 50, 'height': 50}, 'newSize': {'width': 114, 'height': 182}, 'delta': {'width': 64, 'height': 132}, 'linkedSizeNodeIds': [], 'session_id': '6c77a175-b038-4777-8ac4-52eb443031ec', 'user_id': 'P3'}",3
406,2000-01-01 06:30:08,instance-c02c7781-54d0-4a6f-9e93-d917b97bc147,layout.node.moved,"{'nodeId': 'instance-c02c7781-54d0-4a6f-9e93-d917b97bc147', 'newPos': {'x': 72, 'y': 171}, 'session_id': '6c77a175-b038-4777-8ac4-52eb443031ec', 'user_id': 'P3'}",3
407,2000-01-01 06:30:10,instance-a2ba25a1-015c-43f3-9223-a565c3cb83d2,layout.node.moved,"{'nodeId': 'instance-a2ba25a1-015c-43f3-9223-a565c3cb83d2', 'newPos': {'x': 209, 'y': 139}, 'session_id': '6c77a175-b038-4777-8ac4-52eb443031ec', 'user_id': 'P3'}",3
408,2000-01-01 06:30:19,,relationship_node.created,"{'relationship_id': 'instance-258e1650-a691-4328-9fb0-3bcf7775d2b6->instance-a2ba25a1-015c-43f3-9223-a565c3cb83d2:giving', 'sourceId': 'instance-258e1650-a691-4328-9fb0-3bcf7775d2b6', 'targetId': 'instance-a2ba25a1-015c-43f3-9223-a565c3cb83d2', 'relation': 'giving', 'video_time': '34:21'}",3
409,2000-01-01 06:30:21,instance-258e1650-a691-4328-9fb0-3bcf7775d2b6,layout.node.moved,"{'nodeId': 'instance-258e1650-a691-4328-9fb0-3bcf7775d2b6', 'newPos': {'x': 306, 'y': 164}, 'session_id': '6c77a175-b038-4777-8ac4-52eb443031ec', 'user_id': 'P3'}",3
410,2000-01-01 06:30:26,,relationship_node.created,"{'relationship_id': 'instance-258e1650-a691-4328-9fb0-3bcf7775d2b6->instance-a2ba25a1-015c-43f3-9223-a565c3cb83d2:receiving', 'sourceId': 'instance-258e1650-a691-4328-9fb0-3bcf7775d2b6', 'targetId': 'instance-a2ba25a1-015c-43f3-9223-a565c3cb83d2', 'relation': 'receiving', 'video_time': '34:28'}",3
411,2000-01-01 06:30:43,instance-bc576742-63dd-47ed-a242-06a9b1b04f4c-resizable,layoutboard.node.resizable.resized,"{'nodeId': 'instance-bc576742-63dd-47ed-a242-06a9b1b04f4c-resizable', 'prevSize': {'width': 50, 'height': 50}, 'newSize': {'width': 482, 'height': 470}, 'delta': {'width': 432, 'height': 420}, 'linkedSizeNodeIds': [], 'session_id': '6c77a175-b038-4777-8ac4-52eb443031ec', 'user_id': 'P3'}",3
412,2000-01-01 06:31:10,,api.generate_image.succeeded,"{'global_caption': 'a scene featuring a cute child rabbit walking on two feet in a fairy tale illustration, connected to a blue jacket, receiving a balloon, a Rabbit Village with a parade, a cute adult rabbit walking on two feet in a fairy tale illustration, giving a balloon, and a red balloon', 'region_count': 4, 'has_image': True, 'detected_objects_count': 0, 'image_path': 'output/P3/2025-08-23_06-31-10/image.png', 'image_with_layout_path': 'output/P3/2025-08-23_06-31-10/image_with_layout.png', 'timestamp_dir': 'output/P3/2025-08-23_06-31-10', 'session_id': '6c77a175-b038-4777-8ac4-52eb443031ec', 'user_id': 'P3'}",3
413,2000-01-01 06:31:24,instance-258e1650-a691-4328-9fb0-3bcf7775d2b6,layout.node.moved,"{'nodeId': 'instance-258e1650-a691-4328-9fb0-3bcf7775d2b6', 'newPos': {'x': 317, 'y': 177}, 'session_id': '6c77a175-b038-4777-8ac4-52eb443031ec', 'user_id': 'P3'}",3
414,2000-01-01 06:31:29,instance-bc576742-63dd-47ed-a242-06a9b1b04f4c-resizable,layout.node.moved,"{'nodeId': 'instance-bc576742-63dd-47ed-a242-06a9b1b04f4c-resizable', 'newPos': {'x': 0, 'y': 42}, 'session_id': '6c77a175-b038-4777-8ac4-52eb443031ec', 'user_id': 'P3'}",3
415,2000-01-01 06:31:30,instance-bc576742-63dd-47ed-a242-06a9b1b04f4c-resizable,layout.node.moved,"{'nodeId': 'instance-bc576742-63dd-47ed-a242-06a9b1b04f4c-resizable', 'newPos': {'x': 0, 'y': 42}, 'session_id': '6c77a175-b038-4777-8ac4-52eb443031ec', 'user_id': 'P3'}",3
416,2000-01-01 06:31:34,instance-bc576742-63dd-47ed-a242-06a9b1b04f4c,layout.node.moved,"{'nodeId': 'instance-bc576742-63dd-47ed-a242-06a9b1b04f4c', 'newPos': {'x': 36, 'y': 42}, 'session_id': '6c77a175-b038-4777-8ac4-52eb443031ec', 'user_id': 'P3'}",3
417,2000-01-01 06:31:36,instance-bc576742-63dd-47ed-a242-06a9b1b04f4c-resizable,layoutboard.node.resizable.resized,"{'nodeId': 'instance-bc576742-63dd-47ed-a242-06a9b1b04f4c-resizable', 'prevSize': {'width': 50, 'height': 50}, 'newSize': {'width': 488, 'height': 190}, 'delta': {'width': 438, 'height': 140}, 'linkedSizeNodeIds': [], 'session_id': '6c77a175-b038-4777-8ac4-52eb443031ec', 'user_id': 'P3'}",3
418,2000-01-01 06:31:39,instance-c02c7781-54d0-4a6f-9e93-d917b97bc147-resizable,layoutboard.node.resizable.resized,"{'nodeId': 'instance-c02c7781-54d0-4a6f-9e93-d917b97bc147-resizable', 'prevSize': {'width': 50, 'height': 50}, 'newSize': {'width': 166, 'height': 268}, 'delta': {'width': 116, 'height': 218}, 'linkedSizeNodeIds': [], 'session_id': '6c77a175-b038-4777-8ac4-52eb443031ec', 'user_id': 'P3'}",3
419,2000-01-01 06:31:41,,relationship_node.deleted,"{'relationship_id': 'instance-258e1650-a691-4328-9fb0-3bcf7775d2b6-instance-a2ba25a1-015c-43f3-9223-a565c3cb83d2', 'source_object_id': 'instance-258e1650-a691-4328-9fb0-3bcf7775d2b6', 'target_object_id': 'instance-a2ba25a1-015c-43f3-9223-a565c3cb83d2', 'relation': 'recieving', 'source_object_name': 'rabbit', 'target_object_name': 'balloon', 'session_id': '6c77a175-b038-4777-8ac4-52eb443031ec', 'user_id': 'P3'}",3
420,2000-01-01 06:31:45,instance-258e1650-a691-4328-9fb0-3bcf7775d2b6,layout.node.moved,"{'nodeId': 'instance-258e1650-a691-4328-9fb0-3bcf7775d2b6', 'newPos': {'x': 329, 'y': 113}, 'session_id': '6c77a175-b038-4777-8ac4-52eb443031ec', 'user_id': 'P3'}",3
421,2000-01-01 06:31:48,instance-258e1650-a691-4328-9fb0-3bcf7775d2b6-resizable,layoutboard.node.resizable.resized,"{'nodeId': 'instance-258e1650-a691-4328-9fb0-3bcf7775d2b6-resizable', 'prevSize': {'width': 50, 'height': 50}, 'newSize': {'width': 90, 'height': 119}, 'delta': {'width': 40, 'height': 69}, 'linkedSizeNodeIds': [], 'session_id': '6c77a175-b038-4777-8ac4-52eb443031ec', 'user_id': 'P3'}",3
422,2000-01-01 06:31:50,instance-c02c7781-54d0-4a6f-9e93-d917b97bc147,layout.node.moved,"{'nodeId': 'instance-c02c7781-54d0-4a6f-9e93-d917b97bc147', 'newPos': {'x': 98, 'y': 89}, 'session_id': '6c77a175-b038-4777-8ac4-52eb443031ec', 'user_id': 'P3'}",3
423,2000-01-01 06:32:01,instance-bc576742-63dd-47ed-a242-06a9b1b04f4c,layout.node.moved,"{'nodeId': 'instance-bc576742-63dd-47ed-a242-06a9b1b04f4c', 'newPos': {'x': 7, 'y': 2}, 'session_id': '6c77a175-b038-4777-8ac4-52eb443031ec', 'user_id': 'P3'}",3
424,2000-01-01 06:32:05,instance-bc576742-63dd-47ed-a242-06a9b1b04f4c-resizable,layoutboard.node.resizable.resized,"{'nodeId': 'instance-bc576742-63dd-47ed-a242-06a9b1b04f4c-resizable', 'prevSize': {'width': 50, 'height': 50}, 'newSize': {'width': 484, 'height': 485}, 'delta': {'width': 434, 'height': 435}, 'linkedSizeNodeIds': [], 'session_id': '6c77a175-b038-4777-8ac4-52eb443031ec', 'user_id': 'P3'}",3
425,2000-01-01 06:32:31,,api.generate_image.succeeded,"{'global_caption': 'a scene featuring a cute child rabbit walking on two feet in a fairy tale illustration, connected to a blue jacket, a Rabbit Village with a parade, a cute adult rabbit walking on two feet in a fairy tale illustration giving a balloon, and a red balloon', 'region_count': 4, 'has_image': True, 'detected_objects_count': 0, 'image_path': 'output/P3/2025-08-23_06-32-31/image.png', 'image_with_layout_path': 'output/P3/2025-08-23_06-32-31/image_with_layout.png', 'timestamp_dir': 'output/P3/2025-08-23_06-32-31', 'session_id': '6c77a175-b038-4777-8ac4-52eb443031ec', 'user_id': 'P3'}",3
426,2000-01-01 06:32:55,instance-258e1650-a691-4328-9fb0-3bcf7775d2b6,instance.updated,"{'instance_id': 'instance-258e1650-a691-4328-9fb0-3bcf7775d2b6', 'instance_label': 'rabbit', 'text_changed': False, 'graph_changed': True, 'session_id': '6c77a175-b038-4777-8ac4-52eb443031ec', 'user_id': 'P3'}",3
427,2000-01-01 06:33:22,,api.generate_image.succeeded,"{'global_caption': 'a scene featuring a cute little child rabbit walking on two feet in a fairy tale illustration, connected to a blue jacket, a Rabbit Village with a parade, a cute adult rabbit walking on two feet in a fairy tale illustration giving a balloon, and a red balloon', 'region_count': 4, 'has_image': True, 'detected_objects_count': 0, 'image_path': 'output/P3/2025-08-23_06-33-21/image.png', 'image_with_layout_path': 'output/P3/2025-08-23_06-33-21/image_with_layout.png', 'timestamp_dir': 'output/P3/2025-08-23_06-33-21', 'session_id': '6c77a175-b038-4777-8ac4-52eb443031ec', 'user_id': 'P3'}",3
428,2000-01-01 06:34:57,instance-c02c7781-54d0-4a6f-9e93-d917b97bc147,instance.updated,"{'instance_id': 'instance-c02c7781-54d0-4a6f-9e93-d917b97bc147', 'instance_label': 'Rabbit', 'text_changed': False, 'graph_changed': True, 'session_id': '6c77a175-b038-4777-8ac4-52eb443031ec', 'user_id': 'P3'}",3
429,2000-01-01 06:35:32,,api.generate_image.succeeded,"{'global_caption': 'a scene featuring a cute little child rabbit walking on two feet in a fairy tale illustration, connected to a blue jacket, a Rabbit Village with a parade, an adult rabbit walking on two feet in a fairy tale illustration, wearing a fedora and giving a red balloon', 'region_count': 4, 'has_image': True, 'detected_objects_count': 4, 'image_path': 'output/P3/2025-08-23_06-35-32/image.png', 'image_with_layout_path': 'output/P3/2025-08-23_06-35-32/image_with_layout.png', 'timestamp_dir': 'output/P3/2025-08-23_06-35-32', 'session_id': '6c77a175-b038-4777-8ac4-52eb443031ec', 'user_id': 'P3'}",3
430,2000-01-01 06:35:44,,scene_saved,"{'slotNumber': 2, 'instanceCount': 4, 'nodeCount': 8, 'edgeCount': 1, 'session_id': '6c77a175-b038-4777-8ac4-52eb443031ec', 'user_id': 'P3'}",3
431,2000-01-01 06:36:34,instance-c02c7781-54d0-4a6f-9e93-d917b97bc147,instance.updated,"{'instance_id': 'instance-c02c7781-54d0-4a6f-9e93-d917b97bc147', 'instance_label': 'rabbit', 'text_changed': True, 'graph_changed': False, 'session_id': '6c77a175-b038-4777-8ac4-52eb443031ec', 'user_id': 'P3'}",3
432,2000-01-01 06:37:03,,api.generate_image.succeeded,"{'global_caption': 'a scene featuring a cute little child rabbit walking on two feet, connected to a blue jacket in a fairy tale illustration, a Rabbit Village with a parade, and an adult rabbit walking on two feet, wearing a fedora and a black suit in a fairy tale illustration, giving a red balloon.', 'region_count': 4, 'has_image': True, 'detected_objects_count': 2, 'image_path': 'output/P3/2025-08-23_06-37-02/image.png', 'image_with_layout_path': 'output/P3/2025-08-23_06-37-02/image_with_layout.png', 'timestamp_dir': 'output/P3/2025-08-23_06-37-02', 'session_id': '6c77a175-b038-4777-8ac4-52eb443031ec', 'user_id': 'P3'}",3
433,2000-01-01 06:37:21,instance-c02c7781-54d0-4a6f-9e93-d917b97bc147-resizable,layout.node.moved,"{'nodeId': 'instance-c02c7781-54d0-4a6f-9e93-d917b97bc147-resizable', 'newPos': {'x': 122, 'y': 111}, 'session_id': '6c77a175-b038-4777-8ac4-52eb443031ec', 'user_id': 'P3'}",3
434,2000-01-01 06:37:23,instance-a2ba25a1-015c-43f3-9223-a565c3cb83d2,layout.node.moved,"{'nodeId': 'instance-a2ba25a1-015c-43f3-9223-a565c3cb83d2', 'newPos': {'x': 275, 'y': 131}, 'session_id': '6c77a175-b038-4777-8ac4-52eb443031ec', 'user_id': 'P3'}",3
435,2000-01-01 06:37:24,instance-bc576742-63dd-47ed-a242-06a9b1b04f4c-resizable,layout.node.moved,"{'nodeId': 'instance-bc576742-63dd-47ed-a242-06a9b1b04f4c-resizable', 'newPos': {'x': 0, 'y': 9}, 'session_id': '6c77a175-b038-4777-8ac4-52eb443031ec', 'user_id': 'P3'}",3
436,2000-01-01 06:37:25,instance-bc576742-63dd-47ed-a242-06a9b1b04f4c-resizable,layout.node.moved,"{'nodeId': 'instance-bc576742-63dd-47ed-a242-06a9b1b04f4c-resizable', 'newPos': {'x': 23, 'y': 10}, 'session_id': '6c77a175-b038-4777-8ac4-52eb443031ec', 'user_id': 'P3'}",3
437,2000-01-01 06:37:30,instance-bc576742-63dd-47ed-a242-06a9b1b04f4c-resizable,layout.node.moved,"{'nodeId': 'instance-bc576742-63dd-47ed-a242-06a9b1b04f4c-resizable', 'newPos': {'x': 0, 'y': 16}, 'session_id': '6c77a175-b038-4777-8ac4-52eb443031ec', 'user_id': 'P3'}",3
438,2000-01-01 06:37:32,instance-bc576742-63dd-47ed-a242-06a9b1b04f4c-resizable,layout.node.moved,"{'nodeId': 'instance-bc576742-63dd-47ed-a242-06a9b1b04f4c-resizable', 'newPos': {'x': 14, 'y': 12}, 'session_id': '6c77a175-b038-4777-8ac4-52eb443031ec', 'user_id': 'P3'}",3
439,2000-01-01 06:37:58,,api.generate_image.succeeded,"{'global_caption': 'a scene featuring a cute little child rabbit walking on two feet, connected to a blue jacket in a fairy tale illustration, a Rabbit Village with a parade, and an adult rabbit walking on two feet, wearing a fedora and a black suit in a fairy tale illustration, giving a red balloon.', 'region_count': 4, 'has_image': True, 'detected_objects_count': 4, 'image_path': 'output/P3/2025-08-23_06-37-58/image.png', 'image_with_layout_path': 'output/P3/2025-08-23_06-37-58/image_with_layout.png', 'timestamp_dir': 'output/P3/2025-08-23_06-37-58', 'session_id': '6c77a175-b038-4777-8ac4-52eb443031ec', 'user_id': 'P3'}",3
440,2000-01-01 06:38:04,,scene_saved,"{'slotNumber': 2, 'instanceCount': 4, 'nodeCount': 8, 'edgeCount': 1, 'session_id': '6c77a175-b038-4777-8ac4-52eb443031ec', 'user_id': 'P3'}",3
441,2000-01-01 06:38:05,,scene_saved,"{'slotNumber': 2, 'instanceCount': 4, 'nodeCount': 8, 'edgeCount': 1, 'session_id': '6c77a175-b038-4777-8ac4-52eb443031ec', 'user_id': 'P3'}",3
442,2000-01-01 06:38:25,instance-bc576742-63dd-47ed-a242-06a9b1b04f4c-resizable,layout.node.moved,"{'nodeId': 'instance-bc576742-63dd-47ed-a242-06a9b1b04f4c-resizable', 'newPos': {'x': 15, 'y': 7}, 'session_id': '6c77a175-b038-4777-8ac4-52eb443031ec', 'user_id': 'P3'}",3
443,2000-01-01 06:38:28,instance-bc576742-63dd-47ed-a242-06a9b1b04f4c-resizable,layout.node.moved,"{'nodeId': 'instance-bc576742-63dd-47ed-a242-06a9b1b04f4c-resizable', 'newPos': {'x': 28, 'y': 27}, 'session_id': '6c77a175-b038-4777-8ac4-52eb443031ec', 'user_id': 'P3'}",3
444,2000-01-01 06:38:30,instance-bc576742-63dd-47ed-a242-06a9b1b04f4c-resizable,layout.node.moved,"{'nodeId': 'instance-bc576742-63dd-47ed-a242-06a9b1b04f4c-resizable', 'newPos': {'x': 28, 'y': 27}, 'session_id': '6c77a175-b038-4777-8ac4-52eb443031ec', 'user_id': 'P3'}",3
445,2000-01-01 06:38:34,instance-bc576742-63dd-47ed-a242-06a9b1b04f4c-resizable,layoutboard.node.resizable.resized,"{'nodeId': 'instance-bc576742-63dd-47ed-a242-06a9b1b04f4c-resizable', 'prevSize': {'width': 50, 'height': 50}, 'newSize': {'width': 505, 'height': 188}, 'delta': {'width': 455, 'height': 138}, 'linkedSizeNodeIds': [], 'session_id': '6c77a175-b038-4777-8ac4-52eb443031ec', 'user_id': 'P3'}",3
446,2000-01-01 06:38:45,instance-c02c7781-54d0-4a6f-9e93-d917b97bc147,instance.deleted,"{'instance_id': 'instance-c02c7781-54d0-4a6f-9e93-d917b97bc147', 'instance_label': 'rabbit', 'is_from_class': True, 'class_id': 'class-412add9c-ec9b-4f19-8022-0757952f86ba', 'session_id': '6c77a175-b038-4777-8ac4-52eb443031ec', 'user_id': 'P3'}",3
447,2000-01-01 06:39:51,instance-258e1650-a691-4328-9fb0-3bcf7775d2b6,instance.updated,"{'instance_id': 'instance-258e1650-a691-4328-9fb0-3bcf7775d2b6', 'instance_label': 'rabbit', 'text_changed': False, 'graph_changed': True, 'session_id': '6c77a175-b038-4777-8ac4-52eb443031ec', 'user_id': 'P3'}",3
448,2000-01-01 06:39:59,instance-a2ba25a1-015c-43f3-9223-a565c3cb83d2,instance.updated,"{'instance_id': 'instance-a2ba25a1-015c-43f3-9223-a565c3cb83d2', 'instance_label': 'balloon', 'text_changed': True, 'graph_changed': False, 'session_id': '6c77a175-b038-4777-8ac4-52eb443031ec', 'user_id': 'P3'}",3
449,2000-01-01 06:40:06,instance-bc576742-63dd-47ed-a242-06a9b1b04f4c,instance.deleted,"{'instance_id': 'instance-bc576742-63dd-47ed-a242-06a9b1b04f4c', 'instance_label': 'village', 'is_from_class': False, 'class_id': None, 'session_id': '6c77a175-b038-4777-8ac4-52eb443031ec', 'user_id': 'P3'}",3
450,2000-01-01 06:40:09,instance-258e1650-a691-4328-9fb0-3bcf7775d2b6,layout.node.moved,"{'nodeId': 'instance-258e1650-a691-4328-9fb0-3bcf7775d2b6', 'newPos': {'x': 228, 'y': 252}, 'session_id': '6c77a175-b038-4777-8ac4-52eb443031ec', 'user_id': 'P3'}",3
451,2000-01-01 06:40:11,instance-a2ba25a1-015c-43f3-9223-a565c3cb83d2,layout.node.moved,"{'nodeId': 'instance-a2ba25a1-015c-43f3-9223-a565c3cb83d2', 'newPos': {'x': 220, 'y': 159}, 'session_id': '6c77a175-b038-4777-8ac4-52eb443031ec', 'user_id': 'P3'}",3
452,2000-01-01 06:40:34,,relationship_node.deleted,"{'relationship_id': 'instance-258e1650-a691-4328-9fb0-3bcf7775d2b6-instance-a2ba25a1-015c-43f3-9223-a565c3cb83d2', 'source_object_id': 'instance-258e1650-a691-4328-9fb0-3bcf7775d2b6', 'target_object_id': 'instance-a2ba25a1-015c-43f3-9223-a565c3cb83d2', 'relation': 'related', 'source_object_name': 'rabbit', 'target_object_name': 'balloon', 'session_id': '6c77a175-b038-4777-8ac4-52eb443031ec', 'user_id': 'P3'}",3
453,2000-01-01 06:40:38,,relationship_node.created,"{'relationship_id': 'instance-258e1650-a691-4328-9fb0-3bcf7775d2b6->instance-a2ba25a1-015c-43f3-9223-a565c3cb83d2:looking up', 'sourceId': 'instance-258e1650-a691-4328-9fb0-3bcf7775d2b6', 'targetId': 'instance-a2ba25a1-015c-43f3-9223-a565c3cb83d2', 'relation': 'looking up', 'video_time': '44:40'}",3
454,2000-01-01 06:40:52,,layout_board.new_box_positioned,"{'position': {'x': 24, 'y': 10}, 'screen_position': {'x': 87, 'y': 53}, 'board_type': 'advanced', 'session_id': '6c77a175-b038-4777-8ac4-52eb443031ec', 'user_id': 'P3'}",3
455,2000-01-01 06:41:35,,layout_board.new_box_positioned,"{'position': {'x': 11, 'y': 8}, 'screen_position': {'x': 74, 'y': 51}, 'board_type': 'advanced', 'session_id': '6c77a175-b038-4777-8ac4-52eb443031ec', 'user_id': 'P3'}",3
456,2000-01-01 06:41:46,instance-609046ce-c5d2-4ea6-96e6-33e893861034-resizable,layoutboard.node.resizable.resized,"{'nodeId': 'instance-609046ce-c5d2-4ea6-96e6-33e893861034-resizable', 'prevSize': {'width': 50, 'height': 50}, 'newSize': {'width': 485, 'height': 477}, 'delta': {'width': 435, 'height': 427}, 'linkedSizeNodeIds': [], 'session_id': '6c77a175-b038-4777-8ac4-52eb443031ec', 'user_id': 'P3'}",3
457,2000-01-01 06:42:18,instance-a2ba25a1-015c-43f3-9223-a565c3cb83d2,instance.updated,"{'instance_id': 'instance-a2ba25a1-015c-43f3-9223-a565c3cb83d2', 'instance_label': 'balloon', 'text_changed': True, 'graph_changed': False, 'session_id': '6c77a175-b038-4777-8ac4-52eb443031ec', 'user_id': 'P3'}",3
458,2000-01-01 06:42:48,,api.generate_image.succeeded,"{'global_caption': 'a scene featuring a cute little child rabbit crying while walking on two feet in a fairy tale illustration, connected to a blue jacket and looking up at a red balloon disappearing into the sky, with the composition of looking down at balloons and rabbits from the sky.', 'region_count': 3, 'has_image': True, 'detected_objects_count': 8, 'image_path': 'output/P3/2025-08-23_06-42-48/image.png', 'image_with_layout_path': 'output/P3/2025-08-23_06-42-48/image_with_layout.png', 'timestamp_dir': 'output/P3/2025-08-23_06-42-48', 'session_id': '6c77a175-b038-4777-8ac4-52eb443031ec', 'user_id': 'P3'}",3
459,2000-01-01 06:43:57,instance-609046ce-c5d2-4ea6-96e6-33e893861034,instance.updated,"{'instance_id': 'instance-609046ce-c5d2-4ea6-96e6-33e893861034', 'instance_label': 'composition', 'text_changed': True, 'graph_changed': False, 'session_id': '6c77a175-b038-4777-8ac4-52eb443031ec', 'user_id': 'P3'}",3
460,2000-01-01 06:44:02,instance-609046ce-c5d2-4ea6-96e6-33e893861034,instance.deleted,"{'instance_id': 'instance-609046ce-c5d2-4ea6-96e6-33e893861034', 'instance_label': 'composition', 'is_from_class': False, 'class_id': None, 'session_id': '6c77a175-b038-4777-8ac4-52eb443031ec', 'user_id': 'P3'}",3
461,2000-01-01 06:45:00,instance-258e1650-a691-4328-9fb0-3bcf7775d2b6,instance.updated,"{'instance_id': 'instance-258e1650-a691-4328-9fb0-3bcf7775d2b6', 'instance_label': 'rabbit', 'text_changed': False, 'graph_changed': True, 'session_id': '6c77a175-b038-4777-8ac4-52eb443031ec', 'user_id': 'P3'}",3
462,2000-01-01 06:45:10,instance-258e1650-a691-4328-9fb0-3bcf7775d2b6,instance.updated,"{'instance_id': 'instance-258e1650-a691-4328-9fb0-3bcf7775d2b6', 'instance_label': 'rabbit', 'text_changed': True, 'graph_changed': False, 'session_id': '6c77a175-b038-4777-8ac4-52eb443031ec', 'user_id': 'P3'}",3
463,2000-01-01 06:45:32,,api.generate_image.succeeded,"{'global_caption': 'a scene featuring a rabbit crying while walking on two feet in a fairy tale illustration, connected to a blue jacket and looking up at a red balloon disappearing into the sky, with the composition of looking down at balloons and rabbits from the sky.', 'region_count': 2, 'has_image': True, 'detected_objects_count': 4, 'image_path': 'output/P3/2025-08-23_06-45-32/image.png', 'image_with_layout_path': 'output/P3/2025-08-23_06-45-32/image_with_layout.png', 'timestamp_dir': 'output/P3/2025-08-23_06-45-32', 'session_id': '6c77a175-b038-4777-8ac4-52eb443031ec', 'user_id': 'P3'}",3
464,2000-01-01 06:45:50,instance-258e1650-a691-4328-9fb0-3bcf7775d2b6,instance.updated,"{'instance_id': 'instance-258e1650-a691-4328-9fb0-3bcf7775d2b6', 'instance_label': 'rabbit', 'text_changed': True, 'graph_changed': False, 'session_id': '6c77a175-b038-4777-8ac4-52eb443031ec', 'user_id': 'P3'}",3
465,2000-01-01 06:45:50,instance-258e1650-a691-4328-9fb0-3bcf7775d2b6,layout.node.moved,"{'nodeId': 'instance-258e1650-a691-4328-9fb0-3bcf7775d2b6', 'newPos': {'x': 267, 'y': 325}, 'session_id': '6c77a175-b038-4777-8ac4-52eb443031ec', 'user_id': 'P3'}",3
466,2000-01-01 06:45:53,instance-a2ba25a1-015c-43f3-9223-a565c3cb83d2,layout.node.moved,"{'nodeId': 'instance-a2ba25a1-015c-43f3-9223-a565c3cb83d2', 'newPos': {'x': 205, 'y': 19}, 'session_id': '6c77a175-b038-4777-8ac4-52eb443031ec', 'user_id': 'P3'}",3
467,2000-01-01 06:45:57,,layout_board.new_box_positioned,"{'position': {'x': 24, 'y': 374}, 'screen_position': {'x': 87, 'y': 417}, 'board_type': 'advanced', 'session_id': '6c77a175-b038-4777-8ac4-52eb443031ec', 'user_id': 'P3'}",3
468,2000-01-01 06:46:03,instance-2cdbe66b-fbc1-4642-8c96-8f987bc04ceb-resizable,layoutboard.node.resizable.resized,"{'nodeId': 'instance-2cdbe66b-fbc1-4642-8c96-8f987bc04ceb-resizable', 'prevSize': {'width': 50, 'height': 50}, 'newSize': {'width': 462, 'height': 110}, 'delta': {'width': 412, 'height': 60}, 'linkedSizeNodeIds': [], 'session_id': '6c77a175-b038-4777-8ac4-52eb443031ec', 'user_id': 'P3'}",3
469,2000-01-01 06:46:06,instance-2cdbe66b-fbc1-4642-8c96-8f987bc04ceb-resizable,layoutboard.node.resizable.resized,"{'nodeId': 'instance-2cdbe66b-fbc1-4642-8c96-8f987bc04ceb-resizable', 'prevSize': {'width': 50, 'height': 50}, 'newSize': {'width': 459, 'height': 77}, 'delta': {'width': 409, 'height': 27}, 'linkedSizeNodeIds': [], 'session_id': '6c77a175-b038-4777-8ac4-52eb443031ec', 'user_id': 'P3'}",3
470,2000-01-01 06:46:08,instance-2cdbe66b-fbc1-4642-8c96-8f987bc04ceb-resizable,layoutboard.node.resizable.resized,"{'nodeId': 'instance-2cdbe66b-fbc1-4642-8c96-8f987bc04ceb-resizable', 'prevSize': {'width': 50, 'height': 50}, 'newSize': {'width': 468, 'height': 76}, 'delta': {'width': 418, 'height': 26}, 'linkedSizeNodeIds': [], 'session_id': '6c77a175-b038-4777-8ac4-52eb443031ec', 'user_id': 'P3'}",3
471,2000-01-01 06:46:59,,relationship_node.edited,"{'relationship_id': 'instance-258e1650-a691-4328-9fb0-3bcf7775d2b6-instance-a2ba25a1-015c-43f3-9223-a565c3cb83d2', 'source_object_id': 'instance-258e1650-a691-4328-9fb0-3bcf7775d2b6', 'target_object_id': 'instance-a2ba25a1-015c-43f3-9223-a565c3cb83d2', 'old_relation': 'looking up', 'new_relation': 'looking up missed', 'source_object_name': 'rabbit', 'target_object_name': 'balloon', 'session_id': '6c77a175-b038-4777-8ac4-52eb443031ec', 'user_id': 'P3'}",3
472,2000-01-01 06:47:26,,api.generate_image.succeeded,"{'global_caption': 'a scene featuring a rabbit crying while walking on two feet in a fairy tale illustration, connected to a blue jacket and looking up at a red balloon disappearing into the sky, with the ground below.', 'region_count': 3, 'has_image': True, 'detected_objects_count': 0, 'image_path': 'output/P3/2025-08-23_06-47-25/image.png', 'image_with_layout_path': 'output/P3/2025-08-23_06-47-25/image_with_layout.png', 'timestamp_dir': 'output/P3/2025-08-23_06-47-25', 'session_id': '6c77a175-b038-4777-8ac4-52eb443031ec', 'user_id': 'P3'}",3
473,2000-01-01 06:48:18,instance-a2ba25a1-015c-43f3-9223-a565c3cb83d2,instance.updated,"{'instance_id': 'instance-a2ba25a1-015c-43f3-9223-a565c3cb83d2', 'instance_label': 'balloon', 'text_changed': True, 'graph_changed': False, 'session_id': '6c77a175-b038-4777-8ac4-52eb443031ec', 'user_id': 'P3'}",3
474,2000-01-01 06:48:44,,api.generate_image.succeeded,"{'global_caption': 'a scene featuring a rabbit crying while walking on two feet in a fairy tale illustration, connected to a blue jacket and looking up at a red balloon disappearing into the sky, with the ground below.', 'region_count': 3, 'has_image': True, 'detected_objects_count': 1, 'image_path': 'output/P3/2025-08-23_06-48-43/image.png', 'image_with_layout_path': 'output/P3/2025-08-23_06-48-43/image_with_layout.png', 'timestamp_dir': 'output/P3/2025-08-23_06-48-43', 'session_id': '6c77a175-b038-4777-8ac4-52eb443031ec', 'user_id': 'P3'}",3
475,2000-01-01 06:49:01,,scene_saved,"{'slotNumber': 3, 'instanceCount': 3, 'nodeCount': 6, 'edgeCount': 1, 'session_id': '6c77a175-b038-4777-8ac4-52eb443031ec', 'user_id': 'P3'}",3
476,2000-01-01 06:49:16,instance-258e1650-a691-4328-9fb0-3bcf7775d2b6,layout.node.moved,"{'nodeId': 'instance-258e1650-a691-4328-9fb0-3bcf7775d2b6', 'newPos': {'x': 248, 'y': 255}, 'session_id': '6c77a175-b038-4777-8ac4-52eb443031ec', 'user_id': 'P3'}",3
477,2000-01-01 06:49:17,instance-2cdbe66b-fbc1-4642-8c96-8f987bc04ceb-resizable,layoutboard.node.resizable.resized,"{'nodeId': 'instance-2cdbe66b-fbc1-4642-8c96-8f987bc04ceb-resizable', 'prevSize': {'width': 50, 'height': 50}, 'newSize': {'width': 468, 'height': 76}, 'delta': {'width': 418, 'height': 26}, 'linkedSizeNodeIds': [], 'session_id': '6c77a175-b038-4777-8ac4-52eb443031ec', 'user_id': 'P3'}",3
478,2000-01-01 06:49:25,instance-a2ba25a1-015c-43f3-9223-a565c3cb83d2,instance.deleted,"{'instance_id': 'instance-a2ba25a1-015c-43f3-9223-a565c3cb83d2', 'instance_label': 'balloon', 'is_from_class': False, 'class_id': None, 'session_id': '6c77a175-b038-4777-8ac4-52eb443031ec', 'user_id': 'P3'}",3
479,2000-01-01 06:49:59,instance-258e1650-a691-4328-9fb0-3bcf7775d2b6,instance.updated,"{'instance_id': 'instance-258e1650-a691-4328-9fb0-3bcf7775d2b6', 'instance_label': 'rabbit', 'text_changed': False, 'graph_changed': True, 'session_id': '6c77a175-b038-4777-8ac4-52eb443031ec', 'user_id': 'P3'}",3
480,2000-01-01 06:50:53,class-412add9c-ec9b-4f19-8022-0757952f86ba,class_deleted,"{'class_id': 'class-412add9c-ec9b-4f19-8022-0757952f86ba', 'class_name': 'rabbit Class', 'instance_count': 1, 'session_id': '6c77a175-b038-4777-8ac4-52eb443031ec', 'user_id': 'P3'}",3
481,2000-01-01 06:50:53,class-412add9c-ec9b-4f19-8022-0757952f86ba,class.deleted,"{'class_id': 'class-412add9c-ec9b-4f19-8022-0757952f86ba', 'class_name': 'rabbit Class', 'affected_instances_count': 1, 'placeholder_count': 4, 'session_id': '6c77a175-b038-4777-8ac4-52eb443031ec', 'user_id': 'P3'}",3
482,2000-01-01 06:50:57,class-48ecf44d-906c-4baf-9e2d-e77a381c9537,class.created,"{'class_id': 'class-48ecf44d-906c-4baf-9e2d-e77a381c9537', 'class_name': 'rabbit Class', 'placeholder_count': 4, 'created_from': 'rabbit', 'session_id': '6c77a175-b038-4777-8ac4-52eb443031ec', 'user_id': 'P3'}",3
483,2000-01-01 06:51:48,instance-258e1650-a691-4328-9fb0-3bcf7775d2b6,instance.updated,"{'instance_id': 'instance-258e1650-a691-4328-9fb0-3bcf7775d2b6', 'instance_label': 'rabbit', 'text_changed': False, 'graph_changed': True, 'session_id': '6c77a175-b038-4777-8ac4-52eb443031ec', 'user_id': 'P3'}",3
484,2000-01-01 06:51:52,class-48ecf44d-906c-4baf-9e2d-e77a381c9537,class_deleted,"{'class_id': 'class-48ecf44d-906c-4baf-9e2d-e77a381c9537', 'class_name': 'rabbit Class', 'instance_count': 1, 'session_id': '6c77a175-b038-4777-8ac4-52eb443031ec', 'user_id': 'P3'}",3
485,2000-01-01 06:51:52,class-48ecf44d-906c-4baf-9e2d-e77a381c9537,class.deleted,"{'class_id': 'class-48ecf44d-906c-4baf-9e2d-e77a381c9537', 'class_name': 'rabbit Class', 'affected_instances_count': 1, 'placeholder_count': 4, 'session_id': '6c77a175-b038-4777-8ac4-52eb443031ec', 'user_id': 'P3'}",3
486,2000-01-01 06:51:56,class-cb23a6c3-4b8e-42a1-add2-695165f93bc0,class.created,"{'class_id': 'class-cb23a6c3-4b8e-42a1-add2-695165f93bc0', 'class_name': 'rabbit Class', 'placeholder_count': 4, 'created_from': 'rabbit', 'session_id': '6c77a175-b038-4777-8ac4-52eb443031ec', 'user_id': 'P3'}",3
487,2000-01-01 06:52:22,instance-8eb4b1c9-95b9-4b1a-b163-8e844f2fdc82,instance.created_from_class,"{'instance_id': 'instance-8eb4b1c9-95b9-4b1a-b163-8e844f2fdc82', 'class_id': 'class-cb23a6c3-4b8e-42a1-add2-695165f93bc0', 'instance_label': 'Rabbit', 'has_text_description': True, 'session_id': '6c77a175-b038-4777-8ac4-52eb443031ec', 'user_id': 'P3'}",3
488,2000-01-01 06:52:33,instance-8eb4b1c9-95b9-4b1a-b163-8e844f2fdc82,layout.node.moved,"{'nodeId': 'instance-8eb4b1c9-95b9-4b1a-b163-8e844f2fdc82', 'newPos': {'x': 148, 'y': 309}, 'session_id': '6c77a175-b038-4777-8ac4-52eb443031ec', 'user_id': 'P3'}",3
489,2000-01-01 06:52:34,instance-8eb4b1c9-95b9-4b1a-b163-8e844f2fdc82-resizable,layoutboard.node.resizable.resized,"{'nodeId': 'instance-8eb4b1c9-95b9-4b1a-b163-8e844f2fdc82-resizable', 'prevSize': {'width': 50, 'height': 50}, 'newSize': {'width': 74, 'height': 99}, 'delta': {'width': 24, 'height': 49}, 'linkedSizeNodeIds': [], 'session_id': '6c77a175-b038-4777-8ac4-52eb443031ec', 'user_id': 'P3'}",3
490,2000-01-01 06:52:35,instance-8eb4b1c9-95b9-4b1a-b163-8e844f2fdc82,layout.node.moved,"{'nodeId': 'instance-8eb4b1c9-95b9-4b1a-b163-8e844f2fdc82', 'newPos': {'x': 103, 'y': 287}, 'session_id': '6c77a175-b038-4777-8ac4-52eb443031ec', 'user_id': 'P3'}",3
491,2000-01-01 06:52:37,instance-258e1650-a691-4328-9fb0-3bcf7775d2b6,layout.node.moved,"{'nodeId': 'instance-258e1650-a691-4328-9fb0-3bcf7775d2b6', 'newPos': {'x': 217, 'y': 254}, 'session_id': '6c77a175-b038-4777-8ac4-52eb443031ec', 'user_id': 'P3'}",3
492,2000-01-01 06:53:04,instance-06bb46eb-adba-4dc5-9dca-e5a7ec91c01a,instance.created_from_class,"{'instance_id': 'instance-06bb46eb-adba-4dc5-9dca-e5a7ec91c01a', 'class_id': 'class-cb23a6c3-4b8e-42a1-add2-695165f93bc0', 'instance_label': 'Rabbit', 'has_text_description': True, 'session_id': '6c77a175-b038-4777-8ac4-52eb443031ec', 'user_id': 'P3'}",3
493,2000-01-01 06:53:11,instance-06bb46eb-adba-4dc5-9dca-e5a7ec91c01a,layout.node.moved,"{'nodeId': 'instance-06bb46eb-adba-4dc5-9dca-e5a7ec91c01a', 'newPos': {'x': 335, 'y': 329}, 'session_id': '6c77a175-b038-4777-8ac4-52eb443031ec', 'user_id': 'P3'}",3
494,2000-01-01 06:53:13,instance-258e1650-a691-4328-9fb0-3bcf7775d2b6,layout.node.moved,"{'nodeId': 'instance-258e1650-a691-4328-9fb0-3bcf7775d2b6', 'newPos': {'x': 212, 'y': 235}, 'session_id': '6c77a175-b038-4777-8ac4-52eb443031ec', 'user_id': 'P3'}",3
495,2000-01-01 06:53:14,instance-258e1650-a691-4328-9fb0-3bcf7775d2b6-resizable,layoutboard.node.resizable.resized,"{'nodeId': 'instance-258e1650-a691-4328-9fb0-3bcf7775d2b6-resizable', 'prevSize': {'width': 50, 'height': 50}, 'newSize': {'width': 102, 'height': 155}, 'delta': {'width': 52, 'height': 105}, 'linkedSizeNodeIds': [], 'session_id': '6c77a175-b038-4777-8ac4-52eb443031ec', 'user_id': 'P3'}",3
496,2000-01-01 06:53:16,instance-258e1650-a691-4328-9fb0-3bcf7775d2b6,layout.node.moved,"{'nodeId': 'instance-258e1650-a691-4328-9fb0-3bcf7775d2b6', 'newPos': {'x': 214, 'y': 237}, 'session_id': '6c77a175-b038-4777-8ac4-52eb443031ec', 'user_id': 'P3'}",3
497,2000-01-01 06:53:18,instance-8eb4b1c9-95b9-4b1a-b163-8e844f2fdc82,layout.node.moved,"{'nodeId': 'instance-8eb4b1c9-95b9-4b1a-b163-8e844f2fdc82', 'newPos': {'x': 94, 'y': 285}, 'session_id': '6c77a175-b038-4777-8ac4-52eb443031ec', 'user_id': 'P3'}",3
498,2000-01-01 06:53:19,,relationship_node.created,"{'relationship_id': 'instance-258e1650-a691-4328-9fb0-3bcf7775d2b6->instance-258e1650-a691-4328-9fb0-3bcf7775d2b6:console', 'sourceId': 'instance-258e1650-a691-4328-9fb0-3bcf7775d2b6', 'targetId': 'instance-258e1650-a691-4328-9fb0-3bcf7775d2b6', 'relation': 'console', 'video_time': '57:21'}",3
499,2000-01-01 06:53:33,,relationship_node.created,"{'relationship_id': 'instance-258e1650-a691-4328-9fb0-3bcf7775d2b6->instance-258e1650-a691-4328-9fb0-3bcf7775d2b6:console', 'sourceId': 'instance-258e1650-a691-4328-9fb0-3bcf7775d2b6', 'targetId': 'instance-258e1650-a691-4328-9fb0-3bcf7775d2b6', 'relation': 'console', 'video_time': '57:35'}",3
500,2000-01-01 06:53:34,instance-06bb46eb-adba-4dc5-9dca-e5a7ec91c01a,layout.node.moved,"{'nodeId': 'instance-06bb46eb-adba-4dc5-9dca-e5a7ec91c01a', 'newPos': {'x': 350, 'y': 330}, 'session_id': '6c77a175-b038-4777-8ac4-52eb443031ec', 'user_id': 'P3'}",3
501,2000-01-01 06:53:45,instance-2cdbe66b-fbc1-4642-8c96-8f987bc04ceb,instance.deleted,"{'instance_id': 'instance-2cdbe66b-fbc1-4642-8c96-8f987bc04ceb', 'instance_label': 'ground', 'is_from_class': False, 'class_id': None, 'session_id': '6c77a175-b038-4777-8ac4-52eb443031ec', 'user_id': 'P3'}",3
502,2000-01-01 06:54:04,,api.generate_image.succeeded,"{'global_caption': 'a scene featuring a rabbit crying and slumping while walking with two feet in a fairy tale illustration, wearing a blue jacket, ground, a crying rabbit wearing red pants walking with two feet in a fairy tale illustration, while one rabbit consoles another rabbit, and a crying rabbit, wearing a green dress, walking with two feet in a fairy tale illustration, while one rabbit consoles another rabbit', 'region_count': 4, 'has_image': True, 'detected_objects_count': 1, 'image_path': 'output/P3/2025-08-23_06-54-03/image.png', 'image_with_layout_path': 'output/P3/2025-08-23_06-54-03/image_with_layout.png', 'timestamp_dir': 'output/P3/2025-08-23_06-54-03', 'session_id': '6c77a175-b038-4777-8ac4-52eb443031ec', 'user_id': 'P3'}",3
503,2000-01-01 06:54:48,,api.generate_image.succeeded,"{'global_caption': 'a scene featuring a rabbit crying and slumping while walking on two feet in a fairy tale illustration, wearing a blue jacket, a crying rabbit wearing red pants walking on two feet in a fairy tale illustration, while one rabbit consoles another rabbit, and a crying rabbit wearing a green dress walking on two feet in a fairy tale illustration, while one rabbit consoles another rabbit', 'region_count': 3, 'has_image': True, 'detected_objects_count': 1, 'image_path': 'output/P3/2025-08-23_06-54-47/image.png', 'image_with_layout_path': 'output/P3/2025-08-23_06-54-47/image_with_layout.png', 'timestamp_dir': 'output/P3/2025-08-23_06-54-47', 'session_id': '6c77a175-b038-4777-8ac4-52eb443031ec', 'user_id': 'P3'}",3
504,2000-01-01 06:54:58,instance-06bb46eb-adba-4dc5-9dca-e5a7ec91c01a,layout.node.moved,"{'nodeId': 'instance-06bb46eb-adba-4dc5-9dca-e5a7ec91c01a', 'newPos': {'x': 363, 'y': 287}, 'session_id': '6c77a175-b038-4777-8ac4-52eb443031ec', 'user_id': 'P3'}",3
505,2000-01-01 06:55:00,instance-06bb46eb-adba-4dc5-9dca-e5a7ec91c01a-resizable,layoutboard.node.resizable.resized,"{'nodeId': 'instance-06bb46eb-adba-4dc5-9dca-e5a7ec91c01a-resizable', 'prevSize': {'width': 50, 'height': 50}, 'newSize': {'width': 47, 'height': 50}, 'delta': {'width': -3, 'height': 0}, 'linkedSizeNodeIds': [], 'session_id': '6c77a175-b038-4777-8ac4-52eb443031ec', 'user_id': 'P3'}",3
506,2000-01-01 06:55:03,instance-06bb46eb-adba-4dc5-9dca-e5a7ec91c01a,layout.node.moved,"{'nodeId': 'instance-06bb46eb-adba-4dc5-9dca-e5a7ec91c01a', 'newPos': {'x': 372, 'y': 324}, 'session_id': '6c77a175-b038-4777-8ac4-52eb443031ec', 'user_id': 'P3'}",3
507,2000-01-01 06:55:05,instance-06bb46eb-adba-4dc5-9dca-e5a7ec91c01a-resizable,layoutboard.node.resizable.resized,"{'nodeId': 'instance-06bb46eb-adba-4dc5-9dca-e5a7ec91c01a-resizable', 'prevSize': {'width': 50, 'height': 50}, 'newSize': {'width': 61, 'height': 88}, 'delta': {'width': 11, 'height': 38}, 'linkedSizeNodeIds': [], 'session_id': '6c77a175-b038-4777-8ac4-52eb443031ec', 'user_id': 'P3'}",3
508,2000-01-01 06:55:07,,relationship_node.deleted,"{'relationship_id': 'instance-06bb46eb-adba-4dc5-9dca-e5a7ec91c01a-instance-258e1650-a691-4328-9fb0-3bcf7775d2b6', 'source_object_id': 'instance-06bb46eb-adba-4dc5-9dca-e5a7ec91c01a', 'target_object_id': 'instance-258e1650-a691-4328-9fb0-3bcf7775d2b6', 'relation': 'console', 'source_object_name': 'Rabbit', 'target_object_name': 'rabbit', 'session_id': '6c77a175-b038-4777-8ac4-52eb443031ec', 'user_id': 'P3'}",3
509,2000-01-01 06:55:13,instance-258e1650-a691-4328-9fb0-3bcf7775d2b6,layout.node.moved,"{'nodeId': 'instance-258e1650-a691-4328-9fb0-3bcf7775d2b6', 'newPos': {'x': 292, 'y': 183}, 'session_id': '6c77a175-b038-4777-8ac4-52eb443031ec', 'user_id': 'P3'}",3
510,2000-01-01 06:55:14,,relationship_node.deleted,"{'relationship_id': 'instance-8eb4b1c9-95b9-4b1a-b163-8e844f2fdc82-instance-258e1650-a691-4328-9fb0-3bcf7775d2b6', 'source_object_id': 'instance-8eb4b1c9-95b9-4b1a-b163-8e844f2fdc82', 'target_object_id': 'instance-258e1650-a691-4328-9fb0-3bcf7775d2b6', 'relation': 'console', 'source_object_name': 'Rabbit', 'target_object_name': 'rabbit', 'session_id': '6c77a175-b038-4777-8ac4-52eb443031ec', 'user_id': 'P3'}",3
511,2000-01-01 06:55:16,instance-258e1650-a691-4328-9fb0-3bcf7775d2b6,layout.node.moved,"{'nodeId': 'instance-258e1650-a691-4328-9fb0-3bcf7775d2b6', 'newPos': {'x': 225, 'y': 211}, 'session_id': '6c77a175-b038-4777-8ac4-52eb443031ec', 'user_id': 'P3'}",3
512,2000-01-01 06:55:42,instance-8eb4b1c9-95b9-4b1a-b163-8e844f2fdc82,layout.node.moved,"{'nodeId': 'instance-8eb4b1c9-95b9-4b1a-b163-8e844f2fdc82', 'newPos': {'x': 90, 'y': 283}, 'session_id': '6c77a175-b038-4777-8ac4-52eb443031ec', 'user_id': 'P3'}",3
513,2000-01-01 06:55:45,,api.generate_image.succeeded,"{'global_caption': 'a scene featuring a rabbit crying and slumping while walking on two feet in a fairy tale illustration, wearing a blue jacket, a crying rabbit wearing red pants walking on two feet in a fairy tale illustration, and a crying rabbit wearing a green dress walking on two feet in a fairy tale illustration, while one rabbit consoles another rabbit', 'region_count': 3, 'has_image': True, 'detected_objects_count': 0, 'image_path': 'output/P3/2025-08-23_06-55-44/image.png', 'image_with_layout_path': 'output/P3/2025-08-23_06-55-44/image_with_layout.png', 'timestamp_dir': 'output/P3/2025-08-23_06-55-44', 'session_id': '6c77a175-b038-4777-8ac4-52eb443031ec', 'user_id': 'P3'}",3
514,2000-01-01 06:55:54,,layout_board.new_box_positioned,"{'position': {'x': 17, 'y': 12}, 'screen_position': {'x': 80, 'y': 55}, 'board_type': 'advanced', 'session_id': '6c77a175-b038-4777-8ac4-52eb443031ec', 'user_id': 'P3'}",3
515,2000-01-01 06:56:00,instance-0c984c45-3d2b-4651-b46c-1c14e452060b-resizable,layoutboard.node.resizable.resized,"{'nodeId': 'instance-0c984c45-3d2b-4651-b46c-1c14e452060b-resizable', 'prevSize': {'width': 50, 'height': 50}, 'newSize': {'width': 481, 'height': 462}, 'delta': {'width': 431, 'height': 412}, 'linkedSizeNodeIds': [], 'session_id': '6c77a175-b038-4777-8ac4-52eb443031ec', 'user_id': 'P3'}",3
516,2000-01-01 06:56:38,,api.generate_image.succeeded,"{'global_caption': 'a scene featuring a rabbit crying and slumping while walking on two feet in a fairy tale illustration, wearing a blue jacket, a crying rabbit wearing red pants walking on two feet in a fairy tale illustration, a crying rabbit wearing a green dress walking on two feet in a fairy tale illustration, and a forest, while one rabbit consoles another rabbit', 'region_count': 4, 'has_image': True, 'detected_objects_count': 0, 'image_path': 'output/P3/2025-08-23_06-56-38/image.png', 'image_with_layout_path': 'output/P3/2025-08-23_06-56-38/image_with_layout.png', 'timestamp_dir': 'output/P3/2025-08-23_06-56-38', 'session_id': '6c77a175-b038-4777-8ac4-52eb443031ec', 'user_id': 'P3'}",3
517,2000-01-01 06:57:12,instance-0c984c45-3d2b-4651-b46c-1c14e452060b-resizable,layout.node.moved,"{'nodeId': 'instance-0c984c45-3d2b-4651-b46c-1c14e452060b-resizable', 'newPos': {'x': 0, 'y': 14}, 'session_id': '6c77a175-b038-4777-8ac4-52eb443031ec', 'user_id': 'P3'}",3
518,2000-01-01 06:57:14,instance-0c984c45-3d2b-4651-b46c-1c14e452060b-resizable,layout.node.moved,"{'nodeId': 'instance-0c984c45-3d2b-4651-b46c-1c14e452060b-resizable', 'newPos': {'x': 0, 'y': 30}, 'session_id': '6c77a175-b038-4777-8ac4-52eb443031ec', 'user_id': 'P3'}",3
519,2000-01-01 06:57:15,instance-0c984c45-3d2b-4651-b46c-1c14e452060b-resizable,layout.node.moved,"{'nodeId': 'instance-0c984c45-3d2b-4651-b46c-1c14e452060b-resizable', 'newPos': {'x': 9, 'y': 12}, 'session_id': '6c77a175-b038-4777-8ac4-52eb443031ec', 'user_id': 'P3'}",3
520,2000-01-01 06:57:18,instance-0c984c45-3d2b-4651-b46c-1c14e452060b-resizable,layoutboard.node.resizable.resized,"{'nodeId': 'instance-0c984c45-3d2b-4651-b46c-1c14e452060b-resizable', 'prevSize': {'width': 50, 'height': 50}, 'newSize': {'width': 443, 'height': 130}, 'delta': {'width': 393, 'height': 80}, 'linkedSizeNodeIds': [], 'session_id': '6c77a175-b038-4777-8ac4-52eb443031ec', 'user_id': 'P3'}",3
521,2000-01-01 06:57:19,instance-8eb4b1c9-95b9-4b1a-b163-8e844f2fdc82,layout.node.moved,"{'nodeId': 'instance-8eb4b1c9-95b9-4b1a-b163-8e844f2fdc82', 'newPos': {'x': 140, 'y': 263}, 'session_id': '6c77a175-b038-4777-8ac4-52eb443031ec', 'user_id': 'P3'}",3
522,2000-01-01 06:57:21,instance-06bb46eb-adba-4dc5-9dca-e5a7ec91c01a,layout.node.moved,"{'nodeId': 'instance-06bb46eb-adba-4dc5-9dca-e5a7ec91c01a', 'newPos': {'x': 315, 'y': 261}, 'session_id': '6c77a175-b038-4777-8ac4-52eb443031ec', 'user_id': 'P3'}",3
523,2000-01-01 06:57:27,instance-0c984c45-3d2b-4651-b46c-1c14e452060b-resizable,layoutboard.node.resizable.resized,"{'nodeId': 'instance-0c984c45-3d2b-4651-b46c-1c14e452060b-resizable', 'prevSize': {'width': 50, 'height': 50}, 'newSize': {'width': 474, 'height': 454}, 'delta': {'width': 424, 'height': 404}, 'linkedSizeNodeIds': [], 'session_id': '6c77a175-b038-4777-8ac4-52eb443031ec', 'user_id': 'P3'}",3
524,2000-01-01 06:57:35,,api.generate_image.succeeded,"{'global_caption': 'a scene featuring a crying rabbit slumping and walking on two feet in a fairy tale illustration, wearing a blue jacket, a crying rabbit walking on two feet in a fairy tale illustration, wearing red pants, a crying rabbit walking on two feet in a fairy tale illustration, wearing a green dress, and a forest, while one rabbit consoles another rabbit', 'region_count': 4, 'has_image': True, 'detected_objects_count': 0, 'image_path': 'output/P3/2025-08-23_06-57-34/image.png', 'image_with_layout_path': 'output/P3/2025-08-23_06-57-34/image_with_layout.png', 'timestamp_dir': 'output/P3/2025-08-23_06-57-34', 'session_id': '6c77a175-b038-4777-8ac4-52eb443031ec', 'user_id': 'P3'}",3
525,2000-01-01 06:58:07,,scene_saved,"{'slotNumber': 4, 'instanceCount': 4, 'nodeCount': 8, 'edgeCount': 0, 'session_id': '6c77a175-b038-4777-8ac4-52eb443031ec', 'user_id': 'P3'}",3
526,2000-01-01 07:00:09,,layout_board.new_box_positioned,"{'position': {'x': 334, 'y': 87}, 'screen_position': {'x': 397, 'y': 110}, 'board_type': 'advanced', 'session_id': '6c77a175-b038-4777-8ac4-52eb443031ec', 'user_id': 'P3'}",3
527,2000-01-01 07:00:48,instance-795b2501-131b-47ab-9c96-d36a65e67ca2,instance.updated,"{'instance_id': 'instance-795b2501-131b-47ab-9c96-d36a65e67ca2', 'instance_label': 'balloon', 'text_changed': True, 'graph_changed': False, 'session_id': '6c77a175-b038-4777-8ac4-52eb443031ec', 'user_id': 'P3'}",3
528,2000-01-01 07:00:56,instance-0c984c45-3d2b-4651-b46c-1c14e452060b-resizable,layout.node.moved,"{'nodeId': 'instance-0c984c45-3d2b-4651-b46c-1c14e452060b-resizable', 'newPos': {'x': 23, 'y': 58}, 'session_id': '6c77a175-b038-4777-8ac4-52eb443031ec', 'user_id': 'P3'}",3
529,2000-01-01 07:00:58,instance-0c984c45-3d2b-4651-b46c-1c14e452060b-resizable,layout.node.moved,"{'nodeId': 'instance-0c984c45-3d2b-4651-b46c-1c14e452060b-resizable', 'newPos': {'x': 38, 'y': 58}, 'session_id': '6c77a175-b038-4777-8ac4-52eb443031ec', 'user_id': 'P3'}",3
530,2000-01-01 07:01:00,instance-0c984c45-3d2b-4651-b46c-1c14e452060b-resizable,layout.node.moved,"{'nodeId': 'instance-0c984c45-3d2b-4651-b46c-1c14e452060b-resizable', 'newPos': {'x': 38, 'y': 58}, 'session_id': '6c77a175-b038-4777-8ac4-52eb443031ec', 'user_id': 'P3'}",3
531,2000-01-01 07:01:03,instance-0c984c45-3d2b-4651-b46c-1c14e452060b-resizable,layout.node.moved,"{'nodeId': 'instance-0c984c45-3d2b-4651-b46c-1c14e452060b-resizable', 'newPos': {'x': 19, 'y': 17}, 'session_id': '6c77a175-b038-4777-8ac4-52eb443031ec', 'user_id': 'P3'}",3
532,2000-01-01 07:01:05,instance-0c984c45-3d2b-4651-b46c-1c14e452060b-resizable,layoutboard.node.resizable.resized,"{'nodeId': 'instance-0c984c45-3d2b-4651-b46c-1c14e452060b-resizable', 'prevSize': {'width': 50, 'height': 50}, 'newSize': {'width': 474, 'height': 127}, 'delta': {'width': 424, 'height': 77}, 'linkedSizeNodeIds': [], 'session_id': '6c77a175-b038-4777-8ac4-52eb443031ec', 'user_id': 'P3'}",3
533,2000-01-01 07:01:06,instance-8eb4b1c9-95b9-4b1a-b163-8e844f2fdc82,layout.node.moved,"{'nodeId': 'instance-8eb4b1c9-95b9-4b1a-b163-8e844f2fdc82', 'newPos': {'x': 113, 'y': 269}, 'session_id': '6c77a175-b038-4777-8ac4-52eb443031ec', 'user_id': 'P3'}",3
534,2000-01-01 07:01:11,instance-8eb4b1c9-95b9-4b1a-b163-8e844f2fdc82,instance.deleted,"{'instance_id': 'instance-8eb4b1c9-95b9-4b1a-b163-8e844f2fdc82', 'instance_label': 'Rabbit', 'is_from_class': True, 'class_id': 'class-cb23a6c3-4b8e-42a1-add2-695165f93bc0', 'session_id': '6c77a175-b038-4777-8ac4-52eb443031ec', 'user_id': 'P3'}",3
535,2000-01-01 07:01:13,instance-258e1650-a691-4328-9fb0-3bcf7775d2b6,layout.node.moved,"{'nodeId': 'instance-258e1650-a691-4328-9fb0-3bcf7775d2b6', 'newPos': {'x': 142, 'y': 219}, 'session_id': '6c77a175-b038-4777-8ac4-52eb443031ec', 'user_id': 'P3'}",3
536,2000-01-01 07:01:15,instance-06bb46eb-adba-4dc5-9dca-e5a7ec91c01a,layout.node.moved,"{'nodeId': 'instance-06bb46eb-adba-4dc5-9dca-e5a7ec91c01a', 'newPos': {'x': 292, 'y': 269}, 'session_id': '6c77a175-b038-4777-8ac4-52eb443031ec', 'user_id': 'P3'}",3
537,2000-01-01 07:01:26,instance-06bb46eb-adba-4dc5-9dca-e5a7ec91c01a,layout.node.moved,"{'nodeId': 'instance-06bb46eb-adba-4dc5-9dca-e5a7ec91c01a', 'newPos': {'x': 283, 'y': 269}, 'session_id': '6c77a175-b038-4777-8ac4-52eb443031ec', 'user_id': 'P3'}",3
538,2000-01-01 07:01:44,,relationship_node.deleted,"{'relationship_id': 'instance-258e1650-a691-4328-9fb0-3bcf7775d2b6-instance-795b2501-131b-47ab-9c96-d36a65e67ca2', 'source_object_id': 'instance-258e1650-a691-4328-9fb0-3bcf7775d2b6', 'target_object_id': 'instance-795b2501-131b-47ab-9c96-d36a65e67ca2', 'relation': 'pointing', 'source_object_name': 'rabbit', 'target_object_name': 'balloon', 'session_id': '6c77a175-b038-4777-8ac4-52eb443031ec', 'user_id': 'P3'}",3
539,2000-01-01 07:01:47,,relationship_node.created,"{'relationship_id': 'instance-258e1650-a691-4328-9fb0-3bcf7775d2b6->instance-a2ba25a1-015c-43f3-9223-a565c3cb83d2:poing', 'sourceId': 'instance-258e1650-a691-4328-9fb0-3bcf7775d2b6', 'targetId': 'instance-a2ba25a1-015c-43f3-9223-a565c3cb83d2', 'relation': 'poing', 'video_time': '1:05:49'}",3
540,2000-01-01 07:01:57,instance-0c984c45-3d2b-4651-b46c-1c14e452060b-resizable,layoutboard.node.resizable.resized,"{'nodeId': 'instance-0c984c45-3d2b-4651-b46c-1c14e452060b-resizable', 'prevSize': {'width': 50, 'height': 50}, 'newSize': {'width': 478, 'height': 451}, 'delta': {'width': 428, 'height': 401}, 'linkedSizeNodeIds': [], 'session_id': '6c77a175-b038-4777-8ac4-52eb443031ec', 'user_id': 'P3'}",3
541,2000-01-01 07:02:18,,api.generate_image.succeeded,"{'global_caption': 'a scene featuring a rabbit crying and slumping while walking on two feet in a fairy tale illustration, wearing a blue jacket, a crying rabbit wearing a green dress walking on two feet in a fairy tale illustration pointing at a balloon, a forest, and a red balloon hanging from a tree.', 'region_count': 4, 'has_image': True, 'detected_objects_count': 0, 'image_path': 'output/P3/2025-08-23_07-02-17/image.png', 'image_with_layout_path': 'output/P3/2025-08-23_07-02-17/image_with_layout.png', 'timestamp_dir': 'output/P3/2025-08-23_07-02-17', 'session_id': '6c77a175-b038-4777-8ac4-52eb443031ec', 'user_id': 'P3'}",3
542,2000-01-01 07:02:37,instance-0c984c45-3d2b-4651-b46c-1c14e452060b-resizable,layoutboard.node.resizable.resized,"{'nodeId': 'instance-0c984c45-3d2b-4651-b46c-1c14e452060b-resizable', 'prevSize': {'width': 50, 'height': 50}, 'newSize': {'width': 478, 'height': 475}, 'delta': {'width': 428, 'height': 425}, 'linkedSizeNodeIds': [], 'session_id': '6c77a175-b038-4777-8ac4-52eb443031ec', 'user_id': 'P3'}",3
543,2000-01-01 07:03:04,instance-0c984c45-3d2b-4651-b46c-1c14e452060b-resizable,layout.node.moved,"{'nodeId': 'instance-0c984c45-3d2b-4651-b46c-1c14e452060b-resizable', 'newPos': {'x': 21, 'y': 21}, 'session_id': '6c77a175-b038-4777-8ac4-52eb443031ec', 'user_id': 'P3'}",3
544,2000-01-01 07:03:06,instance-0c984c45-3d2b-4651-b46c-1c14e452060b-resizable,layoutboard.node.resizable.resized,"{'nodeId': 'instance-0c984c45-3d2b-4651-b46c-1c14e452060b-resizable', 'prevSize': {'width': 50, 'height': 50}, 'newSize': {'width': 478, 'height': 264}, 'delta': {'width': 428, 'height': 214}, 'linkedSizeNodeIds': [], 'session_id': '6c77a175-b038-4777-8ac4-52eb443031ec', 'user_id': 'P3'}",3
545,2000-01-01 07:03:15,,relationship_node.edited,"{'relationship_id': 'instance-06bb46eb-adba-4dc5-9dca-e5a7ec91c01a-instance-795b2501-131b-47ab-9c96-d36a65e67ca2', 'source_object_id': 'instance-06bb46eb-adba-4dc5-9dca-e5a7ec91c01a', 'target_object_id': 'instance-795b2501-131b-47ab-9c96-d36a65e67ca2', 'old_relation': 'pointing', 'new_relation': 'point a distant', 'source_object_name': 'Rabbit', 'target_object_name': 'balloon', 'session_id': '6c77a175-b038-4777-8ac4-52eb443031ec', 'user_id': 'P3'}",3
546,2000-01-01 07:03:19,instance-0c984c45-3d2b-4651-b46c-1c14e452060b-resizable,layoutboard.node.resizable.resized,"{'nodeId': 'instance-0c984c45-3d2b-4651-b46c-1c14e452060b-resizable', 'prevSize': {'width': 50, 'height': 50}, 'newSize': {'width': 483, 'height': 419}, 'delta': {'width': 433, 'height': 369}, 'linkedSizeNodeIds': [], 'session_id': '6c77a175-b038-4777-8ac4-52eb443031ec', 'user_id': 'P3'}",3
547,2000-01-01 07:03:20,instance-0c984c45-3d2b-4651-b46c-1c14e452060b-resizable,layoutboard.node.resizable.resized,"{'nodeId': 'instance-0c984c45-3d2b-4651-b46c-1c14e452060b-resizable', 'prevSize': {'width': 50, 'height': 50}, 'newSize': {'width': 490, 'height': 489}, 'delta': {'width': 440, 'height': 439}, 'linkedSizeNodeIds': [], 'session_id': '6c77a175-b038-4777-8ac4-52eb443031ec', 'user_id': 'P3'}",3
548,2000-01-01 07:03:49,,api.generate_image.succeeded,"{'global_caption': 'a scene featuring a crying rabbit slumping while walking on two feet in a fairy tale illustration, wearing a blue jacket, a crying rabbit wearing a green dress walking on two feet in a fairy tale illustration pointing at a distant balloon, a forest, and a red balloon hanging from a tree.', 'region_count': 4, 'has_image': True, 'detected_objects_count': 1, 'image_path': 'output/P3/2025-08-23_07-03-48/image.png', 'image_with_layout_path': 'output/P3/2025-08-23_07-03-48/image_with_layout.png', 'timestamp_dir': 'output/P3/2025-08-23_07-03-48', 'session_id': '6c77a175-b038-4777-8ac4-52eb443031ec', 'user_id': 'P3'}",3
549,2000-01-01 07:04:00,,scene_saved,"{'slotNumber': 5, 'instanceCount': 4, 'nodeCount': 8, 'edgeCount': 1, 'session_id': '6c77a175-b038-4777-8ac4-52eb443031ec', 'user_id': 'P3'}",3
550,2000-01-01 12:39:51,,layout_board.new_box_positioned,"{'position': {'x': 155.57500076293945, 'y': 154.19999885559082}, 'screen_position': {'x': 212, 'y': 177}, 'board_type': 'advanced', 'session_id': '60574dc3-f482-4ae5-a84f-c8056856e65a', 'user_id': 'P4'}",4
551,2000-01-01 12:40:21,instance-7d3e7ac0-4d90-4885-8dba-40e51d210058-resizable,layoutboard.node.resizable.resized,"{'nodeId': 'instance-7d3e7ac0-4d90-4885-8dba-40e51d210058-resizable', 'prevSize': {'width': 50, 'height': 50}, 'newSize': {'width': 203, 'height': 352}, 'delta': {'width': 153, 'height': 302}, 'linkedSizeNodeIds': [], 'session_id': '60574dc3-f482-4ae5-a84f-c8056856e65a', 'user_id': 'P4'}",4
552,2000-01-01 12:40:57,,layout_board.new_box_positioned,"{'position': {'x': 10.575000762939453, 'y': 15.19999885559082}, 'screen_position': {'x': 67, 'y': 38}, 'board_type': 'advanced', 'session_id': '60574dc3-f482-4ae5-a84f-c8056856e65a', 'user_id': 'P4'}",4
553,2000-01-01 12:41:13,instance-a61c45e3-e19d-486b-a597-b5ed896d25b8-resizable,layoutboard.node.resizable.resized,"{'nodeId': 'instance-a61c45e3-e19d-486b-a597-b5ed896d25b8-resizable', 'prevSize': {'width': 50, 'height': 50}, 'newSize': {'width': 495, 'height': 493}, 'delta': {'width': 445, 'height': 443}, 'linkedSizeNodeIds': [], 'session_id': '60574dc3-f482-4ae5-a84f-c8056856e65a', 'user_id': 'P4'}",4
554,2000-01-01 12:41:22,instance-a61c45e3-e19d-486b-a597-b5ed896d25b8-resizable,layoutboard.node.resizable.resized,"{'nodeId': 'instance-a61c45e3-e19d-486b-a597-b5ed896d25b8-resizable', 'prevSize': {'width': 50, 'height': 50}, 'newSize': {'width': 495, 'height': 493}, 'delta': {'width': 445, 'height': 443}, 'linkedSizeNodeIds': [], 'session_id': '60574dc3-f482-4ae5-a84f-c8056856e65a', 'user_id': 'P4'}",4
555,2000-01-01 12:41:22,,layout_board.new_box_positioned,"{'position': {'x': 503.57500076293945, 'y': 506.1999988555908}, 'screen_position': {'x': 560, 'y': 529}, 'board_type': 'advanced', 'session_id': '60574dc3-f482-4ae5-a84f-c8056856e65a', 'user_id': 'P4'}",4
556,2000-01-01 12:41:28,instance-a61c45e3-e19d-486b-a597-b5ed896d25b8-resizable,layoutboard.node.resizable.resized,"{'nodeId': 'instance-a61c45e3-e19d-486b-a597-b5ed896d25b8-resizable', 'prevSize': {'width': 50, 'height': 50}, 'newSize': {'width': 500, 'height': 367}, 'delta': {'width': 450, 'height': 317}, 'linkedSizeNodeIds': [], 'session_id': '60574dc3-f482-4ae5-a84f-c8056856e65a', 'user_id': 'P4'}",4
557,2000-01-01 12:41:30,,layout_board.new_box_positioned,"{'position': {'x': 67.57500076293945, 'y': 58.19999885559082}, 'screen_position': {'x': 124, 'y': 81}, 'board_type': 'advanced', 'session_id': '60574dc3-f482-4ae5-a84f-c8056856e65a', 'user_id': 'P4'}",4
558,2000-01-01 12:41:37,instance-7d3c2075-78f2-4510-a841-7d3be99cc03d-resizable,layout.node.moved,"{'nodeId': 'instance-7d3c2075-78f2-4510-a841-7d3be99cc03d-resizable', 'newPos': {'x': 9.575000762939453, 'y': 10.19999885559082}, 'session_id': '60574dc3-f482-4ae5-a84f-c8056856e65a', 'user_id': 'P4'}",4
559,2000-01-01 12:41:42,instance-7d3c2075-78f2-4510-a841-7d3be99cc03d-resizable,layoutboard.node.resizable.resized,"{'nodeId': 'instance-7d3c2075-78f2-4510-a841-7d3be99cc03d-resizable', 'prevSize': {'width': 50, 'height': 50}, 'newSize': {'width': 500, 'height': 128}, 'delta': {'width': 450, 'height': 78}, 'linkedSizeNodeIds': [], 'session_id': '60574dc3-f482-4ae5-a84f-c8056856e65a', 'user_id': 'P4'}",4
560,2000-01-01 12:41:45,,layout_board.new_box_positioned,"{'position': {'x': 77.57500076293945, 'y': 259.1999988555908}, 'screen_position': {'x': 134, 'y': 282}, 'board_type': 'advanced', 'session_id': '60574dc3-f482-4ae5-a84f-c8056856e65a', 'user_id': 'P4'}",4
561,2000-01-01 12:42:15,instance-a61c45e3-e19d-486b-a597-b5ed896d25b8-resizable,layout.node.moved,"{'nodeId': 'instance-a61c45e3-e19d-486b-a597-b5ed896d25b8-resizable', 'newPos': {'x': 12, 'y': 145}, 'session_id': '60574dc3-f482-4ae5-a84f-c8056856e65a', 'user_id': 'P4'}",4
562,2000-01-01 12:42:17,instance-a61c45e3-e19d-486b-a597-b5ed896d25b8-resizable,layoutboard.node.resizable.resized,"{'nodeId': 'instance-a61c45e3-e19d-486b-a597-b5ed896d25b8-resizable', 'prevSize': {'width': 50, 'height': 50}, 'newSize': {'width': 402, 'height': 286}, 'delta': {'width': 352, 'height': 236}, 'linkedSizeNodeIds': [], 'session_id': '60574dc3-f482-4ae5-a84f-c8056856e65a', 'user_id': 'P4'}",4
563,2000-01-01 12:42:23,instance-e5cdad69-c28f-481f-b3d8-4a041664bf6d-resizable,layoutboard.node.resizable.resized,"{'nodeId': 'instance-e5cdad69-c28f-481f-b3d8-4a041664bf6d-resizable', 'prevSize': {'width': 50, 'height': 50}, 'newSize': {'width': 60, 'height': 117}, 'delta': {'width': 10, 'height': 67}, 'linkedSizeNodeIds': [], 'session_id': '60574dc3-f482-4ae5-a84f-c8056856e65a', 'user_id': 'P4'}",4
564,2000-01-01 12:42:36,instance-e5cdad69-c28f-481f-b3d8-4a041664bf6d-resizable,layoutboard.node.resizable.resized,"{'nodeId': 'instance-e5cdad69-c28f-481f-b3d8-4a041664bf6d-resizable', 'prevSize': {'width': 50, 'height': 50}, 'newSize': {'width': 117, 'height': 140}, 'delta': {'width': 67, 'height': 90}, 'linkedSizeNodeIds': [], 'session_id': '60574dc3-f482-4ae5-a84f-c8056856e65a', 'user_id': 'P4'}",4
565,2000-01-01 12:42:38,instance-a61c45e3-e19d-486b-a597-b5ed896d25b8-resizable,layoutboard.node.resizable.resized,"{'nodeId': 'instance-a61c45e3-e19d-486b-a597-b5ed896d25b8-resizable', 'prevSize': {'width': 50, 'height': 50}, 'newSize': {'width': 504, 'height': 367}, 'delta': {'width': 454, 'height': 317}, 'linkedSizeNodeIds': [], 'session_id': '60574dc3-f482-4ae5-a84f-c8056856e65a', 'user_id': 'P4'}",4
566,2000-01-01 12:42:48,instance-e5cdad69-c28f-481f-b3d8-4a041664bf6d,instance.save,"{'instance_id': 'instance-e5cdad69-c28f-481f-b3d8-4a041664bf6d', 'session_id': '60574dc3-f482-4ae5-a84f-c8056856e65a', 'user_id': 'P4'}",4
567,2000-01-01 12:42:51,instance-e5cdad69-c28f-481f-b3d8-4a041664bf6d,instance.updated,"{'instance_id': 'instance-e5cdad69-c28f-481f-b3d8-4a041664bf6d', 'instance_label': 'bunny', 'text_changed': True, 'graph_changed': False, 'session_id': '60574dc3-f482-4ae5-a84f-c8056856e65a', 'user_id': 'P4'}",4
568,2000-01-01 12:43:40,instance-7d3e7ac0-4d90-4885-8dba-40e51d210058,instance.save,"{'instance_id': 'instance-7d3e7ac0-4d90-4885-8dba-40e51d210058', 'session_id': '60574dc3-f482-4ae5-a84f-c8056856e65a', 'user_id': 'P4'}",4
569,2000-01-01 12:43:44,instance-7d3e7ac0-4d90-4885-8dba-40e51d210058,instance.updated,"{'instance_id': 'instance-7d3e7ac0-4d90-4885-8dba-40e51d210058', 'instance_label': 'bunny', 'text_changed': True, 'graph_changed': False, 'session_id': '60574dc3-f482-4ae5-a84f-c8056856e65a', 'user_id': 'P4'}",4
570,2000-01-01 12:43:59,instance-7d3e7ac0-4d90-4885-8dba-40e51d210058,instance.save,"{'instance_id': 'instance-7d3e7ac0-4d90-4885-8dba-40e51d210058', 'session_id': '60574dc3-f482-4ae5-a84f-c8056856e65a', 'user_id': 'P4'}",4
571,2000-01-01 12:44:17,instance-7d3e7ac0-4d90-4885-8dba-40e51d210058,instance.save,"{'instance_id': 'instance-7d3e7ac0-4d90-4885-8dba-40e51d210058', 'session_id': '60574dc3-f482-4ae5-a84f-c8056856e65a', 'user_id': 'P4'}",4
572,2000-01-01 12:44:18,instance-7d3e7ac0-4d90-4885-8dba-40e51d210058,instance.updated,"{'instance_id': 'instance-7d3e7ac0-4d90-4885-8dba-40e51d210058', 'instance_label': 'bunny', 'text_changed': False, 'graph_changed': True, 'session_id': '60574dc3-f482-4ae5-a84f-c8056856e65a', 'user_id': 'P4'}",4
573,2000-01-01 12:45:20,instance-7d3e7ac0-4d90-4885-8dba-40e51d210058,instance.save,"{'instance_id': 'instance-7d3e7ac0-4d90-4885-8dba-40e51d210058', 'session_id': '60574dc3-f482-4ae5-a84f-c8056856e65a', 'user_id': 'P4'}",4
574,2000-01-01 12:45:21,instance-7d3e7ac0-4d90-4885-8dba-40e51d210058,instance.updated,"{'instance_id': 'instance-7d3e7ac0-4d90-4885-8dba-40e51d210058', 'instance_label': 'bunny', 'text_changed': False, 'graph_changed': True, 'session_id': '60574dc3-f482-4ae5-a84f-c8056856e65a', 'user_id': 'P4'}",4
575,2000-01-01 12:45:50,,api.generate_image.succeeded,"{'global_caption': 'a scene featuring a bunny wearing a slightly torn blue jacket covered with some dirt, looking relieved and holding a red balloon in her hand, a green forest with many trees, a blue sky, and two bunnies standing up and smiling in the background', 'region_count': 4, 'has_image': True, 'detected_objects_count': 2, 'image_path': 'output/P4/2025-08-25_12-45-49/image.png', 'image_with_layout_path': 'output/P4/2025-08-25_12-45-49/image_with_layout.png', 'timestamp_dir': 'output/P4/2025-08-25_12-45-49', 'session_id': '60574dc3-f482-4ae5-a84f-c8056856e65a', 'user_id': 'P4'}",4
576,2000-01-01 12:46:01,,scene_saved,"{'slotNumber': 1, 'instanceCount': 4, 'nodeCount': 8, 'edgeCount': 0, 'session_id': '60574dc3-f482-4ae5-a84f-c8056856e65a', 'user_id': 'P4'}",4
577,2000-01-01 12:47:50,instance-7d3c2075-78f2-4510-a841-7d3be99cc03d-resizable,layoutboard.node.resizable.resized,"{'nodeId': 'instance-7d3c2075-78f2-4510-a841-7d3be99cc03d-resizable', 'prevSize': {'width': 500, 'height': 128}, 'newSize': {'width': 500, 'height': 70}, 'delta': {'width': 0, 'height': -58}, 'linkedSizeNodeIds': [], 'session_id': '60574dc3-f482-4ae5-a84f-c8056856e65a', 'user_id': 'P4'}",4
578,2000-01-01 12:47:53,instance-a61c45e3-e19d-486b-a597-b5ed896d25b8-resizable,layoutboard.node.resizable.resized,"{'nodeId': 'instance-a61c45e3-e19d-486b-a597-b5ed896d25b8-resizable', 'prevSize': {'width': 504, 'height': 367}, 'newSize': {'width': 508, 'height': 442}, 'delta': {'width': 4, 'height': 75}, 'linkedSizeNodeIds': [], 'session_id': '60574dc3-f482-4ae5-a84f-c8056856e65a', 'user_id': 'P4'}",4
579,2000-01-01 12:48:00,instance-a61c45e3-e19d-486b-a597-b5ed896d25b8-resizable,layoutboard.node.resizable.resized,"{'nodeId': 'instance-a61c45e3-e19d-486b-a597-b5ed896d25b8-resizable', 'prevSize': {'width': 504, 'height': 367}, 'newSize': {'width': 310, 'height': 419}, 'delta': {'width': -194, 'height': 52}, 'linkedSizeNodeIds': [], 'session_id': '60574dc3-f482-4ae5-a84f-c8056856e65a', 'user_id': 'P4'}",4
580,2000-01-01 12:48:05,instance-a61c45e3-e19d-486b-a597-b5ed896d25b8-resizable,layout.node.moved,"{'nodeId': 'instance-a61c45e3-e19d-486b-a597-b5ed896d25b8-resizable', 'newPos': {'x': 103, 'y': 93}, 'session_id': '60574dc3-f482-4ae5-a84f-c8056856e65a', 'user_id': 'P4'}",4
581,2000-01-01 12:48:09,instance-a61c45e3-e19d-486b-a597-b5ed896d25b8-resizable,layout.node.moved,"{'nodeId': 'instance-a61c45e3-e19d-486b-a597-b5ed896d25b8-resizable', 'newPos': {'x': 202, 'y': 87}, 'session_id': '60574dc3-f482-4ae5-a84f-c8056856e65a', 'user_id': 'P4'}",4
582,2000-01-01 12:48:13,instance-7d3e7ac0-4d90-4885-8dba-40e51d210058,layout.node.moved,"{'nodeId': 'instance-7d3e7ac0-4d90-4885-8dba-40e51d210058', 'newPos': {'x': 21.575000762939453, 'y': 152.19999885559082}, 'session_id': '60574dc3-f482-4ae5-a84f-c8056856e65a', 'user_id': 'P4'}",4
583,2000-01-01 12:48:17,instance-e5cdad69-c28f-481f-b3d8-4a041664bf6d,instance.deleted,"{'instance_id': 'instance-e5cdad69-c28f-481f-b3d8-4a041664bf6d', 'instance_label': 'bunny', 'is_from_class': False, 'class_id': None, 'session_id': '60574dc3-f482-4ae5-a84f-c8056856e65a', 'user_id': 'P4'}",4
584,2000-01-01 12:48:29,,layout_board.new_box_positioned,"{'position': {'x': 423.88888931274414, 'y': 424.11111068725586}, 'screen_position': {'x': 482, 'y': 467}, 'board_type': 'advanced', 'session_id': '60574dc3-f482-4ae5-a84f-c8056856e65a', 'user_id': 'P4'}",4
585,2000-01-01 12:49:14,instance-a61c45e3-e19d-486b-a597-b5ed896d25b8-resizable,layout.node.moved,"{'nodeId': 'instance-a61c45e3-e19d-486b-a597-b5ed896d25b8-resizable', 'newPos': {'x': 121, 'y': 82}, 'session_id': '60574dc3-f482-4ae5-a84f-c8056856e65a', 'user_id': 'P4'}",4
586,2000-01-01 12:49:34,instance-9980c51d-0433-417d-ad9c-276aefef7c0a-resizable,layoutboard.node.resizable.resized,"{'nodeId': 'instance-9980c51d-0433-417d-ad9c-276aefef7c0a-resizable', 'prevSize': {'width': 50, 'height': 50}, 'newSize': {'width': 38, 'height': 327}, 'delta': {'width': -12, 'height': 277}, 'linkedSizeNodeIds': [], 'session_id': '60574dc3-f482-4ae5-a84f-c8056856e65a', 'user_id': 'P4'}",4
587,2000-01-01 12:49:39,instance-9980c51d-0433-417d-ad9c-276aefef7c0a-resizable,layoutboard.node.resizable.resized,"{'nodeId': 'instance-9980c51d-0433-417d-ad9c-276aefef7c0a-resizable', 'prevSize': {'width': 50, 'height': 50}, 'newSize': {'width': 132, 'height': 477}, 'delta': {'width': 82, 'height': 427}, 'linkedSizeNodeIds': [], 'session_id': '60574dc3-f482-4ae5-a84f-c8056856e65a', 'user_id': 'P4'}",4
588,2000-01-01 12:49:42,instance-9980c51d-0433-417d-ad9c-276aefef7c0a-resizable,layoutboard.node.resizable.resized,"{'nodeId': 'instance-9980c51d-0433-417d-ad9c-276aefef7c0a-resizable', 'prevSize': {'width': 50, 'height': 50}, 'newSize': {'width': 180, 'height': 523}, 'delta': {'width': 130, 'height': 473}, 'linkedSizeNodeIds': [], 'session_id': '60574dc3-f482-4ae5-a84f-c8056856e65a', 'user_id': 'P4'}",4
589,2000-01-01 12:49:49,instance-a61c45e3-e19d-486b-a597-b5ed896d25b8-resizable,layoutboard.node.resizable.resized,"{'nodeId': 'instance-a61c45e3-e19d-486b-a597-b5ed896d25b8-resizable', 'prevSize': {'width': 504, 'height': 367}, 'newSize': {'width': 414, 'height': 420}, 'delta': {'width': -90, 'height': 53}, 'linkedSizeNodeIds': [], 'session_id': '60574dc3-f482-4ae5-a84f-c8056856e65a', 'user_id': 'P4'}",4
590,2000-01-01 12:49:51,instance-7d3c2075-78f2-4510-a841-7d3be99cc03d-resizable,layoutboard.node.resizable.resized,"{'nodeId': 'instance-7d3c2075-78f2-4510-a841-7d3be99cc03d-resizable', 'prevSize': {'width': 500, 'height': 128}, 'newSize': {'width': 500, 'height': 70}, 'delta': {'width': 0, 'height': -58}, 'linkedSizeNodeIds': [], 'session_id': '60574dc3-f482-4ae5-a84f-c8056856e65a', 'user_id': 'P4'}",4
591,2000-01-01 12:49:57,instance-7d3c2075-78f2-4510-a841-7d3be99cc03d-resizable,layoutboard.node.resizable.resized,"{'nodeId': 'instance-7d3c2075-78f2-4510-a841-7d3be99cc03d-resizable', 'prevSize': {'width': 500, 'height': 128}, 'newSize': {'width': 500, 'height': 99}, 'delta': {'width': 0, 'height': -29}, 'linkedSizeNodeIds': [], 'session_id': '60574dc3-f482-4ae5-a84f-c8056856e65a', 'user_id': 'P4'}",4
592,2000-01-01 12:50:01,instance-7d3c2075-78f2-4510-a841-7d3be99cc03d-resizable,layoutboard.node.resizable.resized,"{'nodeId': 'instance-7d3c2075-78f2-4510-a841-7d3be99cc03d-resizable', 'prevSize': {'width': 500, 'height': 128}, 'newSize': {'width': 500, 'height': 57}, 'delta': {'width': 0, 'height': -71}, 'linkedSizeNodeIds': [], 'session_id': '60574dc3-f482-4ae5-a84f-c8056856e65a', 'user_id': 'P4'}",4
593,2000-01-01 12:50:02,instance-a61c45e3-e19d-486b-a597-b5ed896d25b8-resizable,layoutboard.node.resizable.resized,"{'nodeId': 'instance-a61c45e3-e19d-486b-a597-b5ed896d25b8-resizable', 'prevSize': {'width': 504, 'height': 367}, 'newSize': {'width': 350, 'height': 416}, 'delta': {'width': -154, 'height': 49}, 'linkedSizeNodeIds': [], 'session_id': '60574dc3-f482-4ae5-a84f-c8056856e65a', 'user_id': 'P4'}",4
594,2000-01-01 12:50:04,instance-7d3e7ac0-4d90-4885-8dba-40e51d210058,layout.node.moved,"{'nodeId': 'instance-7d3e7ac0-4d90-4885-8dba-40e51d210058', 'newPos': {'x': 49.57500076293945, 'y': 173.19999885559082}, 'session_id': '60574dc3-f482-4ae5-a84f-c8056856e65a', 'user_id': 'P4'}",4
595,2000-01-01 12:50:09,instance-7d3e7ac0-4d90-4885-8dba-40e51d210058-resizable,layoutboard.node.resizable.resized,"{'nodeId': 'instance-7d3e7ac0-4d90-4885-8dba-40e51d210058-resizable', 'prevSize': {'width': 203, 'height': 352}, 'newSize': {'width': 127, 'height': 240}, 'delta': {'width': -76, 'height': -112}, 'linkedSizeNodeIds': [], 'session_id': '60574dc3-f482-4ae5-a84f-c8056856e65a', 'user_id': 'P4'}",4
596,2000-01-01 12:50:13,instance-a61c45e3-e19d-486b-a597-b5ed896d25b8-resizable,layoutboard.node.resizable.resized,"{'nodeId': 'instance-a61c45e3-e19d-486b-a597-b5ed896d25b8-resizable', 'prevSize': {'width': 504, 'height': 367}, 'newSize': {'width': 422, 'height': 420}, 'delta': {'width': -82, 'height': 53}, 'linkedSizeNodeIds': [], 'session_id': '60574dc3-f482-4ae5-a84f-c8056856e65a', 'user_id': 'P4'}",4
597,2000-01-01 12:50:25,class-27ee970f-e122-4e0d-872b-d9a0974a7f66,class.created,"{'class_id': 'class-27ee970f-e122-4e0d-872b-d9a0974a7f66', 'class_name': 'bunny Class', 'placeholder_count': 4, 'created_from': 'bunny', 'session_id': '60574dc3-f482-4ae5-a84f-c8056856e65a', 'user_id': 'P4'}",4
598,2000-01-01 12:50:56,instance-7d3e7ac0-4d90-4885-8dba-40e51d210058,instance.save,"{'instance_id': 'instance-7d3e7ac0-4d90-4885-8dba-40e51d210058', 'session_id': '60574dc3-f482-4ae5-a84f-c8056856e65a', 'user_id': 'P4'}",4
599,2000-01-01 12:50:57,instance-7d3e7ac0-4d90-4885-8dba-40e51d210058,instance.updated,"{'instance_id': 'instance-7d3e7ac0-4d90-4885-8dba-40e51d210058', 'instance_label': 'bunny', 'text_changed': False, 'graph_changed': True, 'session_id': '60574dc3-f482-4ae5-a84f-c8056856e65a', 'user_id': 'P4'}",4
600,2000-01-01 12:51:11,class-27ee970f-e122-4e0d-872b-d9a0974a7f66,class_deleted,"{'class_id': 'class-27ee970f-e122-4e0d-872b-d9a0974a7f66', 'class_name': 'bunny Class', 'instance_count': 1, 'session_id': '60574dc3-f482-4ae5-a84f-c8056856e65a', 'user_id': 'P4'}",4
601,2000-01-01 12:51:11,class-27ee970f-e122-4e0d-872b-d9a0974a7f66,class.deleted,"{'class_id': 'class-27ee970f-e122-4e0d-872b-d9a0974a7f66', 'class_name': 'bunny Class', 'affected_instances_count': 1, 'placeholder_count': 4, 'session_id': '60574dc3-f482-4ae5-a84f-c8056856e65a', 'user_id': 'P4'}",4
602,2000-01-01 12:51:15,class-4e2d073b-3ca5-4e4f-b6da-403c7738d3c5,class.created,"{'class_id': 'class-4e2d073b-3ca5-4e4f-b6da-403c7738d3c5', 'class_name': 'bunny Class', 'placeholder_count': 4, 'created_from': 'bunny', 'session_id': '60574dc3-f482-4ae5-a84f-c8056856e65a', 'user_id': 'P4'}",4
603,2000-01-01 12:53:06,instance-9ee7bf39-f386-47ba-95f4-3028ec2c9f77,instance.created_from_class,"{'instance_id': 'instance-9ee7bf39-f386-47ba-95f4-3028ec2c9f77', 'class_id': 'class-4e2d073b-3ca5-4e4f-b6da-403c7738d3c5', 'instance_label': 'Bunny', 'has_text_description': True, 'session_id': '60574dc3-f482-4ae5-a84f-c8056856e65a', 'user_id': 'P4'}",4
604,2000-01-01 12:53:40,instance-d18190bc-2ec7-483c-a253-3b67ceefad02,instance.created_from_class,"{'instance_id': 'instance-d18190bc-2ec7-483c-a253-3b67ceefad02', 'class_id': 'class-4e2d073b-3ca5-4e4f-b6da-403c7738d3c5', 'instance_label': 'Bunny', 'has_text_description': True, 'session_id': '60574dc3-f482-4ae5-a84f-c8056856e65a', 'user_id': 'P4'}",4
605,2000-01-01 12:53:46,instance-7d3e7ac0-4d90-4885-8dba-40e51d210058,layout.node.moved,"{'nodeId': 'instance-7d3e7ac0-4d90-4885-8dba-40e51d210058', 'newPos': {'x': 169.57500076293945, 'y': 178.19999885559082}, 'session_id': '60574dc3-f482-4ae5-a84f-c8056856e65a', 'user_id': 'P4'}",4
606,2000-01-01 12:53:51,instance-d18190bc-2ec7-483c-a253-3b67ceefad02,layout.node.moved,"{'nodeId': 'instance-d18190bc-2ec7-483c-a253-3b67ceefad02', 'newPos': {'x': 21, 'y': 179}, 'session_id': '60574dc3-f482-4ae5-a84f-c8056856e65a', 'user_id': 'P4'}",4
607,2000-01-01 12:53:53,instance-d18190bc-2ec7-483c-a253-3b67ceefad02-resizable,layoutboard.node.resizable.resized,"{'nodeId': 'instance-d18190bc-2ec7-483c-a253-3b67ceefad02-resizable', 'prevSize': {'width': 50, 'height': 50}, 'newSize': {'width': 75, 'height': 86}, 'delta': {'width': 25, 'height': 36}, 'linkedSizeNodeIds': [], 'session_id': '60574dc3-f482-4ae5-a84f-c8056856e65a', 'user_id': 'P4'}",4
608,2000-01-01 12:53:56,instance-d18190bc-2ec7-483c-a253-3b67ceefad02,layout.node.moved,"{'nodeId': 'instance-d18190bc-2ec7-483c-a253-3b67ceefad02', 'newPos': {'x': 0, 'y': 145}, 'session_id': '60574dc3-f482-4ae5-a84f-c8056856e65a', 'user_id': 'P4'}",4
609,2000-01-01 12:53:59,instance-d18190bc-2ec7-483c-a253-3b67ceefad02-resizable,layoutboard.node.resizable.resized,"{'nodeId': 'instance-d18190bc-2ec7-483c-a253-3b67ceefad02-resizable', 'prevSize': {'width': 50, 'height': 50}, 'newSize': {'width': 93, 'height': 256}, 'delta': {'width': 43, 'height': 206}, 'linkedSizeNodeIds': [], 'session_id': '60574dc3-f482-4ae5-a84f-c8056856e65a', 'user_id': 'P4'}",4
610,2000-01-01 12:54:03,instance-a61c45e3-e19d-486b-a597-b5ed896d25b8-resizable,layoutboard.node.resizable.resized,"{'nodeId': 'instance-a61c45e3-e19d-486b-a597-b5ed896d25b8-resizable', 'prevSize': {'width': 504, 'height': 367}, 'newSize': {'width': 296, 'height': 393}, 'delta': {'width': -208, 'height': 26}, 'linkedSizeNodeIds': [], 'session_id': '60574dc3-f482-4ae5-a84f-c8056856e65a', 'user_id': 'P4'}",4
611,2000-01-01 12:54:07,instance-d18190bc-2ec7-483c-a253-3b67ceefad02-resizable,layoutboard.node.resizable.resized,"{'nodeId': 'instance-d18190bc-2ec7-483c-a253-3b67ceefad02-resizable', 'prevSize': {'width': 50, 'height': 50}, 'newSize': {'width': 140, 'height': 273}, 'delta': {'width': 90, 'height': 223}, 'linkedSizeNodeIds': [], 'session_id': '60574dc3-f482-4ae5-a84f-c8056856e65a', 'user_id': 'P4'}",4
612,2000-01-01 12:54:11,instance-d18190bc-2ec7-483c-a253-3b67ceefad02-resizable,layout.node.moved,"{'nodeId': 'instance-d18190bc-2ec7-483c-a253-3b67ceefad02-resizable', 'newPos': {'x': 47, 'y': 224}, 'session_id': '60574dc3-f482-4ae5-a84f-c8056856e65a', 'user_id': 'P4'}",4
613,2000-01-01 12:54:13,instance-d18190bc-2ec7-483c-a253-3b67ceefad02-resizable,layoutboard.node.resizable.resized,"{'nodeId': 'instance-d18190bc-2ec7-483c-a253-3b67ceefad02-resizable', 'prevSize': {'width': 50, 'height': 50}, 'newSize': {'width': 120, 'height': 242}, 'delta': {'width': 70, 'height': 192}, 'linkedSizeNodeIds': [], 'session_id': '60574dc3-f482-4ae5-a84f-c8056856e65a', 'user_id': 'P4'}",4
614,2000-01-01 12:54:17,instance-d18190bc-2ec7-483c-a253-3b67ceefad02-resizable,layoutboard.node.resizable.resized,"{'nodeId': 'instance-d18190bc-2ec7-483c-a253-3b67ceefad02-resizable', 'prevSize': {'width': 50, 'height': 50}, 'newSize': {'width': 125, 'height': 246}, 'delta': {'width': 75, 'height': 196}, 'linkedSizeNodeIds': [], 'session_id': '60574dc3-f482-4ae5-a84f-c8056856e65a', 'user_id': 'P4'}",4
615,2000-01-01 12:54:20,instance-9ee7bf39-f386-47ba-95f4-3028ec2c9f77,layout.node.moved,"{'nodeId': 'instance-9ee7bf39-f386-47ba-95f4-3028ec2c9f77', 'newPos': {'x': 55, 'y': 114}, 'session_id': '60574dc3-f482-4ae5-a84f-c8056856e65a', 'user_id': 'P4'}",4
616,2000-01-01 12:54:22,instance-9ee7bf39-f386-47ba-95f4-3028ec2c9f77-resizable,layoutboard.node.resizable.resized,"{'nodeId': 'instance-9ee7bf39-f386-47ba-95f4-3028ec2c9f77-resizable', 'prevSize': {'width': 50, 'height': 50}, 'newSize': {'width': 60, 'height': 62}, 'delta': {'width': 10, 'height': 12}, 'linkedSizeNodeIds': [], 'session_id': '60574dc3-f482-4ae5-a84f-c8056856e65a', 'user_id': 'P4'}",4
617,2000-01-01 12:54:25,instance-9ee7bf39-f386-47ba-95f4-3028ec2c9f77-resizable,layoutboard.node.resizable.resized,"{'nodeId': 'instance-9ee7bf39-f386-47ba-95f4-3028ec2c9f77-resizable', 'prevSize': {'width': 50, 'height': 50}, 'newSize': {'width': 101, 'height': 272}, 'delta': {'width': 51, 'height': 222}, 'linkedSizeNodeIds': [], 'session_id': '60574dc3-f482-4ae5-a84f-c8056856e65a', 'user_id': 'P4'}",4
618,2000-01-01 12:54:32,instance-9ee7bf39-f386-47ba-95f4-3028ec2c9f77-resizable,layout.node.moved,"{'nodeId': 'instance-9ee7bf39-f386-47ba-95f4-3028ec2c9f77-resizable', 'newPos': {'x': 115, 'y': 216}, 'session_id': '60574dc3-f482-4ae5-a84f-c8056856e65a', 'user_id': 'P4'}",4
619,2000-01-01 12:54:35,instance-a61c45e3-e19d-486b-a597-b5ed896d25b8-resizable,layoutboard.node.resizable.resized,"{'nodeId': 'instance-a61c45e3-e19d-486b-a597-b5ed896d25b8-resizable', 'prevSize': {'width': 504, 'height': 367}, 'newSize': {'width': 423, 'height': 429}, 'delta': {'width': -81, 'height': 62}, 'linkedSizeNodeIds': [], 'session_id': '60574dc3-f482-4ae5-a84f-c8056856e65a', 'user_id': 'P4'}",4
620,2000-01-01 12:54:46,,relationship_node.created,"{'relationship_id': 'instance-7d3e7ac0-4d90-4885-8dba-40e51d210058->instance-9980c51d-0433-417d-ad9c-276aefef7c0a:looking up', 'sourceId': 'instance-7d3e7ac0-4d90-4885-8dba-40e51d210058', 'targetId': 'instance-9980c51d-0433-417d-ad9c-276aefef7c0a', 'relation': 'looking up', 'video_time': '44:08'}",4
621,2000-01-01 12:54:56,,relationship_node.created,"{'relationship_id': 'instance-7d3e7ac0-4d90-4885-8dba-40e51d210058->instance-9980c51d-0433-417d-ad9c-276aefef7c0a:looking up', 'sourceId': 'instance-7d3e7ac0-4d90-4885-8dba-40e51d210058', 'targetId': 'instance-9980c51d-0433-417d-ad9c-276aefef7c0a', 'relation': 'looking up', 'video_time': '44:18'}",4
622,2000-01-01 12:55:01,instance-a61c45e3-e19d-486b-a597-b5ed896d25b8-resizable,layoutboard.node.resizable.resized,"{'nodeId': 'instance-a61c45e3-e19d-486b-a597-b5ed896d25b8-resizable', 'prevSize': {'width': 504, 'height': 367}, 'newSize': {'width': 40, 'height': 160}, 'delta': {'width': -464, 'height': -207}, 'linkedSizeNodeIds': [], 'session_id': '60574dc3-f482-4ae5-a84f-c8056856e65a', 'user_id': 'P4'}",4
623,2000-01-01 12:55:15,,relationship_node.created,"{'relationship_id': 'instance-7d3e7ac0-4d90-4885-8dba-40e51d210058->instance-9980c51d-0433-417d-ad9c-276aefef7c0a:looking up', 'sourceId': 'instance-7d3e7ac0-4d90-4885-8dba-40e51d210058', 'targetId': 'instance-9980c51d-0433-417d-ad9c-276aefef7c0a', 'relation': 'looking up', 'video_time': '44:37'}",4
624,2000-01-01 12:55:53,instance-9980c51d-0433-417d-ad9c-276aefef7c0a-resizable,layout.node.moved,"{'nodeId': 'instance-9980c51d-0433-417d-ad9c-276aefef7c0a-resizable', 'newPos': {'x': 305.88888931274414, 'y': -11}, 'session_id': '60574dc3-f482-4ae5-a84f-c8056856e65a', 'user_id': 'P4'}",4
625,2000-01-01 12:55:55,instance-9980c51d-0433-417d-ad9c-276aefef7c0a-resizable,layoutboard.node.resizable.resized,"{'nodeId': 'instance-9980c51d-0433-417d-ad9c-276aefef7c0a-resizable', 'prevSize': {'width': 50, 'height': 50}, 'newSize': {'width': 182, 'height': 491}, 'delta': {'width': 132, 'height': 441}, 'linkedSizeNodeIds': [], 'session_id': '60574dc3-f482-4ae5-a84f-c8056856e65a', 'user_id': 'P4'}",4
626,2000-01-01 12:55:58,instance-9980c51d-0433-417d-ad9c-276aefef7c0a-resizable,layout.node.moved,"{'nodeId': 'instance-9980c51d-0433-417d-ad9c-276aefef7c0a-resizable', 'newPos': {'x': 321.88888931274414, 'y': 18}, 'session_id': '60574dc3-f482-4ae5-a84f-c8056856e65a', 'user_id': 'P4'}",4
627,2000-01-01 12:55:59,instance-9980c51d-0433-417d-ad9c-276aefef7c0a-resizable,layout.node.moved,"{'nodeId': 'instance-9980c51d-0433-417d-ad9c-276aefef7c0a-resizable', 'newPos': {'x': 236.88888931274414, 'y': 18}, 'session_id': '60574dc3-f482-4ae5-a84f-c8056856e65a', 'user_id': 'P4'}",4
628,2000-01-01 12:56:02,instance-a61c45e3-e19d-486b-a597-b5ed896d25b8-resizable,layoutboard.node.resizable.resized,"{'nodeId': 'instance-a61c45e3-e19d-486b-a597-b5ed896d25b8-resizable', 'prevSize': {'width': 504, 'height': 367}, 'newSize': {'width': 40, 'height': 160}, 'delta': {'width': -464, 'height': -207}, 'linkedSizeNodeIds': [], 'session_id': '60574dc3-f482-4ae5-a84f-c8056856e65a', 'user_id': 'P4'}",4
629,2000-01-01 12:56:04,instance-a61c45e3-e19d-486b-a597-b5ed896d25b8-resizable,layoutboard.node.resizable.resized,"{'nodeId': 'instance-a61c45e3-e19d-486b-a597-b5ed896d25b8-resizable', 'prevSize': {'width': 504, 'height': 367}, 'newSize': {'width': 118, 'height': 160}, 'delta': {'width': -386, 'height': -207}, 'linkedSizeNodeIds': [], 'session_id': '60574dc3-f482-4ae5-a84f-c8056856e65a', 'user_id': 'P4'}",4
630,2000-01-01 12:56:07,instance-9980c51d-0433-417d-ad9c-276aefef7c0a-resizable,layoutboard.node.resizable.resized,"{'nodeId': 'instance-9980c51d-0433-417d-ad9c-276aefef7c0a-resizable', 'prevSize': {'width': 50, 'height': 50}, 'newSize': {'width': 188, 'height': 466}, 'delta': {'width': 138, 'height': 416}, 'linkedSizeNodeIds': [], 'session_id': '60574dc3-f482-4ae5-a84f-c8056856e65a', 'user_id': 'P4'}",4
631,2000-01-01 12:56:11,instance-a61c45e3-e19d-486b-a597-b5ed896d25b8-resizable,layoutboard.node.resizable.resized,"{'nodeId': 'instance-a61c45e3-e19d-486b-a597-b5ed896d25b8-resizable', 'prevSize': {'width': 504, 'height': 367}, 'newSize': {'width': 493, 'height': 158}, 'delta': {'width': -11, 'height': -209}, 'linkedSizeNodeIds': [], 'session_id': '60574dc3-f482-4ae5-a84f-c8056856e65a', 'user_id': 'P4'}",4
632,2000-01-01 12:56:15,instance-a61c45e3-e19d-486b-a597-b5ed896d25b8-resizable,layoutboard.node.resizable.resized,"{'nodeId': 'instance-a61c45e3-e19d-486b-a597-b5ed896d25b8-resizable', 'prevSize': {'width': 504, 'height': 367}, 'newSize': {'width': 498, 'height': 419}, 'delta': {'width': -6, 'height': 52}, 'linkedSizeNodeIds': [], 'session_id': '60574dc3-f482-4ae5-a84f-c8056856e65a', 'user_id': 'P4'}",4
633,2000-01-01 12:56:21,instance-9980c51d-0433-417d-ad9c-276aefef7c0a-resizable,layoutboard.node.resizable.resized,"{'nodeId': 'instance-9980c51d-0433-417d-ad9c-276aefef7c0a-resizable', 'prevSize': {'width': 50, 'height': 50}, 'newSize': {'width': 211, 'height': 475}, 'delta': {'width': 161, 'height': 425}, 'linkedSizeNodeIds': [], 'session_id': '60574dc3-f482-4ae5-a84f-c8056856e65a', 'user_id': 'P4'}",4
634,2000-01-01 12:56:25,instance-9980c51d-0433-417d-ad9c-276aefef7c0a,layout.node.moved,"{'nodeId': 'instance-9980c51d-0433-417d-ad9c-276aefef7c0a', 'newPos': {'x': 301.88888931274414, 'y': 18}, 'session_id': '60574dc3-f482-4ae5-a84f-c8056856e65a', 'user_id': 'P4'}",4
635,2000-01-01 12:56:51,instance-a61c45e3-e19d-486b-a597-b5ed896d25b8-resizable,layoutboard.node.resizable.resized,"{'nodeId': 'instance-a61c45e3-e19d-486b-a597-b5ed896d25b8-resizable', 'prevSize': {'width': 504, 'height': 367}, 'newSize': {'width': 452, 'height': 419}, 'delta': {'width': -52, 'height': 52}, 'linkedSizeNodeIds': [], 'session_id': '60574dc3-f482-4ae5-a84f-c8056856e65a', 'user_id': 'P4'}",4
636,2000-01-01 12:56:59,instance-d18190bc-2ec7-483c-a253-3b67ceefad02,layout.node.moved,"{'nodeId': 'instance-d18190bc-2ec7-483c-a253-3b67ceefad02', 'newPos': {'x': 392, 'y': 37}, 'session_id': '60574dc3-f482-4ae5-a84f-c8056856e65a', 'user_id': 'P4'}",4
637,2000-01-01 12:57:02,instance-a61c45e3-e19d-486b-a597-b5ed896d25b8-resizable,layoutboard.node.resizable.resized,"{'nodeId': 'instance-a61c45e3-e19d-486b-a597-b5ed896d25b8-resizable', 'prevSize': {'width': 504, 'height': 367}, 'newSize': {'width': 498, 'height': 422}, 'delta': {'width': -6, 'height': 55}, 'linkedSizeNodeIds': [], 'session_id': '60574dc3-f482-4ae5-a84f-c8056856e65a', 'user_id': 'P4'}",4
638,2000-01-01 12:57:09,instance-d18190bc-2ec7-483c-a253-3b67ceefad02,layout.node.moved,"{'nodeId': 'instance-d18190bc-2ec7-483c-a253-3b67ceefad02', 'newPos': {'x': 392, 'y': 93}, 'session_id': '60574dc3-f482-4ae5-a84f-c8056856e65a', 'user_id': 'P4'}",4
639,2000-01-01 12:57:10,instance-9980c51d-0433-417d-ad9c-276aefef7c0a-resizable,layout.node.moved,"{'nodeId': 'instance-9980c51d-0433-417d-ad9c-276aefef7c0a-resizable', 'newPos': {'x': 301.88888931274414, 'y': 18}, 'session_id': '60574dc3-f482-4ae5-a84f-c8056856e65a', 'user_id': 'P4'}",4
640,2000-01-01 12:57:13,instance-9980c51d-0433-417d-ad9c-276aefef7c0a-resizable,layout.node.moved,"{'nodeId': 'instance-9980c51d-0433-417d-ad9c-276aefef7c0a-resizable', 'newPos': {'x': 58.88888931274414, 'y': 26}, 'session_id': '60574dc3-f482-4ae5-a84f-c8056856e65a', 'user_id': 'P4'}",4
641,2000-01-01 12:57:15,instance-9980c51d-0433-417d-ad9c-276aefef7c0a-resizable,layout.node.moved,"{'nodeId': 'instance-9980c51d-0433-417d-ad9c-276aefef7c0a-resizable', 'newPos': {'x': 301, 'y': 12}, 'session_id': '60574dc3-f482-4ae5-a84f-c8056856e65a', 'user_id': 'P4'}",4
642,2000-01-01 12:57:25,instance-9980c51d-0433-417d-ad9c-276aefef7c0a-resizable,layout.node.moved,"{'nodeId': 'instance-9980c51d-0433-417d-ad9c-276aefef7c0a-resizable', 'newPos': {'x': 301, 'y': 5}, 'session_id': '60574dc3-f482-4ae5-a84f-c8056856e65a', 'user_id': 'P4'}",4
643,2000-01-01 12:57:28,instance-9980c51d-0433-417d-ad9c-276aefef7c0a-resizable,layout.node.moved,"{'nodeId': 'instance-9980c51d-0433-417d-ad9c-276aefef7c0a-resizable', 'newPos': {'x': 188, 'y': 37}, 'session_id': '60574dc3-f482-4ae5-a84f-c8056856e65a', 'user_id': 'P4'}",4
644,2000-01-01 12:57:30,instance-9980c51d-0433-417d-ad9c-276aefef7c0a-resizable,layout.node.moved,"{'nodeId': 'instance-9980c51d-0433-417d-ad9c-276aefef7c0a-resizable', 'newPos': {'x': 301, 'y': 0}, 'session_id': '60574dc3-f482-4ae5-a84f-c8056856e65a', 'user_id': 'P4'}",4
645,2000-01-01 12:57:35,instance-9980c51d-0433-417d-ad9c-276aefef7c0a-resizable,layout.node.moved,"{'nodeId': 'instance-9980c51d-0433-417d-ad9c-276aefef7c0a-resizable', 'newPos': {'x': 301, 'y': 0.3333320617675781}, 'session_id': '60574dc3-f482-4ae5-a84f-c8056856e65a', 'user_id': 'P4'}",4
646,2000-01-01 12:57:37,instance-9980c51d-0433-417d-ad9c-276aefef7c0a-resizable,layout.node.moved,"{'nodeId': 'instance-9980c51d-0433-417d-ad9c-276aefef7c0a-resizable', 'newPos': {'x': 301, 'y': 7.333332061767578}, 'session_id': '60574dc3-f482-4ae5-a84f-c8056856e65a', 'user_id': 'P4'}",4
647,2000-01-01 12:57:41,instance-9980c51d-0433-417d-ad9c-276aefef7c0a-resizable,layout.node.moved,"{'nodeId': 'instance-9980c51d-0433-417d-ad9c-276aefef7c0a-resizable', 'newPos': {'x': 259, 'y': 12.333332061767578}, 'session_id': '60574dc3-f482-4ae5-a84f-c8056856e65a', 'user_id': 'P4'}",4
648,2000-01-01 12:57:44,instance-7d3c2075-78f2-4510-a841-7d3be99cc03d-resizable,layout.node.moved,"{'nodeId': 'instance-7d3c2075-78f2-4510-a841-7d3be99cc03d-resizable', 'newPos': {'x': 0, 'y': 0}, 'session_id': '60574dc3-f482-4ae5-a84f-c8056856e65a', 'user_id': 'P4'}",4
649,2000-01-01 12:57:48,bfd344e8-9e71-4ca5-b8e8-014d55785fcd,instance_created_from_detection,"{'instanceId': 'bfd344e8-9e71-4ca5-b8e8-014d55785fcd', 'label': 'Red sphere', 'originalObjectLabel': 'sports ball', 'session_id': '60574dc3-f482-4ae5-a84f-c8056856e65a', 'user_id': 'P4'}",4
650,2000-01-01 12:57:52,bfd344e8-9e71-4ca5-b8e8-014d55785fcd-resizable,layout.node.moved,"{'nodeId': 'bfd344e8-9e71-4ca5-b8e8-014d55785fcd-resizable', 'newPos': {'x': 333.1666679382324, 'y': 68.11111068725586}, 'session_id': '60574dc3-f482-4ae5-a84f-c8056856e65a', 'user_id': 'P4'}",4
651,2000-01-01 12:58:06,bfd344e8-9e71-4ca5-b8e8-014d55785fcd,instance.deleted,"{'instance_id': 'bfd344e8-9e71-4ca5-b8e8-014d55785fcd', 'instance_label': 'Red sphere', 'is_from_class': False, 'class_id': None, 'session_id': '60574dc3-f482-4ae5-a84f-c8056856e65a', 'user_id': 'P4'}",4
652,2000-01-01 12:58:10,instance-9980c51d-0433-417d-ad9c-276aefef7c0a-resizable,layout.node.moved,"{'nodeId': 'instance-9980c51d-0433-417d-ad9c-276aefef7c0a-resizable', 'newPos': {'x': 107, 'y': 0}, 'session_id': '60574dc3-f482-4ae5-a84f-c8056856e65a', 'user_id': 'P4'}",4
653,2000-01-01 12:58:11,,relationship_node.deleted,"{'relationship_id': 'instance-d18190bc-2ec7-483c-a253-3b67ceefad02-instance-9980c51d-0433-417d-ad9c-276aefef7c0a', 'source_object_id': 'instance-d18190bc-2ec7-483c-a253-3b67ceefad02', 'target_object_id': 'instance-9980c51d-0433-417d-ad9c-276aefef7c0a', 'relation': 'looking up', 'source_object_name': 'Bunny', 'target_object_name': 'tree', 'session_id': '60574dc3-f482-4ae5-a84f-c8056856e65a', 'user_id': 'P4'}",4
654,2000-01-01 12:58:19,instance-d18190bc-2ec7-483c-a253-3b67ceefad02,layout.node.moved,"{'nodeId': 'instance-d18190bc-2ec7-483c-a253-3b67ceefad02', 'newPos': {'x': 391, 'y': 93}, 'session_id': '60574dc3-f482-4ae5-a84f-c8056856e65a', 'user_id': 'P4'}",4
655,2000-01-01 12:58:31,instance-d18190bc-2ec7-483c-a253-3b67ceefad02,layout.node.moved,"{'nodeId': 'instance-d18190bc-2ec7-483c-a253-3b67ceefad02', 'newPos': {'x': 365, 'y': 96}, 'session_id': '60574dc3-f482-4ae5-a84f-c8056856e65a', 'user_id': 'P4'}",4
656,2000-01-01 12:58:40,instance-9980c51d-0433-417d-ad9c-276aefef7c0a,layout.node.moved,"{'nodeId': 'instance-9980c51d-0433-417d-ad9c-276aefef7c0a', 'newPos': {'x': 294, 'y': 6}, 'session_id': '60574dc3-f482-4ae5-a84f-c8056856e65a', 'user_id': 'P4'}",4
657,2000-01-01 12:58:41,,relationship_node.created,"{'relationship_id': 'instance-7d3e7ac0-4d90-4885-8dba-40e51d210058->instance-9980c51d-0433-417d-ad9c-276aefef7c0a:hanging on the highest branch of the tree', 'sourceId': 'instance-7d3e7ac0-4d90-4885-8dba-40e51d210058', 'targetId': 'instance-9980c51d-0433-417d-ad9c-276aefef7c0a', 'relation': 'hanging on the highest branch of the tree', 'video_time': '48:03'}",4
658,2000-01-01 12:59:15,instance-9980c51d-0433-417d-ad9c-276aefef7c0a-resizable,layout.node.moved,"{'nodeId': 'instance-9980c51d-0433-417d-ad9c-276aefef7c0a-resizable', 'newPos': {'x': 294, 'y': 2}, 'session_id': '60574dc3-f482-4ae5-a84f-c8056856e65a', 'user_id': 'P4'}",4
659,2000-01-01 12:59:21,instance-a61c45e3-e19d-486b-a597-b5ed896d25b8-resizable,layout.node.moved,"{'nodeId': 'instance-a61c45e3-e19d-486b-a597-b5ed896d25b8-resizable', 'newPos': {'x': 0, 'y': 70}, 'session_id': '60574dc3-f482-4ae5-a84f-c8056856e65a', 'user_id': 'P4'}",4
660,2000-01-01 12:59:23,instance-9980c51d-0433-417d-ad9c-276aefef7c0a,layout.node.moved,"{'nodeId': 'instance-9980c51d-0433-417d-ad9c-276aefef7c0a', 'newPos': {'x': 151, 'y': 28}, 'session_id': '60574dc3-f482-4ae5-a84f-c8056856e65a', 'user_id': 'P4'}",4
661,2000-01-01 12:59:24,instance-d18190bc-2ec7-483c-a253-3b67ceefad02,layout.node.moved,"{'nodeId': 'instance-d18190bc-2ec7-483c-a253-3b67ceefad02', 'newPos': {'x': 379, 'y': 97}, 'session_id': '60574dc3-f482-4ae5-a84f-c8056856e65a', 'user_id': 'P4'}",4
662,2000-01-01 12:59:30,,relationship_node.created,"{'relationship_id': 'instance-7d3e7ac0-4d90-4885-8dba-40e51d210058->instance-7d3e7ac0-4d90-4885-8dba-40e51d210058:looking down at', 'sourceId': 'instance-7d3e7ac0-4d90-4885-8dba-40e51d210058', 'targetId': 'instance-7d3e7ac0-4d90-4885-8dba-40e51d210058', 'relation': 'looking down at', 'video_time': '48:52'}",4
663,2000-01-01 12:59:40,instance-9980c51d-0433-417d-ad9c-276aefef7c0a,layout.node.moved,"{'nodeId': 'instance-9980c51d-0433-417d-ad9c-276aefef7c0a', 'newPos': {'x': 296, 'y': 5}, 'session_id': '60574dc3-f482-4ae5-a84f-c8056856e65a', 'user_id': 'P4'}",4
664,2000-01-01 12:59:57,instance-9980c51d-0433-417d-ad9c-276aefef7c0a,instance.save,"{'instance_id': 'instance-9980c51d-0433-417d-ad9c-276aefef7c0a', 'session_id': '60574dc3-f482-4ae5-a84f-c8056856e65a', 'user_id': 'P4'}",4
665,2000-01-01 12:59:57,instance-9980c51d-0433-417d-ad9c-276aefef7c0a,instance.updated,"{'instance_id': 'instance-9980c51d-0433-417d-ad9c-276aefef7c0a', 'instance_label': 'tree', 'text_changed': False, 'graph_changed': True, 'session_id': '60574dc3-f482-4ae5-a84f-c8056856e65a', 'user_id': 'P4'}",4
666,2000-01-01 12:59:59,instance-9980c51d-0433-417d-ad9c-276aefef7c0a,layout.node.moved,"{'nodeId': 'instance-9980c51d-0433-417d-ad9c-276aefef7c0a', 'newPos': {'x': 296, 'y': 6}, 'session_id': '60574dc3-f482-4ae5-a84f-c8056856e65a', 'user_id': 'P4'}",4
667,2000-01-01 13:00:25,,layout_board.new_box_positioned,"{'position': {'x': 351.1666679382324, 'y': 106.11111068725586}, 'screen_position': {'x': 410, 'y': 149}, 'board_type': 'advanced', 'session_id': '60574dc3-f482-4ae5-a84f-c8056856e65a', 'user_id': 'P4'}",4
668,2000-01-01 13:01:04,instance-9980c51d-0433-417d-ad9c-276aefef7c0a-resizable,layout.node.moved,"{'nodeId': 'instance-9980c51d-0433-417d-ad9c-276aefef7c0a-resizable', 'newPos': {'x': 157, 'y': 5}, 'session_id': '60574dc3-f482-4ae5-a84f-c8056856e65a', 'user_id': 'P4'}",4
669,2000-01-01 13:01:11,instance-664e6a19-8255-431a-967a-3ca625608ba3-resizable,layoutboard.node.resizable.resized,"{'nodeId': 'instance-664e6a19-8255-431a-967a-3ca625608ba3-resizable', 'prevSize': {'width': 50, 'height': 50}, 'newSize': {'width': 72, 'height': 76}, 'delta': {'width': 22, 'height': 26}, 'linkedSizeNodeIds': [], 'session_id': '60574dc3-f482-4ae5-a84f-c8056856e65a', 'user_id': 'P4'}",4
670,2000-01-01 13:01:13,instance-664e6a19-8255-431a-967a-3ca625608ba3,layout.node.moved,"{'nodeId': 'instance-664e6a19-8255-431a-967a-3ca625608ba3', 'newPos': {'x': 314.1666679382324, 'y': 76.11111068725586}, 'session_id': '60574dc3-f482-4ae5-a84f-c8056856e65a', 'user_id': 'P4'}",4
671,2000-01-01 13:01:17,instance-d18190bc-2ec7-483c-a253-3b67ceefad02-resizable,layoutboard.node.resizable.resized,"{'nodeId': 'instance-d18190bc-2ec7-483c-a253-3b67ceefad02-resizable', 'prevSize': {'width': 50, 'height': 50}, 'newSize': {'width': 115, 'height': 203}, 'delta': {'width': 65, 'height': 153}, 'linkedSizeNodeIds': [], 'session_id': '60574dc3-f482-4ae5-a84f-c8056856e65a', 'user_id': 'P4'}",4
672,2000-01-01 13:01:22,instance-9980c51d-0433-417d-ad9c-276aefef7c0a,layout.node.moved,"{'nodeId': 'instance-9980c51d-0433-417d-ad9c-276aefef7c0a', 'newPos': {'x': 296, 'y': 6}, 'session_id': '60574dc3-f482-4ae5-a84f-c8056856e65a', 'user_id': 'P4'}",4
673,2000-01-01 13:01:33,,relationship_node.created,"{'relationship_id': 'instance-7d3e7ac0-4d90-4885-8dba-40e51d210058->object3:holding', 'sourceId': 'instance-7d3e7ac0-4d90-4885-8dba-40e51d210058', 'targetId': 'object3', 'relation': 'holding', 'video_time': '50:55'}",4
674,2000-01-01 13:01:47,instance-d18190bc-2ec7-483c-a253-3b67ceefad02,layout.node.moved,"{'nodeId': 'instance-d18190bc-2ec7-483c-a253-3b67ceefad02', 'newPos': {'x': 374, 'y': 77}, 'session_id': '60574dc3-f482-4ae5-a84f-c8056856e65a', 'user_id': 'P4'}",4
675,2000-01-01 13:01:50,,relationship_node.created,"{'relationship_id': 'instance-7d3e7ac0-4d90-4885-8dba-40e51d210058->instance-7d3e7ac0-4d90-4885-8dba-40e51d210058:looking down at', 'sourceId': 'instance-7d3e7ac0-4d90-4885-8dba-40e51d210058', 'targetId': 'instance-7d3e7ac0-4d90-4885-8dba-40e51d210058', 'relation': 'looking down at', 'video_time': '51:12'}",4
676,2000-01-01 13:02:27,,api.generate_image.succeeded,"{'global_caption': 'a scene featuring a bunny wearing a blue jacket, slightly torn and covered with some dirt, looking up at a tree while holding a red balloon in her hand, a green forest with many trees, a blue sky, a tall tree with a highest branch, a very happy bunny wearing a slightly torn yellow dress that is covered in dirt looking up at the tree, a relieved bunny wearing a slightly torn green shirt covered in dirt hanging on the highest branch of the tree looking down at another bunny holding a balloon, and a red shiny balloon stuck on the highest branch of the tree.', 'region_count': 7, 'has_image': True, 'detected_objects_count': 1, 'image_path': 'output/P4/2025-08-25_13-02-26/image.png', 'image_with_layout_path': 'output/P4/2025-08-25_13-02-26/image_with_layout.png', 'timestamp_dir': 'output/P4/2025-08-25_13-02-26', 'session_id': '60574dc3-f482-4ae5-a84f-c8056856e65a', 'user_id': 'P4'}",4
677,2000-01-01 13:02:46,instance-d18190bc-2ec7-483c-a253-3b67ceefad02,layout.node.moved,"{'nodeId': 'instance-d18190bc-2ec7-483c-a253-3b67ceefad02', 'newPos': {'x': 383, 'y': 94}, 'session_id': '60574dc3-f482-4ae5-a84f-c8056856e65a', 'user_id': 'P4'}",4
678,2000-01-01 13:02:52,instance-d18190bc-2ec7-483c-a253-3b67ceefad02,layout.node.moved,"{'nodeId': 'instance-d18190bc-2ec7-483c-a253-3b67ceefad02', 'newPos': {'x': 378, 'y': 78}, 'session_id': '60574dc3-f482-4ae5-a84f-c8056856e65a', 'user_id': 'P4'}",4
679,2000-01-01 13:03:00,instance-a61c45e3-e19d-486b-a597-b5ed896d25b8-resizable,layout.node.moved,"{'nodeId': 'instance-a61c45e3-e19d-486b-a597-b5ed896d25b8-resizable', 'newPos': {'x': 0, 'y': 32}, 'session_id': '60574dc3-f482-4ae5-a84f-c8056856e65a', 'user_id': 'P4'}",4
680,2000-01-01 13:03:01,instance-a61c45e3-e19d-486b-a597-b5ed896d25b8-resizable,layoutboard.node.resizable.resized,"{'nodeId': 'instance-a61c45e3-e19d-486b-a597-b5ed896d25b8-resizable', 'prevSize': {'width': 504, 'height': 367}, 'newSize': {'width': 498, 'height': 422}, 'delta': {'width': -6, 'height': 55}, 'linkedSizeNodeIds': [], 'session_id': '60574dc3-f482-4ae5-a84f-c8056856e65a', 'user_id': 'P4'}",4
681,2000-01-01 13:03:03,instance-9ee7bf39-f386-47ba-95f4-3028ec2c9f77-resizable,layout.node.moved,"{'nodeId': 'instance-9ee7bf39-f386-47ba-95f4-3028ec2c9f77-resizable', 'newPos': {'x': 89, 'y': 226}, 'session_id': '60574dc3-f482-4ae5-a84f-c8056856e65a', 'user_id': 'P4'}",4
682,2000-01-01 13:03:04,instance-a61c45e3-e19d-486b-a597-b5ed896d25b8-resizable,layout.node.moved,"{'nodeId': 'instance-a61c45e3-e19d-486b-a597-b5ed896d25b8-resizable', 'newPos': {'x': 0, 'y': 0}, 'session_id': '60574dc3-f482-4ae5-a84f-c8056856e65a', 'user_id': 'P4'}",4
683,2000-01-01 13:03:05,instance-a61c45e3-e19d-486b-a597-b5ed896d25b8-resizable,layout.node.moved,"{'nodeId': 'instance-a61c45e3-e19d-486b-a597-b5ed896d25b8-resizable', 'newPos': {'x': 0, 'y': 0}, 'session_id': '60574dc3-f482-4ae5-a84f-c8056856e65a', 'user_id': 'P4'}",4
684,2000-01-01 13:03:07,instance-a61c45e3-e19d-486b-a597-b5ed896d25b8-resizable,layout.node.moved,"{'nodeId': 'instance-a61c45e3-e19d-486b-a597-b5ed896d25b8-resizable', 'newPos': {'x': 0, 'y': 53}, 'session_id': '60574dc3-f482-4ae5-a84f-c8056856e65a', 'user_id': 'P4'}",4
685,2000-01-01 13:03:13,instance-a61c45e3-e19d-486b-a597-b5ed896d25b8-resizable,layoutboard.node.resizable.resized,"{'nodeId': 'instance-a61c45e3-e19d-486b-a597-b5ed896d25b8-resizable', 'prevSize': {'width': 504, 'height': 367}, 'newSize': {'width': 488, 'height': 331}, 'delta': {'width': -16, 'height': -36}, 'linkedSizeNodeIds': [], 'session_id': '60574dc3-f482-4ae5-a84f-c8056856e65a', 'user_id': 'P4'}",4
686,2000-01-01 13:03:17,instance-7d3e7ac0-4d90-4885-8dba-40e51d210058-resizable,layout.node.moved,"{'nodeId': 'instance-7d3e7ac0-4d90-4885-8dba-40e51d210058-resizable', 'newPos': {'x': 172.57500076293945, 'y': 252.19999885559082}, 'session_id': '60574dc3-f482-4ae5-a84f-c8056856e65a', 'user_id': 'P4'}",4
687,2000-01-01 13:03:20,instance-a61c45e3-e19d-486b-a597-b5ed896d25b8-resizable,layoutboard.node.resizable.resized,"{'nodeId': 'instance-a61c45e3-e19d-486b-a597-b5ed896d25b8-resizable', 'prevSize': {'width': 504, 'height': 367}, 'newSize': {'width': 491, 'height': 447}, 'delta': {'width': -13, 'height': 80}, 'linkedSizeNodeIds': [], 'session_id': '60574dc3-f482-4ae5-a84f-c8056856e65a', 'user_id': 'P4'}",4
688,2000-01-01 13:03:45,instance-7d3e7ac0-4d90-4885-8dba-40e51d210058,instance.save,"{'instance_id': 'instance-7d3e7ac0-4d90-4885-8dba-40e51d210058', 'session_id': '60574dc3-f482-4ae5-a84f-c8056856e65a', 'user_id': 'P4'}",4
689,2000-01-01 13:03:50,instance-7d3e7ac0-4d90-4885-8dba-40e51d210058,instance.updated,"{'instance_id': 'instance-7d3e7ac0-4d90-4885-8dba-40e51d210058', 'instance_label': 'bunny', 'text_changed': False, 'graph_changed': True, 'session_id': '60574dc3-f482-4ae5-a84f-c8056856e65a', 'user_id': 'P4'}",4
690,2000-01-01 13:03:55,instance-d18190bc-2ec7-483c-a253-3b67ceefad02,instance.save,"{'instance_id': 'instance-d18190bc-2ec7-483c-a253-3b67ceefad02', 'session_id': '60574dc3-f482-4ae5-a84f-c8056856e65a', 'user_id': 'P4'}",4
691,2000-01-01 13:03:58,instance-d18190bc-2ec7-483c-a253-3b67ceefad02,instance.updated,"{'instance_id': 'instance-d18190bc-2ec7-483c-a253-3b67ceefad02', 'instance_label': 'Bunny', 'text_changed': False, 'graph_changed': True, 'session_id': '60574dc3-f482-4ae5-a84f-c8056856e65a', 'user_id': 'P4'}",4
692,2000-01-01 13:04:09,instance-9ee7bf39-f386-47ba-95f4-3028ec2c9f77,instance.save,"{'instance_id': 'instance-9ee7bf39-f386-47ba-95f4-3028ec2c9f77', 'session_id': '60574dc3-f482-4ae5-a84f-c8056856e65a', 'user_id': 'P4'}",4
693,2000-01-01 13:04:10,instance-9ee7bf39-f386-47ba-95f4-3028ec2c9f77,instance.updated,"{'instance_id': 'instance-9ee7bf39-f386-47ba-95f4-3028ec2c9f77', 'instance_label': 'Bunny', 'text_changed': False, 'graph_changed': True, 'session_id': '60574dc3-f482-4ae5-a84f-c8056856e65a', 'user_id': 'P4'}",4
694,2000-01-01 13:04:16,instance-d18190bc-2ec7-483c-a253-3b67ceefad02,layout.node.moved,"{'nodeId': 'instance-d18190bc-2ec7-483c-a253-3b67ceefad02', 'newPos': {'x': 374, 'y': 9}, 'session_id': '60574dc3-f482-4ae5-a84f-c8056856e65a', 'user_id': 'P4'}",4
695,2000-01-01 13:04:48,,api.generate_image.succeeded,"{'global_caption': 'a scene featuring a bunny wearing a blue jacket, slightly torn and covered with some dirt, holding a red balloon in her hand, smiling and looking up at a tree, a green forest with many trees, a blue sky, a tall tree with the highest branch, a happy bunny wearing a slightly torn yellow dress that is covered in dirt looking up at the tree, a relieved bunny wearing a slightly torn green shirt covered in dirt hanging on the highest branch of the tree looking down at another bunny holding a balloon, and a red shiny balloon stuck on the highest branch of the tree.', 'region_count': 7, 'has_image': True, 'detected_objects_count': 2, 'image_path': 'output/P4/2025-08-25_13-04-47/image.png', 'image_with_layout_path': 'output/P4/2025-08-25_13-04-47/image_with_layout.png', 'timestamp_dir': 'output/P4/2025-08-25_13-04-47', 'session_id': '60574dc3-f482-4ae5-a84f-c8056856e65a', 'user_id': 'P4'}",4
696,2000-01-01 13:05:30,instance-d18190bc-2ec7-483c-a253-3b67ceefad02,layout.node.moved,"{'nodeId': 'instance-d18190bc-2ec7-483c-a253-3b67ceefad02', 'newPos': {'x': 0, 'y': 224}, 'session_id': '60574dc3-f482-4ae5-a84f-c8056856e65a', 'user_id': 'P4'}",4
697,2000-01-01 13:05:34,instance-7d3c2075-78f2-4510-a841-7d3be99cc03d-resizable,layoutboard.node.resizable.resized,"{'nodeId': 'instance-7d3c2075-78f2-4510-a841-7d3be99cc03d-resizable', 'prevSize': {'width': 500, 'height': 128}, 'newSize': {'width': 512, 'height': 52}, 'delta': {'width': 12, 'height': -76}, 'linkedSizeNodeIds': [], 'session_id': '60574dc3-f482-4ae5-a84f-c8056856e65a', 'user_id': 'P4'}",4
698,2000-01-01 13:05:36,instance-a61c45e3-e19d-486b-a597-b5ed896d25b8-resizable,layoutboard.node.resizable.resized,"{'nodeId': 'instance-a61c45e3-e19d-486b-a597-b5ed896d25b8-resizable', 'prevSize': {'width': 504, 'height': 367}, 'newSize': {'width': 239, 'height': 379}, 'delta': {'width': -265, 'height': 12}, 'linkedSizeNodeIds': [], 'session_id': '60574dc3-f482-4ae5-a84f-c8056856e65a', 'user_id': 'P4'}",4
699,2000-01-01 13:05:46,,relationship_node.edited,"{'relationship_id': 'instance-d18190bc-2ec7-483c-a253-3b67ceefad02-instance-664e6a19-8255-431a-967a-3ca625608ba3', 'source_object_id': 'instance-d18190bc-2ec7-483c-a253-3b67ceefad02', 'target_object_id': 'instance-664e6a19-8255-431a-967a-3ca625608ba3', 'old_relation': 'holding', 'new_relation': 'holding with one hand', 'source_object_name': 'Bunny', 'target_object_name': 'balloon', 'session_id': '60574dc3-f482-4ae5-a84f-c8056856e65a', 'user_id': 'P4'}",4
700,2000-01-01 13:05:49,instance-a61c45e3-e19d-486b-a597-b5ed896d25b8-resizable,layoutboard.node.resizable.resized,"{'nodeId': 'instance-a61c45e3-e19d-486b-a597-b5ed896d25b8-resizable', 'prevSize': {'width': 504, 'height': 367}, 'newSize': {'width': 498, 'height': 442}, 'delta': {'width': -6, 'height': 75}, 'linkedSizeNodeIds': [], 'session_id': '60574dc3-f482-4ae5-a84f-c8056856e65a', 'user_id': 'P4'}",4
701,2000-01-01 13:05:55,instance-d18190bc-2ec7-483c-a253-3b67ceefad02,layout.node.moved,"{'nodeId': 'instance-d18190bc-2ec7-483c-a253-3b67ceefad02', 'newPos': {'x': 378, 'y': 7.5833330154418945}, 'session_id': '60574dc3-f482-4ae5-a84f-c8056856e65a', 'user_id': 'P4'}",4
702,2000-01-01 13:06:01,instance-d18190bc-2ec7-483c-a253-3b67ceefad02,layout.node.moved,"{'nodeId': 'instance-d18190bc-2ec7-483c-a253-3b67ceefad02', 'newPos': {'x': 390, 'y': 6.5833330154418945}, 'session_id': '60574dc3-f482-4ae5-a84f-c8056856e65a', 'user_id': 'P4'}",4
703,2000-01-01 13:06:31,,api.generate_image.succeeded,"{'global_caption': 'a scene featuring a bunny wearing a blue jacket, slightly torn and covered with some dirt, holding a red balloon in her hand, smiling and looking up at a tree, a green forest with many trees, a blue sky, a tall tree with the highest branch, a happy bunny wearing a slightly torn yellow dress that is covered in dirt looking up at the tree, a relieved bunny wearing a slightly torn green shirt covered in dirt hanging on the highest branch of the tree looking down at another bunny holding a balloon, and a red shiny balloon stuck on the highest branch of the tree.', 'region_count': 7, 'has_image': True, 'detected_objects_count': 3, 'image_path': 'output/P4/2025-08-25_13-06-30/image.png', 'image_with_layout_path': 'output/P4/2025-08-25_13-06-30/image_with_layout.png', 'timestamp_dir': 'output/P4/2025-08-25_13-06-30', 'session_id': '60574dc3-f482-4ae5-a84f-c8056856e65a', 'user_id': 'P4'}",4
704,2000-01-01 13:07:15,,scene_saved,"{'slotNumber': 2, 'instanceCount': 7, 'nodeCount': 14, 'edgeCount': 5, 'session_id': '60574dc3-f482-4ae5-a84f-c8056856e65a', 'user_id': 'P4'}",4
705,2000-01-01 13:07:39,instance-d18190bc-2ec7-483c-a253-3b67ceefad02,layout.node.moved,"{'nodeId': 'instance-d18190bc-2ec7-483c-a253-3b67ceefad02', 'newPos': {'x': 378, 'y': 11.583333015441895}, 'session_id': '60574dc3-f482-4ae5-a84f-c8056856e65a', 'user_id': 'P4'}",4
706,2000-01-01 13:07:44,instance-d18190bc-2ec7-483c-a253-3b67ceefad02,instance.deleted,"{'instance_id': 'instance-d18190bc-2ec7-483c-a253-3b67ceefad02', 'instance_label': 'Bunny', 'is_from_class': True, 'class_id': 'class-4e2d073b-3ca5-4e4f-b6da-403c7738d3c5', 'session_id': '60574dc3-f482-4ae5-a84f-c8056856e65a', 'user_id': 'P4'}",4
707,2000-01-01 13:07:51,instance-9ee7bf39-f386-47ba-95f4-3028ec2c9f77,instance.deleted,"{'instance_id': 'instance-9ee7bf39-f386-47ba-95f4-3028ec2c9f77', 'instance_label': 'Bunny', 'is_from_class': True, 'class_id': 'class-4e2d073b-3ca5-4e4f-b6da-403c7738d3c5', 'session_id': '60574dc3-f482-4ae5-a84f-c8056856e65a', 'user_id': 'P4'}",4
708,2000-01-01 13:07:58,instance-9980c51d-0433-417d-ad9c-276aefef7c0a,instance.deleted,"{'instance_id': 'instance-9980c51d-0433-417d-ad9c-276aefef7c0a', 'instance_label': 'tree', 'is_from_class': False, 'class_id': None, 'session_id': '60574dc3-f482-4ae5-a84f-c8056856e65a', 'user_id': 'P4'}",4
709,2000-01-01 13:08:03,instance-664e6a19-8255-431a-967a-3ca625608ba3-resizable,layout.node.moved,"{'nodeId': 'instance-664e6a19-8255-431a-967a-3ca625608ba3-resizable', 'newPos': {'x': 350.1666679382324, 'y': 30.11111068725586}, 'session_id': '60574dc3-f482-4ae5-a84f-c8056856e65a', 'user_id': 'P4'}",4
710,2000-01-01 13:08:30,instance-7d3e7ac0-4d90-4885-8dba-40e51d210058,instance.save,"{'instance_id': 'instance-7d3e7ac0-4d90-4885-8dba-40e51d210058', 'session_id': '60574dc3-f482-4ae5-a84f-c8056856e65a', 'user_id': 'P4'}",4
711,2000-01-01 13:08:31,instance-7d3e7ac0-4d90-4885-8dba-40e51d210058,instance.updated,"{'instance_id': 'instance-7d3e7ac0-4d90-4885-8dba-40e51d210058', 'instance_label': 'bunny', 'text_changed': False, 'graph_changed': True, 'session_id': '60574dc3-f482-4ae5-a84f-c8056856e65a', 'user_id': 'P4'}",4
712,2000-01-01 13:08:49,instance-7d3e7ac0-4d90-4885-8dba-40e51d210058,instance.save,"{'instance_id': 'instance-7d3e7ac0-4d90-4885-8dba-40e51d210058', 'session_id': '60574dc3-f482-4ae5-a84f-c8056856e65a', 'user_id': 'P4'}",4
713,2000-01-01 13:09:36,instance-7d3e7ac0-4d90-4885-8dba-40e51d210058,instance.save,"{'instance_id': 'instance-7d3e7ac0-4d90-4885-8dba-40e51d210058', 'session_id': '60574dc3-f482-4ae5-a84f-c8056856e65a', 'user_id': 'P4'}",4
714,2000-01-01 13:09:41,instance-7d3e7ac0-4d90-4885-8dba-40e51d210058,instance.updated,"{'instance_id': 'instance-7d3e7ac0-4d90-4885-8dba-40e51d210058', 'instance_label': 'bunny', 'text_changed': True, 'graph_changed': False, 'session_id': '60574dc3-f482-4ae5-a84f-c8056856e65a', 'user_id': 'P4'}",4
715,2000-01-01 13:09:51,instance-7d3e7ac0-4d90-4885-8dba-40e51d210058,instance.save,"{'instance_id': 'instance-7d3e7ac0-4d90-4885-8dba-40e51d210058', 'session_id': '60574dc3-f482-4ae5-a84f-c8056856e65a', 'user_id': 'P4'}",4
716,2000-01-01 13:09:52,instance-7d3e7ac0-4d90-4885-8dba-40e51d210058,instance.updated,"{'instance_id': 'instance-7d3e7ac0-4d90-4885-8dba-40e51d210058', 'instance_label': 'bunny', 'text_changed': False, 'graph_changed': True, 'session_id': '60574dc3-f482-4ae5-a84f-c8056856e65a', 'user_id': 'P4'}",4
717,2000-01-01 13:10:04,instance-7d3e7ac0-4d90-4885-8dba-40e51d210058,instance.save,"{'instance_id': 'instance-7d3e7ac0-4d90-4885-8dba-40e51d210058', 'session_id': '60574dc3-f482-4ae5-a84f-c8056856e65a', 'user_id': 'P4'}",4
718,2000-01-01 13:10:08,instance-7d3e7ac0-4d90-4885-8dba-40e51d210058,instance.updated,"{'instance_id': 'instance-7d3e7ac0-4d90-4885-8dba-40e51d210058', 'instance_label': 'bunny', 'text_changed': True, 'graph_changed': False, 'session_id': '60574dc3-f482-4ae5-a84f-c8056856e65a', 'user_id': 'P4'}",4
719,2000-01-01 13:10:14,instance-7d3e7ac0-4d90-4885-8dba-40e51d210058,layout.node.moved,"{'nodeId': 'instance-7d3e7ac0-4d90-4885-8dba-40e51d210058', 'newPos': {'x': 157.57500076293945, 'y': 253.19999885559082}, 'session_id': '60574dc3-f482-4ae5-a84f-c8056856e65a', 'user_id': 'P4'}",4
720,2000-01-01 13:10:38,instance-a61c45e3-e19d-486b-a597-b5ed896d25b8,instance.save,"{'instance_id': 'instance-a61c45e3-e19d-486b-a597-b5ed896d25b8', 'session_id': '60574dc3-f482-4ae5-a84f-c8056856e65a', 'user_id': 'P4'}",4
721,2000-01-01 13:10:41,instance-a61c45e3-e19d-486b-a597-b5ed896d25b8,instance.updated,"{'instance_id': 'instance-a61c45e3-e19d-486b-a597-b5ed896d25b8', 'instance_label': 'forest', 'text_changed': True, 'graph_changed': False, 'session_id': '60574dc3-f482-4ae5-a84f-c8056856e65a', 'user_id': 'P4'}",4
722,2000-01-01 13:11:05,instance-a61c45e3-e19d-486b-a597-b5ed896d25b8,instance.save,"{'instance_id': 'instance-a61c45e3-e19d-486b-a597-b5ed896d25b8', 'session_id': '60574dc3-f482-4ae5-a84f-c8056856e65a', 'user_id': 'P4'}",4
723,2000-01-01 13:11:08,instance-a61c45e3-e19d-486b-a597-b5ed896d25b8,instance.updated,"{'instance_id': 'instance-a61c45e3-e19d-486b-a597-b5ed896d25b8', 'instance_label': 'forest', 'text_changed': True, 'graph_changed': False, 'session_id': '60574dc3-f482-4ae5-a84f-c8056856e65a', 'user_id': 'P4'}",4
724,2000-01-01 13:12:18,instance-664e6a19-8255-431a-967a-3ca625608ba3,instance.save,"{'instance_id': 'instance-664e6a19-8255-431a-967a-3ca625608ba3', 'session_id': '60574dc3-f482-4ae5-a84f-c8056856e65a', 'user_id': 'P4'}",4
725,2000-01-01 13:12:20,instance-664e6a19-8255-431a-967a-3ca625608ba3,instance.updated,"{'instance_id': 'instance-664e6a19-8255-431a-967a-3ca625608ba3', 'instance_label': 'balloon', 'text_changed': True, 'graph_changed': False, 'session_id': '60574dc3-f482-4ae5-a84f-c8056856e65a', 'user_id': 'P4'}",4
726,2000-01-01 13:12:31,instance-7d3e7ac0-4d90-4885-8dba-40e51d210058,instance.save,"{'instance_id': 'instance-7d3e7ac0-4d90-4885-8dba-40e51d210058', 'session_id': '60574dc3-f482-4ae5-a84f-c8056856e65a', 'user_id': 'P4'}",4
727,2000-01-01 13:12:34,,relationship_node.created,"{'relationship_id': 'instance-7d3e7ac0-4d90-4885-8dba-40e51d210058->object3:looking at', 'sourceId': 'instance-7d3e7ac0-4d90-4885-8dba-40e51d210058', 'targetId': 'object3', 'relation': 'looking at', 'video_time': '1:01:56'}",4
728,2000-01-01 13:12:41,instance-7d3e7ac0-4d90-4885-8dba-40e51d210058,layout.node.moved,"{'nodeId': 'instance-7d3e7ac0-4d90-4885-8dba-40e51d210058', 'newPos': {'x': 108.57500076293945, 'y': 218.19999885559082}, 'session_id': '60574dc3-f482-4ae5-a84f-c8056856e65a', 'user_id': 'P4'}",4
729,2000-01-01 13:12:44,instance-a61c45e3-e19d-486b-a597-b5ed896d25b8,layout.node.moved,"{'nodeId': 'instance-a61c45e3-e19d-486b-a597-b5ed896d25b8', 'newPos': {'x': 150, 'y': 91}, 'session_id': '60574dc3-f482-4ae5-a84f-c8056856e65a', 'user_id': 'P4'}",4
730,2000-01-01 13:12:46,instance-7d3e7ac0-4d90-4885-8dba-40e51d210058-resizable,layoutboard.node.resizable.resized,"{'nodeId': 'instance-7d3e7ac0-4d90-4885-8dba-40e51d210058-resizable', 'prevSize': {'width': 203, 'height': 352}, 'newSize': {'width': 153, 'height': 278}, 'delta': {'width': -50, 'height': -74}, 'linkedSizeNodeIds': [], 'session_id': '60574dc3-f482-4ae5-a84f-c8056856e65a', 'user_id': 'P4'}",4
731,2000-01-01 13:12:53,instance-a61c45e3-e19d-486b-a597-b5ed896d25b8-resizable,layoutboard.node.resizable.resized,"{'nodeId': 'instance-a61c45e3-e19d-486b-a597-b5ed896d25b8-resizable', 'prevSize': {'width': 504, 'height': 367}, 'newSize': {'width': 634, 'height': 458}, 'delta': {'width': 130, 'height': 91}, 'linkedSizeNodeIds': [], 'session_id': '60574dc3-f482-4ae5-a84f-c8056856e65a', 'user_id': 'P4'}",4
732,2000-01-01 13:13:11,instance-7d3e7ac0-4d90-4885-8dba-40e51d210058,instance.save,"{'instance_id': 'instance-7d3e7ac0-4d90-4885-8dba-40e51d210058', 'session_id': '60574dc3-f482-4ae5-a84f-c8056856e65a', 'user_id': 'P4'}",4
733,2000-01-01 13:13:16,instance-7d3e7ac0-4d90-4885-8dba-40e51d210058,instance.updated,"{'instance_id': 'instance-7d3e7ac0-4d90-4885-8dba-40e51d210058', 'instance_label': 'bunny', 'text_changed': True, 'graph_changed': False, 'session_id': '60574dc3-f482-4ae5-a84f-c8056856e65a', 'user_id': 'P4'}",4
734,2000-01-01 13:13:51,,api.generate_image.succeeded,"{'global_caption': 'a scene featuring a bunny wearing a blue jacket with one hand reaching up in the sky with tears in its eyes, looking up at a balloon, alongside a green forest with many trees swaying towards one side with leaves flying in the air, under a blue sky and a red shiny balloon flying away.', 'region_count': 4, 'has_image': True, 'detected_objects_count': 0, 'image_path': 'output/P4/2025-08-25_13-13-50/image.png', 'image_with_layout_path': 'output/P4/2025-08-25_13-13-50/image_with_layout.png', 'timestamp_dir': 'output/P4/2025-08-25_13-13-50', 'session_id': '60574dc3-f482-4ae5-a84f-c8056856e65a', 'user_id': 'P4'}",4
735,2000-01-01 13:14:05,instance-664e6a19-8255-431a-967a-3ca625608ba3-resizable,layoutboard.node.resizable.resized,"{'nodeId': 'instance-664e6a19-8255-431a-967a-3ca625608ba3-resizable', 'prevSize': {'width': 50, 'height': 50}, 'newSize': {'width': 98, 'height': 233}, 'delta': {'width': 48, 'height': 183}, 'linkedSizeNodeIds': [], 'session_id': '60574dc3-f482-4ae5-a84f-c8056856e65a', 'user_id': 'P4'}",4
736,2000-01-01 13:14:44,instance-7d3e7ac0-4d90-4885-8dba-40e51d210058,instance.save,"{'instance_id': 'instance-7d3e7ac0-4d90-4885-8dba-40e51d210058', 'session_id': '60574dc3-f482-4ae5-a84f-c8056856e65a', 'user_id': 'P4'}",4
737,2000-01-01 13:14:50,instance-7d3e7ac0-4d90-4885-8dba-40e51d210058,instance.updated,"{'instance_id': 'instance-7d3e7ac0-4d90-4885-8dba-40e51d210058', 'instance_label': 'bunny', 'text_changed': True, 'graph_changed': False, 'session_id': '60574dc3-f482-4ae5-a84f-c8056856e65a', 'user_id': 'P4'}",4
738,2000-01-01 13:15:24,,api.generate_image.succeeded,"{'global_caption': 'a scene featuring a 3D bunny wearing a blue jacket with one hand reaching up in the sky and tears in its eyes, looking up at a balloon, alongside a green forest with many trees swaying towards one side with leaves flying in the air, under a blue sky and a red shiny balloon flying away.', 'region_count': 4, 'has_image': True, 'detected_objects_count': 2, 'image_path': 'output/P4/2025-08-25_13-15-23/image.png', 'image_with_layout_path': 'output/P4/2025-08-25_13-15-23/image_with_layout.png', 'timestamp_dir': 'output/P4/2025-08-25_13-15-23', 'session_id': '60574dc3-f482-4ae5-a84f-c8056856e65a', 'user_id': 'P4'}",4
739,2000-01-01 13:15:50,instance-664e6a19-8255-431a-967a-3ca625608ba3-resizable,layoutboard.node.resizable.resized,"{'nodeId': 'instance-664e6a19-8255-431a-967a-3ca625608ba3-resizable', 'prevSize': {'width': 50, 'height': 50}, 'newSize': {'width': 114, 'height': 129}, 'delta': {'width': 64, 'height': 79}, 'linkedSizeNodeIds': [], 'session_id': '60574dc3-f482-4ae5-a84f-c8056856e65a', 'user_id': 'P4'}",4
740,2000-01-01 13:15:52,instance-664e6a19-8255-431a-967a-3ca625608ba3,layout.node.moved,"{'nodeId': 'instance-664e6a19-8255-431a-967a-3ca625608ba3', 'newPos': {'x': 333.1666679382324, 'y': 31.11111068725586}, 'session_id': '60574dc3-f482-4ae5-a84f-c8056856e65a', 'user_id': 'P4'}",4
741,2000-01-01 13:15:59,instance-664e6a19-8255-431a-967a-3ca625608ba3,instance.save,"{'instance_id': 'instance-664e6a19-8255-431a-967a-3ca625608ba3', 'session_id': '60574dc3-f482-4ae5-a84f-c8056856e65a', 'user_id': 'P4'}",4
742,2000-01-01 13:16:01,instance-664e6a19-8255-431a-967a-3ca625608ba3,instance.updated,"{'instance_id': 'instance-664e6a19-8255-431a-967a-3ca625608ba3', 'instance_label': 'balloon', 'text_changed': True, 'graph_changed': False, 'session_id': '60574dc3-f482-4ae5-a84f-c8056856e65a', 'user_id': 'P4'}",4
743,2000-01-01 13:16:09,instance-664e6a19-8255-431a-967a-3ca625608ba3,instance.save,"{'instance_id': 'instance-664e6a19-8255-431a-967a-3ca625608ba3', 'session_id': '60574dc3-f482-4ae5-a84f-c8056856e65a', 'user_id': 'P4'}",4
744,2000-01-01 13:16:12,instance-664e6a19-8255-431a-967a-3ca625608ba3,instance.updated,"{'instance_id': 'instance-664e6a19-8255-431a-967a-3ca625608ba3', 'instance_label': 'balloon', 'text_changed': True, 'graph_changed': False, 'session_id': '60574dc3-f482-4ae5-a84f-c8056856e65a', 'user_id': 'P4'}",4
745,2000-01-01 13:16:44,instance-a61c45e3-e19d-486b-a597-b5ed896d25b8,instance.save,"{'instance_id': 'instance-a61c45e3-e19d-486b-a597-b5ed896d25b8', 'session_id': '60574dc3-f482-4ae5-a84f-c8056856e65a', 'user_id': 'P4'}",4
746,2000-01-01 13:16:49,instance-a61c45e3-e19d-486b-a597-b5ed896d25b8,instance.updated,"{'instance_id': 'instance-a61c45e3-e19d-486b-a597-b5ed896d25b8', 'instance_label': 'forest', 'text_changed': True, 'graph_changed': False, 'session_id': '60574dc3-f482-4ae5-a84f-c8056856e65a', 'user_id': 'P4'}",4
747,2000-01-01 13:17:02,instance-7d3e7ac0-4d90-4885-8dba-40e51d210058,instance.save,"{'instance_id': 'instance-7d3e7ac0-4d90-4885-8dba-40e51d210058', 'session_id': '60574dc3-f482-4ae5-a84f-c8056856e65a', 'user_id': 'P4'}",4
748,2000-01-01 13:17:09,instance-7d3e7ac0-4d90-4885-8dba-40e51d210058,instance.updated,"{'instance_id': 'instance-7d3e7ac0-4d90-4885-8dba-40e51d210058', 'instance_label': 'bunny', 'text_changed': True, 'graph_changed': False, 'session_id': '60574dc3-f482-4ae5-a84f-c8056856e65a', 'user_id': 'P4'}",4
749,2000-01-01 13:17:40,,api.generate_image.succeeded,"{'global_caption': 'a scene featuring a 3D real life bunny wearing a blue jacket with one hand reaching up in the sky and tears in its eyes, looking up at a balloon, alongside a real life green forest with many trees swaying towards one side with leaves flying in the air, under a blue sky and a red shiny balloon with string hanging down, flying away.', 'region_count': 4, 'has_image': True, 'detected_objects_count': 1, 'image_path': 'output/P4/2025-08-25_13-17-40/image.png', 'image_with_layout_path': 'output/P4/2025-08-25_13-17-40/image_with_layout.png', 'timestamp_dir': 'output/P4/2025-08-25_13-17-40', 'session_id': '60574dc3-f482-4ae5-a84f-c8056856e65a', 'user_id': 'P4'}",4
750,2000-01-01 13:18:09,instance-7d3e7ac0-4d90-4885-8dba-40e51d210058,instance.save,"{'instance_id': 'instance-7d3e7ac0-4d90-4885-8dba-40e51d210058', 'session_id': '60574dc3-f482-4ae5-a84f-c8056856e65a', 'user_id': 'P4'}",4
751,2000-01-01 13:18:15,instance-7d3e7ac0-4d90-4885-8dba-40e51d210058,instance.updated,"{'instance_id': 'instance-7d3e7ac0-4d90-4885-8dba-40e51d210058', 'instance_label': 'bunny', 'text_changed': True, 'graph_changed': False, 'session_id': '60574dc3-f482-4ae5-a84f-c8056856e65a', 'user_id': 'P4'}",4
752,2000-01-01 13:18:45,,api.generate_image.succeeded,"{'global_caption': 'a scene featuring a 3D real life bunny wearing a blue jacket with one hand reaching up in the sky and tears falling down from its eyes, looking up at a balloon, alongside a real life green forest with many trees swaying towards one side with leaves flying in the air, under a blue sky and a red shiny balloon with a string hanging down, flying away.', 'region_count': 4, 'has_image': True, 'detected_objects_count': 0, 'image_path': 'output/P4/2025-08-25_13-18-45/image.png', 'image_with_layout_path': 'output/P4/2025-08-25_13-18-45/image_with_layout.png', 'timestamp_dir': 'output/P4/2025-08-25_13-18-45', 'session_id': '60574dc3-f482-4ae5-a84f-c8056856e65a', 'user_id': 'P4'}",4
753,2000-01-01 13:19:07,instance-7d3e7ac0-4d90-4885-8dba-40e51d210058,object_node.extract.confirmed,"{'object_id': 'object5', 'object_name': 'tears', 'parent_instance_id': 'instance-7d3e7ac0-4d90-4885-8dba-40e51d210058', 'session_id': '60574dc3-f482-4ae5-a84f-c8056856e65a', 'user_id': 'P4'}",4
754,2000-01-01 13:19:23,instance-7d3e7ac0-4d90-4885-8dba-40e51d210058,instance.save,"{'instance_id': 'instance-7d3e7ac0-4d90-4885-8dba-40e51d210058', 'session_id': '60574dc3-f482-4ae5-a84f-c8056856e65a', 'user_id': 'P4'}",4
755,2000-01-01 13:19:33,instance-b809209e-40a9-4888-b180-379db1d19e17,layout.node.moved,"{'nodeId': 'instance-b809209e-40a9-4888-b180-379db1d19e17', 'newPos': {'x': 108, 'y': 280}, 'session_id': '60574dc3-f482-4ae5-a84f-c8056856e65a', 'user_id': 'P4'}",4
756,2000-01-01 13:20:03,,api.generate_image.succeeded,"{'global_caption': 'a scene featuring a real-life bunny wearing a blue jacket with one hand reaching up into the sky, looking up at an unknown object, and tears falling down from its eyes, alongside a real-life green forest with many trees swaying towards one side with leaves flying in the air, under a blue sky and a red shiny balloon with a string hanging down, flying away.', 'region_count': 5, 'has_image': True, 'detected_objects_count': 1, 'image_path': 'output/P4/2025-08-25_13-20-02/image.png', 'image_with_layout_path': 'output/P4/2025-08-25_13-20-02/image_with_layout.png', 'timestamp_dir': 'output/P4/2025-08-25_13-20-02', 'session_id': '60574dc3-f482-4ae5-a84f-c8056856e65a', 'user_id': 'P4'}",4
757,2000-01-01 13:20:18,,scene_saved,"{'slotNumber': 3, 'instanceCount': 5, 'nodeCount': 10, 'edgeCount': 9, 'session_id': '60574dc3-f482-4ae5-a84f-c8056856e65a', 'user_id': 'P4'}",4
758,2000-01-01 13:20:45,instance-664e6a19-8255-431a-967a-3ca625608ba3,instance.deleted,"{'instance_id': 'instance-664e6a19-8255-431a-967a-3ca625608ba3', 'instance_label': 'balloon', 'is_from_class': False, 'class_id': None, 'session_id': '60574dc3-f482-4ae5-a84f-c8056856e65a', 'user_id': 'P4'}",4
759,2000-01-01 13:20:55,class-4e2d073b-3ca5-4e4f-b6da-403c7738d3c5,class.updated,"{'class_id': 'class-4e2d073b-3ca5-4e4f-b6da-403c7738d3c5', 'class_name': 'bunny Class', 'placeholder_count': 4, 'object_count': 4, 'session_id': '60574dc3-f482-4ae5-a84f-c8056856e65a', 'user_id': 'P4'}",4
760,2000-01-01 13:21:23,instance-3e156c8e-12f3-4752-8bd7-635a1225b974,instance.created_from_class,"{'instance_id': 'instance-3e156c8e-12f3-4752-8bd7-635a1225b974', 'class_id': 'class-4e2d073b-3ca5-4e4f-b6da-403c7738d3c5', 'instance_label': 'Bunny', 'has_text_description': True, 'session_id': '60574dc3-f482-4ae5-a84f-c8056856e65a', 'user_id': 'P4'}",4
761,2000-01-01 13:21:58,instance-4bde5f26-3abb-4732-9506-b5eac8cbe69e,instance.created_from_class,"{'instance_id': 'instance-4bde5f26-3abb-4732-9506-b5eac8cbe69e', 'class_id': 'class-4e2d073b-3ca5-4e4f-b6da-403c7738d3c5', 'instance_label': 'Bunny', 'has_text_description': True, 'session_id': '60574dc3-f482-4ae5-a84f-c8056856e65a', 'user_id': 'P4'}",4
762,2000-01-01 13:22:05,instance-4bde5f26-3abb-4732-9506-b5eac8cbe69e,layout.node.moved,"{'nodeId': 'instance-4bde5f26-3abb-4732-9506-b5eac8cbe69e', 'newPos': {'x': 164, 'y': 68}, 'session_id': '60574dc3-f482-4ae5-a84f-c8056856e65a', 'user_id': 'P4'}",4
763,2000-01-01 13:22:09,instance-4bde5f26-3abb-4732-9506-b5eac8cbe69e-resizable,layoutboard.node.resizable.resized,"{'nodeId': 'instance-4bde5f26-3abb-4732-9506-b5eac8cbe69e-resizable', 'prevSize': {'width': 50, 'height': 50}, 'newSize': {'width': 123, 'height': 86}, 'delta': {'width': 73, 'height': 36}, 'linkedSizeNodeIds': [], 'session_id': '60574dc3-f482-4ae5-a84f-c8056856e65a', 'user_id': 'P4'}",4
764,2000-01-01 13:22:12,instance-4bde5f26-3abb-4732-9506-b5eac8cbe69e-resizable,layoutboard.node.resizable.resized,"{'nodeId': 'instance-4bde5f26-3abb-4732-9506-b5eac8cbe69e-resizable', 'prevSize': {'width': 50, 'height': 50}, 'newSize': {'width': 149, 'height': 279}, 'delta': {'width': 99, 'height': 229}, 'linkedSizeNodeIds': [], 'session_id': '60574dc3-f482-4ae5-a84f-c8056856e65a', 'user_id': 'P4'}",4
765,2000-01-01 13:22:15,instance-4bde5f26-3abb-4732-9506-b5eac8cbe69e,layout.node.moved,"{'nodeId': 'instance-4bde5f26-3abb-4732-9506-b5eac8cbe69e', 'newPos': {'x': 192, 'y': 208}, 'session_id': '60574dc3-f482-4ae5-a84f-c8056856e65a', 'user_id': 'P4'}",4
766,2000-01-01 13:22:20,instance-3e156c8e-12f3-4752-8bd7-635a1225b974,layout.node.moved,"{'nodeId': 'instance-3e156c8e-12f3-4752-8bd7-635a1225b974', 'newPos': {'x': 189, 'y': 57}, 'session_id': '60574dc3-f482-4ae5-a84f-c8056856e65a', 'user_id': 'P4'}",4
767,2000-01-01 13:22:24,instance-3e156c8e-12f3-4752-8bd7-635a1225b974-resizable,layoutboard.node.resizable.resized,"{'nodeId': 'instance-3e156c8e-12f3-4752-8bd7-635a1225b974-resizable', 'prevSize': {'width': 50, 'height': 50}, 'newSize': {'width': 108, 'height': 102}, 'delta': {'width': 58, 'height': 52}, 'linkedSizeNodeIds': [], 'session_id': '60574dc3-f482-4ae5-a84f-c8056856e65a', 'user_id': 'P4'}",4
768,2000-01-01 13:22:32,instance-3e156c8e-12f3-4752-8bd7-635a1225b974-resizable,layoutboard.node.resizable.resized,"{'nodeId': 'instance-3e156c8e-12f3-4752-8bd7-635a1225b974-resizable', 'prevSize': {'width': 50, 'height': 50}, 'newSize': {'width': 159, 'height': 239}, 'delta': {'width': 109, 'height': 189}, 'linkedSizeNodeIds': [], 'session_id': '60574dc3-f482-4ae5-a84f-c8056856e65a', 'user_id': 'P4'}",4
769,2000-01-01 13:22:37,instance-3e156c8e-12f3-4752-8bd7-635a1225b974,layout.node.moved,"{'nodeId': 'instance-3e156c8e-12f3-4752-8bd7-635a1225b974', 'newPos': {'x': 32, 'y': 228}, 'session_id': '60574dc3-f482-4ae5-a84f-c8056856e65a', 'user_id': 'P4'}",4
770,2000-01-01 13:22:39,instance-3e156c8e-12f3-4752-8bd7-635a1225b974-resizable,layoutboard.node.resizable.resized,"{'nodeId': 'instance-3e156c8e-12f3-4752-8bd7-635a1225b974-resizable', 'prevSize': {'width': 50, 'height': 50}, 'newSize': {'width': 145, 'height': 258}, 'delta': {'width': 95, 'height': 208}, 'linkedSizeNodeIds': [], 'session_id': '60574dc3-f482-4ae5-a84f-c8056856e65a', 'user_id': 'P4'}",4
771,2000-01-01 13:22:41,instance-3e156c8e-12f3-4752-8bd7-635a1225b974,layout.node.moved,"{'nodeId': 'instance-3e156c8e-12f3-4752-8bd7-635a1225b974', 'newPos': {'x': 19, 'y': 232}, 'session_id': '60574dc3-f482-4ae5-a84f-c8056856e65a', 'user_id': 'P4'}",4
772,2000-01-01 13:23:08,instance-4bde5f26-3abb-4732-9506-b5eac8cbe69e,instance.save,"{'instance_id': 'instance-4bde5f26-3abb-4732-9506-b5eac8cbe69e', 'session_id': '60574dc3-f482-4ae5-a84f-c8056856e65a', 'user_id': 'P4'}",4
773,2000-01-01 13:23:13,instance-4bde5f26-3abb-4732-9506-b5eac8cbe69e,instance.updated,"{'instance_id': 'instance-4bde5f26-3abb-4732-9506-b5eac8cbe69e', 'instance_label': 'bunny', 'text_changed': True, 'graph_changed': False, 'session_id': '60574dc3-f482-4ae5-a84f-c8056856e65a', 'user_id': 'P4'}",4
774,2000-01-01 13:23:15,instance-3e156c8e-12f3-4752-8bd7-635a1225b974,instance.save,"{'instance_id': 'instance-3e156c8e-12f3-4752-8bd7-635a1225b974', 'session_id': '60574dc3-f482-4ae5-a84f-c8056856e65a', 'user_id': 'P4'}",4
775,2000-01-01 13:23:18,instance-3e156c8e-12f3-4752-8bd7-635a1225b974,instance.updated,"{'instance_id': 'instance-3e156c8e-12f3-4752-8bd7-635a1225b974', 'instance_label': 'bunny', 'text_changed': True, 'graph_changed': False, 'session_id': '60574dc3-f482-4ae5-a84f-c8056856e65a', 'user_id': 'P4'}",4
776,2000-01-01 13:23:50,instance-7d3e7ac0-4d90-4885-8dba-40e51d210058,instance.save,"{'instance_id': 'instance-7d3e7ac0-4d90-4885-8dba-40e51d210058', 'session_id': '60574dc3-f482-4ae5-a84f-c8056856e65a', 'user_id': 'P4'}",4
777,2000-01-01 13:23:56,instance-7d3e7ac0-4d90-4885-8dba-40e51d210058,instance.updated,"{'instance_id': 'instance-7d3e7ac0-4d90-4885-8dba-40e51d210058', 'instance_label': 'bunny', 'text_changed': True, 'graph_changed': False, 'session_id': '60574dc3-f482-4ae5-a84f-c8056856e65a', 'user_id': 'P4'}",4
778,2000-01-01 13:24:09,instance-7d3e7ac0-4d90-4885-8dba-40e51d210058,instance.save,"{'instance_id': 'instance-7d3e7ac0-4d90-4885-8dba-40e51d210058', 'session_id': '60574dc3-f482-4ae5-a84f-c8056856e65a', 'user_id': 'P4'}",4
779,2000-01-01 13:24:19,instance-7d3e7ac0-4d90-4885-8dba-40e51d210058,instance.save,"{'instance_id': 'instance-7d3e7ac0-4d90-4885-8dba-40e51d210058', 'session_id': '60574dc3-f482-4ae5-a84f-c8056856e65a', 'user_id': 'P4'}",4
780,2000-01-01 13:24:23,instance-7d3e7ac0-4d90-4885-8dba-40e51d210058,instance.updated,"{'instance_id': 'instance-7d3e7ac0-4d90-4885-8dba-40e51d210058', 'instance_label': 'bunny', 'text_changed': False, 'graph_changed': True, 'session_id': '60574dc3-f482-4ae5-a84f-c8056856e65a', 'user_id': 'P4'}",4
781,2000-01-01 13:24:33,instance-7d3e7ac0-4d90-4885-8dba-40e51d210058,instance.save,"{'instance_id': 'instance-7d3e7ac0-4d90-4885-8dba-40e51d210058', 'session_id': '60574dc3-f482-4ae5-a84f-c8056856e65a', 'user_id': 'P4'}",4
782,2000-01-01 13:24:37,instance-7d3e7ac0-4d90-4885-8dba-40e51d210058,instance.updated,"{'instance_id': 'instance-7d3e7ac0-4d90-4885-8dba-40e51d210058', 'instance_label': 'bunny', 'text_changed': True, 'graph_changed': False, 'session_id': '60574dc3-f482-4ae5-a84f-c8056856e65a', 'user_id': 'P4'}",4
783,2000-01-01 13:24:53,instance-7d3e7ac0-4d90-4885-8dba-40e51d210058,layout.node.moved,"{'nodeId': 'instance-7d3e7ac0-4d90-4885-8dba-40e51d210058', 'newPos': {'x': 120.57500076293945, 'y': 145.19999885559082}, 'session_id': '60574dc3-f482-4ae5-a84f-c8056856e65a', 'user_id': 'P4'}",4
784,2000-01-01 13:24:57,instance-a61c45e3-e19d-486b-a597-b5ed896d25b8-resizable,layout.node.moved,"{'nodeId': 'instance-a61c45e3-e19d-486b-a597-b5ed896d25b8-resizable', 'newPos': {'x': -122, 'y': 54}, 'session_id': '60574dc3-f482-4ae5-a84f-c8056856e65a', 'user_id': 'P4'}",4
785,2000-01-01 13:25:00,instance-a61c45e3-e19d-486b-a597-b5ed896d25b8-resizable,layout.node.moved,"{'nodeId': 'instance-a61c45e3-e19d-486b-a597-b5ed896d25b8-resizable', 'newPos': {'x': -122, 'y': 54}, 'session_id': '60574dc3-f482-4ae5-a84f-c8056856e65a', 'user_id': 'P4'}",4
786,2000-01-01 13:25:05,instance-a61c45e3-e19d-486b-a597-b5ed896d25b8,layout.node.moved,"{'nodeId': 'instance-a61c45e3-e19d-486b-a597-b5ed896d25b8', 'newPos': {'x': 185, 'y': 80}, 'session_id': '60574dc3-f482-4ae5-a84f-c8056856e65a', 'user_id': 'P4'}",4
787,2000-01-01 13:25:18,instance-a61c45e3-e19d-486b-a597-b5ed896d25b8,layout.node.moved,"{'nodeId': 'instance-a61c45e3-e19d-486b-a597-b5ed896d25b8', 'newPos': {'x': 5, 'y': 58}, 'session_id': '60574dc3-f482-4ae5-a84f-c8056856e65a', 'user_id': 'P4'}",4
788,2000-01-01 13:25:22,instance-7d3e7ac0-4d90-4885-8dba-40e51d210058,instance.save,"{'instance_id': 'instance-7d3e7ac0-4d90-4885-8dba-40e51d210058', 'session_id': '60574dc3-f482-4ae5-a84f-c8056856e65a', 'user_id': 'P4'}",4
789,2000-01-01 13:25:22,instance-7d3e7ac0-4d90-4885-8dba-40e51d210058,instance.updated,"{'instance_id': 'instance-7d3e7ac0-4d90-4885-8dba-40e51d210058', 'instance_label': 'bunny', 'text_changed': False, 'graph_changed': True, 'session_id': '60574dc3-f482-4ae5-a84f-c8056856e65a', 'user_id': 'P4'}",4
790,2000-01-01 13:25:26,instance-a61c45e3-e19d-486b-a597-b5ed896d25b8-resizable,layout.node.moved,"{'nodeId': 'instance-a61c45e3-e19d-486b-a597-b5ed896d25b8-resizable', 'newPos': {'x': -122, 'y': 54}, 'session_id': '60574dc3-f482-4ae5-a84f-c8056856e65a', 'user_id': 'P4'}",4
791,2000-01-01 13:25:30,instance-a61c45e3-e19d-486b-a597-b5ed896d25b8-resizable,layout.node.moved,"{'nodeId': 'instance-a61c45e3-e19d-486b-a597-b5ed896d25b8-resizable', 'newPos': {'x': -122, 'y': 54}, 'session_id': '60574dc3-f482-4ae5-a84f-c8056856e65a', 'user_id': 'P4'}",4
792,2000-01-01 13:25:34,instance-a61c45e3-e19d-486b-a597-b5ed896d25b8-resizable,layoutboard.node.resizable.resized,"{'nodeId': 'instance-a61c45e3-e19d-486b-a597-b5ed896d25b8-resizable', 'prevSize': {'width': 504, 'height': 367}, 'newSize': {'width': 532, 'height': 306}, 'delta': {'width': 28, 'height': -61}, 'linkedSizeNodeIds': [], 'session_id': '60574dc3-f482-4ae5-a84f-c8056856e65a', 'user_id': 'P4'}",4
793,2000-01-01 13:25:36,instance-a61c45e3-e19d-486b-a597-b5ed896d25b8-resizable,layout.node.moved,"{'nodeId': 'instance-a61c45e3-e19d-486b-a597-b5ed896d25b8-resizable', 'newPos': {'x': -20, 'y': 67}, 'session_id': '60574dc3-f482-4ae5-a84f-c8056856e65a', 'user_id': 'P4'}",4
794,2000-01-01 13:25:38,instance-a61c45e3-e19d-486b-a597-b5ed896d25b8-resizable,layout.node.moved,"{'nodeId': 'instance-a61c45e3-e19d-486b-a597-b5ed896d25b8-resizable', 'newPos': {'x': -20, 'y': 95}, 'session_id': '60574dc3-f482-4ae5-a84f-c8056856e65a', 'user_id': 'P4'}",4
795,2000-01-01 13:25:41,instance-a61c45e3-e19d-486b-a597-b5ed896d25b8-resizable,layoutboard.node.resizable.resized,"{'nodeId': 'instance-a61c45e3-e19d-486b-a597-b5ed896d25b8-resizable', 'prevSize': {'width': 504, 'height': 367}, 'newSize': {'width': 430, 'height': 306}, 'delta': {'width': -74, 'height': -61}, 'linkedSizeNodeIds': [], 'session_id': '60574dc3-f482-4ae5-a84f-c8056856e65a', 'user_id': 'P4'}",4
796,2000-01-01 13:25:43,instance-a61c45e3-e19d-486b-a597-b5ed896d25b8-resizable,layout.node.moved,"{'nodeId': 'instance-a61c45e3-e19d-486b-a597-b5ed896d25b8-resizable', 'newPos': {'x': 5, 'y': 62}, 'session_id': '60574dc3-f482-4ae5-a84f-c8056856e65a', 'user_id': 'P4'}",4
797,2000-01-01 13:25:46,instance-a61c45e3-e19d-486b-a597-b5ed896d25b8-resizable,layoutboard.node.resizable.resized,"{'nodeId': 'instance-a61c45e3-e19d-486b-a597-b5ed896d25b8-resizable', 'prevSize': {'width': 504, 'height': 367}, 'newSize': {'width': 220, 'height': 425}, 'delta': {'width': -284, 'height': 58}, 'linkedSizeNodeIds': [], 'session_id': '60574dc3-f482-4ae5-a84f-c8056856e65a', 'user_id': 'P4'}",4
798,2000-01-01 13:25:49,instance-7d3e7ac0-4d90-4885-8dba-40e51d210058,layout.node.moved,"{'nodeId': 'instance-7d3e7ac0-4d90-4885-8dba-40e51d210058', 'newPos': {'x': 120.57500076293945, 'y': 209.19999885559082}, 'session_id': '60574dc3-f482-4ae5-a84f-c8056856e65a', 'user_id': 'P4'}",4
799,2000-01-01 13:25:56,instance-a61c45e3-e19d-486b-a597-b5ed896d25b8-resizable,layoutboard.node.resizable.resized,"{'nodeId': 'instance-a61c45e3-e19d-486b-a597-b5ed896d25b8-resizable', 'prevSize': {'width': 504, 'height': 367}, 'newSize': {'width': 506, 'height': 425}, 'delta': {'width': 2, 'height': 58}, 'linkedSizeNodeIds': [], 'session_id': '60574dc3-f482-4ae5-a84f-c8056856e65a', 'user_id': 'P4'}",4
800,2000-01-01 13:26:42,,api.generate_image.succeeded,"{'global_caption': 'a scene featuring a real-life bunny wearing a blue jacket, running vigorously while looking up at something unknown, with tears in its eyes, set against a real-life green forest with many trees swaying towards one side and leaves flying in the air, under a blue sky; along with a crying bunny wearing a slightly torn, dirt-covered yellow shirt, running vigorously, and a crying bunny wearing a slightly torn, yellow dress covered in dirt, also running vigorously, while tears fall down from the bunnies.', 'region_count': 6, 'has_image': True, 'detected_objects_count': 4, 'image_path': 'output/P4/2025-08-25_13-26-41/image.png', 'image_with_layout_path': 'output/P4/2025-08-25_13-26-41/image_with_layout.png', 'timestamp_dir': 'output/P4/2025-08-25_13-26-41', 'session_id': '60574dc3-f482-4ae5-a84f-c8056856e65a', 'user_id': 'P4'}",4
801,2000-01-01 13:27:05,instance-3e156c8e-12f3-4752-8bd7-635a1225b974,instance.save,"{'instance_id': 'instance-3e156c8e-12f3-4752-8bd7-635a1225b974', 'session_id': '60574dc3-f482-4ae5-a84f-c8056856e65a', 'user_id': 'P4'}",4
802,2000-01-01 13:27:07,instance-3e156c8e-12f3-4752-8bd7-635a1225b974,instance.updated,"{'instance_id': 'instance-3e156c8e-12f3-4752-8bd7-635a1225b974', 'instance_label': 'bunny', 'text_changed': True, 'graph_changed': False, 'session_id': '60574dc3-f482-4ae5-a84f-c8056856e65a', 'user_id': 'P4'}",4
803,2000-01-01 13:27:22,instance-3e156c8e-12f3-4752-8bd7-635a1225b974,layout.node.moved,"{'nodeId': 'instance-3e156c8e-12f3-4752-8bd7-635a1225b974', 'newPos': {'x': 0, 'y': 269}, 'session_id': '60574dc3-f482-4ae5-a84f-c8056856e65a', 'user_id': 'P4'}",4
804,2000-01-01 13:27:25,instance-a61c45e3-e19d-486b-a597-b5ed896d25b8-resizable,layout.node.moved,"{'nodeId': 'instance-a61c45e3-e19d-486b-a597-b5ed896d25b8-resizable', 'newPos': {'x': 0, 'y': 64}, 'session_id': '60574dc3-f482-4ae5-a84f-c8056856e65a', 'user_id': 'P4'}",4
805,2000-01-01 13:27:52,instance-a61c45e3-e19d-486b-a597-b5ed896d25b8-resizable,layoutboard.node.resizable.resized,"{'nodeId': 'instance-a61c45e3-e19d-486b-a597-b5ed896d25b8-resizable', 'prevSize': {'width': 504, 'height': 367}, 'newSize': {'width': 506, 'height': 439}, 'delta': {'width': 2, 'height': 72}, 'linkedSizeNodeIds': [], 'session_id': '60574dc3-f482-4ae5-a84f-c8056856e65a', 'user_id': 'P4'}",4
806,2000-01-01 13:27:58,,api.generate_image.succeeded,"{'global_caption': 'a scene featuring a real-life bunny wearing a blue jacket, running vigorously while looking up at something unknown, with tears in its eyes, set against a real-life green forest with many trees swaying towards one side and leaves flying in the air, under a blue sky; along with a crying bunny wearing a slightly torn, dirt-covered green shirt, running vigorously, and a crying bunny wearing a slightly torn, yellow dress covered in dirt, also running vigorously, while tears fall down from the bunnies.', 'region_count': 6, 'has_image': True, 'detected_objects_count': 4, 'image_path': 'output/P4/2025-08-25_13-27-57/image.png', 'image_with_layout_path': 'output/P4/2025-08-25_13-27-57/image_with_layout.png', 'timestamp_dir': 'output/P4/2025-08-25_13-27-57', 'session_id': '60574dc3-f482-4ae5-a84f-c8056856e65a', 'user_id': 'P4'}",4
807,2000-01-01 13:28:47,instance-4bde5f26-3abb-4732-9506-b5eac8cbe69e,instance.save,"{'instance_id': 'instance-4bde5f26-3abb-4732-9506-b5eac8cbe69e', 'session_id': '60574dc3-f482-4ae5-a84f-c8056856e65a', 'user_id': 'P4'}",4
808,2000-01-01 13:28:54,instance-4bde5f26-3abb-4732-9506-b5eac8cbe69e,instance.updated,"{'instance_id': 'instance-4bde5f26-3abb-4732-9506-b5eac8cbe69e', 'instance_label': 'bunny', 'text_changed': True, 'graph_changed': False, 'session_id': '60574dc3-f482-4ae5-a84f-c8056856e65a', 'user_id': 'P4'}",4
809,2000-01-01 13:28:56,instance-3e156c8e-12f3-4752-8bd7-635a1225b974,instance.save,"{'instance_id': 'instance-3e156c8e-12f3-4752-8bd7-635a1225b974', 'session_id': '60574dc3-f482-4ae5-a84f-c8056856e65a', 'user_id': 'P4'}",4
810,2000-01-01 13:28:59,instance-3e156c8e-12f3-4752-8bd7-635a1225b974,instance.updated,"{'instance_id': 'instance-3e156c8e-12f3-4752-8bd7-635a1225b974', 'instance_label': 'bunny', 'text_changed': True, 'graph_changed': False, 'session_id': '60574dc3-f482-4ae5-a84f-c8056856e65a', 'user_id': 'P4'}",4
811,2000-01-01 13:29:21,instance-7d3e7ac0-4d90-4885-8dba-40e51d210058,instance.save,"{'instance_id': 'instance-7d3e7ac0-4d90-4885-8dba-40e51d210058', 'session_id': '60574dc3-f482-4ae5-a84f-c8056856e65a', 'user_id': 'P4'}",4
812,2000-01-01 13:29:24,instance-7d3e7ac0-4d90-4885-8dba-40e51d210058,instance.updated,"{'instance_id': 'instance-7d3e7ac0-4d90-4885-8dba-40e51d210058', 'instance_label': 'bunny', 'text_changed': True, 'graph_changed': False, 'session_id': '60574dc3-f482-4ae5-a84f-c8056856e65a', 'user_id': 'P4'}",4
813,2000-01-01 13:29:58,instance-7d3e7ac0-4d90-4885-8dba-40e51d210058,instance.save,"{'instance_id': 'instance-7d3e7ac0-4d90-4885-8dba-40e51d210058', 'session_id': '60574dc3-f482-4ae5-a84f-c8056856e65a', 'user_id': 'P4'}",4
814,2000-01-01 13:30:14,instance-7d3e7ac0-4d90-4885-8dba-40e51d210058,instance.save,"{'instance_id': 'instance-7d3e7ac0-4d90-4885-8dba-40e51d210058', 'session_id': '60574dc3-f482-4ae5-a84f-c8056856e65a', 'user_id': 'P4'}",4
815,2000-01-01 13:30:18,instance-7d3e7ac0-4d90-4885-8dba-40e51d210058,instance.updated,"{'instance_id': 'instance-7d3e7ac0-4d90-4885-8dba-40e51d210058', 'instance_label': 'bunny', 'text_changed': True, 'graph_changed': False, 'session_id': '60574dc3-f482-4ae5-a84f-c8056856e65a', 'user_id': 'P4'}",4
816,2000-01-01 13:30:47,,api.generate_image.succeeded,"{'global_caption': 'a scene featuring a real-life bunny that is crying and exhausted, wearing a blue jacket and running vigorously while looking up at something unknown, with tears in its eyes, set against a real-life green forest with many trees swaying towards one side and leaves flying in the air, under a blue sky; along with a crying and exhausted bunny wearing a slightly torn, dirt-covered green shirt, running vigorously, and a crying and exhausted bunny wearing a slightly torn, yellow dress covered in dirt, also running vigorously, while tears fall down from the bunnies.', 'region_count': 6, 'has_image': True, 'detected_objects_count': 4, 'image_path': 'output/P4/2025-08-25_13-30-47/image.png', 'image_with_layout_path': 'output/P4/2025-08-25_13-30-47/image_with_layout.png', 'timestamp_dir': 'output/P4/2025-08-25_13-30-47', 'session_id': '60574dc3-f482-4ae5-a84f-c8056856e65a', 'user_id': 'P4'}",4
817,2000-01-01 13:31:00,,scene_saved,"{'slotNumber': 4, 'instanceCount': 6, 'nodeCount': 12, 'edgeCount': 9, 'session_id': '60574dc3-f482-4ae5-a84f-c8056856e65a', 'user_id': 'P4'}",4
818,2000-01-01 00:01:41,,layout_board.new_box_positioned,"{'position': {'x': 66.671875, 'y': 537}, 'screen_position': {'x': 126, 'y': 580}, 'board_type': 'advanced', 'session_id': 'c8a11a37-2a2a-4691-84d9-7d4c35c7cc61', 'user_id': 'P5'}",5
819,2000-01-01 00:02:04,,layout_board.new_box_positioned,"{'position': {'x': 171.671875, 'y': 187}, 'screen_position': {'x': 231, 'y': 230}, 'board_type': 'advanced', 'session_id': 'c8a11a37-2a2a-4691-84d9-7d4c35c7cc61', 'user_id': 'P5'}",5
820,2000-01-01 00:02:21,instance-c47ff8c9-12d2-4110-b771-9ea8f25c7e26,instance.deleted,"{'instance_id': 'instance-c47ff8c9-12d2-4110-b771-9ea8f25c7e26', 'instance_label': 'Processing...', 'is_from_class': False, 'class_id': None, 'session_id': 'c8a11a37-2a2a-4691-84d9-7d4c35c7cc61', 'user_id': 'P5'}",5
821,2000-01-01 00:02:24,instance-837d9423-a5a2-4bc1-8da2-6f0f75c74db7,instance.deleted,"{'instance_id': 'instance-837d9423-a5a2-4bc1-8da2-6f0f75c74db7', 'instance_label': 'rabbit', 'is_from_class': False, 'class_id': None, 'session_id': 'c8a11a37-2a2a-4691-84d9-7d4c35c7cc61', 'user_id': 'P5'}",5
822,2000-01-01 00:02:26,,layout_board.new_box_positioned,"{'position': {'x': 116.671875, 'y': 107}, 'screen_position': {'x': 176, 'y': 150}, 'board_type': 'advanced', 'session_id': 'c8a11a37-2a2a-4691-84d9-7d4c35c7cc61', 'user_id': 'P5'}",5
823,2000-01-01 00:02:41,instance-edbd3103-cac2-4580-84fc-14fac7d09d76-resizable,layoutboard.node.resizable.resized,"{'nodeId': 'instance-edbd3103-cac2-4580-84fc-14fac7d09d76-resizable', 'prevSize': {'width': 50, 'height': 50}, 'newSize': {'width': 182, 'height': 220}, 'delta': {'width': 132, 'height': 170}, 'linkedSizeNodeIds': [], 'session_id': 'c8a11a37-2a2a-4691-84d9-7d4c35c7cc61', 'user_id': 'P5'}",5
824,2000-01-01 00:02:43,instance-edbd3103-cac2-4580-84fc-14fac7d09d76-resizable,layout.node.moved,"{'nodeId': 'instance-edbd3103-cac2-4580-84fc-14fac7d09d76-resizable', 'newPos': {'x': 129.671875, 'y': 139}, 'session_id': 'c8a11a37-2a2a-4691-84d9-7d4c35c7cc61', 'user_id': 'P5'}",5
825,2000-01-01 00:03:02,instance-edbd3103-cac2-4580-84fc-14fac7d09d76,instance.save,"{'instance_id': 'instance-edbd3103-cac2-4580-84fc-14fac7d09d76', 'session_id': 'c8a11a37-2a2a-4691-84d9-7d4c35c7cc61', 'user_id': 'P5'}",5
826,2000-01-01 00:03:07,instance-edbd3103-cac2-4580-84fc-14fac7d09d76,instance.updated,"{'instance_id': 'instance-edbd3103-cac2-4580-84fc-14fac7d09d76', 'instance_label': 'rabbit', 'text_changed': True, 'graph_changed': False, 'session_id': 'c8a11a37-2a2a-4691-84d9-7d4c35c7cc61', 'user_id': 'P5'}",5
827,2000-01-01 00:03:22,,api.generate_image.succeeded,"{'global_caption': 'a scene featuring a white rabbit wearing a blue jacket holding a red balloon', 'region_count': 1, 'has_image': True, 'detected_objects_count': 0, 'image_path': 'output/P5/2025-08-30_00-03-21/image.png', 'image_with_layout_path': 'output/P5/2025-08-30_00-03-21/image_with_layout.png', 'timestamp_dir': 'output/P5/2025-08-30_00-03-21', 'session_id': 'c8a11a37-2a2a-4691-84d9-7d4c35c7cc61', 'user_id': 'P5'}",5
828,2000-01-01 00:04:03,,api.generate_image.succeeded,"{'global_caption': 'a scene featuring a white rabbit wearing a blue jacket holding a red balloon in the forest', 'region_count': 1, 'has_image': True, 'detected_objects_count': 0, 'image_path': 'output/P5/2025-08-30_00-04-02/image.png', 'image_with_layout_path': 'output/P5/2025-08-30_00-04-02/image_with_layout.png', 'timestamp_dir': 'output/P5/2025-08-30_00-04-02', 'session_id': 'c8a11a37-2a2a-4691-84d9-7d4c35c7cc61', 'user_id': 'P5'}",5
829,2000-01-01 00:04:17,,scene_saved,"{'slotNumber': 1, 'instanceCount': 1, 'nodeCount': 2, 'edgeCount': 0, 'session_id': 'c8a11a37-2a2a-4691-84d9-7d4c35c7cc61', 'user_id': 'P5'}",5
830,2000-01-01 00:04:27,,scene_saved,"{'slotNumber': 1, 'instanceCount': 1, 'nodeCount': 2, 'edgeCount': 0, 'session_id': 'c8a11a37-2a2a-4691-84d9-7d4c35c7cc61', 'user_id': 'P5'}",5
831,2000-01-01 00:04:33,,scene_saved,"{'slotNumber': 2, 'instanceCount': 1, 'nodeCount': 2, 'edgeCount': 0, 'session_id': 'c8a11a37-2a2a-4691-84d9-7d4c35c7cc61', 'user_id': 'P5'}",5
832,2000-01-01 00:04:34,,scene_saved,"{'slotNumber': 2, 'instanceCount': 1, 'nodeCount': 2, 'edgeCount': 0, 'session_id': 'c8a11a37-2a2a-4691-84d9-7d4c35c7cc61', 'user_id': 'P5'}",5
833,2000-01-01 00:05:13,instance-edbd3103-cac2-4580-84fc-14fac7d09d76,instance.deleted,"{'instance_id': 'instance-edbd3103-cac2-4580-84fc-14fac7d09d76', 'instance_label': 'rabbit', 'is_from_class': False, 'class_id': None, 'session_id': 'c8a11a37-2a2a-4691-84d9-7d4c35c7cc61', 'user_id': 'P5'}",5
834,2000-01-01 00:05:19,,layout_board.new_box_positioned,"{'position': {'x': 175.671875, 'y': 215}, 'screen_position': {'x': 235, 'y': 258}, 'board_type': 'advanced', 'session_id': 'c8a11a37-2a2a-4691-84d9-7d4c35c7cc61', 'user_id': 'P5'}",5
835,2000-01-01 00:05:43,instance-b3ff8f32-a1d6-44e2-bc26-cb8607b96358,instance.save,"{'instance_id': 'instance-b3ff8f32-a1d6-44e2-bc26-cb8607b96358', 'session_id': 'c8a11a37-2a2a-4691-84d9-7d4c35c7cc61', 'user_id': 'P5'}",5
836,2000-01-01 00:05:46,instance-b3ff8f32-a1d6-44e2-bc26-cb8607b96358,instance.updated,"{'instance_id': 'instance-b3ff8f32-a1d6-44e2-bc26-cb8607b96358', 'instance_label': 'rabbit', 'text_changed': True, 'graph_changed': False, 'session_id': 'c8a11a37-2a2a-4691-84d9-7d4c35c7cc61', 'user_id': 'P5'}",5
837,2000-01-01 00:05:55,instance-b3ff8f32-a1d6-44e2-bc26-cb8607b96358,instance.save,"{'instance_id': 'instance-b3ff8f32-a1d6-44e2-bc26-cb8607b96358', 'session_id': 'c8a11a37-2a2a-4691-84d9-7d4c35c7cc61', 'user_id': 'P5'}",5
838,2000-01-01 00:05:58,instance-b3ff8f32-a1d6-44e2-bc26-cb8607b96358,instance.updated,"{'instance_id': 'instance-b3ff8f32-a1d6-44e2-bc26-cb8607b96358', 'instance_label': 'rabbit', 'text_changed': True, 'graph_changed': False, 'session_id': 'c8a11a37-2a2a-4691-84d9-7d4c35c7cc61', 'user_id': 'P5'}",5
839,2000-01-01 00:06:01,instance-b3ff8f32-a1d6-44e2-bc26-cb8607b96358-resizable,layoutboard.node.resizable.resized,"{'nodeId': 'instance-b3ff8f32-a1d6-44e2-bc26-cb8607b96358-resizable', 'prevSize': {'width': 50, 'height': 50}, 'newSize': {'width': 128, 'height': 149}, 'delta': {'width': 78, 'height': 99}, 'linkedSizeNodeIds': [], 'session_id': 'c8a11a37-2a2a-4691-84d9-7d4c35c7cc61', 'user_id': 'P5'}",5
840,2000-01-01 00:06:02,instance-b3ff8f32-a1d6-44e2-bc26-cb8607b96358-resizable,layout.node.moved,"{'nodeId': 'instance-b3ff8f32-a1d6-44e2-bc26-cb8607b96358-resizable', 'newPos': {'x': 170.671875, 'y': 157}, 'session_id': 'c8a11a37-2a2a-4691-84d9-7d4c35c7cc61', 'user_id': 'P5'}",5
841,2000-01-01 00:06:04,instance-b3ff8f32-a1d6-44e2-bc26-cb8607b96358-resizable,layoutboard.node.resizable.resized,"{'nodeId': 'instance-b3ff8f32-a1d6-44e2-bc26-cb8607b96358-resizable', 'prevSize': {'width': 50, 'height': 50}, 'newSize': {'width': 118, 'height': 156}, 'delta': {'width': 68, 'height': 106}, 'linkedSizeNodeIds': [], 'session_id': 'c8a11a37-2a2a-4691-84d9-7d4c35c7cc61', 'user_id': 'P5'}",5
842,2000-01-01 00:06:06,instance-b3ff8f32-a1d6-44e2-bc26-cb8607b96358-resizable,layout.node.moved,"{'nodeId': 'instance-b3ff8f32-a1d6-44e2-bc26-cb8607b96358-resizable', 'newPos': {'x': 126.671875, 'y': 194}, 'session_id': 'c8a11a37-2a2a-4691-84d9-7d4c35c7cc61', 'user_id': 'P5'}",5
843,2000-01-01 00:06:12,class-8267a52d-5b60-4f16-abd3-e57662c661e8,class.created,"{'class_id': 'class-8267a52d-5b60-4f16-abd3-e57662c661e8', 'class_name': 'rabbit Class', 'placeholder_count': 2, 'created_from': 'rabbit', 'session_id': 'c8a11a37-2a2a-4691-84d9-7d4c35c7cc61', 'user_id': 'P5'}",5
844,2000-01-01 00:06:32,instance-22c981cd-8c2b-408d-bda2-1c9405ff58ea,instance.created_from_class,"{'instance_id': 'instance-22c981cd-8c2b-408d-bda2-1c9405ff58ea', 'class_id': 'class-8267a52d-5b60-4f16-abd3-e57662c661e8', 'instance_label': 'Rabbit', 'has_text_description': True, 'session_id': 'c8a11a37-2a2a-4691-84d9-7d4c35c7cc61', 'user_id': 'P5'}",5
845,2000-01-01 00:06:37,instance-22c981cd-8c2b-408d-bda2-1c9405ff58ea-resizable,layoutboard.node.resizable.resized,"{'nodeId': 'instance-22c981cd-8c2b-408d-bda2-1c9405ff58ea-resizable', 'prevSize': {'width': 50, 'height': 50}, 'newSize': {'width': 79, 'height': 96}, 'delta': {'width': 29, 'height': 46}, 'linkedSizeNodeIds': [], 'session_id': 'c8a11a37-2a2a-4691-84d9-7d4c35c7cc61', 'user_id': 'P5'}",5
846,2000-01-01 00:06:39,instance-22c981cd-8c2b-408d-bda2-1c9405ff58ea-resizable,layout.node.moved,"{'nodeId': 'instance-22c981cd-8c2b-408d-bda2-1c9405ff58ea-resizable', 'newPos': {'x': 256, 'y': 249}, 'session_id': 'c8a11a37-2a2a-4691-84d9-7d4c35c7cc61', 'user_id': 'P5'}",5
847,2000-01-01 00:06:40,instance-22c981cd-8c2b-408d-bda2-1c9405ff58ea-resizable,layoutboard.node.resizable.resized,"{'nodeId': 'instance-22c981cd-8c2b-408d-bda2-1c9405ff58ea-resizable', 'prevSize': {'width': 50, 'height': 50}, 'newSize': {'width': 97, 'height': 128}, 'delta': {'width': 47, 'height': 78}, 'linkedSizeNodeIds': [], 'session_id': 'c8a11a37-2a2a-4691-84d9-7d4c35c7cc61', 'user_id': 'P5'}",5
848,2000-01-01 00:06:41,instance-22c981cd-8c2b-408d-bda2-1c9405ff58ea-resizable,layout.node.moved,"{'nodeId': 'instance-22c981cd-8c2b-408d-bda2-1c9405ff58ea-resizable', 'newPos': {'x': 268, 'y': 212}, 'session_id': 'c8a11a37-2a2a-4691-84d9-7d4c35c7cc61', 'user_id': 'P5'}",5
849,2000-01-01 00:06:45,instance-b3ff8f32-a1d6-44e2-bc26-cb8607b96358-resizable,layoutboard.node.resizable.resized,"{'nodeId': 'instance-b3ff8f32-a1d6-44e2-bc26-cb8607b96358-resizable', 'prevSize': {'width': 50, 'height': 50}, 'newSize': {'width': 118, 'height': 187}, 'delta': {'width': 68, 'height': 137}, 'linkedSizeNodeIds': [], 'session_id': 'c8a11a37-2a2a-4691-84d9-7d4c35c7cc61', 'user_id': 'P5'}",5
850,2000-01-01 00:06:47,instance-22c981cd-8c2b-408d-bda2-1c9405ff58ea-resizable,layoutboard.node.resizable.resized,"{'nodeId': 'instance-22c981cd-8c2b-408d-bda2-1c9405ff58ea-resizable', 'prevSize': {'width': 50, 'height': 50}, 'newSize': {'width': 98, 'height': 141}, 'delta': {'width': 48, 'height': 91}, 'linkedSizeNodeIds': [], 'session_id': 'c8a11a37-2a2a-4691-84d9-7d4c35c7cc61', 'user_id': 'P5'}",5
851,2000-01-01 00:06:49,instance-22c981cd-8c2b-408d-bda2-1c9405ff58ea-resizable,layout.node.moved,"{'nodeId': 'instance-22c981cd-8c2b-408d-bda2-1c9405ff58ea-resizable', 'newPos': {'x': 262, 'y': 206}, 'session_id': 'c8a11a37-2a2a-4691-84d9-7d4c35c7cc61', 'user_id': 'P5'}",5
852,2000-01-01 00:07:30,class-8267a52d-5b60-4f16-abd3-e57662c661e8,class.updated,"{'class_id': 'class-8267a52d-5b60-4f16-abd3-e57662c661e8', 'class_name': 'rabbit Class', 'placeholder_count': 3, 'object_count': 3, 'session_id': 'c8a11a37-2a2a-4691-84d9-7d4c35c7cc61', 'user_id': 'P5'}",5
853,2000-01-01 00:07:37,instance-fbda95aa-4fc1-4fbf-98ab-daff0a0ff624,instance.created_from_class,"{'instance_id': 'instance-fbda95aa-4fc1-4fbf-98ab-daff0a0ff624', 'class_id': 'class-8267a52d-5b60-4f16-abd3-e57662c661e8', 'instance_label': 'Rabbit', 'has_text_description': True, 'session_id': 'c8a11a37-2a2a-4691-84d9-7d4c35c7cc61', 'user_id': 'P5'}",5
854,2000-01-01 00:07:49,instance-fbda95aa-4fc1-4fbf-98ab-daff0a0ff624,instance.deleted,"{'instance_id': 'instance-fbda95aa-4fc1-4fbf-98ab-daff0a0ff624', 'instance_label': 'Rabbit', 'is_from_class': True, 'class_id': 'class-8267a52d-5b60-4f16-abd3-e57662c661e8', 'session_id': 'c8a11a37-2a2a-4691-84d9-7d4c35c7cc61', 'user_id': 'P5'}",5
855,2000-01-01 00:08:02,instance-86201c3e-8414-46e1-bea4-35f65219300f,instance.created_from_class,"{'instance_id': 'instance-86201c3e-8414-46e1-bea4-35f65219300f', 'class_id': 'class-8267a52d-5b60-4f16-abd3-e57662c661e8', 'instance_label': 'Rabbit', 'has_text_description': True, 'session_id': 'c8a11a37-2a2a-4691-84d9-7d4c35c7cc61', 'user_id': 'P5'}",5
856,2000-01-01 00:08:08,instance-dbc6d96b-af6c-4ded-8885-a036aa71e950,instance.created_from_class,"{'instance_id': 'instance-dbc6d96b-af6c-4ded-8885-a036aa71e950', 'class_id': 'class-8267a52d-5b60-4f16-abd3-e57662c661e8', 'instance_label': 'Rabbit', 'has_text_description': True, 'session_id': 'c8a11a37-2a2a-4691-84d9-7d4c35c7cc61', 'user_id': 'P5'}",5
857,2000-01-01 00:08:12,instance-c268e2a5-e7e0-44c4-8c33-ed6db2a7ed0a,instance.created_from_class,"{'instance_id': 'instance-c268e2a5-e7e0-44c4-8c33-ed6db2a7ed0a', 'class_id': 'class-8267a52d-5b60-4f16-abd3-e57662c661e8', 'instance_label': 'Rabbit', 'has_text_description': True, 'session_id': 'c8a11a37-2a2a-4691-84d9-7d4c35c7cc61', 'user_id': 'P5'}",5
858,2000-01-01 00:08:15,instance-1d788a22-c6f7-4da2-9d0a-7484f3c34c60,instance.created_from_class,"{'instance_id': 'instance-1d788a22-c6f7-4da2-9d0a-7484f3c34c60', 'class_id': 'class-8267a52d-5b60-4f16-abd3-e57662c661e8', 'instance_label': 'Rabbit', 'has_text_description': True, 'session_id': 'c8a11a37-2a2a-4691-84d9-7d4c35c7cc61', 'user_id': 'P5'}",5
859,2000-01-01 00:08:20,instance-1d788a22-c6f7-4da2-9d0a-7484f3c34c60-resizable,layout.node.moved,"{'nodeId': 'instance-1d788a22-c6f7-4da2-9d0a-7484f3c34c60-resizable', 'newPos': {'x': 407, 'y': 148}, 'session_id': 'c8a11a37-2a2a-4691-84d9-7d4c35c7cc61', 'user_id': 'P5'}",5
860,2000-01-01 00:08:21,instance-1d788a22-c6f7-4da2-9d0a-7484f3c34c60-resizable,layoutboard.node.resizable.resized,"{'nodeId': 'instance-1d788a22-c6f7-4da2-9d0a-7484f3c34c60-resizable', 'prevSize': {'width': 50, 'height': 50}, 'newSize': {'width': 52, 'height': 105}, 'delta': {'width': 2, 'height': 55}, 'linkedSizeNodeIds': [], 'session_id': 'c8a11a37-2a2a-4691-84d9-7d4c35c7cc61', 'user_id': 'P5'}",5
861,2000-01-01 00:08:22,instance-1d788a22-c6f7-4da2-9d0a-7484f3c34c60-resizable,layoutboard.node.resizable.resized,"{'nodeId': 'instance-1d788a22-c6f7-4da2-9d0a-7484f3c34c60-resizable', 'prevSize': {'width': 50, 'height': 50}, 'newSize': {'width': 52, 'height': 105}, 'delta': {'width': 2, 'height': 55}, 'linkedSizeNodeIds': [], 'session_id': 'c8a11a37-2a2a-4691-84d9-7d4c35c7cc61', 'user_id': 'P5'}",5
862,2000-01-01 00:08:23,instance-1d788a22-c6f7-4da2-9d0a-7484f3c34c60-resizable,layout.node.moved,"{'nodeId': 'instance-1d788a22-c6f7-4da2-9d0a-7484f3c34c60-resizable', 'newPos': {'x': 441, 'y': 179}, 'session_id': 'c8a11a37-2a2a-4691-84d9-7d4c35c7cc61', 'user_id': 'P5'}",5
863,2000-01-01 00:08:24,instance-1d788a22-c6f7-4da2-9d0a-7484f3c34c60-resizable,layout.node.moved,"{'nodeId': 'instance-1d788a22-c6f7-4da2-9d0a-7484f3c34c60-resizable', 'newPos': {'x': 337, 'y': 164}, 'session_id': 'c8a11a37-2a2a-4691-84d9-7d4c35c7cc61', 'user_id': 'P5'}",5
864,2000-01-01 00:08:26,instance-1d788a22-c6f7-4da2-9d0a-7484f3c34c60-resizable,layout.node.moved,"{'nodeId': 'instance-1d788a22-c6f7-4da2-9d0a-7484f3c34c60-resizable', 'newPos': {'x': 445, 'y': 167}, 'session_id': 'c8a11a37-2a2a-4691-84d9-7d4c35c7cc61', 'user_id': 'P5'}",5
865,2000-01-01 00:08:27,instance-22c981cd-8c2b-408d-bda2-1c9405ff58ea-resizable,layout.node.moved,"{'nodeId': 'instance-22c981cd-8c2b-408d-bda2-1c9405ff58ea-resizable', 'newPos': {'x': 260, 'y': 289}, 'session_id': 'c8a11a37-2a2a-4691-84d9-7d4c35c7cc61', 'user_id': 'P5'}",5
866,2000-01-01 00:08:28,instance-22c981cd-8c2b-408d-bda2-1c9405ff58ea-resizable,layoutboard.node.resizable.resized,"{'nodeId': 'instance-22c981cd-8c2b-408d-bda2-1c9405ff58ea-resizable', 'prevSize': {'width': 50, 'height': 50}, 'newSize': {'width': 107, 'height': 157}, 'delta': {'width': 57, 'height': 107}, 'linkedSizeNodeIds': [], 'session_id': 'c8a11a37-2a2a-4691-84d9-7d4c35c7cc61', 'user_id': 'P5'}",5
867,2000-01-01 00:08:29,instance-b3ff8f32-a1d6-44e2-bc26-cb8607b96358-resizable,layout.node.moved,"{'nodeId': 'instance-b3ff8f32-a1d6-44e2-bc26-cb8607b96358-resizable', 'newPos': {'x': 126.671875, 'y': 223}, 'session_id': 'c8a11a37-2a2a-4691-84d9-7d4c35c7cc61', 'user_id': 'P5'}",5
868,2000-01-01 00:08:31,instance-b3ff8f32-a1d6-44e2-bc26-cb8607b96358-resizable,layoutboard.node.resizable.resized,"{'nodeId': 'instance-b3ff8f32-a1d6-44e2-bc26-cb8607b96358-resizable', 'prevSize': {'width': 50, 'height': 50}, 'newSize': {'width': 131, 'height': 222}, 'delta': {'width': 81, 'height': 172}, 'linkedSizeNodeIds': [], 'session_id': 'c8a11a37-2a2a-4691-84d9-7d4c35c7cc61', 'user_id': 'P5'}",5
869,2000-01-01 00:08:32,instance-1d788a22-c6f7-4da2-9d0a-7484f3c34c60-resizable,layout.node.moved,"{'nodeId': 'instance-1d788a22-c6f7-4da2-9d0a-7484f3c34c60-resizable', 'newPos': {'x': 407, 'y': 136}, 'session_id': 'c8a11a37-2a2a-4691-84d9-7d4c35c7cc61', 'user_id': 'P5'}",5
870,2000-01-01 00:08:34,instance-1d788a22-c6f7-4da2-9d0a-7484f3c34c60-resizable,layoutboard.node.resizable.resized,"{'nodeId': 'instance-1d788a22-c6f7-4da2-9d0a-7484f3c34c60-resizable', 'prevSize': {'width': 50, 'height': 50}, 'newSize': {'width': 67, 'height': 130}, 'delta': {'width': 17, 'height': 80}, 'linkedSizeNodeIds': [], 'session_id': 'c8a11a37-2a2a-4691-84d9-7d4c35c7cc61', 'user_id': 'P5'}",5
871,2000-01-01 00:08:35,instance-1d788a22-c6f7-4da2-9d0a-7484f3c34c60-resizable,layout.node.moved,"{'nodeId': 'instance-1d788a22-c6f7-4da2-9d0a-7484f3c34c60-resizable', 'newPos': {'x': 421, 'y': 160}, 'session_id': 'c8a11a37-2a2a-4691-84d9-7d4c35c7cc61', 'user_id': 'P5'}",5
872,2000-01-01 00:08:36,instance-c268e2a5-e7e0-44c4-8c33-ed6db2a7ed0a-resizable,layout.node.moved,"{'nodeId': 'instance-c268e2a5-e7e0-44c4-8c33-ed6db2a7ed0a-resizable', 'newPos': {'x': 293, 'y': 107}, 'session_id': 'c8a11a37-2a2a-4691-84d9-7d4c35c7cc61', 'user_id': 'P5'}",5
873,2000-01-01 00:08:38,instance-c268e2a5-e7e0-44c4-8c33-ed6db2a7ed0a-resizable,layoutboard.node.resizable.resized,"{'nodeId': 'instance-c268e2a5-e7e0-44c4-8c33-ed6db2a7ed0a-resizable', 'prevSize': {'width': 50, 'height': 50}, 'newSize': {'width': 79, 'height': 141}, 'delta': {'width': 29, 'height': 91}, 'linkedSizeNodeIds': [], 'session_id': 'c8a11a37-2a2a-4691-84d9-7d4c35c7cc61', 'user_id': 'P5'}",5
874,2000-01-01 00:08:39,instance-c268e2a5-e7e0-44c4-8c33-ed6db2a7ed0a-resizable,layout.node.moved,"{'nodeId': 'instance-c268e2a5-e7e0-44c4-8c33-ed6db2a7ed0a-resizable', 'newPos': {'x': 322, 'y': 125}, 'session_id': 'c8a11a37-2a2a-4691-84d9-7d4c35c7cc61', 'user_id': 'P5'}",5
875,2000-01-01 00:08:41,instance-dbc6d96b-af6c-4ded-8885-a036aa71e950-resizable,layout.node.moved,"{'nodeId': 'instance-dbc6d96b-af6c-4ded-8885-a036aa71e950-resizable', 'newPos': {'x': 15, 'y': 127}, 'session_id': 'c8a11a37-2a2a-4691-84d9-7d4c35c7cc61', 'user_id': 'P5'}",5
876,2000-01-01 00:08:43,instance-dbc6d96b-af6c-4ded-8885-a036aa71e950-resizable,layoutboard.node.resizable.resized,"{'nodeId': 'instance-dbc6d96b-af6c-4ded-8885-a036aa71e950-resizable', 'prevSize': {'width': 50, 'height': 50}, 'newSize': {'width': 79, 'height': 164}, 'delta': {'width': 29, 'height': 114}, 'linkedSizeNodeIds': [], 'session_id': 'c8a11a37-2a2a-4691-84d9-7d4c35c7cc61', 'user_id': 'P5'}",5
877,2000-01-01 00:08:44,instance-dbc6d96b-af6c-4ded-8885-a036aa71e950-resizable,layout.node.moved,"{'nodeId': 'instance-dbc6d96b-af6c-4ded-8885-a036aa71e950-resizable', 'newPos': {'x': 21, 'y': 115}, 'session_id': 'c8a11a37-2a2a-4691-84d9-7d4c35c7cc61', 'user_id': 'P5'}",5
878,2000-01-01 00:08:45,instance-86201c3e-8414-46e1-bea4-35f65219300f-resizable,layout.node.moved,"{'nodeId': 'instance-86201c3e-8414-46e1-bea4-35f65219300f-resizable', 'newPos': {'x': 204, 'y': 89}, 'session_id': 'c8a11a37-2a2a-4691-84d9-7d4c35c7cc61', 'user_id': 'P5'}",5
879,2000-01-01 00:08:47,instance-86201c3e-8414-46e1-bea4-35f65219300f-resizable,layoutboard.node.resizable.resized,"{'nodeId': 'instance-86201c3e-8414-46e1-bea4-35f65219300f-resizable', 'prevSize': {'width': 50, 'height': 50}, 'newSize': {'width': 59, 'height': 81}, 'delta': {'width': 9, 'height': 31}, 'linkedSizeNodeIds': [], 'session_id': 'c8a11a37-2a2a-4691-84d9-7d4c35c7cc61', 'user_id': 'P5'}",5
880,2000-01-01 00:08:52,instance-86201c3e-8414-46e1-bea4-35f65219300f-resizable,layout.node.moved,"{'nodeId': 'instance-86201c3e-8414-46e1-bea4-35f65219300f-resizable', 'newPos': {'x': 248, 'y': 128}, 'session_id': 'c8a11a37-2a2a-4691-84d9-7d4c35c7cc61', 'user_id': 'P5'}",5
881,2000-01-01 00:09:00,instance-b3ff8f32-a1d6-44e2-bc26-cb8607b96358,instance.save,"{'instance_id': 'instance-b3ff8f32-a1d6-44e2-bc26-cb8607b96358', 'session_id': 'c8a11a37-2a2a-4691-84d9-7d4c35c7cc61', 'user_id': 'P5'}",5
882,2000-01-01 00:09:03,instance-b3ff8f32-a1d6-44e2-bc26-cb8607b96358,instance.save,"{'instance_id': 'instance-b3ff8f32-a1d6-44e2-bc26-cb8607b96358', 'session_id': 'c8a11a37-2a2a-4691-84d9-7d4c35c7cc61', 'user_id': 'P5'}",5
883,2000-01-01 00:09:11,instance-b3ff8f32-a1d6-44e2-bc26-cb8607b96358,instance.save,"{'instance_id': 'instance-b3ff8f32-a1d6-44e2-bc26-cb8607b96358', 'session_id': 'c8a11a37-2a2a-4691-84d9-7d4c35c7cc61', 'user_id': 'P5'}",5
884,2000-01-01 00:09:16,instance-b3ff8f32-a1d6-44e2-bc26-cb8607b96358,instance.updated,"{'instance_id': 'instance-b3ff8f32-a1d6-44e2-bc26-cb8607b96358', 'instance_label': 'rabbit', 'text_changed': True, 'graph_changed': False, 'session_id': 'c8a11a37-2a2a-4691-84d9-7d4c35c7cc61', 'user_id': 'P5'}",5
885,2000-01-01 00:09:28,instance-b3ff8f32-a1d6-44e2-bc26-cb8607b96358,instance.save,"{'instance_id': 'instance-b3ff8f32-a1d6-44e2-bc26-cb8607b96358', 'session_id': 'c8a11a37-2a2a-4691-84d9-7d4c35c7cc61', 'user_id': 'P5'}",5
886,2000-01-01 00:09:35,instance-b3ff8f32-a1d6-44e2-bc26-cb8607b96358,instance.updated,"{'instance_id': 'instance-b3ff8f32-a1d6-44e2-bc26-cb8607b96358', 'instance_label': 'rabbit', 'text_changed': True, 'graph_changed': False, 'session_id': 'c8a11a37-2a2a-4691-84d9-7d4c35c7cc61', 'user_id': 'P5'}",5
887,2000-01-01 00:09:49,instance-c268e2a5-e7e0-44c4-8c33-ed6db2a7ed0a,instance.save,"{'instance_id': 'instance-c268e2a5-e7e0-44c4-8c33-ed6db2a7ed0a', 'session_id': 'c8a11a37-2a2a-4691-84d9-7d4c35c7cc61', 'user_id': 'P5'}",5
888,2000-01-01 00:09:54,instance-c268e2a5-e7e0-44c4-8c33-ed6db2a7ed0a,instance.save,"{'instance_id': 'instance-c268e2a5-e7e0-44c4-8c33-ed6db2a7ed0a', 'session_id': 'c8a11a37-2a2a-4691-84d9-7d4c35c7cc61', 'user_id': 'P5'}",5
889,2000-01-01 00:09:55,instance-c268e2a5-e7e0-44c4-8c33-ed6db2a7ed0a,instance.updated,"{'instance_id': 'instance-c268e2a5-e7e0-44c4-8c33-ed6db2a7ed0a', 'instance_label': 'Rabbit', 'text_changed': False, 'graph_changed': True, 'session_id': 'c8a11a37-2a2a-4691-84d9-7d4c35c7cc61', 'user_id': 'P5'}",5
890,2000-01-01 00:10:11,instance-dbc6d96b-af6c-4ded-8885-a036aa71e950,instance.save,"{'instance_id': 'instance-dbc6d96b-af6c-4ded-8885-a036aa71e950', 'session_id': 'c8a11a37-2a2a-4691-84d9-7d4c35c7cc61', 'user_id': 'P5'}",5
891,2000-01-01 00:10:15,instance-dbc6d96b-af6c-4ded-8885-a036aa71e950,instance.updated,"{'instance_id': 'instance-dbc6d96b-af6c-4ded-8885-a036aa71e950', 'instance_label': 'rabbit', 'text_changed': True, 'graph_changed': False, 'session_id': 'c8a11a37-2a2a-4691-84d9-7d4c35c7cc61', 'user_id': 'P5'}",5
892,2000-01-01 00:10:35,instance-22c981cd-8c2b-408d-bda2-1c9405ff58ea,instance.save,"{'instance_id': 'instance-22c981cd-8c2b-408d-bda2-1c9405ff58ea', 'session_id': 'c8a11a37-2a2a-4691-84d9-7d4c35c7cc61', 'user_id': 'P5'}",5
893,2000-01-01 00:10:39,instance-22c981cd-8c2b-408d-bda2-1c9405ff58ea,instance.updated,"{'instance_id': 'instance-22c981cd-8c2b-408d-bda2-1c9405ff58ea', 'instance_label': 'rabbit', 'text_changed': True, 'graph_changed': False, 'session_id': 'c8a11a37-2a2a-4691-84d9-7d4c35c7cc61', 'user_id': 'P5'}",5
894,2000-01-01 00:10:59,,api.generate_image.succeeded,"{'global_caption': 'a scene featuring a cute white rabbit with animation character style in the forest wearing a blue jacket and holding a red balloon, a cute white rabbit with an animated style in the forest, a cute white rabbit with an animated character style in the forest, a cute blue rabbit with an animated character style in the forest, a cute black rabbit with an animated character style in the forest, and a cute white rabbit with an animated character style in the forest', 'region_count': 6, 'has_image': True, 'detected_objects_count': 0, 'image_path': 'output/P5/2025-08-30_00-10-58/image.png', 'image_with_layout_path': 'output/P5/2025-08-30_00-10-58/image_with_layout.png', 'timestamp_dir': 'output/P5/2025-08-30_00-10-58', 'session_id': 'c8a11a37-2a2a-4691-84d9-7d4c35c7cc61', 'user_id': 'P5'}",5
895,2000-01-01 00:11:37,instance-b3ff8f32-a1d6-44e2-bc26-cb8607b96358,object_node.extract.confirmed,"{'object_id': 'object3', 'object_name': 'balloon', 'parent_instance_id': 'instance-b3ff8f32-a1d6-44e2-bc26-cb8607b96358', 'session_id': 'c8a11a37-2a2a-4691-84d9-7d4c35c7cc61', 'user_id': 'P5'}",5
896,2000-01-01 00:11:46,instance-b13ca059-6a7d-4f83-bbc1-96e28e0849c9-resizable,layout.node.moved,"{'nodeId': 'instance-b13ca059-6a7d-4f83-bbc1-96e28e0849c9-resizable', 'newPos': {'x': 155, 'y': 54}, 'session_id': 'c8a11a37-2a2a-4691-84d9-7d4c35c7cc61', 'user_id': 'P5'}",5
897,2000-01-01 00:11:50,instance-b13ca059-6a7d-4f83-bbc1-96e28e0849c9-resizable,layout.node.moved,"{'nodeId': 'instance-b13ca059-6a7d-4f83-bbc1-96e28e0849c9-resizable', 'newPos': {'x': 214, 'y': 305}, 'session_id': 'c8a11a37-2a2a-4691-84d9-7d4c35c7cc61', 'user_id': 'P5'}",5
898,2000-01-01 00:11:51,instance-b13ca059-6a7d-4f83-bbc1-96e28e0849c9-resizable,layout.node.moved,"{'nodeId': 'instance-b13ca059-6a7d-4f83-bbc1-96e28e0849c9-resizable', 'newPos': {'x': 215, 'y': 297}, 'session_id': 'c8a11a37-2a2a-4691-84d9-7d4c35c7cc61', 'user_id': 'P5'}",5
899,2000-01-01 00:12:23,,api.generate_image.succeeded,"{'global_caption': 'a scene featuring a cute white rabbit wearing a blue jacket in the forest, holding a red balloon, a cute yellow rabbit with an animated style in the forest, a cute white rabbit with an animated character style in the forest, a cute blue rabbit with an animated character style in the forest, a cute black rabbit with an animated character style in the forest, and another cute white rabbit with an animated character style in the forest', 'region_count': 7, 'has_image': True, 'detected_objects_count': 0, 'image_path': 'output/P5/2025-08-30_00-12-22/image.png', 'image_with_layout_path': 'output/P5/2025-08-30_00-12-22/image_with_layout.png', 'timestamp_dir': 'output/P5/2025-08-30_00-12-22', 'session_id': 'c8a11a37-2a2a-4691-84d9-7d4c35c7cc61', 'user_id': 'P5'}",5
900,2000-01-01 00:12:31,,scene_saved,"{'slotNumber': 2, 'instanceCount': 7, 'nodeCount': 14, 'edgeCount': 1, 'session_id': 'c8a11a37-2a2a-4691-84d9-7d4c35c7cc61', 'user_id': 'P5'}",5
901,2000-01-01 00:12:35,,scene_saved,"{'slotNumber': 2, 'instanceCount': 7, 'nodeCount': 14, 'edgeCount': 1, 'session_id': 'c8a11a37-2a2a-4691-84d9-7d4c35c7cc61', 'user_id': 'P5'}",5
902,2000-01-01 00:12:58,instance-22c981cd-8c2b-408d-bda2-1c9405ff58ea-resizable,layoutboard.node.resizable.resized,"{'nodeId': 'instance-22c981cd-8c2b-408d-bda2-1c9405ff58ea-resizable', 'prevSize': {'width': 50, 'height': 50}, 'newSize': {'width': 107, 'height': 157}, 'delta': {'width': 57, 'height': 107}, 'linkedSizeNodeIds': [], 'session_id': 'c8a11a37-2a2a-4691-84d9-7d4c35c7cc61', 'user_id': 'P5'}",5
903,2000-01-01 00:13:24,instance-1d788a22-c6f7-4da2-9d0a-7484f3c34c60,instance.deleted,"{'instance_id': 'instance-1d788a22-c6f7-4da2-9d0a-7484f3c34c60', 'instance_label': 'Rabbit', 'is_from_class': True, 'class_id': 'class-8267a52d-5b60-4f16-abd3-e57662c661e8', 'session_id': 'c8a11a37-2a2a-4691-84d9-7d4c35c7cc61', 'user_id': 'P5'}",5
904,2000-01-01 00:13:32,instance-86201c3e-8414-46e1-bea4-35f65219300f,instance.deleted,"{'instance_id': 'instance-86201c3e-8414-46e1-bea4-35f65219300f', 'instance_label': 'Rabbit', 'is_from_class': True, 'class_id': 'class-8267a52d-5b60-4f16-abd3-e57662c661e8', 'session_id': 'c8a11a37-2a2a-4691-84d9-7d4c35c7cc61', 'user_id': 'P5'}",5
905,2000-01-01 00:13:58,instance-b3ff8f32-a1d6-44e2-bc26-cb8607b96358,instance.save,"{'instance_id': 'instance-b3ff8f32-a1d6-44e2-bc26-cb8607b96358', 'session_id': 'c8a11a37-2a2a-4691-84d9-7d4c35c7cc61', 'user_id': 'P5'}",5
906,2000-01-01 00:14:15,instance-b3ff8f32-a1d6-44e2-bc26-cb8607b96358,instance.save,"{'instance_id': 'instance-b3ff8f32-a1d6-44e2-bc26-cb8607b96358', 'session_id': 'c8a11a37-2a2a-4691-84d9-7d4c35c7cc61', 'user_id': 'P5'}",5
907,2000-01-01 00:14:21,instance-b3ff8f32-a1d6-44e2-bc26-cb8607b96358,instance.save,"{'instance_id': 'instance-b3ff8f32-a1d6-44e2-bc26-cb8607b96358', 'session_id': 'c8a11a37-2a2a-4691-84d9-7d4c35c7cc61', 'user_id': 'P5'}",5
908,2000-01-01 00:14:25,instance-b3ff8f32-a1d6-44e2-bc26-cb8607b96358,instance.updated,"{'instance_id': 'instance-b3ff8f32-a1d6-44e2-bc26-cb8607b96358', 'instance_label': 'rabbit', 'text_changed': True, 'graph_changed': False, 'session_id': 'c8a11a37-2a2a-4691-84d9-7d4c35c7cc61', 'user_id': 'P5'}",5
909,2000-01-01 00:14:37,instance-b3ff8f32-a1d6-44e2-bc26-cb8607b96358,instance.save,"{'instance_id': 'instance-b3ff8f32-a1d6-44e2-bc26-cb8607b96358', 'session_id': 'c8a11a37-2a2a-4691-84d9-7d4c35c7cc61', 'user_id': 'P5'}",5
910,2000-01-01 00:14:43,instance-b3ff8f32-a1d6-44e2-bc26-cb8607b96358,instance.updated,"{'instance_id': 'instance-b3ff8f32-a1d6-44e2-bc26-cb8607b96358', 'instance_label': 'rabbit', 'text_changed': True, 'graph_changed': False, 'session_id': 'c8a11a37-2a2a-4691-84d9-7d4c35c7cc61', 'user_id': 'P5'}",5
911,2000-01-01 00:14:59,instance-b13ca059-6a7d-4f83-bbc1-96e28e0849c9-resizable,layout.node.moved,"{'nodeId': 'instance-b13ca059-6a7d-4f83-bbc1-96e28e0849c9-resizable', 'newPos': {'x': 258, 'y': 101}, 'session_id': 'c8a11a37-2a2a-4691-84d9-7d4c35c7cc61', 'user_id': 'P5'}",5
912,2000-01-01 00:15:00,,relationship_node.deleted,"{'relationship_id': 'instance-b3ff8f32-a1d6-44e2-bc26-cb8607b96358-instance-b13ca059-6a7d-4f83-bbc1-96e28e0849c9', 'source_object_id': 'instance-b3ff8f32-a1d6-44e2-bc26-cb8607b96358', 'target_object_id': 'instance-b13ca059-6a7d-4f83-bbc1-96e28e0849c9', 'relation': 'holding', 'source_object_name': 'rabbit', 'target_object_name': 'balloon', 'session_id': 'c8a11a37-2a2a-4691-84d9-7d4c35c7cc61', 'user_id': 'P5'}",5
913,2000-01-01 00:15:03,instance-b13ca059-6a7d-4f83-bbc1-96e28e0849c9-resizable,layoutboard.node.resizable.resized,"{'nodeId': 'instance-b13ca059-6a7d-4f83-bbc1-96e28e0849c9-resizable', 'prevSize': {'width': 50, 'height': 50}, 'newSize': {'width': 54, 'height': 111}, 'delta': {'width': 4, 'height': 61}, 'linkedSizeNodeIds': [], 'session_id': 'c8a11a37-2a2a-4691-84d9-7d4c35c7cc61', 'user_id': 'P5'}",5
914,2000-01-01 00:15:05,instance-b13ca059-6a7d-4f83-bbc1-96e28e0849c9-resizable,layout.node.moved,"{'nodeId': 'instance-b13ca059-6a7d-4f83-bbc1-96e28e0849c9-resizable', 'newPos': {'x': 252, 'y': 103}, 'session_id': 'c8a11a37-2a2a-4691-84d9-7d4c35c7cc61', 'user_id': 'P5'}",5
915,2000-01-01 00:15:08,instance-22c981cd-8c2b-408d-bda2-1c9405ff58ea-resizable,layout.node.moved,"{'nodeId': 'instance-22c981cd-8c2b-408d-bda2-1c9405ff58ea-resizable', 'newPos': {'x': 366, 'y': 208}, 'session_id': 'c8a11a37-2a2a-4691-84d9-7d4c35c7cc61', 'user_id': 'P5'}",5
916,2000-01-01 00:15:09,instance-22c981cd-8c2b-408d-bda2-1c9405ff58ea-resizable,layoutboard.node.resizable.resized,"{'nodeId': 'instance-22c981cd-8c2b-408d-bda2-1c9405ff58ea-resizable', 'prevSize': {'width': 50, 'height': 50}, 'newSize': {'width': 101, 'height': 145}, 'delta': {'width': 51, 'height': 95}, 'linkedSizeNodeIds': [], 'session_id': 'c8a11a37-2a2a-4691-84d9-7d4c35c7cc61', 'user_id': 'P5'}",5
917,2000-01-01 00:15:10,instance-22c981cd-8c2b-408d-bda2-1c9405ff58ea-resizable,layout.node.moved,"{'nodeId': 'instance-22c981cd-8c2b-408d-bda2-1c9405ff58ea-resizable', 'newPos': {'x': 381, 'y': 220}, 'session_id': 'c8a11a37-2a2a-4691-84d9-7d4c35c7cc61', 'user_id': 'P5'}",5
918,2000-01-01 00:15:12,instance-b3ff8f32-a1d6-44e2-bc26-cb8607b96358-resizable,layout.node.moved,"{'nodeId': 'instance-b3ff8f32-a1d6-44e2-bc26-cb8607b96358-resizable', 'newPos': {'x': 161.671875, 'y': 223}, 'session_id': 'c8a11a37-2a2a-4691-84d9-7d4c35c7cc61', 'user_id': 'P5'}",5
919,2000-01-01 00:15:14,instance-b3ff8f32-a1d6-44e2-bc26-cb8607b96358-resizable,layoutboard.node.resizable.resized,"{'nodeId': 'instance-b3ff8f32-a1d6-44e2-bc26-cb8607b96358-resizable', 'prevSize': {'width': 50, 'height': 50}, 'newSize': {'width': 174, 'height': 272}, 'delta': {'width': 124, 'height': 222}, 'linkedSizeNodeIds': [], 'session_id': 'c8a11a37-2a2a-4691-84d9-7d4c35c7cc61', 'user_id': 'P5'}",5
920,2000-01-01 00:15:14,instance-b3ff8f32-a1d6-44e2-bc26-cb8607b96358-resizable,layout.node.moved,"{'nodeId': 'instance-b3ff8f32-a1d6-44e2-bc26-cb8607b96358-resizable', 'newPos': {'x': 152.671875, 'y': 223}, 'session_id': 'c8a11a37-2a2a-4691-84d9-7d4c35c7cc61', 'user_id': 'P5'}",5
921,2000-01-01 00:15:16,instance-b13ca059-6a7d-4f83-bbc1-96e28e0849c9-resizable,layout.node.moved,"{'nodeId': 'instance-b13ca059-6a7d-4f83-bbc1-96e28e0849c9-resizable', 'newPos': {'x': 258, 'y': 67}, 'session_id': 'c8a11a37-2a2a-4691-84d9-7d4c35c7cc61', 'user_id': 'P5'}",5
922,2000-01-01 00:15:18,instance-c268e2a5-e7e0-44c4-8c33-ed6db2a7ed0a-resizable,layout.node.moved,"{'nodeId': 'instance-c268e2a5-e7e0-44c4-8c33-ed6db2a7ed0a-resizable', 'newPos': {'x': 345, 'y': 186}, 'session_id': 'c8a11a37-2a2a-4691-84d9-7d4c35c7cc61', 'user_id': 'P5'}",5
923,2000-01-01 00:15:19,instance-22c981cd-8c2b-408d-bda2-1c9405ff58ea-resizable,layout.node.moved,"{'nodeId': 'instance-22c981cd-8c2b-408d-bda2-1c9405ff58ea-resizable', 'newPos': {'x': 396, 'y': 229}, 'session_id': 'c8a11a37-2a2a-4691-84d9-7d4c35c7cc61', 'user_id': 'P5'}",5
924,2000-01-01 00:15:20,instance-b3ff8f32-a1d6-44e2-bc26-cb8607b96358-resizable,layout.node.moved,"{'nodeId': 'instance-b3ff8f32-a1d6-44e2-bc26-cb8607b96358-resizable', 'newPos': {'x': 134.671875, 'y': 195}, 'session_id': 'c8a11a37-2a2a-4691-84d9-7d4c35c7cc61', 'user_id': 'P5'}",5
925,2000-01-01 00:15:21,instance-b13ca059-6a7d-4f83-bbc1-96e28e0849c9-resizable,layout.node.moved,"{'nodeId': 'instance-b13ca059-6a7d-4f83-bbc1-96e28e0849c9-resizable', 'newPos': {'x': 269, 'y': 62}, 'session_id': 'c8a11a37-2a2a-4691-84d9-7d4c35c7cc61', 'user_id': 'P5'}",5
926,2000-01-01 00:15:23,instance-dbc6d96b-af6c-4ded-8885-a036aa71e950-resizable,layout.node.moved,"{'nodeId': 'instance-dbc6d96b-af6c-4ded-8885-a036aa71e950-resizable', 'newPos': {'x': 29, 'y': 112}, 'session_id': 'c8a11a37-2a2a-4691-84d9-7d4c35c7cc61', 'user_id': 'P5'}",5
927,2000-01-01 00:15:27,instance-dbc6d96b-af6c-4ded-8885-a036aa71e950-resizable,layout.node.moved,"{'nodeId': 'instance-dbc6d96b-af6c-4ded-8885-a036aa71e950-resizable', 'newPos': {'x': 9, 'y': 283}, 'session_id': 'c8a11a37-2a2a-4691-84d9-7d4c35c7cc61', 'user_id': 'P5'}",5
928,2000-01-01 00:15:31,,layout_board.new_box_positioned,"{'position': {'x': 24.671875, 'y': 31}, 'screen_position': {'x': 84, 'y': 74}, 'board_type': 'advanced', 'session_id': 'c8a11a37-2a2a-4691-84d9-7d4c35c7cc61', 'user_id': 'P5'}",5
929,2000-01-01 00:15:38,instance-3360e775-ddfb-4ccf-be5b-d95a0479e597-resizable,layoutboard.node.resizable.resized,"{'nodeId': 'instance-3360e775-ddfb-4ccf-be5b-d95a0479e597-resizable', 'prevSize': {'width': 50, 'height': 50}, 'newSize': {'width': 187, 'height': 101}, 'delta': {'width': 137, 'height': 51}, 'linkedSizeNodeIds': [], 'session_id': 'c8a11a37-2a2a-4691-84d9-7d4c35c7cc61', 'user_id': 'P5'}",5
930,2000-01-01 00:16:00,instance-3360e775-ddfb-4ccf-be5b-d95a0479e597,instance.save,"{'instance_id': 'instance-3360e775-ddfb-4ccf-be5b-d95a0479e597', 'session_id': 'c8a11a37-2a2a-4691-84d9-7d4c35c7cc61', 'user_id': 'P5'}",5
931,2000-01-01 00:16:02,instance-3360e775-ddfb-4ccf-be5b-d95a0479e597,instance.updated,"{'instance_id': 'instance-3360e775-ddfb-4ccf-be5b-d95a0479e597', 'instance_label': 'character', 'text_changed': True, 'graph_changed': False, 'session_id': 'c8a11a37-2a2a-4691-84d9-7d4c35c7cc61', 'user_id': 'P5'}",5
932,2000-01-01 00:16:28,,api.generate_image.succeeded,"{'global_caption': 'a scene featuring a cute crying running white rabbit wearing a blue jacket in the forest with an animated character, holding a balloon; alongside a cute yellow rabbit with an animated style, a cute blue rabbit with an animated character style, and a cute black rabbit with an animated character style; with a red balloon and a wind character wickedly smiling.', 'region_count': 6, 'has_image': True, 'detected_objects_count': 0, 'image_path': 'output/P5/2025-08-30_00-16-27/image.png', 'image_with_layout_path': 'output/P5/2025-08-30_00-16-27/image_with_layout.png', 'timestamp_dir': 'output/P5/2025-08-30_00-16-27', 'session_id': 'c8a11a37-2a2a-4691-84d9-7d4c35c7cc61', 'user_id': 'P5'}",5
933,2000-01-01 00:16:42,instance-c268e2a5-e7e0-44c4-8c33-ed6db2a7ed0a,instance.deleted,"{'instance_id': 'instance-c268e2a5-e7e0-44c4-8c33-ed6db2a7ed0a', 'instance_label': 'Rabbit', 'is_from_class': True, 'class_id': 'class-8267a52d-5b60-4f16-abd3-e57662c661e8', 'session_id': 'c8a11a37-2a2a-4691-84d9-7d4c35c7cc61', 'user_id': 'P5'}",5
934,2000-01-01 00:16:46,instance-22c981cd-8c2b-408d-bda2-1c9405ff58ea,instance.deleted,"{'instance_id': 'instance-22c981cd-8c2b-408d-bda2-1c9405ff58ea', 'instance_label': 'rabbit', 'is_from_class': True, 'class_id': 'class-8267a52d-5b60-4f16-abd3-e57662c661e8', 'session_id': 'c8a11a37-2a2a-4691-84d9-7d4c35c7cc61', 'user_id': 'P5'}",5
935,2000-01-01 00:16:58,instance-dbc6d96b-af6c-4ded-8885-a036aa71e950,instance.deleted,"{'instance_id': 'instance-dbc6d96b-af6c-4ded-8885-a036aa71e950', 'instance_label': 'rabbit', 'is_from_class': True, 'class_id': 'class-8267a52d-5b60-4f16-abd3-e57662c661e8', 'session_id': 'c8a11a37-2a2a-4691-84d9-7d4c35c7cc61', 'user_id': 'P5'}",5
936,2000-01-01 00:17:15,instance-b13ca059-6a7d-4f83-bbc1-96e28e0849c9-resizable,layout.node.moved,"{'nodeId': 'instance-b13ca059-6a7d-4f83-bbc1-96e28e0849c9-resizable', 'newPos': {'x': 376, 'y': 63}, 'session_id': 'c8a11a37-2a2a-4691-84d9-7d4c35c7cc61', 'user_id': 'P5'}",5
937,2000-01-01 00:17:16,,relationship_node.deleted,"{'relationship_id': 'instance-b3ff8f32-a1d6-44e2-bc26-cb8607b96358-instance-b13ca059-6a7d-4f83-bbc1-96e28e0849c9', 'source_object_id': 'instance-b3ff8f32-a1d6-44e2-bc26-cb8607b96358', 'target_object_id': 'instance-b13ca059-6a7d-4f83-bbc1-96e28e0849c9', 'relation': 'holding', 'source_object_name': 'rabbit', 'target_object_name': 'balloon', 'session_id': 'c8a11a37-2a2a-4691-84d9-7d4c35c7cc61', 'user_id': 'P5'}",5
938,2000-01-01 00:17:18,instance-b13ca059-6a7d-4f83-bbc1-96e28e0849c9-resizable,layoutboard.node.resizable.resized,"{'nodeId': 'instance-b13ca059-6a7d-4f83-bbc1-96e28e0849c9-resizable', 'prevSize': {'width': 50, 'height': 50}, 'newSize': {'width': 62, 'height': 146}, 'delta': {'width': 12, 'height': 96}, 'linkedSizeNodeIds': [], 'session_id': 'c8a11a37-2a2a-4691-84d9-7d4c35c7cc61', 'user_id': 'P5'}",5
939,2000-01-01 00:17:43,instance-3360e775-ddfb-4ccf-be5b-d95a0479e597,instance.save,"{'instance_id': 'instance-3360e775-ddfb-4ccf-be5b-d95a0479e597', 'session_id': 'c8a11a37-2a2a-4691-84d9-7d4c35c7cc61', 'user_id': 'P5'}",5
940,2000-01-01 00:17:43,instance-3360e775-ddfb-4ccf-be5b-d95a0479e597,instance.updated,"{'instance_id': 'instance-3360e775-ddfb-4ccf-be5b-d95a0479e597', 'instance_label': 'character', 'text_changed': False, 'graph_changed': True, 'session_id': 'c8a11a37-2a2a-4691-84d9-7d4c35c7cc61', 'user_id': 'P5'}",5
941,2000-01-01 00:17:47,instance-b13ca059-6a7d-4f83-bbc1-96e28e0849c9-resizable,layoutboard.node.resizable.resized,"{'nodeId': 'instance-b13ca059-6a7d-4f83-bbc1-96e28e0849c9-resizable', 'prevSize': {'width': 50, 'height': 50}, 'newSize': {'width': 84, 'height': 170}, 'delta': {'width': 34, 'height': 120}, 'linkedSizeNodeIds': [], 'session_id': 'c8a11a37-2a2a-4691-84d9-7d4c35c7cc61', 'user_id': 'P5'}",5
942,2000-01-01 00:17:48,instance-b13ca059-6a7d-4f83-bbc1-96e28e0849c9-resizable,layout.node.moved,"{'nodeId': 'instance-b13ca059-6a7d-4f83-bbc1-96e28e0849c9-resizable', 'newPos': {'x': 368, 'y': 38}, 'session_id': 'c8a11a37-2a2a-4691-84d9-7d4c35c7cc61', 'user_id': 'P5'}",5
943,2000-01-01 00:18:14,,api.generate_image.succeeded,"{'global_caption': 'a scene featuring a cute crying running white rabbit wearing a blue jacket in the forest with an animated character, holding a red balloon, alongside a wind character cute wickedly smiling.', 'region_count': 3, 'has_image': True, 'detected_objects_count': 0, 'image_path': 'output/P5/2025-08-30_00-18-13/image.png', 'image_with_layout_path': 'output/P5/2025-08-30_00-18-13/image_with_layout.png', 'timestamp_dir': 'output/P5/2025-08-30_00-18-13', 'session_id': 'c8a11a37-2a2a-4691-84d9-7d4c35c7cc61', 'user_id': 'P5'}",5
944,2000-01-01 00:18:41,instance-3360e775-ddfb-4ccf-be5b-d95a0479e597,instance.save,"{'instance_id': 'instance-3360e775-ddfb-4ccf-be5b-d95a0479e597', 'session_id': 'c8a11a37-2a2a-4691-84d9-7d4c35c7cc61', 'user_id': 'P5'}",5
945,2000-01-01 00:18:41,instance-3360e775-ddfb-4ccf-be5b-d95a0479e597,instance.updated,"{'instance_id': 'instance-3360e775-ddfb-4ccf-be5b-d95a0479e597', 'instance_label': 'character', 'text_changed': False, 'graph_changed': True, 'session_id': 'c8a11a37-2a2a-4691-84d9-7d4c35c7cc61', 'user_id': 'P5'}",5
946,2000-01-01 00:18:46,,relationship_node.deleted,"{'relationship_id': 'instance-b3ff8f32-a1d6-44e2-bc26-cb8607b96358-instance-b13ca059-6a7d-4f83-bbc1-96e28e0849c9', 'source_object_id': 'instance-b3ff8f32-a1d6-44e2-bc26-cb8607b96358', 'target_object_id': 'instance-b13ca059-6a7d-4f83-bbc1-96e28e0849c9', 'relation': 'holding', 'source_object_name': 'rabbit', 'target_object_name': 'balloon', 'session_id': 'c8a11a37-2a2a-4691-84d9-7d4c35c7cc61', 'user_id': 'P5'}",5
947,2000-01-01 00:19:01,instance-b13ca059-6a7d-4f83-bbc1-96e28e0849c9,instance.save,"{'instance_id': 'instance-b13ca059-6a7d-4f83-bbc1-96e28e0849c9', 'session_id': 'c8a11a37-2a2a-4691-84d9-7d4c35c7cc61', 'user_id': 'P5'}",5
948,2000-01-01 00:19:02,instance-b13ca059-6a7d-4f83-bbc1-96e28e0849c9,instance.updated,"{'instance_id': 'instance-b13ca059-6a7d-4f83-bbc1-96e28e0849c9', 'instance_label': 'balloon', 'text_changed': False, 'graph_changed': True, 'session_id': 'c8a11a37-2a2a-4691-84d9-7d4c35c7cc61', 'user_id': 'P5'}",5
949,2000-01-01 00:19:13,,relationship_node.deleted,"{'relationship_id': 'instance-b3ff8f32-a1d6-44e2-bc26-cb8607b96358-instance-b13ca059-6a7d-4f83-bbc1-96e28e0849c9', 'source_object_id': 'instance-b3ff8f32-a1d6-44e2-bc26-cb8607b96358', 'target_object_id': 'instance-b13ca059-6a7d-4f83-bbc1-96e28e0849c9', 'relation': 'holding', 'source_object_name': 'rabbit', 'target_object_name': 'balloon', 'session_id': 'c8a11a37-2a2a-4691-84d9-7d4c35c7cc61', 'user_id': 'P5'}",5
950,2000-01-01 00:19:41,,api.generate_image.succeeded,"{'global_caption': 'a scene featuring a cute, crying, running white rabbit wearing a blue jacket in the forest with an animated character, a red floating balloon, and a wind character cute wickedly smiling.', 'region_count': 3, 'has_image': True, 'detected_objects_count': 0, 'image_path': 'output/P5/2025-08-30_00-19-41/image.png', 'image_with_layout_path': 'output/P5/2025-08-30_00-19-41/image_with_layout.png', 'timestamp_dir': 'output/P5/2025-08-30_00-19-41', 'session_id': 'c8a11a37-2a2a-4691-84d9-7d4c35c7cc61', 'user_id': 'P5'}",5
951,2000-01-01 00:20:44,instance-3360e775-ddfb-4ccf-be5b-d95a0479e597,instance.save,"{'instance_id': 'instance-3360e775-ddfb-4ccf-be5b-d95a0479e597', 'session_id': 'c8a11a37-2a2a-4691-84d9-7d4c35c7cc61', 'user_id': 'P5'}",5
952,2000-01-01 00:20:46,instance-3360e775-ddfb-4ccf-be5b-d95a0479e597,instance.updated,"{'instance_id': 'instance-3360e775-ddfb-4ccf-be5b-d95a0479e597', 'instance_label': 'storm', 'text_changed': True, 'graph_changed': False, 'session_id': 'c8a11a37-2a2a-4691-84d9-7d4c35c7cc61', 'user_id': 'P5'}",5
953,2000-01-01 00:20:48,,relationship_node.deleted,"{'relationship_id': 'instance-b3ff8f32-a1d6-44e2-bc26-cb8607b96358-instance-b13ca059-6a7d-4f83-bbc1-96e28e0849c9', 'source_object_id': 'instance-b3ff8f32-a1d6-44e2-bc26-cb8607b96358', 'target_object_id': 'instance-b13ca059-6a7d-4f83-bbc1-96e28e0849c9', 'relation': 'holding', 'source_object_name': 'rabbit', 'target_object_name': 'balloon', 'session_id': 'c8a11a37-2a2a-4691-84d9-7d4c35c7cc61', 'user_id': 'P5'}",5
954,2000-01-01 00:21:04,instance-3360e775-ddfb-4ccf-be5b-d95a0479e597,instance.save,"{'instance_id': 'instance-3360e775-ddfb-4ccf-be5b-d95a0479e597', 'session_id': 'c8a11a37-2a2a-4691-84d9-7d4c35c7cc61', 'user_id': 'P5'}",5
955,2000-01-01 00:21:05,instance-3360e775-ddfb-4ccf-be5b-d95a0479e597,instance.updated,"{'instance_id': 'instance-3360e775-ddfb-4ccf-be5b-d95a0479e597', 'instance_label': 'storm', 'text_changed': True, 'graph_changed': False, 'session_id': 'c8a11a37-2a2a-4691-84d9-7d4c35c7cc61', 'user_id': 'P5'}",5
956,2000-01-01 00:21:16,instance-3360e775-ddfb-4ccf-be5b-d95a0479e597,instance.save,"{'instance_id': 'instance-3360e775-ddfb-4ccf-be5b-d95a0479e597', 'session_id': 'c8a11a37-2a2a-4691-84d9-7d4c35c7cc61', 'user_id': 'P5'}",5
957,2000-01-01 00:21:18,instance-3360e775-ddfb-4ccf-be5b-d95a0479e597,instance.updated,"{'instance_id': 'instance-3360e775-ddfb-4ccf-be5b-d95a0479e597', 'instance_label': 'breeze', 'text_changed': True, 'graph_changed': False, 'session_id': 'c8a11a37-2a2a-4691-84d9-7d4c35c7cc61', 'user_id': 'P5'}",5
958,2000-01-01 00:21:23,,relationship_node.deleted,"{'relationship_id': 'instance-b3ff8f32-a1d6-44e2-bc26-cb8607b96358-instance-b13ca059-6a7d-4f83-bbc1-96e28e0849c9', 'source_object_id': 'instance-b3ff8f32-a1d6-44e2-bc26-cb8607b96358', 'target_object_id': 'instance-b13ca059-6a7d-4f83-bbc1-96e28e0849c9', 'relation': 'holding', 'source_object_name': 'rabbit', 'target_object_name': 'balloon', 'session_id': 'c8a11a37-2a2a-4691-84d9-7d4c35c7cc61', 'user_id': 'P5'}",5
959,2000-01-01 00:21:42,,api.generate_image.succeeded,"{'global_caption': 'a scene featuring a cute crying running white rabbit wearing a blue jacket in the forest with an animated character, a red floating balloon, and a white breeze wickedly smiling.', 'region_count': 3, 'has_image': True, 'detected_objects_count': 0, 'image_path': 'output/P5/2025-08-30_00-21-42/image.png', 'image_with_layout_path': 'output/P5/2025-08-30_00-21-42/image_with_layout.png', 'timestamp_dir': 'output/P5/2025-08-30_00-21-42', 'session_id': 'c8a11a37-2a2a-4691-84d9-7d4c35c7cc61', 'user_id': 'P5'}",5
960,2000-01-01 00:21:53,,scene_saved,"{'slotNumber': 3, 'instanceCount': 3, 'nodeCount': 6, 'edgeCount': 0, 'session_id': 'c8a11a37-2a2a-4691-84d9-7d4c35c7cc61', 'user_id': 'P5'}",5
961,2000-01-01 00:21:55,,scene_saved,"{'slotNumber': 3, 'instanceCount': 3, 'nodeCount': 6, 'edgeCount': 0, 'session_id': 'c8a11a37-2a2a-4691-84d9-7d4c35c7cc61', 'user_id': 'P5'}",5
962,2000-01-01 00:22:22,instance-1d788a22-c6f7-4da2-9d0a-7484f3c34c60,instance.deleted,"{'instance_id': 'instance-1d788a22-c6f7-4da2-9d0a-7484f3c34c60', 'instance_label': 'Rabbit', 'is_from_class': True, 'class_id': 'class-8267a52d-5b60-4f16-abd3-e57662c661e8', 'session_id': 'c8a11a37-2a2a-4691-84d9-7d4c35c7cc61', 'user_id': 'P5'}",5
963,2000-01-01 00:22:29,instance-dbc6d96b-af6c-4ded-8885-a036aa71e950,instance.deleted,"{'instance_id': 'instance-dbc6d96b-af6c-4ded-8885-a036aa71e950', 'instance_label': 'rabbit', 'is_from_class': True, 'class_id': 'class-8267a52d-5b60-4f16-abd3-e57662c661e8', 'session_id': 'c8a11a37-2a2a-4691-84d9-7d4c35c7cc61', 'user_id': 'P5'}",5
964,2000-01-01 00:22:37,instance-86201c3e-8414-46e1-bea4-35f65219300f,instance.deleted,"{'instance_id': 'instance-86201c3e-8414-46e1-bea4-35f65219300f', 'instance_label': 'Rabbit', 'is_from_class': True, 'class_id': 'class-8267a52d-5b60-4f16-abd3-e57662c661e8', 'session_id': 'c8a11a37-2a2a-4691-84d9-7d4c35c7cc61', 'user_id': 'P5'}",5
965,2000-01-01 00:22:45,instance-b13ca059-6a7d-4f83-bbc1-96e28e0849c9,instance.deleted,"{'instance_id': 'instance-b13ca059-6a7d-4f83-bbc1-96e28e0849c9', 'instance_label': 'balloon', 'is_from_class': False, 'class_id': None, 'session_id': 'c8a11a37-2a2a-4691-84d9-7d4c35c7cc61', 'user_id': 'P5'}",5
966,2000-01-01 00:22:47,instance-b3ff8f32-a1d6-44e2-bc26-cb8607b96358-resizable,layout.node.moved,"{'nodeId': 'instance-b3ff8f32-a1d6-44e2-bc26-cb8607b96358-resizable', 'newPos': {'x': 36.671875, 'y': 199}, 'session_id': 'c8a11a37-2a2a-4691-84d9-7d4c35c7cc61', 'user_id': 'P5'}",5
967,2000-01-01 00:22:48,instance-22c981cd-8c2b-408d-bda2-1c9405ff58ea-resizable,layout.node.moved,"{'nodeId': 'instance-22c981cd-8c2b-408d-bda2-1c9405ff58ea-resizable', 'newPos': {'x': 275, 'y': 320}, 'session_id': 'c8a11a37-2a2a-4691-84d9-7d4c35c7cc61', 'user_id': 'P5'}",5
968,2000-01-01 00:22:49,instance-c268e2a5-e7e0-44c4-8c33-ed6db2a7ed0a-resizable,layout.node.moved,"{'nodeId': 'instance-c268e2a5-e7e0-44c4-8c33-ed6db2a7ed0a-resizable', 'newPos': {'x': 291, 'y': 149}, 'session_id': 'c8a11a37-2a2a-4691-84d9-7d4c35c7cc61', 'user_id': 'P5'}",5
969,2000-01-01 00:22:51,instance-b3ff8f32-a1d6-44e2-bc26-cb8607b96358-resizable,layout.node.moved,"{'nodeId': 'instance-b3ff8f32-a1d6-44e2-bc26-cb8607b96358-resizable', 'newPos': {'x': 47.671875, 'y': 186}, 'session_id': 'c8a11a37-2a2a-4691-84d9-7d4c35c7cc61', 'user_id': 'P5'}",5
970,2000-01-01 00:23:16,instance-b3ff8f32-a1d6-44e2-bc26-cb8607b96358,instance.save,"{'instance_id': 'instance-b3ff8f32-a1d6-44e2-bc26-cb8607b96358', 'session_id': 'c8a11a37-2a2a-4691-84d9-7d4c35c7cc61', 'user_id': 'P5'}",5
971,2000-01-01 00:23:31,instance-b3ff8f32-a1d6-44e2-bc26-cb8607b96358,instance.save,"{'instance_id': 'instance-b3ff8f32-a1d6-44e2-bc26-cb8607b96358', 'session_id': 'c8a11a37-2a2a-4691-84d9-7d4c35c7cc61', 'user_id': 'P5'}",5
972,2000-01-01 00:23:36,instance-b3ff8f32-a1d6-44e2-bc26-cb8607b96358,instance.updated,"{'instance_id': 'instance-b3ff8f32-a1d6-44e2-bc26-cb8607b96358', 'instance_label': 'rabbit', 'text_changed': True, 'graph_changed': False, 'session_id': 'c8a11a37-2a2a-4691-84d9-7d4c35c7cc61', 'user_id': 'P5'}",5
973,2000-01-01 00:23:46,instance-22c981cd-8c2b-408d-bda2-1c9405ff58ea,instance.save,"{'instance_id': 'instance-22c981cd-8c2b-408d-bda2-1c9405ff58ea', 'session_id': 'c8a11a37-2a2a-4691-84d9-7d4c35c7cc61', 'user_id': 'P5'}",5
974,2000-01-01 00:23:48,instance-22c981cd-8c2b-408d-bda2-1c9405ff58ea,instance.updated,"{'instance_id': 'instance-22c981cd-8c2b-408d-bda2-1c9405ff58ea', 'instance_label': 'rabbit', 'text_changed': True, 'graph_changed': False, 'session_id': 'c8a11a37-2a2a-4691-84d9-7d4c35c7cc61', 'user_id': 'P5'}",5
975,2000-01-01 00:24:02,instance-c268e2a5-e7e0-44c4-8c33-ed6db2a7ed0a,instance.save,"{'instance_id': 'instance-c268e2a5-e7e0-44c4-8c33-ed6db2a7ed0a', 'session_id': 'c8a11a37-2a2a-4691-84d9-7d4c35c7cc61', 'user_id': 'P5'}",5
976,2000-01-01 00:24:05,instance-c268e2a5-e7e0-44c4-8c33-ed6db2a7ed0a,instance.updated,"{'instance_id': 'instance-c268e2a5-e7e0-44c4-8c33-ed6db2a7ed0a', 'instance_label': 'rabbit', 'text_changed': True, 'graph_changed': False, 'session_id': 'c8a11a37-2a2a-4691-84d9-7d4c35c7cc61', 'user_id': 'P5'}",5
977,2000-01-01 00:24:07,,layout_board.new_box_positioned,"{'position': {'x': 79.671875, 'y': 536}, 'screen_position': {'x': 139, 'y': 559}, 'board_type': 'advanced', 'session_id': 'c8a11a37-2a2a-4691-84d9-7d4c35c7cc61', 'user_id': 'P5'}",5
978,2000-01-01 00:24:14,instance-c268e2a5-e7e0-44c4-8c33-ed6db2a7ed0a-resizable,layout.node.moved,"{'nodeId': 'instance-c268e2a5-e7e0-44c4-8c33-ed6db2a7ed0a-resizable', 'newPos': {'x': 274, 'y': 159}, 'session_id': 'c8a11a37-2a2a-4691-84d9-7d4c35c7cc61', 'user_id': 'P5'}",5
979,2000-01-01 00:24:15,instance-22c981cd-8c2b-408d-bda2-1c9405ff58ea-resizable,layout.node.moved,"{'nodeId': 'instance-22c981cd-8c2b-408d-bda2-1c9405ff58ea-resizable', 'newPos': {'x': 277, 'y': 324}, 'session_id': 'c8a11a37-2a2a-4691-84d9-7d4c35c7cc61', 'user_id': 'P5'}",5
980,2000-01-01 00:24:17,instance-b3ff8f32-a1d6-44e2-bc26-cb8607b96358-resizable,layout.node.moved,"{'nodeId': 'instance-b3ff8f32-a1d6-44e2-bc26-cb8607b96358-resizable', 'newPos': {'x': 59.671875, 'y': 175}, 'session_id': 'c8a11a37-2a2a-4691-84d9-7d4c35c7cc61', 'user_id': 'P5'}",5
981,2000-01-01 00:24:22,instance-a16c549c-50c7-4ef8-8736-1d6147914186,instance.deleted,"{'instance_id': 'instance-a16c549c-50c7-4ef8-8736-1d6147914186', 'instance_label': 'bulb', 'is_from_class': False, 'class_id': None, 'session_id': 'c8a11a37-2a2a-4691-84d9-7d4c35c7cc61', 'user_id': 'P5'}",5
982,2000-01-01 00:24:25,,layout_board.new_box_positioned,"{'position': {'x': 432.671875, 'y': 297}, 'screen_position': {'x': 492, 'y': 320}, 'board_type': 'advanced', 'session_id': 'c8a11a37-2a2a-4691-84d9-7d4c35c7cc61', 'user_id': 'P5'}",5
983,2000-01-01 00:24:30,instance-c63c5fe0-9b23-4f2c-9b70-a26d60619cdb-resizable,layout.node.moved,"{'nodeId': 'instance-c63c5fe0-9b23-4f2c-9b70-a26d60619cdb-resizable', 'newPos': {'x': 270.671875, 'y': 268}, 'session_id': 'c8a11a37-2a2a-4691-84d9-7d4c35c7cc61', 'user_id': 'P5'}",5
984,2000-01-01 00:24:31,instance-c268e2a5-e7e0-44c4-8c33-ed6db2a7ed0a-resizable,layout.node.moved,"{'nodeId': 'instance-c268e2a5-e7e0-44c4-8c33-ed6db2a7ed0a-resizable', 'newPos': {'x': 345, 'y': 172}, 'session_id': 'c8a11a37-2a2a-4691-84d9-7d4c35c7cc61', 'user_id': 'P5'}",5
985,2000-01-01 00:24:33,instance-22c981cd-8c2b-408d-bda2-1c9405ff58ea-resizable,layout.node.moved,"{'nodeId': 'instance-22c981cd-8c2b-408d-bda2-1c9405ff58ea-resizable', 'newPos': {'x': 329, 'y': 325}, 'session_id': 'c8a11a37-2a2a-4691-84d9-7d4c35c7cc61', 'user_id': 'P5'}",5
986,2000-01-01 00:24:35,instance-c63c5fe0-9b23-4f2c-9b70-a26d60619cdb-resizable,layout.node.moved,"{'nodeId': 'instance-c63c5fe0-9b23-4f2c-9b70-a26d60619cdb-resizable', 'newPos': {'x': 287.671875, 'y': 319}, 'session_id': 'c8a11a37-2a2a-4691-84d9-7d4c35c7cc61', 'user_id': 'P5'}",5
987,2000-01-01 00:25:14,,api.generate_image.succeeded,"{'global_caption': 'a scene featuring a smiling cute yellow rabbit with an animated style in the forest, a serious cute black rabbit with an animated character style in the forest, a cute crying white rabbit wearing a blue jacket in the forest with an animated character, and a light bulb', 'region_count': 4, 'has_image': True, 'detected_objects_count': 0, 'image_path': 'output/P5/2025-08-30_00-25-13/image.png', 'image_with_layout_path': 'output/P5/2025-08-30_00-25-13/image_with_layout.png', 'timestamp_dir': 'output/P5/2025-08-30_00-25-13', 'session_id': 'c8a11a37-2a2a-4691-84d9-7d4c35c7cc61', 'user_id': 'P5'}",5
988,2000-01-01 00:25:23,,scene_saved,"{'slotNumber': 4, 'instanceCount': 4, 'nodeCount': 8, 'edgeCount': 0, 'session_id': 'c8a11a37-2a2a-4691-84d9-7d4c35c7cc61', 'user_id': 'P5'}",5
989,2000-01-01 00:25:36,instance-c63c5fe0-9b23-4f2c-9b70-a26d60619cdb,instance.deleted,"{'instance_id': 'instance-c63c5fe0-9b23-4f2c-9b70-a26d60619cdb', 'instance_label': 'bulb', 'is_from_class': False, 'class_id': None, 'session_id': 'c8a11a37-2a2a-4691-84d9-7d4c35c7cc61', 'user_id': 'P5'}",5
990,2000-01-01 00:25:44,instance-22c981cd-8c2b-408d-bda2-1c9405ff58ea,instance.save,"{'instance_id': 'instance-22c981cd-8c2b-408d-bda2-1c9405ff58ea', 'session_id': 'c8a11a37-2a2a-4691-84d9-7d4c35c7cc61', 'user_id': 'P5'}",5
991,2000-01-01 00:25:48,instance-22c981cd-8c2b-408d-bda2-1c9405ff58ea,instance.updated,"{'instance_id': 'instance-22c981cd-8c2b-408d-bda2-1c9405ff58ea', 'instance_label': 'rabbit', 'text_changed': True, 'graph_changed': False, 'session_id': 'c8a11a37-2a2a-4691-84d9-7d4c35c7cc61', 'user_id': 'P5'}",5
992,2000-01-01 00:25:58,instance-c268e2a5-e7e0-44c4-8c33-ed6db2a7ed0a,instance.save,"{'instance_id': 'instance-c268e2a5-e7e0-44c4-8c33-ed6db2a7ed0a', 'session_id': 'c8a11a37-2a2a-4691-84d9-7d4c35c7cc61', 'user_id': 'P5'}",5
993,2000-01-01 00:26:02,instance-c268e2a5-e7e0-44c4-8c33-ed6db2a7ed0a,instance.updated,"{'instance_id': 'instance-c268e2a5-e7e0-44c4-8c33-ed6db2a7ed0a', 'instance_label': 'rabbit', 'text_changed': True, 'graph_changed': False, 'session_id': 'c8a11a37-2a2a-4691-84d9-7d4c35c7cc61', 'user_id': 'P5'}",5
994,2000-01-01 00:26:51,instance-b3ff8f32-a1d6-44e2-bc26-cb8607b96358-resizable,layoutboard.node.resizable.resized,"{'nodeId': 'instance-b3ff8f32-a1d6-44e2-bc26-cb8607b96358-resizable', 'prevSize': {'width': 174, 'height': 272}, 'newSize': {'width': 180, 'height': 299}, 'delta': {'width': 6, 'height': 27}, 'linkedSizeNodeIds': [], 'session_id': 'c8a11a37-2a2a-4691-84d9-7d4c35c7cc61', 'user_id': 'P5'}",5
995,2000-01-01 00:26:52,instance-c268e2a5-e7e0-44c4-8c33-ed6db2a7ed0a-resizable,layout.node.moved,"{'nodeId': 'instance-c268e2a5-e7e0-44c4-8c33-ed6db2a7ed0a-resizable', 'newPos': {'x': 259, 'y': 183}, 'session_id': 'c8a11a37-2a2a-4691-84d9-7d4c35c7cc61', 'user_id': 'P5'}",5
996,2000-01-01 00:26:54,instance-c268e2a5-e7e0-44c4-8c33-ed6db2a7ed0a-resizable,layoutboard.node.resizable.resized,"{'nodeId': 'instance-c268e2a5-e7e0-44c4-8c33-ed6db2a7ed0a-resizable', 'prevSize': {'width': 79, 'height': 141}, 'newSize': {'width': 95, 'height': 164}, 'delta': {'width': 16, 'height': 23}, 'linkedSizeNodeIds': [], 'session_id': 'c8a11a37-2a2a-4691-84d9-7d4c35c7cc61', 'user_id': 'P5'}",5
997,2000-01-01 00:26:56,instance-22c981cd-8c2b-408d-bda2-1c9405ff58ea-resizable,layout.node.moved,"{'nodeId': 'instance-22c981cd-8c2b-408d-bda2-1c9405ff58ea-resizable', 'newPos': {'x': 344, 'y': 325}, 'session_id': 'c8a11a37-2a2a-4691-84d9-7d4c35c7cc61', 'user_id': 'P5'}",5
998,2000-01-01 00:27:14,instance-b3ff8f32-a1d6-44e2-bc26-cb8607b96358,instance.save,"{'instance_id': 'instance-b3ff8f32-a1d6-44e2-bc26-cb8607b96358', 'session_id': 'c8a11a37-2a2a-4691-84d9-7d4c35c7cc61', 'user_id': 'P5'}",5
999,2000-01-01 00:27:15,instance-b3ff8f32-a1d6-44e2-bc26-cb8607b96358,instance.updated,"{'instance_id': 'instance-b3ff8f32-a1d6-44e2-bc26-cb8607b96358', 'instance_label': 'rabbit', 'text_changed': False, 'graph_changed': True, 'session_id': 'c8a11a37-2a2a-4691-84d9-7d4c35c7cc61', 'user_id': 'P5'}",5
1000,2000-01-01 00:27:46,,api.generate_image.succeeded,"{'global_caption': 'a scene featuring a running smiling cute yellow rabbit with an animated style in the forest, a running smiling cute black rabbit with an animated character style in the forest, and a cute crying white rabbit wearing a torn and muddy blue jacket in the forest with an animated character', 'region_count': 3, 'has_image': True, 'detected_objects_count': 0, 'image_path': 'output/P5/2025-08-30_00-27-45/image.png', 'image_with_layout_path': 'output/P5/2025-08-30_00-27-45/image_with_layout.png', 'timestamp_dir': 'output/P5/2025-08-30_00-27-45', 'session_id': 'c8a11a37-2a2a-4691-84d9-7d4c35c7cc61', 'user_id': 'P5'}",5
1001,2000-01-01 00:28:07,instance-b3ff8f32-a1d6-44e2-bc26-cb8607b96358,instance.save,"{'instance_id': 'instance-b3ff8f32-a1d6-44e2-bc26-cb8607b96358', 'session_id': 'c8a11a37-2a2a-4691-84d9-7d4c35c7cc61', 'user_id': 'P5'}",5
1002,2000-01-01 00:28:10,instance-22c981cd-8c2b-408d-bda2-1c9405ff58ea-resizable,layout.node.moved,"{'nodeId': 'instance-22c981cd-8c2b-408d-bda2-1c9405ff58ea-resizable', 'newPos': {'x': 378, 'y': 235}, 'session_id': 'c8a11a37-2a2a-4691-84d9-7d4c35c7cc61', 'user_id': 'P5'}",5
1003,2000-01-01 00:28:12,instance-b3ff8f32-a1d6-44e2-bc26-cb8607b96358,instance.updated,"{'instance_id': 'instance-b3ff8f32-a1d6-44e2-bc26-cb8607b96358', 'instance_label': 'rabbit', 'text_changed': True, 'graph_changed': False, 'session_id': 'c8a11a37-2a2a-4691-84d9-7d4c35c7cc61', 'user_id': 'P5'}",5
1004,2000-01-01 00:28:13,instance-c268e2a5-e7e0-44c4-8c33-ed6db2a7ed0a-resizable,layoutboard.node.resizable.resized,"{'nodeId': 'instance-c268e2a5-e7e0-44c4-8c33-ed6db2a7ed0a-resizable', 'prevSize': {'width': 79, 'height': 141}, 'newSize': {'width': 97, 'height': 219}, 'delta': {'width': 18, 'height': 78}, 'linkedSizeNodeIds': [], 'session_id': 'c8a11a37-2a2a-4691-84d9-7d4c35c7cc61', 'user_id': 'P5'}",5
1005,2000-01-01 00:28:14,instance-22c981cd-8c2b-408d-bda2-1c9405ff58ea-resizable,layout.node.moved,"{'nodeId': 'instance-22c981cd-8c2b-408d-bda2-1c9405ff58ea-resizable', 'newPos': {'x': 378, 'y': 190}, 'session_id': 'c8a11a37-2a2a-4691-84d9-7d4c35c7cc61', 'user_id': 'P5'}",5
1006,2000-01-01 00:28:16,instance-22c981cd-8c2b-408d-bda2-1c9405ff58ea-resizable,layoutboard.node.resizable.resized,"{'nodeId': 'instance-22c981cd-8c2b-408d-bda2-1c9405ff58ea-resizable', 'prevSize': {'width': 101, 'height': 145}, 'newSize': {'width': 116, 'height': 208}, 'delta': {'width': 15, 'height': 63}, 'linkedSizeNodeIds': [], 'session_id': 'c8a11a37-2a2a-4691-84d9-7d4c35c7cc61', 'user_id': 'P5'}",5
1007,2000-01-01 00:28:17,instance-22c981cd-8c2b-408d-bda2-1c9405ff58ea-resizable,layout.node.moved,"{'nodeId': 'instance-22c981cd-8c2b-408d-bda2-1c9405ff58ea-resizable', 'newPos': {'x': 378, 'y': 167}, 'session_id': 'c8a11a37-2a2a-4691-84d9-7d4c35c7cc61', 'user_id': 'P5'}",5
1008,2000-01-01 00:28:18,instance-b3ff8f32-a1d6-44e2-bc26-cb8607b96358-resizable,layout.node.moved,"{'nodeId': 'instance-b3ff8f32-a1d6-44e2-bc26-cb8607b96358-resizable', 'newPos': {'x': 38.671875, 'y': 177}, 'session_id': 'c8a11a37-2a2a-4691-84d9-7d4c35c7cc61', 'user_id': 'P5'}",5
1009,2000-01-01 00:28:19,instance-c268e2a5-e7e0-44c4-8c33-ed6db2a7ed0a-resizable,layout.node.moved,"{'nodeId': 'instance-c268e2a5-e7e0-44c4-8c33-ed6db2a7ed0a-resizable', 'newPos': {'x': 258, 'y': 181}, 'session_id': 'c8a11a37-2a2a-4691-84d9-7d4c35c7cc61', 'user_id': 'P5'}",5
1010,2000-01-01 00:28:20,instance-22c981cd-8c2b-408d-bda2-1c9405ff58ea-resizable,layout.node.moved,"{'nodeId': 'instance-22c981cd-8c2b-408d-bda2-1c9405ff58ea-resizable', 'newPos': {'x': 377, 'y': 160}, 'session_id': 'c8a11a37-2a2a-4691-84d9-7d4c35c7cc61', 'user_id': 'P5'}",5
1011,2000-01-01 00:28:45,,api.generate_image.succeeded,"{'global_caption': 'a scene featuring a running smiling cute yellow rabbit with an animated style in the forest, a running smiling cute black rabbit with an animated character style in the forest, and a cute smiling white rabbit wearing a torn and muddy blue jacket in the forest with an animated character', 'region_count': 3, 'has_image': True, 'detected_objects_count': 0, 'image_path': 'output/P5/2025-08-30_00-28-45/image.png', 'image_with_layout_path': 'output/P5/2025-08-30_00-28-45/image_with_layout.png', 'timestamp_dir': 'output/P5/2025-08-30_00-28-45', 'session_id': 'c8a11a37-2a2a-4691-84d9-7d4c35c7cc61', 'user_id': 'P5'}",5
1012,2000-01-01 00:29:19,instance-b3ff8f32-a1d6-44e2-bc26-cb8607b96358,instance.save,"{'instance_id': 'instance-b3ff8f32-a1d6-44e2-bc26-cb8607b96358', 'session_id': 'c8a11a37-2a2a-4691-84d9-7d4c35c7cc61', 'user_id': 'P5'}",5
1013,2000-01-01 00:29:20,instance-b3ff8f32-a1d6-44e2-bc26-cb8607b96358,instance.updated,"{'instance_id': 'instance-b3ff8f32-a1d6-44e2-bc26-cb8607b96358', 'instance_label': 'rabbit', 'text_changed': False, 'graph_changed': True, 'session_id': 'c8a11a37-2a2a-4691-84d9-7d4c35c7cc61', 'user_id': 'P5'}",5
1014,2000-01-01 00:29:46,,api.generate_image.succeeded,"{'global_caption': 'a scene featuring a running smiling cute yellow rabbit with an animated style in the forest, a running smiling cute black rabbit with an animated character style in the forest, and a cute smiling white rabbit wearing a torn, muddy, and dirty blue jacket in the forest with an animated character', 'region_count': 3, 'has_image': True, 'detected_objects_count': 0, 'image_path': 'output/P5/2025-08-30_00-29-45/image.png', 'image_with_layout_path': 'output/P5/2025-08-30_00-29-45/image_with_layout.png', 'timestamp_dir': 'output/P5/2025-08-30_00-29-45', 'session_id': 'c8a11a37-2a2a-4691-84d9-7d4c35c7cc61', 'user_id': 'P5'}",5
1015,2000-01-01 00:29:52,,scene_saved,"{'slotNumber': 5, 'instanceCount': 3, 'nodeCount': 6, 'edgeCount': 0, 'session_id': 'c8a11a37-2a2a-4691-84d9-7d4c35c7cc61', 'user_id': 'P5'}",5
1016,2000-01-01 00:30:34,instance-22c981cd-8c2b-408d-bda2-1c9405ff58ea,instance.save,"{'instance_id': 'instance-22c981cd-8c2b-408d-bda2-1c9405ff58ea', 'session_id': 'c8a11a37-2a2a-4691-84d9-7d4c35c7cc61', 'user_id': 'P5'}",5
1017,2000-01-01 00:30:38,instance-22c981cd-8c2b-408d-bda2-1c9405ff58ea,instance.updated,"{'instance_id': 'instance-22c981cd-8c2b-408d-bda2-1c9405ff58ea', 'instance_label': 'rabbit', 'text_changed': True, 'graph_changed': False, 'session_id': 'c8a11a37-2a2a-4691-84d9-7d4c35c7cc61', 'user_id': 'P5'}",5
1018,2000-01-01 00:30:42,instance-22c981cd-8c2b-408d-bda2-1c9405ff58ea-resizable,layout.node.moved,"{'nodeId': 'instance-22c981cd-8c2b-408d-bda2-1c9405ff58ea-resizable', 'newPos': {'x': 182, 'y': 179}, 'session_id': 'c8a11a37-2a2a-4691-84d9-7d4c35c7cc61', 'user_id': 'P5'}",5
1019,2000-01-01 00:30:43,instance-b3ff8f32-a1d6-44e2-bc26-cb8607b96358-resizable,layout.node.moved,"{'nodeId': 'instance-b3ff8f32-a1d6-44e2-bc26-cb8607b96358-resizable', 'newPos': {'x': 30.671875, 'y': 185}, 'session_id': 'c8a11a37-2a2a-4691-84d9-7d4c35c7cc61', 'user_id': 'P5'}",5
1020,2000-01-01 00:30:44,instance-c268e2a5-e7e0-44c4-8c33-ed6db2a7ed0a-resizable,layout.node.moved,"{'nodeId': 'instance-c268e2a5-e7e0-44c4-8c33-ed6db2a7ed0a-resizable', 'newPos': {'x': 281, 'y': 269}, 'session_id': 'c8a11a37-2a2a-4691-84d9-7d4c35c7cc61', 'user_id': 'P5'}",5
1021,2000-01-01 00:30:46,instance-22c981cd-8c2b-408d-bda2-1c9405ff58ea-resizable,layout.node.moved,"{'nodeId': 'instance-22c981cd-8c2b-408d-bda2-1c9405ff58ea-resizable', 'newPos': {'x': 170, 'y': 149}, 'session_id': 'c8a11a37-2a2a-4691-84d9-7d4c35c7cc61', 'user_id': 'P5'}",5
1022,2000-01-01 00:30:48,instance-c268e2a5-e7e0-44c4-8c33-ed6db2a7ed0a-resizable,layoutboard.node.resizable.resized,"{'nodeId': 'instance-c268e2a5-e7e0-44c4-8c33-ed6db2a7ed0a-resizable', 'prevSize': {'width': 79, 'height': 141}, 'newSize': {'width': 95, 'height': 104}, 'delta': {'width': 16, 'height': -37}, 'linkedSizeNodeIds': [], 'session_id': 'c8a11a37-2a2a-4691-84d9-7d4c35c7cc61', 'user_id': 'P5'}",5
1023,2000-01-01 00:30:49,instance-c268e2a5-e7e0-44c4-8c33-ed6db2a7ed0a-resizable,layout.node.moved,"{'nodeId': 'instance-c268e2a5-e7e0-44c4-8c33-ed6db2a7ed0a-resizable', 'newPos': {'x': 258, 'y': 383}, 'session_id': 'c8a11a37-2a2a-4691-84d9-7d4c35c7cc61', 'user_id': 'P5'}",5
1024,2000-01-01 00:30:56,,layout_board.new_box_positioned,"{'position': {'x': 383.671875, 'y': 147}, 'screen_position': {'x': 443, 'y': 190}, 'board_type': 'advanced', 'session_id': 'c8a11a37-2a2a-4691-84d9-7d4c35c7cc61', 'user_id': 'P5'}",5
1025,2000-01-01 00:31:01,instance-0433a57e-4192-42f4-a52b-d3b8d058810e-resizable,layoutboard.node.resizable.resized,"{'nodeId': 'instance-0433a57e-4192-42f4-a52b-d3b8d058810e-resizable', 'prevSize': {'width': 50, 'height': 50}, 'newSize': {'width': 120, 'height': 305}, 'delta': {'width': 70, 'height': 255}, 'linkedSizeNodeIds': [], 'session_id': 'c8a11a37-2a2a-4691-84d9-7d4c35c7cc61', 'user_id': 'P5'}",5
1026,2000-01-01 00:31:02,instance-0433a57e-4192-42f4-a52b-d3b8d058810e-resizable,layout.node.moved,"{'nodeId': 'instance-0433a57e-4192-42f4-a52b-d3b8d058810e-resizable', 'newPos': {'x': 335.671875, 'y': 69}, 'session_id': 'c8a11a37-2a2a-4691-84d9-7d4c35c7cc61', 'user_id': 'P5'}",5
1027,2000-01-01 00:31:04,instance-0433a57e-4192-42f4-a52b-d3b8d058810e-resizable,layoutboard.node.resizable.resized,"{'nodeId': 'instance-0433a57e-4192-42f4-a52b-d3b8d058810e-resizable', 'prevSize': {'width': 50, 'height': 50}, 'newSize': {'width': 169, 'height': 410}, 'delta': {'width': 119, 'height': 360}, 'linkedSizeNodeIds': [], 'session_id': 'c8a11a37-2a2a-4691-84d9-7d4c35c7cc61', 'user_id': 'P5'}",5
1028,2000-01-01 00:31:04,instance-0433a57e-4192-42f4-a52b-d3b8d058810e-resizable,layout.node.moved,"{'nodeId': 'instance-0433a57e-4192-42f4-a52b-d3b8d058810e-resizable', 'newPos': {'x': 335.671875, 'y': 80}, 'session_id': 'c8a11a37-2a2a-4691-84d9-7d4c35c7cc61', 'user_id': 'P5'}",5
1029,2000-01-01 00:31:08,instance-c268e2a5-e7e0-44c4-8c33-ed6db2a7ed0a-resizable,layout.node.moved,"{'nodeId': 'instance-c268e2a5-e7e0-44c4-8c33-ed6db2a7ed0a-resizable', 'newPos': {'x': 380, 'y': 32}, 'session_id': 'c8a11a37-2a2a-4691-84d9-7d4c35c7cc61', 'user_id': 'P5'}",5
1030,2000-01-01 00:31:16,instance-c268e2a5-e7e0-44c4-8c33-ed6db2a7ed0a,instance.save,"{'instance_id': 'instance-c268e2a5-e7e0-44c4-8c33-ed6db2a7ed0a', 'session_id': 'c8a11a37-2a2a-4691-84d9-7d4c35c7cc61', 'user_id': 'P5'}",5
1031,2000-01-01 00:31:21,instance-c268e2a5-e7e0-44c4-8c33-ed6db2a7ed0a,instance.updated,"{'instance_id': 'instance-c268e2a5-e7e0-44c4-8c33-ed6db2a7ed0a', 'instance_label': 'rabbit', 'text_changed': True, 'graph_changed': False, 'session_id': 'c8a11a37-2a2a-4691-84d9-7d4c35c7cc61', 'user_id': 'P5'}",5
1032,2000-01-01 00:31:26,instance-0433a57e-4192-42f4-a52b-d3b8d058810e-resizable,layout.node.moved,"{'nodeId': 'instance-0433a57e-4192-42f4-a52b-d3b8d058810e-resizable', 'newPos': {'x': 343, 'y': 102}, 'session_id': 'c8a11a37-2a2a-4691-84d9-7d4c35c7cc61', 'user_id': 'P5'}",5
1033,2000-01-01 00:31:27,instance-0433a57e-4192-42f4-a52b-d3b8d058810e-resizable,layout.node.moved,"{'nodeId': 'instance-0433a57e-4192-42f4-a52b-d3b8d058810e-resizable', 'newPos': {'x': 328, 'y': 80}, 'session_id': 'c8a11a37-2a2a-4691-84d9-7d4c35c7cc61', 'user_id': 'P5'}",5
1034,2000-01-01 00:31:30,instance-c268e2a5-e7e0-44c4-8c33-ed6db2a7ed0a,layout.node.moved,"{'nodeId': 'instance-c268e2a5-e7e0-44c4-8c33-ed6db2a7ed0a', 'newPos': {'x': 213, 'y': 307}, 'session_id': 'c8a11a37-2a2a-4691-84d9-7d4c35c7cc61', 'user_id': 'P5'}",5
1035,2000-01-01 00:31:31,instance-22c981cd-8c2b-408d-bda2-1c9405ff58ea-resizable,layout.node.moved,"{'nodeId': 'instance-22c981cd-8c2b-408d-bda2-1c9405ff58ea-resizable', 'newPos': {'x': 177, 'y': 91}, 'session_id': 'c8a11a37-2a2a-4691-84d9-7d4c35c7cc61', 'user_id': 'P5'}",5
1036,2000-01-01 00:31:32,instance-b3ff8f32-a1d6-44e2-bc26-cb8607b96358-resizable,layout.node.moved,"{'nodeId': 'instance-b3ff8f32-a1d6-44e2-bc26-cb8607b96358-resizable', 'newPos': {'x': 34.671875, 'y': 170}, 'session_id': 'c8a11a37-2a2a-4691-84d9-7d4c35c7cc61', 'user_id': 'P5'}",5
1037,2000-01-01 00:31:33,instance-c268e2a5-e7e0-44c4-8c33-ed6db2a7ed0a-resizable,layout.node.moved,"{'nodeId': 'instance-c268e2a5-e7e0-44c4-8c33-ed6db2a7ed0a-resizable', 'newPos': {'x': 198, 'y': 302}, 'session_id': 'c8a11a37-2a2a-4691-84d9-7d4c35c7cc61', 'user_id': 'P5'}",5
1038,2000-01-01 00:31:34,instance-c268e2a5-e7e0-44c4-8c33-ed6db2a7ed0a-resizable,layoutboard.node.resizable.resized,"{'nodeId': 'instance-c268e2a5-e7e0-44c4-8c33-ed6db2a7ed0a-resizable', 'prevSize': {'width': 79, 'height': 141}, 'newSize': {'width': 101, 'height': 138}, 'delta': {'width': 22, 'height': -3}, 'linkedSizeNodeIds': [], 'session_id': 'c8a11a37-2a2a-4691-84d9-7d4c35c7cc61', 'user_id': 'P5'}",5
1039,2000-01-01 00:31:47,instance-c268e2a5-e7e0-44c4-8c33-ed6db2a7ed0a,instance.save,"{'instance_id': 'instance-c268e2a5-e7e0-44c4-8c33-ed6db2a7ed0a', 'session_id': 'c8a11a37-2a2a-4691-84d9-7d4c35c7cc61', 'user_id': 'P5'}",5
1040,2000-01-01 00:31:48,instance-c268e2a5-e7e0-44c4-8c33-ed6db2a7ed0a,instance.updated,"{'instance_id': 'instance-c268e2a5-e7e0-44c4-8c33-ed6db2a7ed0a', 'instance_label': 'rabbit', 'text_changed': False, 'graph_changed': True, 'session_id': 'c8a11a37-2a2a-4691-84d9-7d4c35c7cc61', 'user_id': 'P5'}",5
1041,2000-01-01 00:31:53,,layout_board.new_box_positioned,"{'position': {'x': 440.671875, 'y': 53}, 'screen_position': {'x': 500, 'y': 76}, 'board_type': 'advanced', 'session_id': 'c8a11a37-2a2a-4691-84d9-7d4c35c7cc61', 'user_id': 'P5'}",5
1042,2000-01-01 00:32:02,instance-96f7195a-d962-4b96-a6b4-4fbab5eff06c-resizable,layoutboard.node.resizable.resized,"{'nodeId': 'instance-96f7195a-d962-4b96-a6b4-4fbab5eff06c-resizable', 'prevSize': {'width': 50, 'height': 50}, 'newSize': {'width': 50, 'height': 85}, 'delta': {'width': 0, 'height': 35}, 'linkedSizeNodeIds': [], 'session_id': 'c8a11a37-2a2a-4691-84d9-7d4c35c7cc61', 'user_id': 'P5'}",5
1043,2000-01-01 00:32:03,instance-96f7195a-d962-4b96-a6b4-4fbab5eff06c-resizable,layout.node.moved,"{'nodeId': 'instance-96f7195a-d962-4b96-a6b4-4fbab5eff06c-resizable', 'newPos': {'x': 414.671875, 'y': 53}, 'session_id': 'c8a11a37-2a2a-4691-84d9-7d4c35c7cc61', 'user_id': 'P5'}",5
1044,2000-01-01 00:32:10,instance-96f7195a-d962-4b96-a6b4-4fbab5eff06c-resizable,layoutboard.node.resizable.resized,"{'nodeId': 'instance-96f7195a-d962-4b96-a6b4-4fbab5eff06c-resizable', 'prevSize': {'width': 50, 'height': 50}, 'newSize': {'width': 73, 'height': 78}, 'delta': {'width': 23, 'height': 28}, 'linkedSizeNodeIds': [], 'session_id': 'c8a11a37-2a2a-4691-84d9-7d4c35c7cc61', 'user_id': 'P5'}",5
1045,2000-01-01 00:32:20,instance-96f7195a-d962-4b96-a6b4-4fbab5eff06c-resizable,layout.node.moved,"{'nodeId': 'instance-96f7195a-d962-4b96-a6b4-4fbab5eff06c-resizable', 'newPos': {'x': 327.671875, 'y': 42}, 'session_id': 'c8a11a37-2a2a-4691-84d9-7d4c35c7cc61', 'user_id': 'P5'}",5
1046,2000-01-01 00:32:33,instance-96f7195a-d962-4b96-a6b4-4fbab5eff06c,layout.node.moved,"{'nodeId': 'instance-96f7195a-d962-4b96-a6b4-4fbab5eff06c', 'newPos': {'x': 392, 'y': 20}, 'session_id': 'c8a11a37-2a2a-4691-84d9-7d4c35c7cc61', 'user_id': 'P5'}",5
1047,2000-01-01 00:33:00,,relationship_node.created,"{'relationship_id': 'instance-837d9423-a5a2-4bc1-8da2-6f0f75c74db7->object3:looking at', 'sourceId': 'instance-837d9423-a5a2-4bc1-8da2-6f0f75c74db7', 'targetId': 'object3', 'relation': 'looking at', 'video_time': '44:20'}",5
1048,2000-01-01 00:33:06,,relationship_node.created,"{'relationship_id': 'instance-837d9423-a5a2-4bc1-8da2-6f0f75c74db7->object3:pointing at', 'sourceId': 'instance-837d9423-a5a2-4bc1-8da2-6f0f75c74db7', 'targetId': 'object3', 'relation': 'pointing at', 'video_time': '44:26'}",5
1049,2000-01-01 00:33:24,,relationship_node.created,"{'relationship_id': 'instance-837d9423-a5a2-4bc1-8da2-6f0f75c74db7->object3:looking at', 'sourceId': 'instance-837d9423-a5a2-4bc1-8da2-6f0f75c74db7', 'targetId': 'object3', 'relation': 'looking at', 'video_time': '44:44'}",5
1050,2000-01-01 00:33:57,,api.generate_image.succeeded,"{'global_caption': 'a scene featuring a smiling cute yellow rabbit with an animated style in the forest pointing at a tree, a running smiling cute black rabbit with an animated character style looking at a tree in the forest, a cute smiling white rabbit wearing a torn, muddy, and dirty blue jacket in the forest looking at a tree, a big tree with a balloon related to the tree, and a red balloon on the tree.', 'region_count': 5, 'has_image': True, 'detected_objects_count': 0, 'image_path': 'output/P5/2025-08-30_00-33-57/image.png', 'image_with_layout_path': 'output/P5/2025-08-30_00-33-57/image_with_layout.png', 'timestamp_dir': 'output/P5/2025-08-30_00-33-57', 'session_id': 'c8a11a37-2a2a-4691-84d9-7d4c35c7cc61', 'user_id': 'P5'}",5
1051,2000-01-01 00:34:29,instance-96f7195a-d962-4b96-a6b4-4fbab5eff06c,layout.node.moved,"{'nodeId': 'instance-96f7195a-d962-4b96-a6b4-4fbab5eff06c', 'newPos': {'x': 392, 'y': 18}, 'session_id': 'c8a11a37-2a2a-4691-84d9-7d4c35c7cc61', 'user_id': 'P5'}",5
1052,2000-01-01 00:34:34,instance-c268e2a5-e7e0-44c4-8c33-ed6db2a7ed0a-resizable,layout.node.moved,"{'nodeId': 'instance-c268e2a5-e7e0-44c4-8c33-ed6db2a7ed0a-resizable', 'newPos': {'x': 206, 'y': 326}, 'session_id': 'c8a11a37-2a2a-4691-84d9-7d4c35c7cc61', 'user_id': 'P5'}",5
1053,2000-01-01 00:34:36,instance-22c981cd-8c2b-408d-bda2-1c9405ff58ea-resizable,layout.node.moved,"{'nodeId': 'instance-22c981cd-8c2b-408d-bda2-1c9405ff58ea-resizable', 'newPos': {'x': 179, 'y': 83}, 'session_id': 'c8a11a37-2a2a-4691-84d9-7d4c35c7cc61', 'user_id': 'P5'}",5
1054,2000-01-01 00:35:09,,api.generate_image.succeeded,"{'global_caption': 'a scene featuring a smiling cute yellow rabbit with an animated style in the forest pointing at a tree, a running smiling cute black rabbit with an animated character style looking at a tree in the forest, a cute smiling white rabbit wearing a torn, muddy, and dirty blue jacket in the forest looking at a tree, a big tree with a balloon related to the tree, and a red balloon on the tree.', 'region_count': 5, 'has_image': True, 'detected_objects_count': 0, 'image_path': 'output/P5/2025-08-30_00-35-09/image.png', 'image_with_layout_path': 'output/P5/2025-08-30_00-35-09/image_with_layout.png', 'timestamp_dir': 'output/P5/2025-08-30_00-35-09', 'session_id': 'c8a11a37-2a2a-4691-84d9-7d4c35c7cc61', 'user_id': 'P5'}",5
1055,2000-01-01 00:35:50,,api.generate_image.succeeded,"{'global_caption': 'a scene featuring a smiling cute yellow rabbit with an animated style in the forest pointing at a tree, a running smiling cute black rabbit with an animated character style looking at a tree in the forest, a cute smiling white rabbit wearing a torn, muddy, and dirty blue jacket in the forest looking at a tree, a big tree with a tree-related balloon, and a red balloon on the tree.', 'region_count': 5, 'has_image': True, 'detected_objects_count': 0, 'image_path': 'output/P5/2025-08-30_00-35-50/image.png', 'image_with_layout_path': 'output/P5/2025-08-30_00-35-50/image_with_layout.png', 'timestamp_dir': 'output/P5/2025-08-30_00-35-50', 'session_id': 'c8a11a37-2a2a-4691-84d9-7d4c35c7cc61', 'user_id': 'P5'}",5
1056,2000-01-01 00:36:13,,scene_saved,"{'slotNumber': 6, 'instanceCount': 5, 'nodeCount': 10, 'edgeCount': 4, 'session_id': 'c8a11a37-2a2a-4691-84d9-7d4c35c7cc61', 'user_id': 'P5'}",5
1057,2000-01-01 00:36:29,instance-0433a57e-4192-42f4-a52b-d3b8d058810e-resizable,layout.node.moved,"{'nodeId': 'instance-0433a57e-4192-42f4-a52b-d3b8d058810e-resizable', 'newPos': {'x': 157, 'y': 30}, 'session_id': 'c8a11a37-2a2a-4691-84d9-7d4c35c7cc61', 'user_id': 'P5'}",5
1058,2000-01-01 00:36:33,instance-96f7195a-d962-4b96-a6b4-4fbab5eff06c-resizable,layout.node.moved,"{'nodeId': 'instance-96f7195a-d962-4b96-a6b4-4fbab5eff06c-resizable', 'newPos': {'x': 371, 'y': 122}, 'session_id': 'c8a11a37-2a2a-4691-84d9-7d4c35c7cc61', 'user_id': 'P5'}",5
1059,2000-01-01 00:36:36,instance-96f7195a-d962-4b96-a6b4-4fbab5eff06c-resizable,layout.node.moved,"{'nodeId': 'instance-96f7195a-d962-4b96-a6b4-4fbab5eff06c-resizable', 'newPos': {'x': 439, 'y': 179}, 'session_id': 'c8a11a37-2a2a-4691-84d9-7d4c35c7cc61', 'user_id': 'P5'}",5
1060,2000-01-01 00:36:38,,relationship_node.deleted,"{'relationship_id': 'instance-0433a57e-4192-42f4-a52b-d3b8d058810e-instance-96f7195a-d962-4b96-a6b4-4fbab5eff06c', 'source_object_id': 'instance-0433a57e-4192-42f4-a52b-d3b8d058810e', 'target_object_id': 'instance-96f7195a-d962-4b96-a6b4-4fbab5eff06c', 'relation': 'related', 'source_object_name': 'tree', 'target_object_name': 'balloon', 'session_id': 'c8a11a37-2a2a-4691-84d9-7d4c35c7cc61', 'user_id': 'P5'}",5
1061,2000-01-01 00:36:40,instance-0433a57e-4192-42f4-a52b-d3b8d058810e-resizable,layout.node.moved,"{'nodeId': 'instance-0433a57e-4192-42f4-a52b-d3b8d058810e-resizable', 'newPos': {'x': 319, 'y': 39}, 'session_id': 'c8a11a37-2a2a-4691-84d9-7d4c35c7cc61', 'user_id': 'P5'}",5
1062,2000-01-01 00:36:41,instance-0433a57e-4192-42f4-a52b-d3b8d058810e-resizable,layout.node.moved,"{'nodeId': 'instance-0433a57e-4192-42f4-a52b-d3b8d058810e-resizable', 'newPos': {'x': 343, 'y': 39}, 'session_id': 'c8a11a37-2a2a-4691-84d9-7d4c35c7cc61', 'user_id': 'P5'}",5
1063,2000-01-01 00:36:47,instance-c268e2a5-e7e0-44c4-8c33-ed6db2a7ed0a-resizable,layout.node.moved,"{'nodeId': 'instance-c268e2a5-e7e0-44c4-8c33-ed6db2a7ed0a-resizable', 'newPos': {'x': 42, 'y': 290}, 'session_id': 'c8a11a37-2a2a-4691-84d9-7d4c35c7cc61', 'user_id': 'P5'}",5
1064,2000-01-01 00:36:52,instance-22c981cd-8c2b-408d-bda2-1c9405ff58ea-resizable,layout.node.moved,"{'nodeId': 'instance-22c981cd-8c2b-408d-bda2-1c9405ff58ea-resizable', 'newPos': {'x': 278, 'y': 282}, 'session_id': 'c8a11a37-2a2a-4691-84d9-7d4c35c7cc61', 'user_id': 'P5'}",5
1065,2000-01-01 00:36:53,,relationship_node.deleted,"{'relationship_id': 'instance-c268e2a5-e7e0-44c4-8c33-ed6db2a7ed0a-instance-0433a57e-4192-42f4-a52b-d3b8d058810e', 'source_object_id': 'instance-c268e2a5-e7e0-44c4-8c33-ed6db2a7ed0a', 'target_object_id': 'instance-0433a57e-4192-42f4-a52b-d3b8d058810e', 'relation': 'looking at', 'source_object_name': 'rabbit', 'target_object_name': 'tree', 'session_id': 'c8a11a37-2a2a-4691-84d9-7d4c35c7cc61', 'user_id': 'P5'}",5
1066,2000-01-01 00:36:54,,relationship_node.deleted,"{'relationship_id': 'instance-b3ff8f32-a1d6-44e2-bc26-cb8607b96358-instance-0433a57e-4192-42f4-a52b-d3b8d058810e', 'source_object_id': 'instance-b3ff8f32-a1d6-44e2-bc26-cb8607b96358', 'target_object_id': 'instance-0433a57e-4192-42f4-a52b-d3b8d058810e', 'relation': 'looking at', 'source_object_name': 'rabbit', 'target_object_name': 'tree', 'session_id': 'c8a11a37-2a2a-4691-84d9-7d4c35c7cc61', 'user_id': 'P5'}",5
1067,2000-01-01 00:36:56,instance-b3ff8f32-a1d6-44e2-bc26-cb8607b96358-resizable,layout.node.moved,"{'nodeId': 'instance-b3ff8f32-a1d6-44e2-bc26-cb8607b96358-resizable', 'newPos': {'x': 11.671875, 'y': 162}, 'session_id': 'c8a11a37-2a2a-4691-84d9-7d4c35c7cc61', 'user_id': 'P5'}",5
1068,2000-01-01 00:36:57,instance-b3ff8f32-a1d6-44e2-bc26-cb8607b96358-resizable,layout.node.moved,"{'nodeId': 'instance-b3ff8f32-a1d6-44e2-bc26-cb8607b96358-resizable', 'newPos': {'x': 198.671875, 'y': 91}, 'session_id': 'c8a11a37-2a2a-4691-84d9-7d4c35c7cc61', 'user_id': 'P5'}",5
1069,2000-01-01 00:36:58,instance-c268e2a5-e7e0-44c4-8c33-ed6db2a7ed0a-resizable,layout.node.moved,"{'nodeId': 'instance-c268e2a5-e7e0-44c4-8c33-ed6db2a7ed0a-resizable', 'newPos': {'x': 282, 'y': 295}, 'session_id': 'c8a11a37-2a2a-4691-84d9-7d4c35c7cc61', 'user_id': 'P5'}",5
1070,2000-01-01 00:36:59,instance-b3ff8f32-a1d6-44e2-bc26-cb8607b96358-resizable,layout.node.moved,"{'nodeId': 'instance-b3ff8f32-a1d6-44e2-bc26-cb8607b96358-resizable', 'newPos': {'x': 26.671875, 'y': 142}, 'session_id': 'c8a11a37-2a2a-4691-84d9-7d4c35c7cc61', 'user_id': 'P5'}",5
1071,2000-01-01 00:37:02,instance-b3ff8f32-a1d6-44e2-bc26-cb8607b96358-resizable,layoutboard.node.resizable.resized,"{'nodeId': 'instance-b3ff8f32-a1d6-44e2-bc26-cb8607b96358-resizable', 'prevSize': {'width': 174, 'height': 272}, 'newSize': {'width': 136, 'height': 264}, 'delta': {'width': -38, 'height': -8}, 'linkedSizeNodeIds': [], 'session_id': 'c8a11a37-2a2a-4691-84d9-7d4c35c7cc61', 'user_id': 'P5'}",5
1072,2000-01-01 00:37:03,instance-0433a57e-4192-42f4-a52b-d3b8d058810e-resizable,layout.node.moved,"{'nodeId': 'instance-0433a57e-4192-42f4-a52b-d3b8d058810e-resizable', 'newPos': {'x': 151, 'y': 37}, 'session_id': 'c8a11a37-2a2a-4691-84d9-7d4c35c7cc61', 'user_id': 'P5'}",5
1073,2000-01-01 00:37:05,instance-0433a57e-4192-42f4-a52b-d3b8d058810e-resizable,layout.node.moved,"{'nodeId': 'instance-0433a57e-4192-42f4-a52b-d3b8d058810e-resizable', 'newPos': {'x': 33, 'y': 56}, 'session_id': 'c8a11a37-2a2a-4691-84d9-7d4c35c7cc61', 'user_id': 'P5'}",5
1074,2000-01-01 00:37:06,,relationship_node.deleted,"{'relationship_id': 'instance-22c981cd-8c2b-408d-bda2-1c9405ff58ea-instance-0433a57e-4192-42f4-a52b-d3b8d058810e', 'source_object_id': 'instance-22c981cd-8c2b-408d-bda2-1c9405ff58ea', 'target_object_id': 'instance-0433a57e-4192-42f4-a52b-d3b8d058810e', 'relation': 'pointing at', 'source_object_name': 'rabbit', 'target_object_name': 'tree', 'session_id': 'c8a11a37-2a2a-4691-84d9-7d4c35c7cc61', 'user_id': 'P5'}",5
1075,2000-01-01 00:37:07,instance-c268e2a5-e7e0-44c4-8c33-ed6db2a7ed0a-resizable,layout.node.moved,"{'nodeId': 'instance-c268e2a5-e7e0-44c4-8c33-ed6db2a7ed0a-resizable', 'newPos': {'x': 386, 'y': 281}, 'session_id': 'c8a11a37-2a2a-4691-84d9-7d4c35c7cc61', 'user_id': 'P5'}",5
1076,2000-01-01 00:37:08,instance-22c981cd-8c2b-408d-bda2-1c9405ff58ea-resizable,layout.node.moved,"{'nodeId': 'instance-22c981cd-8c2b-408d-bda2-1c9405ff58ea-resizable', 'newPos': {'x': 292, 'y': 241}, 'session_id': 'c8a11a37-2a2a-4691-84d9-7d4c35c7cc61', 'user_id': 'P5'}",5
1077,2000-01-01 00:37:08,instance-c268e2a5-e7e0-44c4-8c33-ed6db2a7ed0a-resizable,layout.node.moved,"{'nodeId': 'instance-c268e2a5-e7e0-44c4-8c33-ed6db2a7ed0a-resizable', 'newPos': {'x': 404, 'y': 281}, 'session_id': 'c8a11a37-2a2a-4691-84d9-7d4c35c7cc61', 'user_id': 'P5'}",5
1078,2000-01-01 00:37:10,instance-0433a57e-4192-42f4-a52b-d3b8d058810e-resizable,layout.node.moved,"{'nodeId': 'instance-0433a57e-4192-42f4-a52b-d3b8d058810e-resizable', 'newPos': {'x': 180, 'y': 55}, 'session_id': 'c8a11a37-2a2a-4691-84d9-7d4c35c7cc61', 'user_id': 'P5'}",5
1079,2000-01-01 00:37:12,instance-96f7195a-d962-4b96-a6b4-4fbab5eff06c-resizable,layout.node.moved,"{'nodeId': 'instance-96f7195a-d962-4b96-a6b4-4fbab5eff06c-resizable', 'newPos': {'x': 201, 'y': 31}, 'session_id': 'c8a11a37-2a2a-4691-84d9-7d4c35c7cc61', 'user_id': 'P5'}",5
1080,2000-01-01 00:37:13,instance-22c981cd-8c2b-408d-bda2-1c9405ff58ea-resizable,layout.node.moved,"{'nodeId': 'instance-22c981cd-8c2b-408d-bda2-1c9405ff58ea-resizable', 'newPos': {'x': 310, 'y': 36}, 'session_id': 'c8a11a37-2a2a-4691-84d9-7d4c35c7cc61', 'user_id': 'P5'}",5
1081,2000-01-01 00:37:15,instance-22c981cd-8c2b-408d-bda2-1c9405ff58ea-resizable,layoutboard.node.resizable.resized,"{'nodeId': 'instance-22c981cd-8c2b-408d-bda2-1c9405ff58ea-resizable', 'prevSize': {'width': 101, 'height': 145}, 'newSize': {'width': 81, 'height': 99}, 'delta': {'width': -20, 'height': -46}, 'linkedSizeNodeIds': [], 'session_id': 'c8a11a37-2a2a-4691-84d9-7d4c35c7cc61', 'user_id': 'P5'}",5
1082,2000-01-01 00:37:18,instance-22c981cd-8c2b-408d-bda2-1c9405ff58ea-resizable,layout.node.moved,"{'nodeId': 'instance-22c981cd-8c2b-408d-bda2-1c9405ff58ea-resizable', 'newPos': {'x': 284, 'y': 5}, 'session_id': 'c8a11a37-2a2a-4691-84d9-7d4c35c7cc61', 'user_id': 'P5'}",5
1083,2000-01-01 00:37:21,instance-0433a57e-4192-42f4-a52b-d3b8d058810e-resizable,layout.node.moved,"{'nodeId': 'instance-0433a57e-4192-42f4-a52b-d3b8d058810e-resizable', 'newPos': {'x': 198, 'y': 63}, 'session_id': 'c8a11a37-2a2a-4691-84d9-7d4c35c7cc61', 'user_id': 'P5'}",5
1084,2000-01-01 00:37:23,instance-96f7195a-d962-4b96-a6b4-4fbab5eff06c-resizable,layout.node.moved,"{'nodeId': 'instance-96f7195a-d962-4b96-a6b4-4fbab5eff06c-resizable', 'newPos': {'x': 196, 'y': 20}, 'session_id': 'c8a11a37-2a2a-4691-84d9-7d4c35c7cc61', 'user_id': 'P5'}",5
1085,2000-01-01 00:37:24,instance-c268e2a5-e7e0-44c4-8c33-ed6db2a7ed0a-resizable,layout.node.moved,"{'nodeId': 'instance-c268e2a5-e7e0-44c4-8c33-ed6db2a7ed0a-resizable', 'newPos': {'x': 379, 'y': 233}, 'session_id': 'c8a11a37-2a2a-4691-84d9-7d4c35c7cc61', 'user_id': 'P5'}",5
1086,2000-01-01 00:37:26,instance-c268e2a5-e7e0-44c4-8c33-ed6db2a7ed0a-resizable,layoutboard.node.resizable.resized,"{'nodeId': 'instance-c268e2a5-e7e0-44c4-8c33-ed6db2a7ed0a-resizable', 'prevSize': {'width': 79, 'height': 141}, 'newSize': {'width': 106, 'height': 201}, 'delta': {'width': 27, 'height': 60}, 'linkedSizeNodeIds': [], 'session_id': 'c8a11a37-2a2a-4691-84d9-7d4c35c7cc61', 'user_id': 'P5'}",5
1087,2000-01-01 00:37:27,instance-b3ff8f32-a1d6-44e2-bc26-cb8607b96358-resizable,layout.node.moved,"{'nodeId': 'instance-b3ff8f32-a1d6-44e2-bc26-cb8607b96358-resizable', 'newPos': {'x': 28.671875, 'y': 194}, 'session_id': 'c8a11a37-2a2a-4691-84d9-7d4c35c7cc61', 'user_id': 'P5'}",5
1088,2000-01-01 00:37:37,instance-22c981cd-8c2b-408d-bda2-1c9405ff58ea,instance.save,"{'instance_id': 'instance-22c981cd-8c2b-408d-bda2-1c9405ff58ea', 'session_id': 'c8a11a37-2a2a-4691-84d9-7d4c35c7cc61', 'user_id': 'P5'}",5
1089,2000-01-01 00:37:39,instance-22c981cd-8c2b-408d-bda2-1c9405ff58ea,instance.updated,"{'instance_id': 'instance-22c981cd-8c2b-408d-bda2-1c9405ff58ea', 'instance_label': 'rabbit', 'text_changed': False, 'graph_changed': True, 'session_id': 'c8a11a37-2a2a-4691-84d9-7d4c35c7cc61', 'user_id': 'P5'}",5
1090,2000-01-01 00:37:45,instance-96f7195a-d962-4b96-a6b4-4fbab5eff06c-resizable,layout.node.moved,"{'nodeId': 'instance-96f7195a-d962-4b96-a6b4-4fbab5eff06c-resizable', 'newPos': {'x': 101, 'y': 20}, 'session_id': 'c8a11a37-2a2a-4691-84d9-7d4c35c7cc61', 'user_id': 'P5'}",5
1091,2000-01-01 00:37:46,instance-0433a57e-4192-42f4-a52b-d3b8d058810e-resizable,layout.node.moved,"{'nodeId': 'instance-0433a57e-4192-42f4-a52b-d3b8d058810e-resizable', 'newPos': {'x': 197, 'y': 102}, 'session_id': 'c8a11a37-2a2a-4691-84d9-7d4c35c7cc61', 'user_id': 'P5'}",5
1092,2000-01-01 00:37:48,instance-22c981cd-8c2b-408d-bda2-1c9405ff58ea-resizable,layout.node.moved,"{'nodeId': 'instance-22c981cd-8c2b-408d-bda2-1c9405ff58ea-resizable', 'newPos': {'x': 334, 'y': 5}, 'session_id': 'c8a11a37-2a2a-4691-84d9-7d4c35c7cc61', 'user_id': 'P5'}",5
1093,2000-01-01 00:37:49,instance-22c981cd-8c2b-408d-bda2-1c9405ff58ea-resizable,layout.node.moved,"{'nodeId': 'instance-22c981cd-8c2b-408d-bda2-1c9405ff58ea-resizable', 'newPos': {'x': 373, 'y': 5}, 'session_id': 'c8a11a37-2a2a-4691-84d9-7d4c35c7cc61', 'user_id': 'P5'}",5
1094,2000-01-01 00:37:52,,relationship_node.edited,"{'relationship_id': 'instance-0433a57e-4192-42f4-a52b-d3b8d058810e-instance-22c981cd-8c2b-408d-bda2-1c9405ff58ea', 'source_object_id': 'instance-0433a57e-4192-42f4-a52b-d3b8d058810e', 'target_object_id': 'instance-22c981cd-8c2b-408d-bda2-1c9405ff58ea', 'old_relation': 'related', 'new_relation': 'on the', 'source_object_name': 'tree', 'target_object_name': 'rabbit', 'session_id': 'c8a11a37-2a2a-4691-84d9-7d4c35c7cc61', 'user_id': 'P5'}",5
1095,2000-01-01 00:37:53,instance-0433a57e-4192-42f4-a52b-d3b8d058810e-resizable,layout.node.moved,"{'nodeId': 'instance-0433a57e-4192-42f4-a52b-d3b8d058810e-resizable', 'newPos': {'x': 198, 'y': 87}, 'session_id': 'c8a11a37-2a2a-4691-84d9-7d4c35c7cc61', 'user_id': 'P5'}",5
1096,2000-01-01 00:37:55,instance-22c981cd-8c2b-408d-bda2-1c9405ff58ea-resizable,layout.node.moved,"{'nodeId': 'instance-22c981cd-8c2b-408d-bda2-1c9405ff58ea-resizable', 'newPos': {'x': 284, 'y': 10}, 'session_id': 'c8a11a37-2a2a-4691-84d9-7d4c35c7cc61', 'user_id': 'P5'}",5
1097,2000-01-01 00:37:56,instance-96f7195a-d962-4b96-a6b4-4fbab5eff06c-resizable,layout.node.moved,"{'nodeId': 'instance-96f7195a-d962-4b96-a6b4-4fbab5eff06c-resizable', 'newPos': {'x': 133, 'y': 0}, 'session_id': 'c8a11a37-2a2a-4691-84d9-7d4c35c7cc61', 'user_id': 'P5'}",5
1098,2000-01-01 00:38:05,instance-96f7195a-d962-4b96-a6b4-4fbab5eff06c-resizable,layout.node.moved,"{'nodeId': 'instance-96f7195a-d962-4b96-a6b4-4fbab5eff06c-resizable', 'newPos': {'x': 190, 'y': 18}, 'session_id': 'c8a11a37-2a2a-4691-84d9-7d4c35c7cc61', 'user_id': 'P5'}",5
1099,2000-01-01 00:38:06,instance-c268e2a5-e7e0-44c4-8c33-ed6db2a7ed0a-resizable,layout.node.moved,"{'nodeId': 'instance-c268e2a5-e7e0-44c4-8c33-ed6db2a7ed0a-resizable', 'newPos': {'x': 383, 'y': 249}, 'session_id': 'c8a11a37-2a2a-4691-84d9-7d4c35c7cc61', 'user_id': 'P5'}",5
1100,2000-01-01 00:38:06,,relationship_node.created,"{'relationship_id': 'instance-837d9423-a5a2-4bc1-8da2-6f0f75c74db7->object3:looking at', 'sourceId': 'instance-837d9423-a5a2-4bc1-8da2-6f0f75c74db7', 'targetId': 'object3', 'relation': 'looking at', 'video_time': '49:26'}",5
1101,2000-01-01 00:38:08,instance-c268e2a5-e7e0-44c4-8c33-ed6db2a7ed0a-resizable,layout.node.moved,"{'nodeId': 'instance-c268e2a5-e7e0-44c4-8c33-ed6db2a7ed0a-resizable', 'newPos': {'x': 383, 'y': 258}, 'session_id': 'c8a11a37-2a2a-4691-84d9-7d4c35c7cc61', 'user_id': 'P5'}",5
1102,2000-01-01 00:38:23,,relationship_node.created,"{'relationship_id': 'instance-837d9423-a5a2-4bc1-8da2-6f0f75c74db7->object3:looking at', 'sourceId': 'instance-837d9423-a5a2-4bc1-8da2-6f0f75c74db7', 'targetId': 'object3', 'relation': 'looking at', 'video_time': '49:43'}",5
1103,2000-01-01 00:38:54,,api.generate_image.succeeded,"{'global_caption': 'a scene featuring a smiling cute yellow rabbit with an animated style in the forest on a tree, a running smiling cute black rabbit with an animated character style looking at a tree in the forest while the rabbit looks at a balloon, a cute smiling white rabbit wearing a torn, muddy, and dirty blue jacket in the forest with an animated character while looking at a balloon, a big tree on the rabbit with a tree on the balloon, and a red balloon on the tree', 'region_count': 5, 'has_image': True, 'detected_objects_count': 0, 'image_path': 'output/P5/2025-08-30_00-38-54/image.png', 'image_with_layout_path': 'output/P5/2025-08-30_00-38-54/image_with_layout.png', 'timestamp_dir': 'output/P5/2025-08-30_00-38-54', 'session_id': 'c8a11a37-2a2a-4691-84d9-7d4c35c7cc61', 'user_id': 'P5'}",5
1104,2000-01-01 00:39:11,instance-22c981cd-8c2b-408d-bda2-1c9405ff58ea,layout.node.moved,"{'nodeId': 'instance-22c981cd-8c2b-408d-bda2-1c9405ff58ea', 'newPos': {'x': 306, 'y': 9}, 'session_id': 'c8a11a37-2a2a-4691-84d9-7d4c35c7cc61', 'user_id': 'P5'}",5
1105,2000-01-01 00:39:13,instance-22c981cd-8c2b-408d-bda2-1c9405ff58ea-resizable,layoutboard.node.resizable.resized,"{'nodeId': 'instance-22c981cd-8c2b-408d-bda2-1c9405ff58ea-resizable', 'prevSize': {'width': 101, 'height': 145}, 'newSize': {'width': 107, 'height': 133}, 'delta': {'width': 6, 'height': -12}, 'linkedSizeNodeIds': [], 'session_id': 'c8a11a37-2a2a-4691-84d9-7d4c35c7cc61', 'user_id': 'P5'}",5
1106,2000-01-01 00:39:15,instance-0433a57e-4192-42f4-a52b-d3b8d058810e-resizable,layoutboard.node.resizable.resized,"{'nodeId': 'instance-0433a57e-4192-42f4-a52b-d3b8d058810e-resizable', 'prevSize': {'width': 50, 'height': 50}, 'newSize': {'width': 169, 'height': 322}, 'delta': {'width': 119, 'height': 272}, 'linkedSizeNodeIds': [], 'session_id': 'c8a11a37-2a2a-4691-84d9-7d4c35c7cc61', 'user_id': 'P5'}",5
1107,2000-01-01 00:39:16,instance-22c981cd-8c2b-408d-bda2-1c9405ff58ea-resizable,layout.node.moved,"{'nodeId': 'instance-22c981cd-8c2b-408d-bda2-1c9405ff58ea-resizable', 'newPos': {'x': 267, 'y': 3}, 'session_id': 'c8a11a37-2a2a-4691-84d9-7d4c35c7cc61', 'user_id': 'P5'}",5
1108,2000-01-01 00:39:18,instance-22c981cd-8c2b-408d-bda2-1c9405ff58ea-resizable,layoutboard.node.resizable.resized,"{'nodeId': 'instance-22c981cd-8c2b-408d-bda2-1c9405ff58ea-resizable', 'prevSize': {'width': 101, 'height': 145}, 'newSize': {'width': 120, 'height': 187}, 'delta': {'width': 19, 'height': 42}, 'linkedSizeNodeIds': [], 'session_id': 'c8a11a37-2a2a-4691-84d9-7d4c35c7cc61', 'user_id': 'P5'}",5
1109,2000-01-01 00:39:20,instance-96f7195a-d962-4b96-a6b4-4fbab5eff06c-resizable,layout.node.moved,"{'nodeId': 'instance-96f7195a-d962-4b96-a6b4-4fbab5eff06c-resizable', 'newPos': {'x': 197, 'y': 101}, 'session_id': 'c8a11a37-2a2a-4691-84d9-7d4c35c7cc61', 'user_id': 'P5'}",5
1110,2000-01-01 00:39:50,,api.generate_image.succeeded,"{'global_caption': 'a scene featuring a smiling cute yellow rabbit with an animated style in the forest on a tree, a running smiling cute black rabbit with an animated character style looking at a tree in the forest while the rabbit looks at a balloon, a cute smiling white rabbit wearing a torn, muddy, and dirty blue jacket in the forest with an animated character while looking at a balloon, a big tree on the rabbit with a tree on the balloon, and a red balloon on the tree', 'region_count': 5, 'has_image': True, 'detected_objects_count': 0, 'image_path': 'output/P5/2025-08-30_00-39-49/image.png', 'image_with_layout_path': 'output/P5/2025-08-30_00-39-49/image_with_layout.png', 'timestamp_dir': 'output/P5/2025-08-30_00-39-49', 'session_id': 'c8a11a37-2a2a-4691-84d9-7d4c35c7cc61', 'user_id': 'P5'}",5
1111,2000-01-01 00:40:05,instance-96f7195a-d962-4b96-a6b4-4fbab5eff06c-resizable,layout.node.moved,"{'nodeId': 'instance-96f7195a-d962-4b96-a6b4-4fbab5eff06c-resizable', 'newPos': {'x': 173, 'y': 80}, 'session_id': 'c8a11a37-2a2a-4691-84d9-7d4c35c7cc61', 'user_id': 'P5'}",5
1112,2000-01-01 00:40:17,instance-96f7195a-d962-4b96-a6b4-4fbab5eff06c,instance.save,"{'instance_id': 'instance-96f7195a-d962-4b96-a6b4-4fbab5eff06c', 'session_id': 'c8a11a37-2a2a-4691-84d9-7d4c35c7cc61', 'user_id': 'P5'}",5
1113,2000-01-01 00:40:17,instance-96f7195a-d962-4b96-a6b4-4fbab5eff06c,instance.updated,"{'instance_id': 'instance-96f7195a-d962-4b96-a6b4-4fbab5eff06c', 'instance_label': 'balloon', 'text_changed': False, 'graph_changed': True, 'session_id': 'c8a11a37-2a2a-4691-84d9-7d4c35c7cc61', 'user_id': 'P5'}",5
1114,2000-01-01 00:40:34,instance-22c981cd-8c2b-408d-bda2-1c9405ff58ea,instance.save,"{'instance_id': 'instance-22c981cd-8c2b-408d-bda2-1c9405ff58ea', 'session_id': 'c8a11a37-2a2a-4691-84d9-7d4c35c7cc61', 'user_id': 'P5'}",5
1115,2000-01-01 00:40:35,instance-22c981cd-8c2b-408d-bda2-1c9405ff58ea,instance.updated,"{'instance_id': 'instance-22c981cd-8c2b-408d-bda2-1c9405ff58ea', 'instance_label': 'rabbit', 'text_changed': False, 'graph_changed': True, 'session_id': 'c8a11a37-2a2a-4691-84d9-7d4c35c7cc61', 'user_id': 'P5'}",5
1116,2000-01-01 00:41:08,,api.generate_image.succeeded,"{'global_caption': 'a scene featuring a smiling cute yellow rabbit with an animated style in the forest, a running smiling cute black rabbit with an animated character style looking at a tree in the forest while the rabbit looks at a balloon, a cute smiling white rabbit wearing a torn, muddy, and dirty blue jacket in the forest with an animated character while looking at a balloon, a big tree on the rabbit with a tree on the balloon, and a red balloon.', 'region_count': 5, 'has_image': True, 'detected_objects_count': 0, 'image_path': 'output/P5/2025-08-30_00-41-08/image.png', 'image_with_layout_path': 'output/P5/2025-08-30_00-41-08/image_with_layout.png', 'timestamp_dir': 'output/P5/2025-08-30_00-41-08', 'session_id': 'c8a11a37-2a2a-4691-84d9-7d4c35c7cc61', 'user_id': 'P5'}",5
1117,2000-01-01 00:41:25,instance-96f7195a-d962-4b96-a6b4-4fbab5eff06c-resizable,layout.node.moved,"{'nodeId': 'instance-96f7195a-d962-4b96-a6b4-4fbab5eff06c-resizable', 'newPos': {'x': 192, 'y': 91}, 'session_id': 'c8a11a37-2a2a-4691-84d9-7d4c35c7cc61', 'user_id': 'P5'}",5
1118,2000-01-01 00:41:44,instance-0433a57e-4192-42f4-a52b-d3b8d058810e-resizable,layout.node.moved,"{'nodeId': 'instance-0433a57e-4192-42f4-a52b-d3b8d058810e-resizable', 'newPos': {'x': 219, 'y': 121}, 'session_id': 'c8a11a37-2a2a-4691-84d9-7d4c35c7cc61', 'user_id': 'P5'}",5
1119,2000-01-01 00:41:46,instance-0433a57e-4192-42f4-a52b-d3b8d058810e-resizable,layout.node.moved,"{'nodeId': 'instance-0433a57e-4192-42f4-a52b-d3b8d058810e-resizable', 'newPos': {'x': 217, 'y': 168}, 'session_id': 'c8a11a37-2a2a-4691-84d9-7d4c35c7cc61', 'user_id': 'P5'}",5
1120,2000-01-01 00:41:48,instance-22c981cd-8c2b-408d-bda2-1c9405ff58ea-resizable,layout.node.moved,"{'nodeId': 'instance-22c981cd-8c2b-408d-bda2-1c9405ff58ea-resizable', 'newPos': {'x': 392, 'y': 2}, 'session_id': 'c8a11a37-2a2a-4691-84d9-7d4c35c7cc61', 'user_id': 'P5'}",5
1121,2000-01-01 00:41:49,,relationship_node.deleted,"{'relationship_id': 'instance-0433a57e-4192-42f4-a52b-d3b8d058810e-instance-22c981cd-8c2b-408d-bda2-1c9405ff58ea', 'source_object_id': 'instance-0433a57e-4192-42f4-a52b-d3b8d058810e', 'target_object_id': 'instance-22c981cd-8c2b-408d-bda2-1c9405ff58ea', 'relation': 'on the', 'source_object_name': 'tree', 'target_object_name': 'rabbit', 'session_id': 'c8a11a37-2a2a-4691-84d9-7d4c35c7cc61', 'user_id': 'P5'}",5
1122,2000-01-01 00:41:51,,relationship_node.deleted,"{'relationship_id': 'instance-0433a57e-4192-42f4-a52b-d3b8d058810e-instance-96f7195a-d962-4b96-a6b4-4fbab5eff06c', 'source_object_id': 'instance-0433a57e-4192-42f4-a52b-d3b8d058810e', 'target_object_id': 'instance-96f7195a-d962-4b96-a6b4-4fbab5eff06c', 'relation': 'on the', 'source_object_name': 'tree', 'target_object_name': 'balloon', 'session_id': 'c8a11a37-2a2a-4691-84d9-7d4c35c7cc61', 'user_id': 'P5'}",5
1123,2000-01-01 00:41:52,instance-96f7195a-d962-4b96-a6b4-4fbab5eff06c-resizable,layout.node.moved,"{'nodeId': 'instance-96f7195a-d962-4b96-a6b4-4fbab5eff06c-resizable', 'newPos': {'x': 79, 'y': 39}, 'session_id': 'c8a11a37-2a2a-4691-84d9-7d4c35c7cc61', 'user_id': 'P5'}",5
1124,2000-01-01 00:41:53,,relationship_node.deleted,"{'relationship_id': 'instance-b3ff8f32-a1d6-44e2-bc26-cb8607b96358-instance-96f7195a-d962-4b96-a6b4-4fbab5eff06c', 'source_object_id': 'instance-b3ff8f32-a1d6-44e2-bc26-cb8607b96358', 'target_object_id': 'instance-96f7195a-d962-4b96-a6b4-4fbab5eff06c', 'relation': 'looking at', 'source_object_name': 'rabbit', 'target_object_name': 'balloon', 'session_id': 'c8a11a37-2a2a-4691-84d9-7d4c35c7cc61', 'user_id': 'P5'}",5
1125,2000-01-01 00:41:54,instance-96f7195a-d962-4b96-a6b4-4fbab5eff06c-resizable,layout.node.moved,"{'nodeId': 'instance-96f7195a-d962-4b96-a6b4-4fbab5eff06c-resizable', 'newPos': {'x': 92, 'y': 262}, 'session_id': 'c8a11a37-2a2a-4691-84d9-7d4c35c7cc61', 'user_id': 'P5'}",5
1126,2000-01-01 00:41:56,instance-0433a57e-4192-42f4-a52b-d3b8d058810e-resizable,layout.node.moved,"{'nodeId': 'instance-0433a57e-4192-42f4-a52b-d3b8d058810e-resizable', 'newPos': {'x': 142, 'y': 23}, 'session_id': 'c8a11a37-2a2a-4691-84d9-7d4c35c7cc61', 'user_id': 'P5'}",5
1127,2000-01-01 00:41:58,instance-c268e2a5-e7e0-44c4-8c33-ed6db2a7ed0a,layout.node.moved,"{'nodeId': 'instance-c268e2a5-e7e0-44c4-8c33-ed6db2a7ed0a', 'newPos': {'x': 392, 'y': 243}, 'session_id': 'c8a11a37-2a2a-4691-84d9-7d4c35c7cc61', 'user_id': 'P5'}",5
1128,2000-01-01 00:41:59,,relationship_node.deleted,"{'relationship_id': 'instance-c268e2a5-e7e0-44c4-8c33-ed6db2a7ed0a-instance-96f7195a-d962-4b96-a6b4-4fbab5eff06c', 'source_object_id': 'instance-c268e2a5-e7e0-44c4-8c33-ed6db2a7ed0a', 'target_object_id': 'instance-96f7195a-d962-4b96-a6b4-4fbab5eff06c', 'relation': 'looking at', 'source_object_name': 'rabbit', 'target_object_name': 'balloon', 'session_id': 'c8a11a37-2a2a-4691-84d9-7d4c35c7cc61', 'user_id': 'P5'}",5
1129,2000-01-01 00:42:00,instance-0433a57e-4192-42f4-a52b-d3b8d058810e-resizable,layout.node.moved,"{'nodeId': 'instance-0433a57e-4192-42f4-a52b-d3b8d058810e-resizable', 'newPos': {'x': 221, 'y': 7}, 'session_id': 'c8a11a37-2a2a-4691-84d9-7d4c35c7cc61', 'user_id': 'P5'}",5
1130,2000-01-01 00:42:00,instance-0433a57e-4192-42f4-a52b-d3b8d058810e-resizable,layout.node.moved,"{'nodeId': 'instance-0433a57e-4192-42f4-a52b-d3b8d058810e-resizable', 'newPos': {'x': 218, 'y': 34}, 'session_id': 'c8a11a37-2a2a-4691-84d9-7d4c35c7cc61', 'user_id': 'P5'}",5
1131,2000-01-01 00:42:01,instance-0433a57e-4192-42f4-a52b-d3b8d058810e-resizable,layout.node.moved,"{'nodeId': 'instance-0433a57e-4192-42f4-a52b-d3b8d058810e-resizable', 'newPos': {'x': 214, 'y': 58}, 'session_id': 'c8a11a37-2a2a-4691-84d9-7d4c35c7cc61', 'user_id': 'P5'}",5
1132,2000-01-01 00:42:03,instance-0433a57e-4192-42f4-a52b-d3b8d058810e-resizable,layout.node.moved,"{'nodeId': 'instance-0433a57e-4192-42f4-a52b-d3b8d058810e-resizable', 'newPos': {'x': 198, 'y': 127}, 'session_id': 'c8a11a37-2a2a-4691-84d9-7d4c35c7cc61', 'user_id': 'P5'}",5
1133,2000-01-01 00:42:07,instance-0433a57e-4192-42f4-a52b-d3b8d058810e,instance.deleted,"{'instance_id': 'instance-0433a57e-4192-42f4-a52b-d3b8d058810e', 'instance_label': 'tree', 'is_from_class': False, 'class_id': None, 'session_id': 'c8a11a37-2a2a-4691-84d9-7d4c35c7cc61', 'user_id': 'P5'}",5
1134,2000-01-01 00:42:09,instance-b3ff8f32-a1d6-44e2-bc26-cb8607b96358-resizable,layout.node.moved,"{'nodeId': 'instance-b3ff8f32-a1d6-44e2-bc26-cb8607b96358-resizable', 'newPos': {'x': 21.671875, 'y': 176}, 'session_id': 'c8a11a37-2a2a-4691-84d9-7d4c35c7cc61', 'user_id': 'P5'}",5
1135,2000-01-01 00:42:10,instance-96f7195a-d962-4b96-a6b4-4fbab5eff06c-resizable,layout.node.moved,"{'nodeId': 'instance-96f7195a-d962-4b96-a6b4-4fbab5eff06c-resizable', 'newPos': {'x': 169, 'y': 262}, 'session_id': 'c8a11a37-2a2a-4691-84d9-7d4c35c7cc61', 'user_id': 'P5'}",5
1136,2000-01-01 00:42:10,instance-b3ff8f32-a1d6-44e2-bc26-cb8607b96358-resizable,layout.node.moved,"{'nodeId': 'instance-b3ff8f32-a1d6-44e2-bc26-cb8607b96358-resizable', 'newPos': {'x': 21.671875, 'y': 236}, 'session_id': 'c8a11a37-2a2a-4691-84d9-7d4c35c7cc61', 'user_id': 'P5'}",5
1137,2000-01-01 00:42:11,instance-b3ff8f32-a1d6-44e2-bc26-cb8607b96358-resizable,layout.node.moved,"{'nodeId': 'instance-b3ff8f32-a1d6-44e2-bc26-cb8607b96358-resizable', 'newPos': {'x': 21.671875, 'y': 138}, 'session_id': 'c8a11a37-2a2a-4691-84d9-7d4c35c7cc61', 'user_id': 'P5'}",5
1138,2000-01-01 00:42:12,instance-b3ff8f32-a1d6-44e2-bc26-cb8607b96358-resizable,layoutboard.node.resizable.resized,"{'nodeId': 'instance-b3ff8f32-a1d6-44e2-bc26-cb8607b96358-resizable', 'prevSize': {'width': 174, 'height': 272}, 'newSize': {'width': 136, 'height': 332}, 'delta': {'width': -38, 'height': 60}, 'linkedSizeNodeIds': [], 'session_id': 'c8a11a37-2a2a-4691-84d9-7d4c35c7cc61', 'user_id': 'P5'}",5
1139,2000-01-01 00:42:13,instance-b3ff8f32-a1d6-44e2-bc26-cb8607b96358-resizable,layout.node.moved,"{'nodeId': 'instance-b3ff8f32-a1d6-44e2-bc26-cb8607b96358-resizable', 'newPos': {'x': 21.671875, 'y': 158}, 'session_id': 'c8a11a37-2a2a-4691-84d9-7d4c35c7cc61', 'user_id': 'P5'}",5
1140,2000-01-01 00:42:18,,relationship_node.created,"{'relationship_id': 'instance-837d9423-a5a2-4bc1-8da2-6f0f75c74db7->object3:holding', 'sourceId': 'instance-837d9423-a5a2-4bc1-8da2-6f0f75c74db7', 'targetId': 'object3', 'relation': 'holding', 'video_time': '53:38'}",5
1141,2000-01-01 00:42:20,instance-b3ff8f32-a1d6-44e2-bc26-cb8607b96358-resizable,layout.node.moved,"{'nodeId': 'instance-b3ff8f32-a1d6-44e2-bc26-cb8607b96358-resizable', 'newPos': {'x': 152.671875, 'y': 165}, 'session_id': 'c8a11a37-2a2a-4691-84d9-7d4c35c7cc61', 'user_id': 'P5'}",5
1142,2000-01-01 00:42:21,instance-96f7195a-d962-4b96-a6b4-4fbab5eff06c-resizable,layout.node.moved,"{'nodeId': 'instance-96f7195a-d962-4b96-a6b4-4fbab5eff06c-resizable', 'newPos': {'x': 270, 'y': 262}, 'session_id': 'c8a11a37-2a2a-4691-84d9-7d4c35c7cc61', 'user_id': 'P5'}",5
1143,2000-01-01 00:42:21,instance-b3ff8f32-a1d6-44e2-bc26-cb8607b96358-resizable,layout.node.moved,"{'nodeId': 'instance-b3ff8f32-a1d6-44e2-bc26-cb8607b96358-resizable', 'newPos': {'x': 152.671875, 'y': 142}, 'session_id': 'c8a11a37-2a2a-4691-84d9-7d4c35c7cc61', 'user_id': 'P5'}",5
1144,2000-01-01 00:42:23,instance-b3ff8f32-a1d6-44e2-bc26-cb8607b96358-resizable,layoutboard.node.resizable.resized,"{'nodeId': 'instance-b3ff8f32-a1d6-44e2-bc26-cb8607b96358-resizable', 'prevSize': {'width': 174, 'height': 272}, 'newSize': {'width': 172, 'height': 346}, 'delta': {'width': -2, 'height': 74}, 'linkedSizeNodeIds': [], 'session_id': 'c8a11a37-2a2a-4691-84d9-7d4c35c7cc61', 'user_id': 'P5'}",5
1145,2000-01-01 00:42:24,instance-c268e2a5-e7e0-44c4-8c33-ed6db2a7ed0a-resizable,layout.node.moved,"{'nodeId': 'instance-c268e2a5-e7e0-44c4-8c33-ed6db2a7ed0a-resizable', 'newPos': {'x': 357, 'y': 221}, 'session_id': 'c8a11a37-2a2a-4691-84d9-7d4c35c7cc61', 'user_id': 'P5'}",5
1146,2000-01-01 00:42:26,instance-c268e2a5-e7e0-44c4-8c33-ed6db2a7ed0a-resizable,layoutboard.node.resizable.resized,"{'nodeId': 'instance-c268e2a5-e7e0-44c4-8c33-ed6db2a7ed0a-resizable', 'prevSize': {'width': 79, 'height': 141}, 'newSize': {'width': 113, 'height': 223}, 'delta': {'width': 34, 'height': 82}, 'linkedSizeNodeIds': [], 'session_id': 'c8a11a37-2a2a-4691-84d9-7d4c35c7cc61', 'user_id': 'P5'}",5
1147,2000-01-01 00:42:28,instance-22c981cd-8c2b-408d-bda2-1c9405ff58ea-resizable,layout.node.moved,"{'nodeId': 'instance-22c981cd-8c2b-408d-bda2-1c9405ff58ea-resizable', 'newPos': {'x': 15, 'y': 237}, 'session_id': 'c8a11a37-2a2a-4691-84d9-7d4c35c7cc61', 'user_id': 'P5'}",5
1148,2000-01-01 00:42:29,instance-22c981cd-8c2b-408d-bda2-1c9405ff58ea-resizable,layoutboard.node.resizable.resized,"{'nodeId': 'instance-22c981cd-8c2b-408d-bda2-1c9405ff58ea-resizable', 'prevSize': {'width': 101, 'height': 145}, 'newSize': {'width': 122, 'height': 219}, 'delta': {'width': 21, 'height': 74}, 'linkedSizeNodeIds': [], 'session_id': 'c8a11a37-2a2a-4691-84d9-7d4c35c7cc61', 'user_id': 'P5'}",5
1149,2000-01-01 00:42:59,class-8267a52d-5b60-4f16-abd3-e57662c661e8,class.updated,"{'class_id': 'class-8267a52d-5b60-4f16-abd3-e57662c661e8', 'class_name': 'rabbit Class', 'placeholder_count': 3, 'object_count': 3, 'session_id': 'c8a11a37-2a2a-4691-84d9-7d4c35c7cc61', 'user_id': 'P5'}",5
1150,2000-01-01 00:43:21,class-8267a52d-5b60-4f16-abd3-e57662c661e8,class.updated,"{'class_id': 'class-8267a52d-5b60-4f16-abd3-e57662c661e8', 'class_name': 'rabbit Class', 'placeholder_count': 3, 'object_count': 3, 'session_id': 'c8a11a37-2a2a-4691-84d9-7d4c35c7cc61', 'user_id': 'P5'}",5
1151,2000-01-01 00:43:36,class-8267a52d-5b60-4f16-abd3-e57662c661e8,class.updated,"{'class_id': 'class-8267a52d-5b60-4f16-abd3-e57662c661e8', 'class_name': 'rabbit Class', 'placeholder_count': 3, 'object_count': 3, 'session_id': 'c8a11a37-2a2a-4691-84d9-7d4c35c7cc61', 'user_id': 'P5'}",5
1152,2000-01-01 00:44:00,instance-b3ff8f32-a1d6-44e2-bc26-cb8607b96358,instance.save,"{'instance_id': 'instance-b3ff8f32-a1d6-44e2-bc26-cb8607b96358', 'session_id': 'c8a11a37-2a2a-4691-84d9-7d4c35c7cc61', 'user_id': 'P5'}",5
1153,2000-01-01 00:44:05,instance-b3ff8f32-a1d6-44e2-bc26-cb8607b96358,instance.updated,"{'instance_id': 'instance-b3ff8f32-a1d6-44e2-bc26-cb8607b96358', 'instance_label': 'rabbit', 'text_changed': True, 'graph_changed': False, 'session_id': 'c8a11a37-2a2a-4691-84d9-7d4c35c7cc61', 'user_id': 'P5'}",5
1154,2000-01-01 00:44:10,instance-22c981cd-8c2b-408d-bda2-1c9405ff58ea,instance.save,"{'instance_id': 'instance-22c981cd-8c2b-408d-bda2-1c9405ff58ea', 'session_id': 'c8a11a37-2a2a-4691-84d9-7d4c35c7cc61', 'user_id': 'P5'}",5
1155,2000-01-01 00:44:15,instance-22c981cd-8c2b-408d-bda2-1c9405ff58ea,instance.updated,"{'instance_id': 'instance-22c981cd-8c2b-408d-bda2-1c9405ff58ea', 'instance_label': 'rabbit', 'text_changed': True, 'graph_changed': False, 'session_id': 'c8a11a37-2a2a-4691-84d9-7d4c35c7cc61', 'user_id': 'P5'}",5
1156,2000-01-01 00:44:21,instance-c268e2a5-e7e0-44c4-8c33-ed6db2a7ed0a,instance.save,"{'instance_id': 'instance-c268e2a5-e7e0-44c4-8c33-ed6db2a7ed0a', 'session_id': 'c8a11a37-2a2a-4691-84d9-7d4c35c7cc61', 'user_id': 'P5'}",5
1157,2000-01-01 00:44:25,instance-c268e2a5-e7e0-44c4-8c33-ed6db2a7ed0a,instance.updated,"{'instance_id': 'instance-c268e2a5-e7e0-44c4-8c33-ed6db2a7ed0a', 'instance_label': 'rabbit', 'text_changed': True, 'graph_changed': False, 'session_id': 'c8a11a37-2a2a-4691-84d9-7d4c35c7cc61', 'user_id': 'P5'}",5
1158,2000-01-01 00:44:54,,api.generate_image.succeeded,"{'global_caption': 'a scene featuring a dirty smiling cute yellow rabbit with an animated style in the forest, a dirty smiling cute black rabbit with an animated character style in the forest, a dirty cute smiling white rabbit in the forest with an animated character holding a red balloon, and a red balloon.', 'region_count': 4, 'has_image': True, 'detected_objects_count': 0, 'image_path': 'output/P5/2025-08-30_00-44-53/image.png', 'image_with_layout_path': 'output/P5/2025-08-30_00-44-53/image_with_layout.png', 'timestamp_dir': 'output/P5/2025-08-30_00-44-53', 'session_id': 'c8a11a37-2a2a-4691-84d9-7d4c35c7cc61', 'user_id': 'P5'}",5
1159,2000-01-01 00:45:25,instance-b3ff8f32-a1d6-44e2-bc26-cb8607b96358,instance.save,"{'instance_id': 'instance-b3ff8f32-a1d6-44e2-bc26-cb8607b96358', 'session_id': 'c8a11a37-2a2a-4691-84d9-7d4c35c7cc61', 'user_id': 'P5'}",5
1160,2000-01-01 00:45:29,instance-b3ff8f32-a1d6-44e2-bc26-cb8607b96358,instance.updated,"{'instance_id': 'instance-b3ff8f32-a1d6-44e2-bc26-cb8607b96358', 'instance_label': 'rabbit', 'text_changed': True, 'graph_changed': False, 'session_id': 'c8a11a37-2a2a-4691-84d9-7d4c35c7cc61', 'user_id': 'P5'}",5
1161,2000-01-01 00:45:44,instance-b3ff8f32-a1d6-44e2-bc26-cb8607b96358,instance.save,"{'instance_id': 'instance-b3ff8f32-a1d6-44e2-bc26-cb8607b96358', 'session_id': 'c8a11a37-2a2a-4691-84d9-7d4c35c7cc61', 'user_id': 'P5'}",5
1162,2000-01-01 00:45:45,instance-b3ff8f32-a1d6-44e2-bc26-cb8607b96358,instance.updated,"{'instance_id': 'instance-b3ff8f32-a1d6-44e2-bc26-cb8607b96358', 'instance_label': 'rabbit', 'text_changed': False, 'graph_changed': True, 'session_id': 'c8a11a37-2a2a-4691-84d9-7d4c35c7cc61', 'user_id': 'P5'}",5
1163,2000-01-01 00:46:11,,api.generate_image.succeeded,"{'global_caption': 'a scene featuring a dirty smiling cute yellow rabbit with an animated style in the forest, a dirty smiling cute black rabbit with an animated character style in the forest, a dirty cute smiling white rabbit wearing a muddy, torn blue jacket in the forest with an animated character, holding a red balloon, and a red balloon.', 'region_count': 4, 'has_image': True, 'detected_objects_count': 0, 'image_path': 'output/P5/2025-08-30_00-46-10/image.png', 'image_with_layout_path': 'output/P5/2025-08-30_00-46-10/image_with_layout.png', 'timestamp_dir': 'output/P5/2025-08-30_00-46-10', 'session_id': 'c8a11a37-2a2a-4691-84d9-7d4c35c7cc61', 'user_id': 'P5'}",5
