timestamp,event,details
08:33:16,layout_board.new_box_positioned,"{'position': {'x': 285.765625, 'y': 272}, 'screen_position': {'x': 347, 'y': 295}, 'board_type': 'advanced', 'session_id': 'e5466056-3354-4623-8ea1-e8a18af6d601', 'user_id': 'P1'}"
08:34:28,api.generate_text_to_graph.succeeded,"{'objects_count': 3, 'relationships_count': 2, 'root_object': 'object1', 'session_id': 'e5466056-3354-4623-8ea1-e8a18af6d601', 'user_id': 'P1'}"
08:34:32,layoutboard.node.resizable.resized,"{'nodeId': 'instance-b97d172f-0052-4bf6-b087-4fe1e6af7dd5-resizable', 'prevSize': {'width': 50, 'height': 50}, 'newSize': {'width': 195, 'height': 193}, 'delta': {'width': 145, 'height': 143}, 'linkedSizeNodeIds': [], 'session_id': 'e5466056-3354-4623-8ea1-e8a18af6d601', 'user_id': 'P1'}"
08:34:41,instance_selected,"{'instance_id': 'instance-b97d172f-0052-4bf6-b087-4fe1e6af7dd5', 'instance_label': 'rabbit', 'is_from_class': False, 'class_id': None, 'session_id': 'e5466056-3354-4623-8ea1-e8a18af6d601', 'user_id': 'P1'}"
08:34:41,class_library_toggle,"{'expanded': True, 'class_count': 0, 'session_id': 'e5466056-3354-4623-8ea1-e8a18af6d601', 'user_id': 'P1'}"
08:34:45,class.created,"{'class_id': 'class-195fd647-2a91-4524-b4e2-7f050ac7dda8', 'class_name': 'rabbit Class', 'placeholder_count': 3, 'created_from': 'rabbit', 'session_id': 'e5466056-3354-4623-8ea1-e8a18af6d601', 'user_id': 'P1'}"
08:34:45,api.generate_placeholders.succeeded,"{'object_count': 3, 'unique_value_count': 6, 'session_id': 'e5466056-3354-4623-8ea1-e8a18af6d601', 'user_id': 'P1'}"
08:34:45,instance_selected,"{'instance_id': 'instance-b97d172f-0052-4bf6-b087-4fe1e6af7dd5', 'instance_label': 'rabbit', 'is_from_class': True, 'class_id': 'class-195fd647-2a91-4524-b4e2-7f050ac7dda8', 'session_id': 'e5466056-3354-4623-8ea1-e8a18af6d601', 'user_id': 'P1'}"
08:35:10,api.generate_scene_graph_to_text.succeeded,"{'text_length': 49, 'generated_text': 'Adult rabbit in an illustration with a character.', 'session_id': 'e5466056-3354-4623-8ea1-e8a18af6d601', 'user_id': 'P1'}"
08:35:11,api.generate_instance_label_from_description.succeeded,"{'generated_label': 'Rabbit', 'original_text': 'Adult rabbit in an illustration with a character.', 'session_id': 'e5466056-3354-4623-8ea1-e8a18af6d601', 'user_id': 'P1'}"
08:35:11,instance.created_from_class,"{'instance_id': 'instance-a407e81f-4d34-4660-81b4-316c2d2366d7', 'class_id': 'class-195fd647-2a91-4524-b4e2-7f050ac7dda8', 'instance_label': 'Rabbit', 'has_text_description': True, 'session_id': 'e5466056-3354-4623-8ea1-e8a18af6d601', 'user_id': 'P1'}"
08:35:11,instance_selected,"{'instance_id': 'instance-b97d172f-0052-4bf6-b087-4fe1e6af7dd5', 'instance_label': 'rabbit', 'is_from_class': True, 'class_id': 'class-195fd647-2a91-4524-b4e2-7f050ac7dda8', 'session_id': 'e5466056-3354-4623-8ea1-e8a18af6d601', 'user_id': 'P1'}"
08:35:22,layoutboard.node.resizable.resized,"{'nodeId': 'instance-a407e81f-4d34-4660-81b4-316c2d2366d7-resizable', 'prevSize': {'width': 50, 'height': 50}, 'newSize': {'width': 107, 'height': 79}, 'delta': {'width': 57, 'height': 29}, 'linkedSizeNodeIds': [], 'session_id': 'e5466056-3354-4623-8ea1-e8a18af6d601', 'user_id': 'P1'}"
08:35:24,layoutboard.node.resizable.resized,"{'nodeId': 'instance-a407e81f-4d34-4660-81b4-316c2d2366d7-resizable', 'prevSize': {'width': 50, 'height': 50}, 'newSize': {'width': 225, 'height': 243}, 'delta': {'width': 175, 'height': 193}, 'linkedSizeNodeIds': [], 'session_id': 'e5466056-3354-4623-8ea1-e8a18af6d601', 'user_id': 'P1'}"
08:35:26,layout.node.moved,"{'nodeId': 'instance-a407e81f-4d34-4660-81b4-316c2d2366d7-resizable', 'newPos': {'x': 21, 'y': 232}, 'session_id': 'e5466056-3354-4623-8ea1-e8a18af6d601', 'user_id': 'P1'}"
08:35:28,layout.node.moved,"{'nodeId': 'instance-a407e81f-4d34-4660-81b4-316c2d2366d7-resizable', 'newPos': {'x': 0, 'y': 212}, 'session_id': 'e5466056-3354-4623-8ea1-e8a18af6d601', 'user_id': 'P1'}"
08:35:29,layout.node.moved,"{'nodeId': 'instance-b97d172f-0052-4bf6-b087-4fe1e6af7dd5-resizable', 'newPos': {'x': 249.765625, 'y': 271}, 'session_id': 'e5466056-3354-4623-8ea1-e8a18af6d601', 'user_id': 'P1'}"
08:35:31,layoutboard.node.resizable.resized,"{'nodeId': 'instance-b97d172f-0052-4bf6-b087-4fe1e6af7dd5-resizable', 'prevSize': {'width': 50, 'height': 50}, 'newSize': {'width': 206, 'height': 213}, 'delta': {'width': 156, 'height': 163}, 'linkedSizeNodeIds': [], 'session_id': 'e5466056-3354-4623-8ea1-e8a18af6d601', 'user_id': 'P1'}"
08:35:32,layout.node.moved,"{'nodeId': 'instance-b97d172f-0052-4bf6-b087-4fe1e6af7dd5-resizable', 'newPos': {'x': 250.765625, 'y': 279}, 'session_id': 'e5466056-3354-4623-8ea1-e8a18af6d601', 'user_id': 'P1'}"
08:35:33,layout.node.moved,"{'nodeId': 'instance-a407e81f-4d34-4660-81b4-316c2d2366d7-resizable', 'newPos': {'x': 4, 'y': 211}, 'session_id': 'e5466056-3354-4623-8ea1-e8a18af6d601', 'user_id': 'P1'}"
08:35:46,instance_selected,"{'instance_id': 'instance-b97d172f-0052-4bf6-b087-4fe1e6af7dd5', 'instance_label': 'rabbit', 'is_from_class': True, 'class_id': 'class-195fd647-2a91-4524-b4e2-7f050ac7dda8', 'session_id': 'e5466056-3354-4623-8ea1-e8a18af6d601', 'user_id': 'P1'}"
08:36:32,api.generate_text_to_graph.succeeded,"{'objects_count': 5, 'relationships_count': 4, 'root_object': 'object1', 'session_id': 'e5466056-3354-4623-8ea1-e8a18af6d601', 'user_id': 'P1'}"
08:36:32,instance.updated,"{'instance_id': 'instance-b97d172f-0052-4bf6-b087-4fe1e6af7dd5', 'instance_label': 'rabbit', 'text_changed': True, 'graph_changed': False, 'session_id': 'e5466056-3354-4623-8ea1-e8a18af6d601', 'user_id': 'P1'}"
08:36:32,instance_selected,"{'instance_id': 'instance-b97d172f-0052-4bf6-b087-4fe1e6af7dd5', 'instance_label': 'rabbit', 'is_from_class': True, 'class_id': 'class-195fd647-2a91-4524-b4e2-7f050ac7dda8', 'session_id': 'e5466056-3354-4623-8ea1-e8a18af6d601', 'user_id': 'P1'}"
08:36:43,layout.node.moved,"{'nodeId': 'instance-a407e81f-4d34-4660-81b4-316c2d2366d7-resizable', 'newPos': {'x': 11, 'y': 208}, 'session_id': 'e5466056-3354-4623-8ea1-e8a18af6d601', 'user_id': 'P1'}"
08:36:45,layout_board.new_box_positioned,"{'position': {'x': 216.765625, 'y': 283}, 'screen_position': {'x': 278, 'y': 306}, 'board_type': 'advanced', 'session_id': 'e5466056-3354-4623-8ea1-e8a18af6d601', 'user_id': 'P1'}"
08:37:08,api.generate_text_to_graph.succeeded,"{'objects_count': 2, 'relationships_count': 1, 'root_object': 'object1', 'session_id': 'e5466056-3354-4623-8ea1-e8a18af6d601', 'user_id': 'P1'}"
08:37:10,layoutboard.node.resizable.resized,"{'nodeId': 'instance-ee18810a-dc3c-4744-9f9b-a6e15d8f7999-resizable', 'prevSize': {'width': 50, 'height': 50}, 'newSize': {'width': 74, 'height': 144}, 'delta': {'width': 24, 'height': 94}, 'linkedSizeNodeIds': [], 'session_id': 'e5466056-3354-4623-8ea1-e8a18af6d601', 'user_id': 'P1'}"
08:37:11,layout.node.moved,"{'nodeId': 'instance-ee18810a-dc3c-4744-9f9b-a6e15d8f7999-resizable', 'newPos': {'x': 223.765625, 'y': 248}, 'session_id': 'e5466056-3354-4623-8ea1-e8a18af6d601', 'user_id': 'P1'}"
08:37:18,relationship_node.created,"{'relationship_id': 'instance-b97d172f-0052-4bf6-b087-4fe1e6af7dd5->instance-ee18810a-dc3c-4744-9f9b-a6e15d8f7999:cuddling', 'sourceId': 'instance-b97d172f-0052-4bf6-b087-4fe1e6af7dd5', 'targetId': 'instance-ee18810a-dc3c-4744-9f9b-a6e15d8f7999', 'relation': 'cuddling', 'video_time': '4:41'}"
08:37:20,layout.node.moved,"{'nodeId': 'instance-ee18810a-dc3c-4744-9f9b-a6e15d8f7999-resizable', 'newPos': {'x': 256.765625, 'y': 313}, 'session_id': 'e5466056-3354-4623-8ea1-e8a18af6d601', 'user_id': 'P1'}"
08:37:21,layout.node.moved,"{'nodeId': 'instance-ee18810a-dc3c-4744-9f9b-a6e15d8f7999-resizable', 'newPos': {'x': 238.765625, 'y': 268}, 'session_id': 'e5466056-3354-4623-8ea1-e8a18af6d601', 'user_id': 'P1'}"
08:37:23,layout.node.moved,"{'nodeId': 'instance-b97d172f-0052-4bf6-b087-4fe1e6af7dd5-resizable', 'newPos': {'x': 264.765625, 'y': 268}, 'session_id': 'e5466056-3354-4623-8ea1-e8a18af6d601', 'user_id': 'P1'}"
08:37:25,layoutboard.node.resizable.resized,"{'nodeId': 'instance-ee18810a-dc3c-4744-9f9b-a6e15d8f7999-resizable', 'prevSize': {'width': 50, 'height': 50}, 'newSize': {'width': 105, 'height': 146}, 'delta': {'width': 55, 'height': 96}, 'linkedSizeNodeIds': [], 'session_id': 'e5466056-3354-4623-8ea1-e8a18af6d601', 'user_id': 'P1'}"
08:37:28,instance_selected,"{'instance_id': 'instance-ee18810a-dc3c-4744-9f9b-a6e15d8f7999', 'instance_label': 'balloon', 'is_from_class': False, 'class_id': None, 'session_id': 'e5466056-3354-4623-8ea1-e8a18af6d601', 'user_id': 'P1'}"
08:37:29,instance_selected,"{'instance_id': 'instance-b97d172f-0052-4bf6-b087-4fe1e6af7dd5', 'instance_label': 'rabbit', 'is_from_class': True, 'class_id': 'class-195fd647-2a91-4524-b4e2-7f050ac7dda8', 'session_id': 'e5466056-3354-4623-8ea1-e8a18af6d601', 'user_id': 'P1'}"
08:37:31,relationship_node.created,"{'relationship_id': 'instance-b97d172f-0052-4bf6-b087-4fe1e6af7dd5->instance-ee18810a-dc3c-4744-9f9b-a6e15d8f7999:talking to', 'sourceId': 'instance-b97d172f-0052-4bf6-b087-4fe1e6af7dd5', 'targetId': 'instance-ee18810a-dc3c-4744-9f9b-a6e15d8f7999', 'relation': 'talking to', 'video_time': '4:54'}"
08:38:44,instance_selected,"{'instance_id': 'instance-a407e81f-4d34-4660-81b4-316c2d2366d7', 'instance_label': 'Rabbit', 'is_from_class': True, 'class_id': 'class-195fd647-2a91-4524-b4e2-7f050ac7dda8', 'session_id': 'e5466056-3354-4623-8ea1-e8a18af6d601', 'user_id': 'P1'}"
08:38:51,layout.node.moved,"{'nodeId': 'instance-ee18810a-dc3c-4744-9f9b-a6e15d8f7999', 'newPos': {'x': 238.765625, 'y': 179}, 'session_id': 'e5466056-3354-4623-8ea1-e8a18af6d601', 'user_id': 'P1'}"
08:39:02,layout.node.moved,"{'nodeId': 'instance-ee18810a-dc3c-4744-9f9b-a6e15d8f7999', 'newPos': {'x': 239.765625, 'y': 236}, 'session_id': 'e5466056-3354-4623-8ea1-e8a18af6d601', 'user_id': 'P1'}"
08:39:04,layout.node.moved,"{'nodeId': 'instance-ee18810a-dc3c-4744-9f9b-a6e15d8f7999', 'newPos': {'x': 246.765625, 'y': 240}, 'session_id': 'e5466056-3354-4623-8ea1-e8a18af6d601', 'user_id': 'P1'}"
08:39:07,layout.node.moved,"{'nodeId': 'instance-ee18810a-dc3c-4744-9f9b-a6e15d8f7999', 'newPos': {'x': 249.765625, 'y': 258}, 'session_id': 'e5466056-3354-4623-8ea1-e8a18af6d601', 'user_id': 'P1'}"
08:39:10,layout_board.new_box_positioned,"{'position': {'x': 63.765625, 'y': 66}, 'screen_position': {'x': 125, 'y': 89}, 'board_type': 'advanced', 'session_id': 'e5466056-3354-4623-8ea1-e8a18af6d601', 'user_id': 'P1'}"
08:39:29,layoutboard.node.resizable.resized,"{'nodeId': 'instance-32bf5aa7-0443-47ce-b69a-53a95226e911-resizable', 'prevSize': {'width': 50, 'height': 50}, 'newSize': {'width': 491, 'height': 472}, 'delta': {'width': 441, 'height': 422}, 'linkedSizeNodeIds': [], 'session_id': 'e5466056-3354-4623-8ea1-e8a18af6d601', 'user_id': 'P1'}"
08:39:29,api.generate_text_to_graph.succeeded,"{'objects_count': 3, 'relationships_count': 2, 'root_object': 'object1', 'session_id': 'e5466056-3354-4623-8ea1-e8a18af6d601', 'user_id': 'P1'}"
08:39:32,layoutboard.node.resizable.resized,"{'nodeId': 'instance-32bf5aa7-0443-47ce-b69a-53a95226e911-resizable', 'prevSize': {'width': 50, 'height': 50}, 'newSize': {'width': 558, 'height': 540}, 'delta': {'width': 508, 'height': 490}, 'linkedSizeNodeIds': [], 'session_id': 'e5466056-3354-4623-8ea1-e8a18af6d601', 'user_id': 'P1'}"
08:40:06,prompt_saved,{'path': 'output/P1/2025-08-22_08-40-06/prompt.json'}
08:40:06,object_detection_integrated,{'objects_count': 0}
08:40:06,api.generate_image.succeeded,"{'global_caption': 'a scene featuring a baby rabbit character, a 2D sketch illustration, wearing a blue jacket, with a brightly smiling face, cuddling a balloon, alongside an adult rabbit in an illustration with a character, talking to another rabbit, with a red balloon in a 2D sketch illustration, set against a forest background in a 2D illustration style with blur.', 'region_count': 4, 'has_image': True, 'detected_objects_count': 0, 'image_path': 'output/P1/2025-08-22_08-40-06/image.png', 'image_with_layout_path': 'output/P1/2025-08-22_08-40-06/image_with_layout.png', 'timestamp_dir': 'output/P1/2025-08-22_08-40-06', 'session_id': 'e5466056-3354-4623-8ea1-e8a18af6d601', 'user_id': 'P1'}"
08:40:06,object_detection_integrated,"{'objectsCount': 0, 'objects': [], 'session_id': 'e5466056-3354-4623-8ea1-e8a18af6d601', 'user_id': 'P1'}"
08:40:26,layout.node.moved,"{'nodeId': 'instance-32bf5aa7-0443-47ce-b69a-53a95226e911-resizable', 'newPos': {'x': -46, 'y': -28}, 'session_id': 'e5466056-3354-4623-8ea1-e8a18af6d601', 'user_id': 'P1'}"
08:40:27,layout.node.moved,"{'nodeId': 'instance-32bf5aa7-0443-47ce-b69a-53a95226e911-resizable', 'newPos': {'x': -46, 'y': -28}, 'session_id': 'e5466056-3354-4623-8ea1-e8a18af6d601', 'user_id': 'P1'}"
08:40:29,instance_selected,"{'instance_id': 'instance-ee18810a-dc3c-4744-9f9b-a6e15d8f7999', 'instance_label': 'balloon', 'is_from_class': False, 'class_id': None, 'session_id': 'e5466056-3354-4623-8ea1-e8a18af6d601', 'user_id': 'P1'}"
08:40:39,layout.node.moved,"{'nodeId': 'instance-32bf5aa7-0443-47ce-b69a-53a95226e911-resizable', 'newPos': {'x': -46, 'y': -28}, 'session_id': 'e5466056-3354-4623-8ea1-e8a18af6d601', 'user_id': 'P1'}"
08:40:44,layout.node.moved,"{'nodeId': 'instance-32bf5aa7-0443-47ce-b69a-53a95226e911-resizable', 'newPos': {'x': -46, 'y': -28}, 'session_id': 'e5466056-3354-4623-8ea1-e8a18af6d601', 'user_id': 'P1'}"
08:40:45,layout.node.moved,"{'nodeId': 'instance-32bf5aa7-0443-47ce-b69a-53a95226e911-resizable', 'newPos': {'x': -46, 'y': -28}, 'session_id': 'e5466056-3354-4623-8ea1-e8a18af6d601', 'user_id': 'P1'}"
08:40:47,layout.node.moved,"{'nodeId': 'instance-32bf5aa7-0443-47ce-b69a-53a95226e911-resizable', 'newPos': {'x': -46, 'y': -28}, 'session_id': 'e5466056-3354-4623-8ea1-e8a18af6d601', 'user_id': 'P1'}"
08:40:47,layout.node.moved,"{'nodeId': 'instance-32bf5aa7-0443-47ce-b69a-53a95226e911-resizable', 'newPos': {'x': -46, 'y': -28}, 'session_id': 'e5466056-3354-4623-8ea1-e8a18af6d601', 'user_id': 'P1'}"
08:40:54,instance_selected,"{'instance_id': 'instance-32bf5aa7-0443-47ce-b69a-53a95226e911', 'instance_label': 'forest', 'is_from_class': False, 'class_id': None, 'session_id': 'e5466056-3354-4623-8ea1-e8a18af6d601', 'user_id': 'P1'}"
08:40:55,layout.node.moved,"{'nodeId': 'instance-32bf5aa7-0443-47ce-b69a-53a95226e911-resizable', 'newPos': {'x': -46, 'y': -28}, 'session_id': 'e5466056-3354-4623-8ea1-e8a18af6d601', 'user_id': 'P1'}"
08:40:58,layout.node.moved,"{'nodeId': 'instance-32bf5aa7-0443-47ce-b69a-53a95226e911-resizable', 'newPos': {'x': -46, 'y': -28}, 'session_id': 'e5466056-3354-4623-8ea1-e8a18af6d601', 'user_id': 'P1'}"
08:41:05,instance.deleted,"{'instance_id': 'instance-32bf5aa7-0443-47ce-b69a-53a95226e911', 'instance_label': 'forest', 'is_from_class': False, 'class_id': None, 'session_id': 'e5466056-3354-4623-8ea1-e8a18af6d601', 'user_id': 'P1'}"
08:41:09,layout.node.moved,"{'nodeId': 'instance-a407e81f-4d34-4660-81b4-316c2d2366d7', 'newPos': {'x': 36, 'y': 208}, 'session_id': 'e5466056-3354-4623-8ea1-e8a18af6d601', 'user_id': 'P1'}"
08:41:33,api.generate_text_to_graph.succeeded,"{'objects_count': 2, 'relationships_count': 1, 'root_object': 'object1', 'session_id': 'e5466056-3354-4623-8ea1-e8a18af6d601', 'user_id': 'P1'}"
08:41:33,instance.updated,"{'instance_id': 'instance-ee18810a-dc3c-4744-9f9b-a6e15d8f7999', 'instance_label': 'balloon', 'text_changed': True, 'graph_changed': False, 'session_id': 'e5466056-3354-4623-8ea1-e8a18af6d601', 'user_id': 'P1'}"
08:41:43,api.generate_text_to_graph.succeeded,"{'objects_count': 5, 'relationships_count': 4, 'root_object': 'object1', 'session_id': 'e5466056-3354-4623-8ea1-e8a18af6d601', 'user_id': 'P1'}"
08:41:43,instance.updated,"{'instance_id': 'instance-b97d172f-0052-4bf6-b087-4fe1e6af7dd5', 'instance_label': 'rabbit', 'text_changed': True, 'graph_changed': False, 'session_id': 'e5466056-3354-4623-8ea1-e8a18af6d601', 'user_id': 'P1'}"
08:42:19,object_node.edit.saved,"{'object_id': 'object3', 'object_name': 'sketch', 'edit_mode': 'adding', 'new_value': 'style watercolor', 'is_class_mode': True, 'session_id': 'e5466056-3354-4623-8ea1-e8a18af6d601', 'user_id': 'P1'}"
08:42:21,class.updated,"{'class_id': 'class-195fd647-2a91-4524-b4e2-7f050ac7dda8', 'class_name': 'rabbit Class', 'placeholder_count': 3, 'object_count': 3, 'session_id': 'e5466056-3354-4623-8ea1-e8a18af6d601', 'user_id': 'P1'}"
08:42:21,api.generate_scene_graph_to_text.succeeded,"{'text_length': 59, 'generated_text': 'Adult rabbit in a watercolor illustration with a character.', 'session_id': 'e5466056-3354-4623-8ea1-e8a18af6d601', 'user_id': 'P1'}"
08:42:29,layout_board.new_box_positioned,"{'position': {'x': 118.765625, 'y': 65}, 'screen_position': {'x': 180, 'y': 88}, 'board_type': 'advanced', 'session_id': 'e5466056-3354-4623-8ea1-e8a18af6d601', 'user_id': 'P1'}"
08:42:48,api.generate_text_to_graph.succeeded,"{'objects_count': 3, 'relationships_count': 2, 'root_object': 'object1', 'session_id': 'e5466056-3354-4623-8ea1-e8a18af6d601', 'user_id': 'P1'}"
08:42:51,layoutboard.node.resizable.resized,"{'nodeId': 'instance-608e8a4d-b475-4a5b-8cfe-feae5fff45f6-resizable', 'prevSize': {'width': 50, 'height': 50}, 'newSize': {'width': 371, 'height': 431}, 'delta': {'width': 321, 'height': 381}, 'linkedSizeNodeIds': [], 'session_id': 'e5466056-3354-4623-8ea1-e8a18af6d601', 'user_id': 'P1'}"
08:42:59,layoutboard.node.resizable.resized,"{'nodeId': 'instance-608e8a4d-b475-4a5b-8cfe-feae5fff45f6-resizable', 'prevSize': {'width': 50, 'height': 50}, 'newSize': {'width': 493, 'height': 499}, 'delta': {'width': 443, 'height': 449}, 'linkedSizeNodeIds': [], 'session_id': 'e5466056-3354-4623-8ea1-e8a18af6d601', 'user_id': 'P1'}"
08:43:05,layoutboard.node.resizable.resized,"{'nodeId': 'instance-608e8a4d-b475-4a5b-8cfe-feae5fff45f6-resizable', 'prevSize': {'width': 50, 'height': 50}, 'newSize': {'width': 505, 'height': 507}, 'delta': {'width': 455, 'height': 457}, 'linkedSizeNodeIds': [], 'session_id': 'e5466056-3354-4623-8ea1-e8a18af6d601', 'user_id': 'P1'}"
08:43:07,layout.node.moved,"{'nodeId': 'instance-608e8a4d-b475-4a5b-8cfe-feae5fff45f6', 'newPos': {'x': 9, 'y': 9}, 'session_id': 'e5466056-3354-4623-8ea1-e8a18af6d601', 'user_id': 'P1'}"
08:43:35,prompt_saved,{'path': 'output/P1/2025-08-22_08-43-35/prompt.json'}
08:43:36,object_detection_integrated,{'objects_count': 1}
08:43:36,api.generate_image.succeeded,"{'global_caption': 'a scene featuring a baby rabbit character in a 2D sketch illustration in watercolor style, wearing a blue jacket, with a brightly smiling face, cuddling a balloon, alongside an adult rabbit in a watercolor illustration with a character, talking to another rabbit, with a red balloon in a 2D sketch illustration in watercolor style, set against a forest background in a 2D illustration in watercolor style, with blur.', 'region_count': 4, 'has_image': True, 'detected_objects_count': 1, 'image_path': 'output/P1/2025-08-22_08-43-35/image.png', 'image_with_layout_path': 'output/P1/2025-08-22_08-43-35/image_with_layout.png', 'timestamp_dir': 'output/P1/2025-08-22_08-43-35', 'session_id': 'e5466056-3354-4623-8ea1-e8a18af6d601', 'user_id': 'P1'}"
08:43:36,object_detection_integrated,"{'objectsCount': 1, 'objects': [{'label': 'book', 'confidence': 0.2655104994773865}], 'session_id': 'e5466056-3354-4623-8ea1-e8a18af6d601', 'user_id': 'P1'}"
08:44:01,scene_saved,"{'slotNumber': 1, 'instanceCount': 4, 'nodeCount': 8, 'edgeCount': 2, 'session_id': 'e5466056-3354-4623-8ea1-e8a18af6d601', 'user_id': 'P1'}"
08:44:08,instance.deleted,"{'instance_id': 'instance-b97d172f-0052-4bf6-b087-4fe1e6af7dd5', 'instance_label': 'rabbit', 'is_from_class': True, 'class_id': 'class-195fd647-2a91-4524-b4e2-7f050ac7dda8', 'session_id': 'e5466056-3354-4623-8ea1-e8a18af6d601', 'user_id': 'P1'}"
08:44:11,instance.deleted,"{'instance_id': 'instance-608e8a4d-b475-4a5b-8cfe-feae5fff45f6', 'instance_label': 'forest', 'is_from_class': False, 'class_id': None, 'session_id': 'e5466056-3354-4623-8ea1-e8a18af6d601', 'user_id': 'P1'}"
08:44:16,instance.deleted,"{'instance_id': 'instance-ee18810a-dc3c-4744-9f9b-a6e15d8f7999', 'instance_label': 'balloon', 'is_from_class': False, 'class_id': None, 'session_id': 'e5466056-3354-4623-8ea1-e8a18af6d601', 'user_id': 'P1'}"
08:44:21,instance.deleted,"{'instance_id': 'instance-a407e81f-4d34-4660-81b4-316c2d2366d7', 'instance_label': 'Rabbit', 'is_from_class': True, 'class_id': 'class-195fd647-2a91-4524-b4e2-7f050ac7dda8', 'session_id': 'e5466056-3354-4623-8ea1-e8a18af6d601', 'user_id': 'P1'}"
08:44:24,scene_loaded,"{'slotNumber': 1, 'instanceCount': 4, 'nodeCount': 8, 'edgeCount': 2, 'session_id': 'e5466056-3354-4623-8ea1-e8a18af6d601', 'user_id': 'P1'}"
08:44:26,instance_selected,"{'instance_id': 'instance-608e8a4d-b475-4a5b-8cfe-feae5fff45f6', 'instance_label': 'forest', 'is_from_class': False, 'class_id': None, 'session_id': 'e5466056-3354-4623-8ea1-e8a18af6d601', 'user_id': 'P1'}"
08:44:29,api.generate_placeholders.succeeded,"{'object_count': 3, 'unique_value_count': 7, 'session_id': 'e5466056-3354-4623-8ea1-e8a18af6d601', 'user_id': 'P1'}"
08:44:29,class.created,"{'class_id': 'class-3ff65e8f-8335-4b67-9c53-1d92b1fbbefb', 'class_name': 'forest Class', 'placeholder_count': 3, 'created_from': 'forest', 'session_id': 'e5466056-3354-4623-8ea1-e8a18af6d601', 'user_id': 'P1'}"
08:44:29,instance_selected,"{'instance_id': 'instance-608e8a4d-b475-4a5b-8cfe-feae5fff45f6', 'instance_label': 'forest', 'is_from_class': True, 'class_id': 'class-3ff65e8f-8335-4b67-9c53-1d92b1fbbefb', 'session_id': 'e5466056-3354-4623-8ea1-e8a18af6d601', 'user_id': 'P1'}"
08:44:53,instance.deleted,"{'instance_id': 'instance-a407e81f-4d34-4660-81b4-316c2d2366d7', 'instance_label': 'Rabbit', 'is_from_class': True, 'class_id': 'class-195fd647-2a91-4524-b4e2-7f050ac7dda8', 'session_id': 'e5466056-3354-4623-8ea1-e8a18af6d601', 'user_id': 'P1'}"
08:44:53,instance_selected,"{'instance_id': 'instance-608e8a4d-b475-4a5b-8cfe-feae5fff45f6', 'instance_label': 'forest', 'is_from_class': True, 'class_id': 'class-3ff65e8f-8335-4b67-9c53-1d92b1fbbefb', 'session_id': 'e5466056-3354-4623-8ea1-e8a18af6d601', 'user_id': 'P1'}"
08:44:55,instance_selected,"{'instance_id': 'instance-b97d172f-0052-4bf6-b087-4fe1e6af7dd5', 'instance_label': 'rabbit', 'is_from_class': True, 'class_id': 'class-195fd647-2a91-4524-b4e2-7f050ac7dda8', 'session_id': 'e5466056-3354-4623-8ea1-e8a18af6d601', 'user_id': 'P1'}"
08:45:57,api.generate_text_to_graph.succeeded,"{'objects_count': 5, 'relationships_count': 4, 'root_object': 'object1', 'session_id': 'e5466056-3354-4623-8ea1-e8a18af6d601', 'user_id': 'P1'}"
08:45:57,instance.updated,"{'instance_id': 'instance-b97d172f-0052-4bf6-b087-4fe1e6af7dd5', 'instance_label': 'rabbit', 'text_changed': True, 'graph_changed': False, 'session_id': 'e5466056-3354-4623-8ea1-e8a18af6d601', 'user_id': 'P1'}"
08:45:57,instance_selected,"{'instance_id': 'instance-b97d172f-0052-4bf6-b087-4fe1e6af7dd5', 'instance_label': 'rabbit', 'is_from_class': True, 'class_id': 'class-195fd647-2a91-4524-b4e2-7f050ac7dda8', 'session_id': 'e5466056-3354-4623-8ea1-e8a18af6d601', 'user_id': 'P1'}"
08:46:14,layout.node.moved,"{'nodeId': 'instance-608e8a4d-b475-4a5b-8cfe-feae5fff45f6-resizable', 'newPos': {'x': 7, 'y': 0}, 'session_id': 'e5466056-3354-4623-8ea1-e8a18af6d601', 'user_id': 'P1'}"
08:46:16,layout.node.moved,"{'nodeId': 'instance-608e8a4d-b475-4a5b-8cfe-feae5fff45f6-resizable', 'newPos': {'x': 7, 'y': 0}, 'session_id': 'e5466056-3354-4623-8ea1-e8a18af6d601', 'user_id': 'P1'}"
08:46:17,layout.node.moved,"{'nodeId': 'instance-608e8a4d-b475-4a5b-8cfe-feae5fff45f6-resizable', 'newPos': {'x': 7, 'y': 5}, 'session_id': 'e5466056-3354-4623-8ea1-e8a18af6d601', 'user_id': 'P1'}"
08:46:18,layout.node.moved,"{'nodeId': 'instance-608e8a4d-b475-4a5b-8cfe-feae5fff45f6-resizable', 'newPos': {'x': 7, 'y': 5}, 'session_id': 'e5466056-3354-4623-8ea1-e8a18af6d601', 'user_id': 'P1'}"
08:46:21,layoutboard.node.resizable.resized,"{'nodeId': 'instance-608e8a4d-b475-4a5b-8cfe-feae5fff45f6-resizable', 'prevSize': {'width': 505, 'height': 507}, 'newSize': {'width': 56, 'height': 80}, 'delta': {'width': -449, 'height': -427}, 'linkedSizeNodeIds': [], 'session_id': 'e5466056-3354-4623-8ea1-e8a18af6d601', 'user_id': 'P1'}"
08:46:22,instance_selected,"{'instance_id': 'instance-ee18810a-dc3c-4744-9f9b-a6e15d8f7999', 'instance_label': 'balloon', 'is_from_class': False, 'class_id': None, 'session_id': 'e5466056-3354-4623-8ea1-e8a18af6d601', 'user_id': 'P1'}"
08:46:25,layout.node.moved,"{'nodeId': 'instance-ee18810a-dc3c-4744-9f9b-a6e15d8f7999', 'newPos': {'x': 220.765625, 'y': 106}, 'session_id': 'e5466056-3354-4623-8ea1-e8a18af6d601', 'user_id': 'P1'}"
08:46:28,layout.node.moved,"{'nodeId': 'instance-ee18810a-dc3c-4744-9f9b-a6e15d8f7999', 'newPos': {'x': 195.765625, 'y': 22}, 'session_id': 'e5466056-3354-4623-8ea1-e8a18af6d601', 'user_id': 'P1'}"
08:46:34,layout.node.moved,"{'nodeId': 'instance-b97d172f-0052-4bf6-b087-4fe1e6af7dd5', 'newPos': {'x': 119.765625, 'y': 222}, 'session_id': 'e5466056-3354-4623-8ea1-e8a18af6d601', 'user_id': 'P1'}"
08:46:35,layout.node.moved,"{'nodeId': 'instance-ee18810a-dc3c-4744-9f9b-a6e15d8f7999', 'newPos': {'x': 246.765625, 'y': 22}, 'session_id': 'e5466056-3354-4623-8ea1-e8a18af6d601', 'user_id': 'P1'}"
08:46:54,relationship_node.edited,"{'relationship_id': 'instance-b97d172f-0052-4bf6-b087-4fe1e6af7dd5-instance-ee18810a-dc3c-4744-9f9b-a6e15d8f7999', 'source_object_id': 'instance-b97d172f-0052-4bf6-b087-4fe1e6af7dd5', 'target_object_id': 'instance-ee18810a-dc3c-4744-9f9b-a6e15d8f7999', 'old_relation': 'cuddling', 'new_relation': 'looking above', 'source_object_name': 'rabbit', 'target_object_name': 'balloon', 'session_id': 'e5466056-3354-4623-8ea1-e8a18af6d601', 'user_id': 'P1'}"
08:46:57,layoutboard.node.resizable.resized,"{'nodeId': 'instance-b97d172f-0052-4bf6-b087-4fe1e6af7dd5-resizable', 'prevSize': {'width': 206, 'height': 213}, 'newSize': {'width': 206, 'height': 237}, 'delta': {'width': 0, 'height': 24}, 'linkedSizeNodeIds': [], 'session_id': 'e5466056-3354-4623-8ea1-e8a18af6d601', 'user_id': 'P1'}"
08:47:00,layout.node.moved,"{'nodeId': 'instance-608e8a4d-b475-4a5b-8cfe-feae5fff45f6', 'newPos': {'x': 10, 'y': 21}, 'session_id': 'e5466056-3354-4623-8ea1-e8a18af6d601', 'user_id': 'P1'}"
08:47:01,instance_selected,"{'instance_id': 'instance-608e8a4d-b475-4a5b-8cfe-feae5fff45f6', 'instance_label': 'forest', 'is_from_class': True, 'class_id': 'class-3ff65e8f-8335-4b67-9c53-1d92b1fbbefb', 'session_id': 'e5466056-3354-4623-8ea1-e8a18af6d601', 'user_id': 'P1'}"
08:47:20,api.generate_text_to_graph.succeeded,"{'objects_count': 4, 'relationships_count': 3, 'root_object': 'object1', 'session_id': 'e5466056-3354-4623-8ea1-e8a18af6d601', 'user_id': 'P1'}"
08:47:20,instance.updated,"{'instance_id': 'instance-608e8a4d-b475-4a5b-8cfe-feae5fff45f6', 'instance_label': 'forest', 'text_changed': True, 'graph_changed': False, 'session_id': 'e5466056-3354-4623-8ea1-e8a18af6d601', 'user_id': 'P1'}"
08:47:20,instance_selected,"{'instance_id': 'instance-608e8a4d-b475-4a5b-8cfe-feae5fff45f6', 'instance_label': 'forest', 'is_from_class': True, 'class_id': 'class-3ff65e8f-8335-4b67-9c53-1d92b1fbbefb', 'session_id': 'e5466056-3354-4623-8ea1-e8a18af6d601', 'user_id': 'P1'}"
08:47:22,layoutboard.node.resizable.resized,"{'nodeId': 'instance-608e8a4d-b475-4a5b-8cfe-feae5fff45f6-resizable', 'prevSize': {'width': 505, 'height': 507}, 'newSize': {'width': 491, 'height': 456}, 'delta': {'width': -14, 'height': -51}, 'linkedSizeNodeIds': [], 'session_id': 'e5466056-3354-4623-8ea1-e8a18af6d601', 'user_id': 'P1'}"
08:47:24,layoutboard.node.resizable.resized,"{'nodeId': 'instance-608e8a4d-b475-4a5b-8cfe-feae5fff45f6-resizable', 'prevSize': {'width': 505, 'height': 507}, 'newSize': {'width': 493, 'height': 466}, 'delta': {'width': -12, 'height': -41}, 'linkedSizeNodeIds': [], 'session_id': 'e5466056-3354-4623-8ea1-e8a18af6d601', 'user_id': 'P1'}"
08:47:54,prompt_saved,{'path': 'output/P1/2025-08-22_08-47-54/prompt.json'}
08:47:55,object_detection_integrated,{'objects_count': 1}
08:47:55,object_detection_integrated,"{'objectsCount': 1, 'objects': [{'label': 'person', 'confidence': 0.6926771402359009}], 'session_id': 'e5466056-3354-4623-8ea1-e8a18af6d601', 'user_id': 'P1'}"
08:47:55,api.generate_image.succeeded,"{'global_caption': 'a scene featuring a baby rabbit character in a 2D sketch illustration in watercolor style, wearing a blue jacket, paused while running with tears in panic, looking above a red balloon, alongside a red balloon in a 2D sketch illustration in watercolor style, set against a forest background in a 2D illustration in watercolor style, with blur and windy weather.', 'region_count': 3, 'has_image': True, 'detected_objects_count': 1, 'image_path': 'output/P1/2025-08-22_08-47-54/image.png', 'image_with_layout_path': 'output/P1/2025-08-22_08-47-54/image_with_layout.png', 'timestamp_dir': 'output/P1/2025-08-22_08-47-54', 'session_id': 'e5466056-3354-4623-8ea1-e8a18af6d601', 'user_id': 'P1'}"
08:48:12,layout.node.moved,"{'nodeId': 'instance-608e8a4d-b475-4a5b-8cfe-feae5fff45f6-resizable', 'newPos': {'x': 6, 'y': 10}, 'session_id': 'e5466056-3354-4623-8ea1-e8a18af6d601', 'user_id': 'P1'}"
08:48:41,instance.updated,"{'instance_id': 'instance-b97d172f-0052-4bf6-b087-4fe1e6af7dd5', 'instance_label': 'rabbit', 'text_changed': True, 'graph_changed': False, 'session_id': 'e5466056-3354-4623-8ea1-e8a18af6d601', 'user_id': 'P1'}"
08:48:41,api.generate_text_to_graph.succeeded,"{'objects_count': 6, 'relationships_count': 5, 'root_object': 'object1', 'session_id': 'e5466056-3354-4623-8ea1-e8a18af6d601', 'user_id': 'P1'}"
08:48:41,instance_selected,"{'instance_id': 'instance-608e8a4d-b475-4a5b-8cfe-feae5fff45f6', 'instance_label': 'forest', 'is_from_class': True, 'class_id': 'class-3ff65e8f-8335-4b67-9c53-1d92b1fbbefb', 'session_id': 'e5466056-3354-4623-8ea1-e8a18af6d601', 'user_id': 'P1'}"
08:48:46,layoutboard.node.resizable.resized,"{'nodeId': 'instance-608e8a4d-b475-4a5b-8cfe-feae5fff45f6-resizable', 'prevSize': {'width': 505, 'height': 507}, 'newSize': {'width': 57, 'height': 90}, 'delta': {'width': -448, 'height': -417}, 'linkedSizeNodeIds': [], 'session_id': 'e5466056-3354-4623-8ea1-e8a18af6d601', 'user_id': 'P1'}"
08:48:49,layoutboard.node.resizable.resized,"{'nodeId': 'instance-ee18810a-dc3c-4744-9f9b-a6e15d8f7999-resizable', 'prevSize': {'width': 105, 'height': 146}, 'newSize': {'width': 81, 'height': 132}, 'delta': {'width': -24, 'height': -14}, 'linkedSizeNodeIds': [], 'session_id': 'e5466056-3354-4623-8ea1-e8a18af6d601', 'user_id': 'P1'}"
08:48:52,layoutboard.node.resizable.resized,"{'nodeId': 'instance-608e8a4d-b475-4a5b-8cfe-feae5fff45f6-resizable', 'prevSize': {'width': 505, 'height': 507}, 'newSize': {'width': 499, 'height': 500}, 'delta': {'width': -6, 'height': -7}, 'linkedSizeNodeIds': [], 'session_id': 'e5466056-3354-4623-8ea1-e8a18af6d601', 'user_id': 'P1'}"
08:48:55,instance_selected,"{'instance_id': 'instance-ee18810a-dc3c-4744-9f9b-a6e15d8f7999', 'instance_label': 'balloon', 'is_from_class': False, 'class_id': None, 'session_id': 'e5466056-3354-4623-8ea1-e8a18af6d601', 'user_id': 'P1'}"
08:49:08,api.generate_text_to_graph.succeeded,"{'objects_count': 3, 'relationships_count': 2, 'root_object': 'object1', 'session_id': 'e5466056-3354-4623-8ea1-e8a18af6d601', 'user_id': 'P1'}"
08:49:08,instance.updated,"{'instance_id': 'instance-ee18810a-dc3c-4744-9f9b-a6e15d8f7999', 'instance_label': 'balloon', 'text_changed': True, 'graph_changed': False, 'session_id': 'e5466056-3354-4623-8ea1-e8a18af6d601', 'user_id': 'P1'}"
08:49:08,instance_selected,"{'instance_id': 'instance-ee18810a-dc3c-4744-9f9b-a6e15d8f7999', 'instance_label': 'balloon', 'is_from_class': False, 'class_id': None, 'session_id': 'e5466056-3354-4623-8ea1-e8a18af6d601', 'user_id': 'P1'}"
08:49:38,prompt_saved,{'path': 'output/P1/2025-08-22_08-49-38/prompt.json'}
08:49:38,object_detection_integrated,{'objects_count': 0}
08:49:39,api.generate_image.succeeded,"{'global_caption': 'a scene featuring a baby rabbit character in a 2D sketch illustration in watercolor style, wearing a blue jacket, paused while running with tears in panic, showing its back and looking above a red balloon, alongside a red balloon in a 2D sketch illustration in watercolor style, far in the sky, set against a forest background in a 2D illustration in watercolor style, with a blur and windy weather.', 'region_count': 3, 'has_image': True, 'detected_objects_count': 0, 'image_path': 'output/P1/2025-08-22_08-49-38/image.png', 'image_with_layout_path': 'output/P1/2025-08-22_08-49-38/image_with_layout.png', 'timestamp_dir': 'output/P1/2025-08-22_08-49-38', 'session_id': 'e5466056-3354-4623-8ea1-e8a18af6d601', 'user_id': 'P1'}"
08:49:39,object_detection_integrated,"{'objectsCount': 0, 'objects': [], 'session_id': 'e5466056-3354-4623-8ea1-e8a18af6d601', 'user_id': 'P1'}"
08:50:05,layoutboard.node.resizable.resized,"{'nodeId': 'instance-608e8a4d-b475-4a5b-8cfe-feae5fff45f6-resizable', 'prevSize': {'width': 505, 'height': 507}, 'newSize': {'width': 127, 'height': 96}, 'delta': {'width': -378, 'height': -411}, 'linkedSizeNodeIds': [], 'session_id': 'e5466056-3354-4623-8ea1-e8a18af6d601', 'user_id': 'P1'}"
08:50:24,relationship_node.edited,"{'relationship_id': 'instance-b97d172f-0052-4bf6-b087-4fe1e6af7dd5-instance-ee18810a-dc3c-4744-9f9b-a6e15d8f7999', 'source_object_id': 'instance-b97d172f-0052-4bf6-b087-4fe1e6af7dd5', 'target_object_id': 'instance-ee18810a-dc3c-4744-9f9b-a6e15d8f7999', 'old_relation': 'looking above', 'new_relation': 'looking above, eyes on', 'source_object_name': 'rabbit', 'target_object_name': 'balloon', 'session_id': 'e5466056-3354-4623-8ea1-e8a18af6d601', 'user_id': 'P1'}"
08:50:27,instance_selected,"{'instance_id': 'instance-b97d172f-0052-4bf6-b087-4fe1e6af7dd5', 'instance_label': 'rabbit', 'is_from_class': True, 'class_id': 'class-195fd647-2a91-4524-b4e2-7f050ac7dda8', 'session_id': 'e5466056-3354-4623-8ea1-e8a18af6d601', 'user_id': 'P1'}"
08:52:07,api.generate_text_to_graph.succeeded,"{'objects_count': 7, 'relationships_count': 6, 'root_object': 'object1', 'session_id': 'e5466056-3354-4623-8ea1-e8a18af6d601', 'user_id': 'P1'}"
08:52:07,instance.updated,"{'instance_id': 'instance-b97d172f-0052-4bf6-b087-4fe1e6af7dd5', 'instance_label': 'rabbit', 'text_changed': True, 'graph_changed': False, 'session_id': 'e5466056-3354-4623-8ea1-e8a18af6d601', 'user_id': 'P1'}"
08:52:07,instance_selected,"{'instance_id': 'instance-b97d172f-0052-4bf6-b087-4fe1e6af7dd5', 'instance_label': 'rabbit', 'is_from_class': True, 'class_id': 'class-195fd647-2a91-4524-b4e2-7f050ac7dda8', 'session_id': 'e5466056-3354-4623-8ea1-e8a18af6d601', 'user_id': 'P1'}"
08:52:18,layoutboard.node.resizable.resized,"{'nodeId': 'instance-608e8a4d-b475-4a5b-8cfe-feae5fff45f6-resizable', 'prevSize': {'width': 505, 'height': 507}, 'newSize': {'width': 501, 'height': 497}, 'delta': {'width': -4, 'height': -10}, 'linkedSizeNodeIds': [], 'session_id': 'e5466056-3354-4623-8ea1-e8a18af6d601', 'user_id': 'P1'}"
08:52:25,layoutboard.node.resizable.resized,"{'nodeId': 'instance-608e8a4d-b475-4a5b-8cfe-feae5fff45f6-resizable', 'prevSize': {'width': 505, 'height': 507}, 'newSize': {'width': 70, 'height': 138}, 'delta': {'width': -435, 'height': -369}, 'linkedSizeNodeIds': [], 'session_id': 'e5466056-3354-4623-8ea1-e8a18af6d601', 'user_id': 'P1'}"
08:52:27,layoutboard.node.resizable.resized,"{'nodeId': 'instance-ee18810a-dc3c-4744-9f9b-a6e15d8f7999-resizable', 'prevSize': {'width': 105, 'height': 146}, 'newSize': {'width': 70, 'height': 103}, 'delta': {'width': -35, 'height': -43}, 'linkedSizeNodeIds': [], 'session_id': 'e5466056-3354-4623-8ea1-e8a18af6d601', 'user_id': 'P1'}"
08:52:29,layoutboard.node.resizable.resized,"{'nodeId': 'instance-ee18810a-dc3c-4744-9f9b-a6e15d8f7999-resizable', 'prevSize': {'width': 105, 'height': 146}, 'newSize': {'width': 70, 'height': 113}, 'delta': {'width': -35, 'height': -33}, 'linkedSizeNodeIds': [], 'session_id': 'e5466056-3354-4623-8ea1-e8a18af6d601', 'user_id': 'P1'}"
08:52:32,layoutboard.node.resizable.resized,"{'nodeId': 'instance-608e8a4d-b475-4a5b-8cfe-feae5fff45f6-resizable', 'prevSize': {'width': 505, 'height': 507}, 'newSize': {'width': 503, 'height': 500}, 'delta': {'width': -2, 'height': -7}, 'linkedSizeNodeIds': [], 'session_id': 'e5466056-3354-4623-8ea1-e8a18af6d601', 'user_id': 'P1'}"
08:53:01,prompt_saved,{'path': 'output/P1/2025-08-22_08-53-01/prompt.json'}
08:53:02,object_detection_integrated,{'objects_count': 0}
08:53:02,api.generate_image.succeeded,"{'global_caption': 'a scene featuring a baby rabbit character in a 2D sketch illustration in watercolor style, wearing a blue jacket, paused while running with tears in panic, showing its back and looking above at a red balloon, alongside a red balloon in a 2D sketch illustration in watercolor style, far in the sky, set against a forest background in a 2D illustration in watercolor style, with a blur and windy weather.', 'region_count': 3, 'has_image': True, 'detected_objects_count': 0, 'image_path': 'output/P1/2025-08-22_08-53-01/image.png', 'image_with_layout_path': 'output/P1/2025-08-22_08-53-01/image_with_layout.png', 'timestamp_dir': 'output/P1/2025-08-22_08-53-01', 'session_id': 'e5466056-3354-4623-8ea1-e8a18af6d601', 'user_id': 'P1'}"
08:53:02,object_detection_integrated,"{'objectsCount': 0, 'objects': [], 'session_id': 'e5466056-3354-4623-8ea1-e8a18af6d601', 'user_id': 'P1'}"
08:53:47,layoutboard.node.resizable.resized,"{'nodeId': 'instance-608e8a4d-b475-4a5b-8cfe-feae5fff45f6-resizable', 'prevSize': {'width': 505, 'height': 507}, 'newSize': {'width': 127, 'height': 144}, 'delta': {'width': -378, 'height': -363}, 'linkedSizeNodeIds': [], 'session_id': 'e5466056-3354-4623-8ea1-e8a18af6d601', 'user_id': 'P1'}"
08:53:55,relationship_node.edited,"{'relationship_id': 'instance-b97d172f-0052-4bf6-b087-4fe1e6af7dd5-instance-ee18810a-dc3c-4744-9f9b-a6e15d8f7999', 'source_object_id': 'instance-b97d172f-0052-4bf6-b087-4fe1e6af7dd5', 'target_object_id': 'instance-ee18810a-dc3c-4744-9f9b-a6e15d8f7999', 'old_relation': 'looking above, eyes on', 'new_relation': 'looking up', 'source_object_name': 'rabbit', 'target_object_name': 'balloon', 'session_id': 'e5466056-3354-4623-8ea1-e8a18af6d601', 'user_id': 'P1'}"
08:53:58,layoutboard.node.resizable.resized,"{'nodeId': 'instance-608e8a4d-b475-4a5b-8cfe-feae5fff45f6-resizable', 'prevSize': {'width': 505, 'height': 507}, 'newSize': {'width': 503, 'height': 500}, 'delta': {'width': -2, 'height': -7}, 'linkedSizeNodeIds': [], 'session_id': 'e5466056-3354-4623-8ea1-e8a18af6d601', 'user_id': 'P1'}"
08:54:00,layoutboard.node.resizable.resized,"{'nodeId': 'instance-608e8a4d-b475-4a5b-8cfe-feae5fff45f6-resizable', 'prevSize': {'width': 505, 'height': 507}, 'newSize': {'width': 21, 'height': 142}, 'delta': {'width': -484, 'height': -365}, 'linkedSizeNodeIds': [], 'session_id': 'e5466056-3354-4623-8ea1-e8a18af6d601', 'user_id': 'P1'}"
08:54:02,layoutboard.node.resizable.resized,"{'nodeId': 'instance-b97d172f-0052-4bf6-b087-4fe1e6af7dd5-resizable', 'prevSize': {'width': 206, 'height': 213}, 'newSize': {'width': 254, 'height': 306}, 'delta': {'width': 48, 'height': 93}, 'linkedSizeNodeIds': [], 'session_id': 'e5466056-3354-4623-8ea1-e8a18af6d601', 'user_id': 'P1'}"
08:54:05,layoutboard.node.resizable.resized,"{'nodeId': 'instance-b97d172f-0052-4bf6-b087-4fe1e6af7dd5-resizable', 'prevSize': {'width': 206, 'height': 213}, 'newSize': {'width': 243, 'height': 294}, 'delta': {'width': 37, 'height': 81}, 'linkedSizeNodeIds': [], 'session_id': 'e5466056-3354-4623-8ea1-e8a18af6d601', 'user_id': 'P1'}"
08:54:09,layoutboard.node.resizable.resized,"{'nodeId': 'instance-b97d172f-0052-4bf6-b087-4fe1e6af7dd5-resizable', 'prevSize': {'width': 206, 'height': 213}, 'newSize': {'width': 233, 'height': 281}, 'delta': {'width': 27, 'height': 68}, 'linkedSizeNodeIds': [], 'session_id': 'e5466056-3354-4623-8ea1-e8a18af6d601', 'user_id': 'P1'}"
08:54:11,layoutboard.node.resizable.resized,"{'nodeId': 'instance-608e8a4d-b475-4a5b-8cfe-feae5fff45f6-resizable', 'prevSize': {'width': 505, 'height': 507}, 'newSize': {'width': 500, 'height': 495}, 'delta': {'width': -5, 'height': -12}, 'linkedSizeNodeIds': [], 'session_id': 'e5466056-3354-4623-8ea1-e8a18af6d601', 'user_id': 'P1'}"
08:55:27,api.generate_text_to_graph.succeeded,"{'objects_count': 9, 'relationships_count': 8, 'root_object': 'object1', 'session_id': 'e5466056-3354-4623-8ea1-e8a18af6d601', 'user_id': 'P1'}"
08:55:27,instance.updated,"{'instance_id': 'instance-b97d172f-0052-4bf6-b087-4fe1e6af7dd5', 'instance_label': 'rabbit', 'text_changed': True, 'graph_changed': False, 'session_id': 'e5466056-3354-4623-8ea1-e8a18af6d601', 'user_id': 'P1'}"
08:55:27,instance_selected,"{'instance_id': 'instance-b97d172f-0052-4bf6-b087-4fe1e6af7dd5', 'instance_label': 'rabbit', 'is_from_class': True, 'class_id': 'class-195fd647-2a91-4524-b4e2-7f050ac7dda8', 'session_id': 'e5466056-3354-4623-8ea1-e8a18af6d601', 'user_id': 'P1'}"
08:55:47,prompt_saved,{'path': 'output/P1/2025-08-22_08-55-47/prompt.json'}
08:55:47,object_detection_integrated,{'objects_count': 0}
08:55:48,api.generate_image.succeeded,"{'global_caption': 'a scene featuring a baby rabbit character in a 2D sketch illustration in watercolor style, wearing a blue jacket, paused while running with tears in panic, showing its back and looking up at a red balloon, alongside a red balloon in a 2D sketch illustration in watercolor style, far in the sky, set against a forest background in a 2D illustration in watercolor style, with a blur and windy weather.', 'region_count': 3, 'has_image': True, 'detected_objects_count': 0, 'image_path': 'output/P1/2025-08-22_08-55-47/image.png', 'image_with_layout_path': 'output/P1/2025-08-22_08-55-47/image_with_layout.png', 'timestamp_dir': 'output/P1/2025-08-22_08-55-47', 'session_id': 'e5466056-3354-4623-8ea1-e8a18af6d601', 'user_id': 'P1'}"
08:55:48,object_detection_integrated,"{'objectsCount': 0, 'objects': [], 'session_id': 'e5466056-3354-4623-8ea1-e8a18af6d601', 'user_id': 'P1'}"
08:55:56,scene_saved,"{'slotNumber': 2, 'instanceCount': 3, 'nodeCount': 6, 'edgeCount': 2, 'session_id': 'e5466056-3354-4623-8ea1-e8a18af6d601', 'user_id': 'P1'}"
08:56:17,api.generate_placeholders.succeeded,"{'object_count': 3, 'unique_value_count': 9, 'session_id': 'e5466056-3354-4623-8ea1-e8a18af6d601', 'user_id': 'P1'}"
08:56:17,class.created,"{'class_id': 'class-3e5a7aa6-5b51-446b-97b9-b2c655fb78dc', 'class_name': 'balloon Class', 'placeholder_count': 3, 'created_from': 'balloon', 'session_id': 'e5466056-3354-4623-8ea1-e8a18af6d601', 'user_id': 'P1'}"
08:56:17,instance_selected,"{'instance_id': 'instance-b97d172f-0052-4bf6-b087-4fe1e6af7dd5', 'instance_label': 'rabbit', 'is_from_class': True, 'class_id': 'class-195fd647-2a91-4524-b4e2-7f050ac7dda8', 'session_id': 'e5466056-3354-4623-8ea1-e8a18af6d601', 'user_id': 'P1'}"
08:56:20,instance.deleted,"{'instance_id': 'instance-ee18810a-dc3c-4744-9f9b-a6e15d8f7999', 'instance_label': 'balloon', 'is_from_class': True, 'class_id': 'class-3e5a7aa6-5b51-446b-97b9-b2c655fb78dc', 'session_id': 'e5466056-3354-4623-8ea1-e8a18af6d601', 'user_id': 'P1'}"
08:56:20,instance_selected,"{'instance_id': 'instance-b97d172f-0052-4bf6-b087-4fe1e6af7dd5', 'instance_label': 'rabbit', 'is_from_class': True, 'class_id': 'class-195fd647-2a91-4524-b4e2-7f050ac7dda8', 'session_id': 'e5466056-3354-4623-8ea1-e8a18af6d601', 'user_id': 'P1'}"
08:56:43,api.generate_scene_graph_to_text.succeeded,"{'text_length': 51, 'generated_text': 'Baby rabbit character in a watercolor illustration.', 'session_id': 'e5466056-3354-4623-8ea1-e8a18af6d601', 'user_id': 'P1'}"
08:56:44,api.generate_instance_label_from_description.succeeded,"{'generated_label': 'Baby rabbit', 'original_text': 'Baby rabbit character in a watercolor illustration', 'session_id': 'e5466056-3354-4623-8ea1-e8a18af6d601', 'user_id': 'P1'}"
08:56:44,instance.created_from_class,"{'instance_id': 'instance-5ab7832b-69c5-42ea-8ed3-bde6e5761037', 'class_id': 'class-195fd647-2a91-4524-b4e2-7f050ac7dda8', 'instance_label': 'Baby rabbit', 'has_text_description': True, 'session_id': 'e5466056-3354-4623-8ea1-e8a18af6d601', 'user_id': 'P1'}"
08:56:44,instance_selected,"{'instance_id': 'instance-b97d172f-0052-4bf6-b087-4fe1e6af7dd5', 'instance_label': 'rabbit', 'is_from_class': True, 'class_id': 'class-195fd647-2a91-4524-b4e2-7f050ac7dda8', 'session_id': 'e5466056-3354-4623-8ea1-e8a18af6d601', 'user_id': 'P1'}"
08:56:48,api.generate_scene_graph_to_text.succeeded,"{'text_length': 41, 'generated_text': 'Baby rabbit in a watercolor illustration.', 'session_id': 'e5466056-3354-4623-8ea1-e8a18af6d601', 'user_id': 'P1'}"
08:56:48,api.generate_instance_label_from_description.succeeded,"{'generated_label': 'Baby rabbit', 'original_text': 'Baby rabbit in a watercolor illustration.', 'session_id': 'e5466056-3354-4623-8ea1-e8a18af6d601', 'user_id': 'P1'}"
08:56:48,instance.created_from_class,"{'instance_id': 'instance-9e369952-10a4-4279-9ec1-aa69428e395c', 'class_id': 'class-195fd647-2a91-4524-b4e2-7f050ac7dda8', 'instance_label': 'Baby rabbit', 'has_text_description': True, 'session_id': 'e5466056-3354-4623-8ea1-e8a18af6d601', 'user_id': 'P1'}"
08:56:48,instance_selected,"{'instance_id': 'instance-b97d172f-0052-4bf6-b087-4fe1e6af7dd5', 'instance_label': 'rabbit', 'is_from_class': True, 'class_id': 'class-195fd647-2a91-4524-b4e2-7f050ac7dda8', 'session_id': 'e5466056-3354-4623-8ea1-e8a18af6d601', 'user_id': 'P1'}"
08:56:55,layoutboard.node.resizable.resized,"{'nodeId': 'instance-608e8a4d-b475-4a5b-8cfe-feae5fff45f6-resizable', 'prevSize': {'width': 505, 'height': 507}, 'newSize': {'width': 45, 'height': 48}, 'delta': {'width': -460, 'height': -459}, 'linkedSizeNodeIds': [], 'session_id': 'e5466056-3354-4623-8ea1-e8a18af6d601', 'user_id': 'P1'}"
08:56:57,layoutboard.node.resizable.resized,"{'nodeId': 'instance-9e369952-10a4-4279-9ec1-aa69428e395c-resizable', 'prevSize': {'width': 50, 'height': 50}, 'newSize': {'width': 74, 'height': 314}, 'delta': {'width': 24, 'height': 264}, 'linkedSizeNodeIds': [], 'session_id': 'e5466056-3354-4623-8ea1-e8a18af6d601', 'user_id': 'P1'}"
08:56:58,layout.node.moved,"{'nodeId': 'instance-9e369952-10a4-4279-9ec1-aa69428e395c-resizable', 'newPos': {'x': 54, 'y': 158}, 'session_id': 'e5466056-3354-4623-8ea1-e8a18af6d601', 'user_id': 'P1'}"
08:57:00,layoutboard.node.resizable.resized,"{'nodeId': 'instance-9e369952-10a4-4279-9ec1-aa69428e395c-resizable', 'prevSize': {'width': 50, 'height': 50}, 'newSize': {'width': 141, 'height': 262}, 'delta': {'width': 91, 'height': 212}, 'linkedSizeNodeIds': [], 'session_id': 'e5466056-3354-4623-8ea1-e8a18af6d601', 'user_id': 'P1'}"
08:57:03,layout.node.moved,"{'nodeId': 'instance-b97d172f-0052-4bf6-b087-4fe1e6af7dd5-resizable', 'newPos': {'x': 197.765625, 'y': 167}, 'session_id': 'e5466056-3354-4623-8ea1-e8a18af6d601', 'user_id': 'P1'}"
08:57:06,layoutboard.node.resizable.resized,"{'nodeId': 'instance-b97d172f-0052-4bf6-b087-4fe1e6af7dd5-resizable', 'prevSize': {'width': 206, 'height': 213}, 'newSize': {'width': 215, 'height': 252}, 'delta': {'width': 9, 'height': 39}, 'linkedSizeNodeIds': [], 'session_id': 'e5466056-3354-4623-8ea1-e8a18af6d601', 'user_id': 'P1'}"
08:57:08,layoutboard.node.resizable.resized,"{'nodeId': 'instance-9e369952-10a4-4279-9ec1-aa69428e395c-resizable', 'prevSize': {'width': 50, 'height': 50}, 'newSize': {'width': 127, 'height': 237}, 'delta': {'width': 77, 'height': 187}, 'linkedSizeNodeIds': [], 'session_id': 'e5466056-3354-4623-8ea1-e8a18af6d601', 'user_id': 'P1'}"
08:57:10,layoutboard.node.resizable.resized,"{'nodeId': 'instance-9e369952-10a4-4279-9ec1-aa69428e395c-resizable', 'prevSize': {'width': 50, 'height': 50}, 'newSize': {'width': 152, 'height': 237}, 'delta': {'width': 102, 'height': 187}, 'linkedSizeNodeIds': [], 'session_id': 'e5466056-3354-4623-8ea1-e8a18af6d601', 'user_id': 'P1'}"
08:57:12,layout.node.moved,"{'nodeId': 'instance-b97d172f-0052-4bf6-b087-4fe1e6af7dd5', 'newPos': {'x': 249.765625, 'y': 188}, 'session_id': 'e5466056-3354-4623-8ea1-e8a18af6d601', 'user_id': 'P1'}"
08:57:14,layoutboard.node.resizable.resized,"{'nodeId': 'instance-5ab7832b-69c5-42ea-8ed3-bde6e5761037-resizable', 'prevSize': {'width': 50, 'height': 50}, 'newSize': {'width': 156, 'height': 226}, 'delta': {'width': 106, 'height': 176}, 'linkedSizeNodeIds': [], 'session_id': 'e5466056-3354-4623-8ea1-e8a18af6d601', 'user_id': 'P1'}"
08:57:15,layout.node.moved,"{'nodeId': 'instance-5ab7832b-69c5-42ea-8ed3-bde6e5761037-resizable', 'newPos': {'x': 112, 'y': 241}, 'session_id': 'e5466056-3354-4623-8ea1-e8a18af6d601', 'user_id': 'P1'}"
08:57:29,layout.node.moved,"{'nodeId': 'instance-9e369952-10a4-4279-9ec1-aa69428e395c-resizable', 'newPos': {'x': 26, 'y': 194}, 'session_id': 'e5466056-3354-4623-8ea1-e8a18af6d601', 'user_id': 'P1'}"
08:58:37,instance.updated,"{'instance_id': 'instance-b97d172f-0052-4bf6-b087-4fe1e6af7dd5', 'instance_label': 'rabbit', 'text_changed': True, 'graph_changed': False, 'session_id': 'e5466056-3354-4623-8ea1-e8a18af6d601', 'user_id': 'P1'}"
08:58:37,api.generate_text_to_graph.succeeded,"{'objects_count': 6, 'relationships_count': 5, 'root_object': 'object1', 'session_id': 'e5466056-3354-4623-8ea1-e8a18af6d601', 'user_id': 'P1'}"
08:58:37,instance_selected,"{'instance_id': 'instance-b97d172f-0052-4bf6-b087-4fe1e6af7dd5', 'instance_label': 'rabbit', 'is_from_class': True, 'class_id': 'class-195fd647-2a91-4524-b4e2-7f050ac7dda8', 'session_id': 'e5466056-3354-4623-8ea1-e8a18af6d601', 'user_id': 'P1'}"
08:58:54,instance_selected,"{'instance_id': 'instance-9e369952-10a4-4279-9ec1-aa69428e395c', 'instance_label': 'Baby rabbit', 'is_from_class': True, 'class_id': 'class-195fd647-2a91-4524-b4e2-7f050ac7dda8', 'session_id': 'e5466056-3354-4623-8ea1-e8a18af6d601', 'user_id': 'P1'}"
08:59:43,relationship_node.created,"{'relationship_id': 'instance-5ab7832b-69c5-42ea-8ed3-bde6e5761037->instance-b97d172f-0052-4bf6-b087-4fe1e6af7dd5:talking to', 'sourceId': 'instance-5ab7832b-69c5-42ea-8ed3-bde6e5761037', 'targetId': 'instance-b97d172f-0052-4bf6-b087-4fe1e6af7dd5', 'relation': 'talking to', 'video_time': '27:06'}"
08:59:53,relationship_node.created,"{'relationship_id': 'instance-5ab7832b-69c5-42ea-8ed3-bde6e5761037->instance-b97d172f-0052-4bf6-b087-4fe1e6af7dd5:talking to', 'sourceId': 'instance-5ab7832b-69c5-42ea-8ed3-bde6e5761037', 'targetId': 'instance-b97d172f-0052-4bf6-b087-4fe1e6af7dd5', 'relation': 'talking to', 'video_time': '27:16'}"
09:00:04,relationship_node.created,"{'relationship_id': 'instance-b97d172f-0052-4bf6-b087-4fe1e6af7dd5->instance-5ab7832b-69c5-42ea-8ed3-bde6e5761037:watching', 'sourceId': 'instance-b97d172f-0052-4bf6-b087-4fe1e6af7dd5', 'targetId': 'instance-5ab7832b-69c5-42ea-8ed3-bde6e5761037', 'relation': 'watching', 'video_time': '27:27'}"
09:00:18,api.generate_text_to_graph.succeeded,"{'objects_count': 4, 'relationships_count': 3, 'root_object': 'object1', 'session_id': 'e5466056-3354-4623-8ea1-e8a18af6d601', 'user_id': 'P1'}"
09:00:18,instance_selected,"{'instance_id': 'instance-9e369952-10a4-4279-9ec1-aa69428e395c', 'instance_label': 'rabbit', 'is_from_class': True, 'class_id': 'class-195fd647-2a91-4524-b4e2-7f050ac7dda8', 'session_id': 'e5466056-3354-4623-8ea1-e8a18af6d601', 'user_id': 'P1'}"
09:00:18,instance.updated,"{'instance_id': 'instance-9e369952-10a4-4279-9ec1-aa69428e395c', 'instance_label': 'rabbit', 'text_changed': True, 'graph_changed': False, 'session_id': 'e5466056-3354-4623-8ea1-e8a18af6d601', 'user_id': 'P1'}"
09:00:47,instance.updated,"{'instance_id': 'instance-9e369952-10a4-4279-9ec1-aa69428e395c', 'instance_label': 'rabbit', 'text_changed': True, 'graph_changed': False, 'session_id': 'e5466056-3354-4623-8ea1-e8a18af6d601', 'user_id': 'P1'}"
09:00:47,api.generate_text_to_graph.succeeded,"{'objects_count': 5, 'relationships_count': 4, 'root_object': 'object1', 'session_id': 'e5466056-3354-4623-8ea1-e8a18af6d601', 'user_id': 'P1'}"
09:00:47,instance_selected,"{'instance_id': 'instance-9e369952-10a4-4279-9ec1-aa69428e395c', 'instance_label': 'rabbit', 'is_from_class': True, 'class_id': 'class-195fd647-2a91-4524-b4e2-7f050ac7dda8', 'session_id': 'e5466056-3354-4623-8ea1-e8a18af6d601', 'user_id': 'P1'}"
09:00:58,api.generate_text_to_graph.succeeded,"{'objects_count': 5, 'relationships_count': 4, 'root_object': 'object1', 'session_id': 'e5466056-3354-4623-8ea1-e8a18af6d601', 'user_id': 'P1'}"
09:00:58,instance.updated,"{'instance_id': 'instance-5ab7832b-69c5-42ea-8ed3-bde6e5761037', 'instance_label': 'rabbit', 'text_changed': True, 'graph_changed': False, 'session_id': 'e5466056-3354-4623-8ea1-e8a18af6d601', 'user_id': 'P1'}"
09:00:58,instance_selected,"{'instance_id': 'instance-9e369952-10a4-4279-9ec1-aa69428e395c', 'instance_label': 'rabbit', 'is_from_class': True, 'class_id': 'class-195fd647-2a91-4524-b4e2-7f050ac7dda8', 'session_id': 'e5466056-3354-4623-8ea1-e8a18af6d601', 'user_id': 'P1'}"
09:01:09,instance_selected,"{'instance_id': 'instance-5ab7832b-69c5-42ea-8ed3-bde6e5761037', 'instance_label': 'rabbit', 'is_from_class': True, 'class_id': 'class-195fd647-2a91-4524-b4e2-7f050ac7dda8', 'session_id': 'e5466056-3354-4623-8ea1-e8a18af6d601', 'user_id': 'P1'}"
09:01:15,instance_selected,"{'instance_id': 'instance-b97d172f-0052-4bf6-b087-4fe1e6af7dd5', 'instance_label': 'rabbit', 'is_from_class': True, 'class_id': 'class-195fd647-2a91-4524-b4e2-7f050ac7dda8', 'session_id': 'e5466056-3354-4623-8ea1-e8a18af6d601', 'user_id': 'P1'}"
09:01:31,layoutboard.node.resizable.resized,"{'nodeId': 'instance-9e369952-10a4-4279-9ec1-aa69428e395c-resizable', 'prevSize': {'width': 50, 'height': 50}, 'newSize': {'width': 151, 'height': 222}, 'delta': {'width': 101, 'height': 172}, 'linkedSizeNodeIds': [], 'session_id': 'e5466056-3354-4623-8ea1-e8a18af6d601', 'user_id': 'P1'}"
09:01:34,layoutboard.node.resizable.resized,"{'nodeId': 'instance-608e8a4d-b475-4a5b-8cfe-feae5fff45f6-resizable', 'prevSize': {'width': 505, 'height': 507}, 'newSize': {'width': 499, 'height': 497}, 'delta': {'width': -6, 'height': -10}, 'linkedSizeNodeIds': [], 'session_id': 'e5466056-3354-4623-8ea1-e8a18af6d601', 'user_id': 'P1'}"
09:02:01,prompt_saved,{'path': 'output/P1/2025-08-22_09-02-01/prompt.json'}
09:02:01,object_detection_integrated,{'objects_count': 0}
09:02:01,api.generate_image.succeeded,"{'global_caption': 'a scene featuring a baby rabbit character, a 2D sketch illustration in watercolor style, wearing a blue jacket, talking with a worrying face, staying still, looking up at an unknown object, and watching another rabbit, with a forest background, a 2D illustration in watercolor style, blurred, with windy weather, alongside a baby rabbit character in a watercolor illustration, with a bright and passionate face, wearing a green shirt, talking to another rabbit, and a baby rabbit in a watercolor illustration, with a bright and passionate face, wearing a red shirt, talking to another rabbit.', 'region_count': 4, 'has_image': True, 'detected_objects_count': 0, 'image_path': 'output/P1/2025-08-22_09-02-01/image.png', 'image_with_layout_path': 'output/P1/2025-08-22_09-02-01/image_with_layout.png', 'timestamp_dir': 'output/P1/2025-08-22_09-02-01', 'session_id': 'e5466056-3354-4623-8ea1-e8a18af6d601', 'user_id': 'P1'}"
09:02:01,object_detection_integrated,"{'objectsCount': 0, 'objects': [], 'session_id': 'e5466056-3354-4623-8ea1-e8a18af6d601', 'user_id': 'P1'}"
09:02:21,instance_selected,"{'instance_id': 'instance-5ab7832b-69c5-42ea-8ed3-bde6e5761037', 'instance_label': 'rabbit', 'is_from_class': True, 'class_id': 'class-195fd647-2a91-4524-b4e2-7f050ac7dda8', 'session_id': 'e5466056-3354-4623-8ea1-e8a18af6d601', 'user_id': 'P1'}"
09:02:25,instance_selected,"{'instance_id': 'instance-9e369952-10a4-4279-9ec1-aa69428e395c', 'instance_label': 'rabbit', 'is_from_class': True, 'class_id': 'class-195fd647-2a91-4524-b4e2-7f050ac7dda8', 'session_id': 'e5466056-3354-4623-8ea1-e8a18af6d601', 'user_id': 'P1'}"
09:02:27,instance_selected,"{'instance_id': 'instance-5ab7832b-69c5-42ea-8ed3-bde6e5761037', 'instance_label': 'rabbit', 'is_from_class': True, 'class_id': 'class-195fd647-2a91-4524-b4e2-7f050ac7dda8', 'session_id': 'e5466056-3354-4623-8ea1-e8a18af6d601', 'user_id': 'P1'}"
09:02:33,instance_selected,"{'instance_id': 'instance-9e369952-10a4-4279-9ec1-aa69428e395c', 'instance_label': 'rabbit', 'is_from_class': True, 'class_id': 'class-195fd647-2a91-4524-b4e2-7f050ac7dda8', 'session_id': 'e5466056-3354-4623-8ea1-e8a18af6d601', 'user_id': 'P1'}"
09:02:45,layout.node.moved,"{'nodeId': 'instance-608e8a4d-b475-4a5b-8cfe-feae5fff45f6-resizable', 'newPos': {'x': 13, 'y': 10}, 'session_id': 'e5466056-3354-4623-8ea1-e8a18af6d601', 'user_id': 'P1'}"
09:02:46,layoutboard.node.resizable.resized,"{'nodeId': 'instance-608e8a4d-b475-4a5b-8cfe-feae5fff45f6-resizable', 'prevSize': {'width': 505, 'height': 507}, 'newSize': {'width': 128, 'height': 57}, 'delta': {'width': -377, 'height': -450}, 'linkedSizeNodeIds': [], 'session_id': 'e5466056-3354-4623-8ea1-e8a18af6d601', 'user_id': 'P1'}"
09:02:47,instance_selected,"{'instance_id': 'instance-b97d172f-0052-4bf6-b087-4fe1e6af7dd5', 'instance_label': 'rabbit', 'is_from_class': True, 'class_id': 'class-195fd647-2a91-4524-b4e2-7f050ac7dda8', 'session_id': 'e5466056-3354-4623-8ea1-e8a18af6d601', 'user_id': 'P1'}"
09:02:51,layout.node.moved,"{'nodeId': 'instance-b97d172f-0052-4bf6-b087-4fe1e6af7dd5', 'newPos': {'x': 267.765625, 'y': 191}, 'session_id': 'e5466056-3354-4623-8ea1-e8a18af6d601', 'user_id': 'P1'}"
09:03:01,instance_selected,"{'instance_id': 'instance-5ab7832b-69c5-42ea-8ed3-bde6e5761037', 'instance_label': 'rabbit', 'is_from_class': True, 'class_id': 'class-195fd647-2a91-4524-b4e2-7f050ac7dda8', 'session_id': 'e5466056-3354-4623-8ea1-e8a18af6d601', 'user_id': 'P1'}"
09:03:24,api.generate_text_to_graph.succeeded,"{'objects_count': 6, 'relationships_count': 5, 'root_object': 'object1', 'session_id': 'e5466056-3354-4623-8ea1-e8a18af6d601', 'user_id': 'P1'}"
09:03:24,instance.updated,"{'instance_id': 'instance-5ab7832b-69c5-42ea-8ed3-bde6e5761037', 'instance_label': 'rabbit', 'text_changed': True, 'graph_changed': False, 'session_id': 'e5466056-3354-4623-8ea1-e8a18af6d601', 'user_id': 'P1'}"
09:03:24,instance_selected,"{'instance_id': 'instance-5ab7832b-69c5-42ea-8ed3-bde6e5761037', 'instance_label': 'rabbit', 'is_from_class': True, 'class_id': 'class-195fd647-2a91-4524-b4e2-7f050ac7dda8', 'session_id': 'e5466056-3354-4623-8ea1-e8a18af6d601', 'user_id': 'P1'}"
09:03:35,api.generate_text_to_graph.succeeded,"{'objects_count': 6, 'relationships_count': 5, 'root_object': 'object1', 'session_id': 'e5466056-3354-4623-8ea1-e8a18af6d601', 'user_id': 'P1'}"
09:03:35,instance.updated,"{'instance_id': 'instance-9e369952-10a4-4279-9ec1-aa69428e395c', 'instance_label': 'rabbit', 'text_changed': True, 'graph_changed': False, 'session_id': 'e5466056-3354-4623-8ea1-e8a18af6d601', 'user_id': 'P1'}"
09:03:35,instance_selected,"{'instance_id': 'instance-5ab7832b-69c5-42ea-8ed3-bde6e5761037', 'instance_label': 'rabbit', 'is_from_class': True, 'class_id': 'class-195fd647-2a91-4524-b4e2-7f050ac7dda8', 'session_id': 'e5466056-3354-4623-8ea1-e8a18af6d601', 'user_id': 'P1'}"
09:03:39,layoutboard.node.resizable.resized,"{'nodeId': 'instance-608e8a4d-b475-4a5b-8cfe-feae5fff45f6-resizable', 'prevSize': {'width': 505, 'height': 507}, 'newSize': {'width': 487, 'height': 491}, 'delta': {'width': -18, 'height': -16}, 'linkedSizeNodeIds': [], 'session_id': 'e5466056-3354-4623-8ea1-e8a18af6d601', 'user_id': 'P1'}"
09:04:05,prompt_saved,{'path': 'output/P1/2025-08-22_09-04-05/prompt.json'}
09:04:05,object_detection_integrated,{'objects_count': 0}
09:04:06,object_detection_integrated,"{'objectsCount': 0, 'objects': [], 'session_id': 'e5466056-3354-4623-8ea1-e8a18af6d601', 'user_id': 'P1'}"
09:04:06,api.generate_image.succeeded,"{'global_caption': 'a scene featuring a baby rabbit character, a 2D sketch illustration in watercolor style, wearing a blue jacket, talking with a worrying face, staying still, looking up at an unknown object and watching another rabbit, with a forest background, a 2D illustration in watercolor style, blurred, with windy weather, alongside a baby rabbit character in a watercolor illustration, with a bright and passionate face, wearing a green shirt, standing and talking to another rabbit, and a baby rabbit in a watercolor illustration, with a bright and passionate face, wearing a red shirt, standing and talking to another rabbit.', 'region_count': 4, 'has_image': True, 'detected_objects_count': 0, 'image_path': 'output/P1/2025-08-22_09-04-05/image.png', 'image_with_layout_path': 'output/P1/2025-08-22_09-04-05/image_with_layout.png', 'timestamp_dir': 'output/P1/2025-08-22_09-04-05', 'session_id': 'e5466056-3354-4623-8ea1-e8a18af6d601', 'user_id': 'P1'}"
09:04:17,scene_saved,"{'slotNumber': 3, 'instanceCount': 4, 'nodeCount': 8, 'edgeCount': 5, 'session_id': 'e5466056-3354-4623-8ea1-e8a18af6d601', 'user_id': 'P1'}"
09:05:08,instance_selected,"{'instance_id': 'instance-b97d172f-0052-4bf6-b087-4fe1e6af7dd5', 'instance_label': 'rabbit', 'is_from_class': True, 'class_id': 'class-195fd647-2a91-4524-b4e2-7f050ac7dda8', 'session_id': 'e5466056-3354-4623-8ea1-e8a18af6d601', 'user_id': 'P1'}"
09:05:59,instance.updated,"{'instance_id': 'instance-b97d172f-0052-4bf6-b087-4fe1e6af7dd5', 'instance_label': 'rabbit', 'text_changed': True, 'graph_changed': False, 'session_id': 'e5466056-3354-4623-8ea1-e8a18af6d601', 'user_id': 'P1'}"
09:05:59,api.generate_text_to_graph.succeeded,"{'objects_count': 9, 'relationships_count': 8, 'root_object': 'object1', 'session_id': 'e5466056-3354-4623-8ea1-e8a18af6d601', 'user_id': 'P1'}"
09:05:59,instance_selected,"{'instance_id': 'instance-b97d172f-0052-4bf6-b087-4fe1e6af7dd5', 'instance_label': 'rabbit', 'is_from_class': True, 'class_id': 'class-195fd647-2a91-4524-b4e2-7f050ac7dda8', 'session_id': 'e5466056-3354-4623-8ea1-e8a18af6d601', 'user_id': 'P1'}"
09:06:42,api.generate_text_to_graph.succeeded,"{'objects_count': 7, 'relationships_count': 6, 'root_object': 'object1', 'session_id': 'e5466056-3354-4623-8ea1-e8a18af6d601', 'user_id': 'P1'}"
09:06:42,instance.updated,"{'instance_id': 'instance-608e8a4d-b475-4a5b-8cfe-feae5fff45f6', 'instance_label': 'forest', 'text_changed': True, 'graph_changed': False, 'session_id': 'e5466056-3354-4623-8ea1-e8a18af6d601', 'user_id': 'P1'}"
09:06:42,instance_selected,"{'instance_id': 'instance-b97d172f-0052-4bf6-b087-4fe1e6af7dd5', 'instance_label': 'rabbit', 'is_from_class': True, 'class_id': 'class-195fd647-2a91-4524-b4e2-7f050ac7dda8', 'session_id': 'e5466056-3354-4623-8ea1-e8a18af6d601', 'user_id': 'P1'}"
09:07:13,api.generate_text_to_graph.succeeded,"{'objects_count': 9, 'relationships_count': 8, 'root_object': 'object1', 'session_id': 'e5466056-3354-4623-8ea1-e8a18af6d601', 'user_id': 'P1'}"
09:07:13,instance.updated,"{'instance_id': 'instance-9e369952-10a4-4279-9ec1-aa69428e395c', 'instance_label': 'rabbit', 'text_changed': True, 'graph_changed': False, 'session_id': 'e5466056-3354-4623-8ea1-e8a18af6d601', 'user_id': 'P1'}"
09:07:13,instance_selected,"{'instance_id': 'instance-b97d172f-0052-4bf6-b087-4fe1e6af7dd5', 'instance_label': 'rabbit', 'is_from_class': True, 'class_id': 'class-195fd647-2a91-4524-b4e2-7f050ac7dda8', 'session_id': 'e5466056-3354-4623-8ea1-e8a18af6d601', 'user_id': 'P1'}"
09:07:34,api.generate_text_to_graph.succeeded,"{'objects_count': 9, 'relationships_count': 8, 'root_object': 'object1', 'session_id': 'e5466056-3354-4623-8ea1-e8a18af6d601', 'user_id': 'P1'}"
09:07:34,instance.updated,"{'instance_id': 'instance-5ab7832b-69c5-42ea-8ed3-bde6e5761037', 'instance_label': 'rabbit', 'text_changed': True, 'graph_changed': False, 'session_id': 'e5466056-3354-4623-8ea1-e8a18af6d601', 'user_id': 'P1'}"
09:07:34,instance_selected,"{'instance_id': 'instance-b97d172f-0052-4bf6-b087-4fe1e6af7dd5', 'instance_label': 'rabbit', 'is_from_class': True, 'class_id': 'class-195fd647-2a91-4524-b4e2-7f050ac7dda8', 'session_id': 'e5466056-3354-4623-8ea1-e8a18af6d601', 'user_id': 'P1'}"
09:07:41,layout.node.moved,"{'nodeId': 'instance-608e8a4d-b475-4a5b-8cfe-feae5fff45f6-resizable', 'newPos': {'x': 11, 'y': 20}, 'session_id': 'e5466056-3354-4623-8ea1-e8a18af6d601', 'user_id': 'P1'}"
09:07:43,layoutboard.node.resizable.resized,"{'nodeId': 'instance-608e8a4d-b475-4a5b-8cfe-feae5fff45f6-resizable', 'prevSize': {'width': 505, 'height': 507}, 'newSize': {'width': 47, 'height': 35}, 'delta': {'width': -458, 'height': -472}, 'linkedSizeNodeIds': [], 'session_id': 'e5466056-3354-4623-8ea1-e8a18af6d601', 'user_id': 'P1'}"
09:07:45,layout.node.moved,"{'nodeId': 'instance-b97d172f-0052-4bf6-b087-4fe1e6af7dd5', 'newPos': {'x': 272.765625, 'y': 119}, 'session_id': 'e5466056-3354-4623-8ea1-e8a18af6d601', 'user_id': 'P1'}"
09:07:56,relationship_node.deleted,"{'relationship_id': 'instance-9e369952-10a4-4279-9ec1-aa69428e395c-instance-b97d172f-0052-4bf6-b087-4fe1e6af7dd5', 'source_object_id': 'instance-9e369952-10a4-4279-9ec1-aa69428e395c', 'target_object_id': 'instance-b97d172f-0052-4bf6-b087-4fe1e6af7dd5', 'relation': 'talking to', 'source_object_name': 'Baby rabbit', 'target_object_name': 'rabbit', 'session_id': 'e5466056-3354-4623-8ea1-e8a18af6d601', 'user_id': 'P1'}"
09:07:58,layout.node.moved,"{'nodeId': 'instance-b97d172f-0052-4bf6-b087-4fe1e6af7dd5', 'newPos': {'x': 317.765625, 'y': 118}, 'session_id': 'e5466056-3354-4623-8ea1-e8a18af6d601', 'user_id': 'P1'}"
09:08:00,relationship_node.deleted,"{'relationship_id': 'instance-b97d172f-0052-4bf6-b087-4fe1e6af7dd5-instance-5ab7832b-69c5-42ea-8ed3-bde6e5761037', 'source_object_id': 'instance-b97d172f-0052-4bf6-b087-4fe1e6af7dd5', 'target_object_id': 'instance-5ab7832b-69c5-42ea-8ed3-bde6e5761037', 'relation': 'watching', 'source_object_name': 'rabbit', 'target_object_name': 'Baby rabbit', 'session_id': 'e5466056-3354-4623-8ea1-e8a18af6d601', 'user_id': 'P1'}"
09:08:01,relationship_node.deleted,"{'relationship_id': 'instance-5ab7832b-69c5-42ea-8ed3-bde6e5761037-instance-b97d172f-0052-4bf6-b087-4fe1e6af7dd5', 'source_object_id': 'instance-5ab7832b-69c5-42ea-8ed3-bde6e5761037', 'target_object_id': 'instance-b97d172f-0052-4bf6-b087-4fe1e6af7dd5', 'relation': 'talking to', 'source_object_name': 'Baby rabbit', 'target_object_name': 'rabbit', 'session_id': 'e5466056-3354-4623-8ea1-e8a18af6d601', 'user_id': 'P1'}"
09:08:02,layout.node.moved,"{'nodeId': 'instance-b97d172f-0052-4bf6-b087-4fe1e6af7dd5', 'newPos': {'x': 250.765625, 'y': 120}, 'session_id': 'e5466056-3354-4623-8ea1-e8a18af6d601', 'user_id': 'P1'}"
09:08:04,layout.node.moved,"{'nodeId': 'instance-5ab7832b-69c5-42ea-8ed3-bde6e5761037', 'newPos': {'x': 126, 'y': 225}, 'session_id': 'e5466056-3354-4623-8ea1-e8a18af6d601', 'user_id': 'P1'}"
09:08:05,layout.node.moved,"{'nodeId': 'instance-9e369952-10a4-4279-9ec1-aa69428e395c', 'newPos': {'x': 36, 'y': 142}, 'session_id': 'e5466056-3354-4623-8ea1-e8a18af6d601', 'user_id': 'P1'}"
09:08:08,layout.node.moved,"{'nodeId': 'instance-b97d172f-0052-4bf6-b087-4fe1e6af7dd5', 'newPos': {'x': 164.765625, 'y': 119}, 'session_id': 'e5466056-3354-4623-8ea1-e8a18af6d601', 'user_id': 'P1'}"
09:08:10,layout.node.moved,"{'nodeId': 'instance-9e369952-10a4-4279-9ec1-aa69428e395c-resizable', 'newPos': {'x': 319, 'y': 209}, 'session_id': 'e5466056-3354-4623-8ea1-e8a18af6d601', 'user_id': 'P1'}"
09:08:11,layout.node.moved,"{'nodeId': 'instance-9e369952-10a4-4279-9ec1-aa69428e395c', 'newPos': {'x': 0, 'y': 217}, 'session_id': 'e5466056-3354-4623-8ea1-e8a18af6d601', 'user_id': 'P1'}"
09:08:12,layout.node.moved,"{'nodeId': 'instance-5ab7832b-69c5-42ea-8ed3-bde6e5761037', 'newPos': {'x': 307, 'y': 208}, 'session_id': 'e5466056-3354-4623-8ea1-e8a18af6d601', 'user_id': 'P1'}"
09:08:14,layout.node.moved,"{'nodeId': 'instance-9e369952-10a4-4279-9ec1-aa69428e395c', 'newPos': {'x': 47, 'y': 208}, 'session_id': 'e5466056-3354-4623-8ea1-e8a18af6d601', 'user_id': 'P1'}"
09:08:15,layout.node.moved,"{'nodeId': 'instance-b97d172f-0052-4bf6-b087-4fe1e6af7dd5', 'newPos': {'x': 148.765625, 'y': 109}, 'session_id': 'e5466056-3354-4623-8ea1-e8a18af6d601', 'user_id': 'P1'}"
09:08:48,prompt_saved,{'path': 'output/P1/2025-08-22_09-08-48/prompt.json'}
09:08:48,object_detection_integrated,{'objects_count': 2}
09:08:48,api.generate_image.succeeded,"{'global_caption': 'a scene featuring a baby rabbit character, a 2D sketch illustration in watercolor style, wearing a dirty blue jacket with mud, running and finding something, an enthusiastic rabbit looking up at the unknown, with a forest background with trees and mud, a 2D illustration in watercolor style, with blur, in rough condition, along with a baby rabbit character in a watercolor illustration, with a bright and passionate face, wearing a dirty green shirt with mud, running and finding something, enthusiastic, and a baby rabbit in a watercolor illustration, with a bright and passionate face, wearing a dirty red shirt with mud, running and finding something, enthusiastic.', 'region_count': 4, 'has_image': True, 'detected_objects_count': 2, 'image_path': 'output/P1/2025-08-22_09-08-48/image.png', 'image_with_layout_path': 'output/P1/2025-08-22_09-08-48/image_with_layout.png', 'timestamp_dir': 'output/P1/2025-08-22_09-08-48', 'session_id': 'e5466056-3354-4623-8ea1-e8a18af6d601', 'user_id': 'P1'}"
09:08:48,object_detection_integrated,"{'objectsCount': 2, 'objects': [{'label': 'teddy bear', 'confidence': 0.7288404703140259}, {'label': 'teddy bear', 'confidence': 0.4585423767566681}], 'session_id': 'e5466056-3354-4623-8ea1-e8a18af6d601', 'user_id': 'P1'}"
09:09:09,scene_saved,"{'slotNumber': 4, 'instanceCount': 4, 'nodeCount': 8, 'edgeCount': 2, 'session_id': 'e5466056-3354-4623-8ea1-e8a18af6d601', 'user_id': 'P1'}"
09:09:33,layoutboard.node.resizable.resized,"{'nodeId': 'instance-608e8a4d-b475-4a5b-8cfe-feae5fff45f6-resizable', 'prevSize': {'width': 505, 'height': 507}, 'newSize': {'width': 35, 'height': 75}, 'delta': {'width': -470, 'height': -432}, 'linkedSizeNodeIds': [], 'session_id': 'e5466056-3354-4623-8ea1-e8a18af6d601', 'user_id': 'P1'}"
09:09:38,layout_board.new_box_positioned,"{'position': {'x': 309.765625, 'y': 80}, 'screen_position': {'x': 371, 'y': 123}, 'board_type': 'advanced', 'session_id': 'e5466056-3354-4623-8ea1-e8a18af6d601', 'user_id': 'P1'}"
09:10:01,api.generate_text_to_graph.succeeded,"{'objects_count': 2, 'relationships_count': 1, 'root_object': 'object1', 'session_id': 'e5466056-3354-4623-8ea1-e8a18af6d601', 'user_id': 'P1'}"
09:10:03,layoutboard.node.resizable.resized,"{'nodeId': 'instance-0108ee6e-4717-4496-acc6-27106afa83f1-resizable', 'prevSize': {'width': 50, 'height': 50}, 'newSize': {'width': 154, 'height': 430}, 'delta': {'width': 104, 'height': 380}, 'linkedSizeNodeIds': [], 'session_id': 'e5466056-3354-4623-8ea1-e8a18af6d601', 'user_id': 'P1'}"
09:10:04,layout.node.moved,"{'nodeId': 'instance-0108ee6e-4717-4496-acc6-27106afa83f1', 'newPos': {'x': 308.765625, 'y': 54}, 'session_id': 'e5466056-3354-4623-8ea1-e8a18af6d601', 'user_id': 'P1'}"
09:10:20,api.generate_scene_graph_to_text.succeeded,"{'text_length': 68, 'generated_text': 'Red balloon illustrated in a 2D watercolor sketch against a far sky.', 'session_id': 'e5466056-3354-4623-8ea1-e8a18af6d601', 'user_id': 'P1'}"
09:10:21,instance.created_from_class,"{'instance_id': 'instance-a6e38a4c-3d55-4f61-81f3-558826446a79', 'class_id': 'class-3e5a7aa6-5b51-446b-97b9-b2c655fb78dc', 'instance_label': 'Balloon', 'has_text_description': True, 'session_id': 'e5466056-3354-4623-8ea1-e8a18af6d601', 'user_id': 'P1'}"
09:10:21,api.generate_instance_label_from_description.succeeded,"{'generated_label': 'Balloon', 'original_text': 'Red balloon illustrated in a 2D watercolor sketch ', 'session_id': 'e5466056-3354-4623-8ea1-e8a18af6d601', 'user_id': 'P1'}"
09:10:21,relationship_node.created,"{'relationship_id': 'instance-5ab7832b-69c5-42ea-8ed3-bde6e5761037->instance-0108ee6e-4717-4496-acc6-27106afa83f1:looking/pointing at', 'sourceId': 'instance-5ab7832b-69c5-42ea-8ed3-bde6e5761037', 'targetId': 'instance-0108ee6e-4717-4496-acc6-27106afa83f1', 'relation': 'looking/pointing at', 'video_time': '37:44'}"
09:10:27,layout.node.moved,"{'nodeId': 'instance-a6e38a4c-3d55-4f61-81f3-558826446a79', 'newPos': {'x': 380, 'y': 99}, 'session_id': 'e5466056-3354-4623-8ea1-e8a18af6d601', 'user_id': 'P1'}"
09:10:29,layout.node.moved,"{'nodeId': 'instance-a6e38a4c-3d55-4f61-81f3-558826446a79', 'newPos': {'x': 166, 'y': 21}, 'session_id': 'e5466056-3354-4623-8ea1-e8a18af6d601', 'user_id': 'P1'}"
09:10:30,layoutboard.node.resizable.resized,"{'nodeId': 'instance-a6e38a4c-3d55-4f61-81f3-558826446a79-resizable', 'prevSize': {'width': 50, 'height': 50}, 'newSize': {'width': 108, 'height': 121}, 'delta': {'width': 58, 'height': 71}, 'linkedSizeNodeIds': [], 'session_id': 'e5466056-3354-4623-8ea1-e8a18af6d601', 'user_id': 'P1'}"
09:10:32,layoutboard.node.resizable.resized,"{'nodeId': 'instance-a6e38a4c-3d55-4f61-81f3-558826446a79-resizable', 'prevSize': {'width': 50, 'height': 50}, 'newSize': {'width': 99, 'height': 136}, 'delta': {'width': 49, 'height': 86}, 'linkedSizeNodeIds': [], 'session_id': 'e5466056-3354-4623-8ea1-e8a18af6d601', 'user_id': 'P1'}"
09:10:35,layout.node.moved,"{'nodeId': 'instance-a6e38a4c-3d55-4f61-81f3-558826446a79', 'newPos': {'x': 369, 'y': 86}, 'session_id': 'e5466056-3354-4623-8ea1-e8a18af6d601', 'user_id': 'P1'}"
09:10:38,layout.node.moved,"{'nodeId': 'instance-a6e38a4c-3d55-4f61-81f3-558826446a79', 'newPos': {'x': 382, 'y': 63}, 'session_id': 'e5466056-3354-4623-8ea1-e8a18af6d601', 'user_id': 'P1'}"
09:10:42,layout.node.moved,"{'nodeId': 'instance-0108ee6e-4717-4496-acc6-27106afa83f1-resizable', 'newPos': {'x': 300.765625, 'y': 43}, 'session_id': 'e5466056-3354-4623-8ea1-e8a18af6d601', 'user_id': 'P1'}"
09:10:46,instance_selected,"{'instance_id': 'instance-a6e38a4c-3d55-4f61-81f3-558826446a79', 'instance_label': 'Balloon', 'is_from_class': True, 'class_id': 'class-3e5a7aa6-5b51-446b-97b9-b2c655fb78dc', 'session_id': 'e5466056-3354-4623-8ea1-e8a18af6d601', 'user_id': 'P1'}"
09:11:03,api.generate_text_to_graph.succeeded,"{'objects_count': 3, 'relationships_count': 3, 'root_object': 'object1', 'session_id': 'e5466056-3354-4623-8ea1-e8a18af6d601', 'user_id': 'P1'}"
09:11:03,instance.updated,"{'instance_id': 'instance-a6e38a4c-3d55-4f61-81f3-558826446a79', 'instance_label': 'balloon', 'text_changed': True, 'graph_changed': False, 'session_id': 'e5466056-3354-4623-8ea1-e8a18af6d601', 'user_id': 'P1'}"
09:11:03,instance_selected,"{'instance_id': 'instance-a6e38a4c-3d55-4f61-81f3-558826446a79', 'instance_label': 'balloon', 'is_from_class': True, 'class_id': 'class-3e5a7aa6-5b51-446b-97b9-b2c655fb78dc', 'session_id': 'e5466056-3354-4623-8ea1-e8a18af6d601', 'user_id': 'P1'}"
09:11:17,relationship_node.created,"{'relationship_id': 'instance-5ab7832b-69c5-42ea-8ed3-bde6e5761037->instance-0108ee6e-4717-4496-acc6-27106afa83f1:looking up', 'sourceId': 'instance-5ab7832b-69c5-42ea-8ed3-bde6e5761037', 'targetId': 'instance-0108ee6e-4717-4496-acc6-27106afa83f1', 'relation': 'looking up', 'video_time': '38:40'}"
09:11:25,layout.node.moved,"{'nodeId': 'instance-b97d172f-0052-4bf6-b087-4fe1e6af7dd5', 'newPos': {'x': 33.765625, 'y': 159}, 'session_id': 'e5466056-3354-4623-8ea1-e8a18af6d601', 'user_id': 'P1'}"
09:11:27,layout.node.moved,"{'nodeId': 'instance-9e369952-10a4-4279-9ec1-aa69428e395c', 'newPos': {'x': 23, 'y': 238}, 'session_id': 'e5466056-3354-4623-8ea1-e8a18af6d601', 'user_id': 'P1'}"
09:11:29,layout.node.moved,"{'nodeId': 'instance-0108ee6e-4717-4496-acc6-27106afa83f1-resizable', 'newPos': {'x': 286.765625, 'y': 30}, 'session_id': 'e5466056-3354-4623-8ea1-e8a18af6d601', 'user_id': 'P1'}"
09:11:31,layout.node.moved,"{'nodeId': 'instance-5ab7832b-69c5-42ea-8ed3-bde6e5761037-resizable', 'newPos': {'x': 193, 'y': 210}, 'session_id': 'e5466056-3354-4623-8ea1-e8a18af6d601', 'user_id': 'P1'}"
09:11:34,instance_selected,"{'instance_id': 'instance-5ab7832b-69c5-42ea-8ed3-bde6e5761037', 'instance_label': 'rabbit', 'is_from_class': True, 'class_id': 'class-195fd647-2a91-4524-b4e2-7f050ac7dda8', 'session_id': 'e5466056-3354-4623-8ea1-e8a18af6d601', 'user_id': 'P1'}"
09:11:50,relationship_node.created,"{'relationship_id': 'instance-b97d172f-0052-4bf6-b087-4fe1e6af7dd5->instance-0108ee6e-4717-4496-acc6-27106afa83f1:looking up', 'sourceId': 'instance-b97d172f-0052-4bf6-b087-4fe1e6af7dd5', 'targetId': 'instance-0108ee6e-4717-4496-acc6-27106afa83f1', 'relation': 'looking up', 'video_time': '39:13'}"
09:11:53,relationship_node.created,"{'relationship_id': 'instance-ee18810a-dc3c-4744-9f9b-a6e15d8f7999->instance-0108ee6e-4717-4496-acc6-27106afa83f1:stuck in', 'sourceId': 'instance-ee18810a-dc3c-4744-9f9b-a6e15d8f7999', 'targetId': 'instance-0108ee6e-4717-4496-acc6-27106afa83f1', 'relation': 'stuck in', 'video_time': '39:16'}"
09:11:54,relationship_node.edited,"{'relationship_id': 'instance-5ab7832b-69c5-42ea-8ed3-bde6e5761037-instance-0108ee6e-4717-4496-acc6-27106afa83f1', 'source_object_id': 'instance-5ab7832b-69c5-42ea-8ed3-bde6e5761037', 'target_object_id': 'instance-0108ee6e-4717-4496-acc6-27106afa83f1', 'old_relation': 'related', 'new_relation': 'looking, pointing at', 'source_object_name': 'Baby rabbit', 'target_object_name': 'tree', 'session_id': 'e5466056-3354-4623-8ea1-e8a18af6d601', 'user_id': 'P1'}"
09:11:56,instance_selected,"{'instance_id': 'instance-5ab7832b-69c5-42ea-8ed3-bde6e5761037', 'instance_label': 'rabbit', 'is_from_class': True, 'class_id': 'class-195fd647-2a91-4524-b4e2-7f050ac7dda8', 'session_id': 'e5466056-3354-4623-8ea1-e8a18af6d601', 'user_id': 'P1'}"
09:12:50,layoutboard.node.resizable.resized,"{'nodeId': 'instance-b97d172f-0052-4bf6-b087-4fe1e6af7dd5-resizable', 'prevSize': {'width': 206, 'height': 213}, 'newSize': {'width': 186, 'height': 235}, 'delta': {'width': -20, 'height': 22}, 'linkedSizeNodeIds': [], 'session_id': 'e5466056-3354-4623-8ea1-e8a18af6d601', 'user_id': 'P1'}"
09:12:52,layoutboard.node.resizable.resized,"{'nodeId': 'instance-b97d172f-0052-4bf6-b087-4fe1e6af7dd5-resizable', 'prevSize': {'width': 206, 'height': 213}, 'newSize': {'width': 175, 'height': 236}, 'delta': {'width': -31, 'height': 23}, 'linkedSizeNodeIds': [], 'session_id': 'e5466056-3354-4623-8ea1-e8a18af6d601', 'user_id': 'P1'}"
09:12:54,instance_selected,"{'instance_id': 'instance-b97d172f-0052-4bf6-b087-4fe1e6af7dd5', 'instance_label': 'rabbit', 'is_from_class': True, 'class_id': 'class-195fd647-2a91-4524-b4e2-7f050ac7dda8', 'session_id': 'e5466056-3354-4623-8ea1-e8a18af6d601', 'user_id': 'P1'}"
09:12:54,api.generate_text_to_graph.succeeded,"{'objects_count': 10, 'relationships_count': 9, 'root_object': 'object1', 'session_id': 'e5466056-3354-4623-8ea1-e8a18af6d601', 'user_id': 'P1'}"
09:12:54,instance.updated,"{'instance_id': 'instance-5ab7832b-69c5-42ea-8ed3-bde6e5761037', 'instance_label': 'rabbit', 'text_changed': True, 'graph_changed': False, 'session_id': 'e5466056-3354-4623-8ea1-e8a18af6d601', 'user_id': 'P1'}"
09:12:54,instance_selected,"{'instance_id': 'instance-b97d172f-0052-4bf6-b087-4fe1e6af7dd5', 'instance_label': 'rabbit', 'is_from_class': True, 'class_id': 'class-195fd647-2a91-4524-b4e2-7f050ac7dda8', 'session_id': 'e5466056-3354-4623-8ea1-e8a18af6d601', 'user_id': 'P1'}"
09:13:02,instance_selected,"{'instance_id': 'instance-9e369952-10a4-4279-9ec1-aa69428e395c', 'instance_label': 'rabbit', 'is_from_class': True, 'class_id': 'class-195fd647-2a91-4524-b4e2-7f050ac7dda8', 'session_id': 'e5466056-3354-4623-8ea1-e8a18af6d601', 'user_id': 'P1'}"
09:13:09,instance_selected,"{'instance_id': 'instance-a6e38a4c-3d55-4f61-81f3-558826446a79', 'instance_label': 'balloon', 'is_from_class': True, 'class_id': 'class-3e5a7aa6-5b51-446b-97b9-b2c655fb78dc', 'session_id': 'e5466056-3354-4623-8ea1-e8a18af6d601', 'user_id': 'P1'}"
09:13:19,layoutboard.node.resizable.resized,"{'nodeId': 'instance-608e8a4d-b475-4a5b-8cfe-feae5fff45f6-resizable', 'prevSize': {'width': 505, 'height': 507}, 'newSize': {'width': 488, 'height': 501}, 'delta': {'width': -17, 'height': -6}, 'linkedSizeNodeIds': [], 'session_id': 'e5466056-3354-4623-8ea1-e8a18af6d601', 'user_id': 'P1'}"
09:13:20,instance_selected,"{'instance_id': 'instance-608e8a4d-b475-4a5b-8cfe-feae5fff45f6', 'instance_label': 'forest', 'is_from_class': True, 'class_id': 'class-3ff65e8f-8335-4b67-9c53-1d92b1fbbefb', 'session_id': 'e5466056-3354-4623-8ea1-e8a18af6d601', 'user_id': 'P1'}"
09:13:35,instance.updated,"{'instance_id': 'instance-608e8a4d-b475-4a5b-8cfe-feae5fff45f6', 'instance_label': 'forest', 'text_changed': True, 'graph_changed': False, 'session_id': 'e5466056-3354-4623-8ea1-e8a18af6d601', 'user_id': 'P1'}"
09:13:35,api.generate_text_to_graph.succeeded,"{'objects_count': 6, 'relationships_count': 5, 'root_object': 'object1', 'session_id': 'e5466056-3354-4623-8ea1-e8a18af6d601', 'user_id': 'P1'}"
09:13:35,instance_selected,"{'instance_id': 'instance-608e8a4d-b475-4a5b-8cfe-feae5fff45f6', 'instance_label': 'forest', 'is_from_class': True, 'class_id': 'class-3ff65e8f-8335-4b67-9c53-1d92b1fbbefb', 'session_id': 'e5466056-3354-4623-8ea1-e8a18af6d601', 'user_id': 'P1'}"
09:13:56,class_library_toggle,"{'expanded': False, 'class_count': 3, 'session_id': 'e5466056-3354-4623-8ea1-e8a18af6d601', 'user_id': 'P1'}"
09:13:59,prompt_saved,{'path': 'output/P1/2025-08-22_09-13-59/prompt.json'}
09:13:59,object_detection_integrated,{'objects_count': 6}
09:14:00,object_detection_integrated,"{'objectsCount': 6, 'objects': [{'label': 'person', 'confidence': 0.835466206073761}, {'label': 'person', 'confidence': 0.8176825046539307}, {'label': 'person', 'confidence': 0.5778064727783203}, {'label': 'person', 'confidence': 0.44940999150276184}, {'label': 'stop sign', 'confidence': 0.41544806957244873}, {'label': 'person', 'confidence': 0.26874449849128723}], 'session_id': 'e5466056-3354-4623-8ea1-e8a18af6d601', 'user_id': 'P1'}"
09:14:00,api.generate_image.succeeded,"{'global_caption': 'a scene featuring a baby rabbit character in a 2D sketch illustration in watercolor style, wearing a dirty blue jacket with mud, running and finding something, an enthusiastic rabbit looking up at the unknown and pointing at a tree, alongside a forest background with trees and mud in a 2D illustration in watercolor style, a baby rabbit character with a bright and passionate face wearing a dirty green shirt with mud, another baby rabbit with a bright and passionate face wearing a dirty red shirt with mud, a big tree with branches, and a red balloon illustrated in a 2D watercolor sketch, a stuck balloon stuck in a tree.', 'region_count': 6, 'has_image': True, 'detected_objects_count': 6, 'image_path': 'output/P1/2025-08-22_09-13-59/image.png', 'image_with_layout_path': 'output/P1/2025-08-22_09-13-59/image_with_layout.png', 'timestamp_dir': 'output/P1/2025-08-22_09-13-59', 'session_id': 'e5466056-3354-4623-8ea1-e8a18af6d601', 'user_id': 'P1'}"
09:14:08,instance_selected,"{'instance_id': 'instance-5ab7832b-69c5-42ea-8ed3-bde6e5761037', 'instance_label': 'rabbit', 'is_from_class': True, 'class_id': 'class-195fd647-2a91-4524-b4e2-7f050ac7dda8', 'session_id': 'e5466056-3354-4623-8ea1-e8a18af6d601', 'user_id': 'P1'}"
09:14:10,object_clicked,"{'label': 'person', 'confidence': 0.26874449849128723, 'bbox': [279, 259, 333, 429], 'session_id': 'e5466056-3354-4623-8ea1-e8a18af6d601', 'user_id': 'P1'}"
09:14:10,describe_requested,"{'crop_box': [279, 259, 333, 429], 'global_caption': 'a scene featuring a baby rabbit character in a 2D sketch illustration in watercolor style, wearing a dirty blue jacket with mud, running and finding something, an enthusiastic rabbit looking up at the unknown and pointing at a tree, alongside a forest background with trees and mud in a 2D illustration in watercolor style, a baby rabbit character with a bright and passionate face wearing a dirty green shirt with mud, another baby rabbit with a bright and passionate face wearing a dirty red shirt with mud, a big tree with branches, and a red balloon illustrated in a 2D watercolor sketch, a stuck balloon stuck in a tree.'}"
09:14:10,describe_region_saved,{'region_path': 'output/P1/2025-08-22_09-14-10/region.png'}
09:14:14,describe_result,"{'noun_phrase': 'baby rabbit', 'description': 'a baby rabbit with mud-stained green shirt and excited pose'}"
09:14:14,object_description_generated,"{'label': 'baby rabbit', 'description': 'a baby rabbit with mud-stained green shirt and excited pose', 'session_id': 'e5466056-3354-4623-8ea1-e8a18af6d601', 'user_id': 'P1'}"
09:14:14,api.generate_description.succeeded,"{'label': 'baby rabbit', 'description_length': 59, 'session_id': 'e5466056-3354-4623-8ea1-e8a18af6d601', 'user_id': 'P1'}"
09:14:15,layout.node.moved,"{'nodeId': 'instance-608e8a4d-b475-4a5b-8cfe-feae5fff45f6-resizable', 'newPos': {'x': 19, 'y': 11}, 'session_id': 'e5466056-3354-4623-8ea1-e8a18af6d601', 'user_id': 'P1'}"
09:14:17,layoutboard.node.resizable.resized,"{'nodeId': 'instance-608e8a4d-b475-4a5b-8cfe-feae5fff45f6-resizable', 'prevSize': {'width': 505, 'height': 507}, 'newSize': {'width': 143, 'height': 161}, 'delta': {'width': -362, 'height': -346}, 'linkedSizeNodeIds': [], 'session_id': 'e5466056-3354-4623-8ea1-e8a18af6d601', 'user_id': 'P1'}"
09:14:17,scene_graph_generated,"{'objects_count': 3, 'relationships_count': 2, 'session_id': 'e5466056-3354-4623-8ea1-e8a18af6d601', 'user_id': 'P1'}"
09:14:17,api.generate_text_to_graph.succeeded,"{'objects_count': 3, 'relationships_count': 2, 'root_object': 'object1', 'session_id': 'e5466056-3354-4623-8ea1-e8a18af6d601', 'user_id': 'P1'}"
09:14:18,api.generate_instance_label_from_description.succeeded,"{'generated_label': 'Baby rabbit', 'original_text': 'a baby rabbit with mud-stained green shirt and exc', 'session_id': 'e5466056-3354-4623-8ea1-e8a18af6d601', 'user_id': 'P1'}"
09:14:18,instance_created_from_detection,"{'instanceId': 'd4aafb76-910c-46fc-83dc-9c55cf29efb5', 'label': 'Baby rabbit', 'originalObjectLabel': 'person', 'session_id': 'e5466056-3354-4623-8ea1-e8a18af6d601', 'user_id': 'P1'}"
09:14:18,instance_selected,"{'instance_id': 'instance-5ab7832b-69c5-42ea-8ed3-bde6e5761037', 'instance_label': 'rabbit', 'is_from_class': True, 'class_id': 'class-195fd647-2a91-4524-b4e2-7f050ac7dda8', 'session_id': 'e5466056-3354-4623-8ea1-e8a18af6d601', 'user_id': 'P1'}"
09:14:19,layout.node.moved,"{'nodeId': 'instance-b97d172f-0052-4bf6-b087-4fe1e6af7dd5', 'newPos': {'x': 72.765625, 'y': 175}, 'session_id': 'e5466056-3354-4623-8ea1-e8a18af6d601', 'user_id': 'P1'}"
09:14:20,layout.node.moved,"{'nodeId': 'instance-9e369952-10a4-4279-9ec1-aa69428e395c', 'newPos': {'x': 15, 'y': 250}, 'session_id': 'e5466056-3354-4623-8ea1-e8a18af6d601', 'user_id': 'P1'}"
09:14:23,instance_selected,"{'instance_id': 'instance-9e369952-10a4-4279-9ec1-aa69428e395c', 'instance_label': 'rabbit', 'is_from_class': True, 'class_id': 'class-195fd647-2a91-4524-b4e2-7f050ac7dda8', 'session_id': 'e5466056-3354-4623-8ea1-e8a18af6d601', 'user_id': 'P1'}"
09:14:48,api.generate_text_to_graph.succeeded,"{'objects_count': 10, 'relationships_count': 9, 'root_object': 'object1', 'session_id': 'e5466056-3354-4623-8ea1-e8a18af6d601', 'user_id': 'P1'}"
09:14:48,instance_selected,"{'instance_id': 'instance-9e369952-10a4-4279-9ec1-aa69428e395c', 'instance_label': 'rabbit', 'is_from_class': True, 'class_id': 'class-195fd647-2a91-4524-b4e2-7f050ac7dda8', 'session_id': 'e5466056-3354-4623-8ea1-e8a18af6d601', 'user_id': 'P1'}"
09:14:48,instance.updated,"{'instance_id': 'instance-9e369952-10a4-4279-9ec1-aa69428e395c', 'instance_label': 'rabbit', 'text_changed': True, 'graph_changed': False, 'session_id': 'e5466056-3354-4623-8ea1-e8a18af6d601', 'user_id': 'P1'}"
09:15:11,api.generate_text_to_graph.succeeded,"{'objects_count': 10, 'relationships_count': 9, 'root_object': 'object1', 'session_id': 'e5466056-3354-4623-8ea1-e8a18af6d601', 'user_id': 'P1'}"
09:15:11,instance_selected,"{'instance_id': 'instance-9e369952-10a4-4279-9ec1-aa69428e395c', 'instance_label': 'rabbit', 'is_from_class': True, 'class_id': 'class-195fd647-2a91-4524-b4e2-7f050ac7dda8', 'session_id': 'e5466056-3354-4623-8ea1-e8a18af6d601', 'user_id': 'P1'}"
09:15:11,instance.updated,"{'instance_id': 'instance-b97d172f-0052-4bf6-b087-4fe1e6af7dd5', 'instance_label': 'rabbit', 'text_changed': True, 'graph_changed': False, 'session_id': 'e5466056-3354-4623-8ea1-e8a18af6d601', 'user_id': 'P1'}"
09:15:41,prompt_saved,{'path': 'output/P1/2025-08-22_09-15-41/prompt.json'}
09:15:42,object_detection_integrated,{'objects_count': 2}
09:15:42,api.generate_image.succeeded,"{'global_caption': 'a scene featuring a baby rabbit character in a 2D sketch illustration in watercolor style, wearing a dirty blue jacket with mud, surprised and looking up at an unknown object, alongside an enthusiastic rabbit with a bright and passionate face wearing a dirty green shirt with mud, pointing at a tree, another baby rabbit character with a bright and passionate face wearing a dirty red shirt with mud, surprised and looking up at a tree, a big tree with branches, a red balloon illustrated in a 2D watercolor sketch, stuck in a tree, and a forest background with trees and mud in a blurred sunny 2D illustration in watercolor style.', 'region_count': 7, 'has_image': True, 'detected_objects_count': 2, 'image_path': 'output/P1/2025-08-22_09-15-41/image.png', 'image_with_layout_path': 'output/P1/2025-08-22_09-15-41/image_with_layout.png', 'timestamp_dir': 'output/P1/2025-08-22_09-15-41', 'session_id': 'e5466056-3354-4623-8ea1-e8a18af6d601', 'user_id': 'P1'}"
09:15:42,object_detection_integrated,"{'objectsCount': 2, 'objects': [{'label': 'person', 'confidence': 0.416351854801178}, {'label': 'person', 'confidence': 0.2713772654533386}], 'session_id': 'e5466056-3354-4623-8ea1-e8a18af6d601', 'user_id': 'P1'}"
09:15:49,instance_selected,"{'instance_id': 'd4aafb76-910c-46fc-83dc-9c55cf29efb5', 'instance_label': 'Baby rabbit', 'is_from_class': False, 'class_id': None, 'session_id': 'e5466056-3354-4623-8ea1-e8a18af6d601', 'user_id': 'P1'}"
09:15:51,instance_selected,"{'instance_id': 'instance-5ab7832b-69c5-42ea-8ed3-bde6e5761037', 'instance_label': 'rabbit', 'is_from_class': True, 'class_id': 'class-195fd647-2a91-4524-b4e2-7f050ac7dda8', 'session_id': 'e5466056-3354-4623-8ea1-e8a18af6d601', 'user_id': 'P1'}"
09:15:52,instance_selected,"{'instance_id': 'instance-b97d172f-0052-4bf6-b087-4fe1e6af7dd5', 'instance_label': 'rabbit', 'is_from_class': True, 'class_id': 'class-195fd647-2a91-4524-b4e2-7f050ac7dda8', 'session_id': 'e5466056-3354-4623-8ea1-e8a18af6d601', 'user_id': 'P1'}"
09:15:54,instance_selected,"{'instance_id': 'instance-9e369952-10a4-4279-9ec1-aa69428e395c', 'instance_label': 'rabbit', 'is_from_class': True, 'class_id': 'class-195fd647-2a91-4524-b4e2-7f050ac7dda8', 'session_id': 'e5466056-3354-4623-8ea1-e8a18af6d601', 'user_id': 'P1'}"
09:15:55,instance_selected,"{'instance_id': 'd4aafb76-910c-46fc-83dc-9c55cf29efb5', 'instance_label': 'Baby rabbit', 'is_from_class': False, 'class_id': None, 'session_id': 'e5466056-3354-4623-8ea1-e8a18af6d601', 'user_id': 'P1'}"
09:16:03,instance_selected,"{'instance_id': 'instance-5ab7832b-69c5-42ea-8ed3-bde6e5761037', 'instance_label': 'rabbit', 'is_from_class': True, 'class_id': 'class-195fd647-2a91-4524-b4e2-7f050ac7dda8', 'session_id': 'e5466056-3354-4623-8ea1-e8a18af6d601', 'user_id': 'P1'}"
09:16:06,instance_selected,"{'instance_id': 'd4aafb76-910c-46fc-83dc-9c55cf29efb5', 'instance_label': 'Baby rabbit', 'is_from_class': False, 'class_id': None, 'session_id': 'e5466056-3354-4623-8ea1-e8a18af6d601', 'user_id': 'P1'}"
09:16:09,instance.deleted,"{'instance_id': 'd4aafb76-910c-46fc-83dc-9c55cf29efb5', 'instance_label': 'Baby rabbit', 'is_from_class': False, 'class_id': None, 'session_id': 'e5466056-3354-4623-8ea1-e8a18af6d601', 'user_id': 'P1'}"
09:16:14,object_clicked,"{'label': 'person', 'confidence': 0.2713772654533386, 'bbox': [284, 279, 329, 420], 'session_id': 'e5466056-3354-4623-8ea1-e8a18af6d601', 'user_id': 'P1'}"
09:16:14,describe_requested,"{'crop_box': [284, 279, 329, 420], 'global_caption': 'a scene featuring a baby rabbit character in a 2D sketch illustration in watercolor style, wearing a dirty blue jacket with mud, surprised and looking up at an unknown object, alongside an enthusiastic rabbit with a bright and passionate face wearing a dirty green shirt with mud, pointing at a tree, another baby rabbit character with a bright and passionate face wearing a dirty red shirt with mud, surprised and looking up at a tree, a big tree with branches, a red balloon illustrated in a 2D watercolor sketch, stuck in a tree, and a forest background with trees and mud in a blurred sunny 2D illustration in watercolor style.'}"
09:16:14,describe_region_saved,{'region_path': 'output/P1/2025-08-22_09-16-14/region.png'}
09:16:18,describe_result,"{'noun_phrase': 'happy rabbit', 'description': 'a rabbit wearing a bright red shirt, smiling widely with joyful eyes'}"
09:16:18,object_description_generated,"{'label': 'happy rabbit', 'description': 'a rabbit wearing a bright red shirt, smiling widely with joyful eyes', 'session_id': 'e5466056-3354-4623-8ea1-e8a18af6d601', 'user_id': 'P1'}"
09:16:18,api.generate_description.succeeded,"{'label': 'happy rabbit', 'description_length': 68, 'session_id': 'e5466056-3354-4623-8ea1-e8a18af6d601', 'user_id': 'P1'}"
09:16:20,scene_graph_generated,"{'objects_count': 3, 'relationships_count': 2, 'session_id': 'e5466056-3354-4623-8ea1-e8a18af6d601', 'user_id': 'P1'}"
09:16:20,api.generate_text_to_graph.succeeded,"{'objects_count': 3, 'relationships_count': 2, 'root_object': 'object1', 'session_id': 'e5466056-3354-4623-8ea1-e8a18af6d601', 'user_id': 'P1'}"
09:16:21,api.generate_instance_label_from_description.succeeded,"{'generated_label': 'Rabbit', 'original_text': 'a rabbit wearing a bright red shirt, smiling widel', 'session_id': 'e5466056-3354-4623-8ea1-e8a18af6d601', 'user_id': 'P1'}"
09:16:21,instance_created_from_detection,"{'instanceId': 'e03d7df2-dfc6-4c77-a8c0-adf28299d8be', 'label': 'Rabbit', 'originalObjectLabel': 'person', 'session_id': 'e5466056-3354-4623-8ea1-e8a18af6d601', 'user_id': 'P1'}"
09:16:22,instance_selected,"{'instance_id': 'e03d7df2-dfc6-4c77-a8c0-adf28299d8be', 'instance_label': 'Rabbit', 'is_from_class': False, 'class_id': None, 'session_id': 'e5466056-3354-4623-8ea1-e8a18af6d601', 'user_id': 'P1'}"
09:16:29,layout.node.moved,"{'nodeId': 'e03d7df2-dfc6-4c77-a8c0-adf28299d8be', 'newPos': {'x': 299.765625, 'y': 269}, 'session_id': 'e5466056-3354-4623-8ea1-e8a18af6d601', 'user_id': 'P1'}"
09:16:33,instance.deleted,"{'instance_id': 'e03d7df2-dfc6-4c77-a8c0-adf28299d8be', 'instance_label': 'Rabbit', 'is_from_class': False, 'class_id': None, 'session_id': 'e5466056-3354-4623-8ea1-e8a18af6d601', 'user_id': 'P1'}"
09:17:03,prompt_saved,{'path': 'output/P1/2025-08-22_09-17-03/prompt.json'}
09:17:03,object_detection_integrated,{'objects_count': 4}
09:17:03,api.generate_image.succeeded,"{'global_caption': 'a scene featuring a baby rabbit character in a 2D sketch illustration in watercolor style, wearing a dirty blue jacket with mud, surprised and looking up at an unknown object, alongside a baby rabbit character in a watercolor illustration with a bright and passionate face, wearing a dirty green shirt with mud, with a bright face and a smile, found something, one arm reaching up pointing at something, another baby rabbit in a watercolor illustration with a bright and passionate face, wearing a dirty red shirt with mud, surprised and looking up at a tree, a big tree with branches, a red balloon illustrated in a 2D watercolor sketch, stuck in a tree, and a forest background with trees and mud in a blurred sunny 2D illustration in watercolor style.', 'region_count': 6, 'has_image': True, 'detected_objects_count': 4, 'image_path': 'output/P1/2025-08-22_09-17-03/image.png', 'image_with_layout_path': 'output/P1/2025-08-22_09-17-03/image_with_layout.png', 'timestamp_dir': 'output/P1/2025-08-22_09-17-03', 'session_id': 'e5466056-3354-4623-8ea1-e8a18af6d601', 'user_id': 'P1'}"
09:17:03,object_detection_integrated,"{'objectsCount': 4, 'objects': [{'label': 'person', 'confidence': 0.8398083448410034}, {'label': 'person', 'confidence': 0.47760552167892456}, {'label': 'person', 'confidence': 0.4591793417930603}, {'label': 'person', 'confidence': 0.25753915309906006}], 'session_id': 'e5466056-3354-4623-8ea1-e8a18af6d601', 'user_id': 'P1'}"
09:17:13,scene_saved,"{'slotNumber': 5, 'instanceCount': 6, 'nodeCount': 12, 'edgeCount': 6, 'session_id': 'e5466056-3354-4623-8ea1-e8a18af6d601', 'user_id': 'P1'}"
09:17:15,instance_selected,"{'instance_id': 'instance-608e8a4d-b475-4a5b-8cfe-feae5fff45f6', 'instance_label': 'forest', 'is_from_class': True, 'class_id': 'class-3ff65e8f-8335-4b67-9c53-1d92b1fbbefb', 'session_id': 'e5466056-3354-4623-8ea1-e8a18af6d601', 'user_id': 'P1'}"
09:17:19,layoutboard.node.resizable.resized,"{'nodeId': 'instance-608e8a4d-b475-4a5b-8cfe-feae5fff45f6-resizable', 'prevSize': {'width': 505, 'height': 507}, 'newSize': {'width': 136, 'height': 497}, 'delta': {'width': -369, 'height': -10}, 'linkedSizeNodeIds': [], 'session_id': 'e5466056-3354-4623-8ea1-e8a18af6d601', 'user_id': 'P1'}"
09:17:23,layoutboard.node.resizable.resized,"{'nodeId': 'instance-608e8a4d-b475-4a5b-8cfe-feae5fff45f6-resizable', 'prevSize': {'width': 505, 'height': 507}, 'newSize': {'width': 501, 'height': 523}, 'delta': {'width': -4, 'height': 16}, 'linkedSizeNodeIds': [], 'session_id': 'e5466056-3354-4623-8ea1-e8a18af6d601', 'user_id': 'P1'}"
09:17:24,relationship_node.created,"{'relationship_id': 'instance-b97d172f-0052-4bf6-b087-4fe1e6af7dd5->instance-ee18810a-dc3c-4744-9f9b-a6e15d8f7999:grabbing', 'sourceId': 'instance-b97d172f-0052-4bf6-b087-4fe1e6af7dd5', 'targetId': 'instance-ee18810a-dc3c-4744-9f9b-a6e15d8f7999', 'relation': 'grabbing', 'video_time': '44:47'}"
09:17:56,prompt_saved,{'path': 'output/P1/2025-08-22_09-17-56/prompt.json'}
09:17:56,object_detection_integrated,{'objects_count': 0}
09:17:56,api.generate_image.succeeded,"{'global_caption': 'a scene featuring a baby rabbit character in a 2D sketch illustration in watercolor style, wearing a dirty blue jacket with mud, surprised, looking up at an unknown object, a rabbit looking up at a tree, a forest background with trees and mud, a 2D illustration in watercolor style, with a blur effect and sunny atmosphere, a baby rabbit character in a watercolor illustration with a bright and passionate face, wearing a dirty green shirt with mud, a bright face with a smile, found something, one arm reaching up, pointing at something, a rabbit looking and pointing at a tree, a baby rabbit in a watercolor illustration with a bright and passionate face, wearing a dirty red shirt with mud, surprised, looking up at a rabbit looking up at a tree, a big tree with branches, and a red balloon illustrated in a 2D watercolor sketch, a balloon stuck in the tree.', 'region_count': 6, 'has_image': True, 'detected_objects_count': 0, 'image_path': 'output/P1/2025-08-22_09-17-56/image.png', 'image_with_layout_path': 'output/P1/2025-08-22_09-17-56/image_with_layout.png', 'timestamp_dir': 'output/P1/2025-08-22_09-17-56', 'session_id': 'e5466056-3354-4623-8ea1-e8a18af6d601', 'user_id': 'P1'}"
09:17:56,object_detection_integrated,"{'objectsCount': 0, 'objects': [], 'session_id': 'e5466056-3354-4623-8ea1-e8a18af6d601', 'user_id': 'P1'}"
09:18:08,layoutboard.node.resizable.resized,"{'nodeId': 'instance-608e8a4d-b475-4a5b-8cfe-feae5fff45f6-resizable', 'prevSize': {'width': 505, 'height': 507}, 'newSize': {'width': 97, 'height': 83}, 'delta': {'width': -408, 'height': -424}, 'linkedSizeNodeIds': [], 'session_id': 'e5466056-3354-4623-8ea1-e8a18af6d601', 'user_id': 'P1'}"
09:18:10,instance_selected,"{'instance_id': 'instance-0108ee6e-4717-4496-acc6-27106afa83f1', 'instance_label': 'tree', 'is_from_class': False, 'class_id': None, 'session_id': 'e5466056-3354-4623-8ea1-e8a18af6d601', 'user_id': 'P1'}"
09:18:10,relationship_node.created,"{'relationship_id': 'instance-b97d172f-0052-4bf6-b087-4fe1e6af7dd5->instance-5ab7832b-69c5-42ea-8ed3-bde6e5761037:hugging together', 'sourceId': 'instance-b97d172f-0052-4bf6-b087-4fe1e6af7dd5', 'targetId': 'instance-5ab7832b-69c5-42ea-8ed3-bde6e5761037', 'relation': 'hugging together', 'video_time': '45:33'}"
09:18:20,relationship_node.created,"{'relationship_id': 'instance-5ab7832b-69c5-42ea-8ed3-bde6e5761037->instance-5ab7832b-69c5-42ea-8ed3-bde6e5761037:hugging together', 'sourceId': 'instance-5ab7832b-69c5-42ea-8ed3-bde6e5761037', 'targetId': 'instance-5ab7832b-69c5-42ea-8ed3-bde6e5761037', 'relation': 'hugging together', 'video_time': '45:43'}"
09:18:22,instance.deleted,"{'instance_id': 'instance-0108ee6e-4717-4496-acc6-27106afa83f1', 'instance_label': 'tree', 'is_from_class': False, 'class_id': None, 'session_id': 'e5466056-3354-4623-8ea1-e8a18af6d601', 'user_id': 'P1'}"
09:18:25,layout.node.moved,"{'nodeId': 'instance-a6e38a4c-3d55-4f61-81f3-558826446a79', 'newPos': {'x': 329, 'y': 119}, 'session_id': 'e5466056-3354-4623-8ea1-e8a18af6d601', 'user_id': 'P1'}"
09:18:25,relationship_node.created,"{'relationship_id': 'instance-5ab7832b-69c5-42ea-8ed3-bde6e5761037->instance-b97d172f-0052-4bf6-b087-4fe1e6af7dd5:hugging together', 'sourceId': 'instance-5ab7832b-69c5-42ea-8ed3-bde6e5761037', 'targetId': 'instance-b97d172f-0052-4bf6-b087-4fe1e6af7dd5', 'relation': 'hugging together', 'video_time': '45:48'}"
09:18:27,layout.node.moved,"{'nodeId': 'instance-5ab7832b-69c5-42ea-8ed3-bde6e5761037', 'newPos': {'x': 330, 'y': 260}, 'session_id': 'e5466056-3354-4623-8ea1-e8a18af6d601', 'user_id': 'P1'}"
09:18:28,layout.node.moved,"{'nodeId': 'instance-b97d172f-0052-4bf6-b087-4fe1e6af7dd5', 'newPos': {'x': 164.765625, 'y': 175}, 'session_id': 'e5466056-3354-4623-8ea1-e8a18af6d601', 'user_id': 'P1'}"
09:18:30,layout.node.moved,"{'nodeId': 'instance-a6e38a4c-3d55-4f61-81f3-558826446a79', 'newPos': {'x': 258, 'y': 114}, 'session_id': 'e5466056-3354-4623-8ea1-e8a18af6d601', 'user_id': 'P1'}"
09:18:33,layout.node.moved,"{'nodeId': 'instance-9e369952-10a4-4279-9ec1-aa69428e395c', 'newPos': {'x': 39, 'y': 221}, 'session_id': 'e5466056-3354-4623-8ea1-e8a18af6d601', 'user_id': 'P1'}"
09:18:35,layout.node.moved,"{'nodeId': 'instance-5ab7832b-69c5-42ea-8ed3-bde6e5761037', 'newPos': {'x': 274, 'y': 221}, 'session_id': 'e5466056-3354-4623-8ea1-e8a18af6d601', 'user_id': 'P1'}"
09:18:36,layout.node.moved,"{'nodeId': 'instance-9e369952-10a4-4279-9ec1-aa69428e395c', 'newPos': {'x': 48, 'y': 220}, 'session_id': 'e5466056-3354-4623-8ea1-e8a18af6d601', 'user_id': 'P1'}"
09:18:38,layout.node.moved,"{'nodeId': 'instance-a6e38a4c-3d55-4f61-81f3-558826446a79', 'newPos': {'x': 261, 'y': 115}, 'session_id': 'e5466056-3354-4623-8ea1-e8a18af6d601', 'user_id': 'P1'}"
09:18:38,instance_selected,"{'instance_id': 'instance-b97d172f-0052-4bf6-b087-4fe1e6af7dd5', 'instance_label': 'rabbit', 'is_from_class': True, 'class_id': 'class-195fd647-2a91-4524-b4e2-7f050ac7dda8', 'session_id': 'e5466056-3354-4623-8ea1-e8a18af6d601', 'user_id': 'P1'}"
09:18:47,instance_selected,"{'instance_id': 'instance-9e369952-10a4-4279-9ec1-aa69428e395c', 'instance_label': 'rabbit', 'is_from_class': True, 'class_id': 'class-195fd647-2a91-4524-b4e2-7f050ac7dda8', 'session_id': 'e5466056-3354-4623-8ea1-e8a18af6d601', 'user_id': 'P1'}"
09:19:21,instance_selected,"{'instance_id': 'instance-b97d172f-0052-4bf6-b087-4fe1e6af7dd5', 'instance_label': 'rabbit', 'is_from_class': True, 'class_id': 'class-195fd647-2a91-4524-b4e2-7f050ac7dda8', 'session_id': 'e5466056-3354-4623-8ea1-e8a18af6d601', 'user_id': 'P1'}"
09:19:32,instance_selected,"{'instance_id': 'instance-9e369952-10a4-4279-9ec1-aa69428e395c', 'instance_label': 'rabbit', 'is_from_class': True, 'class_id': 'class-195fd647-2a91-4524-b4e2-7f050ac7dda8', 'session_id': 'e5466056-3354-4623-8ea1-e8a18af6d601', 'user_id': 'P1'}"
09:19:38,instance_selected,"{'instance_id': 'instance-5ab7832b-69c5-42ea-8ed3-bde6e5761037', 'instance_label': 'rabbit', 'is_from_class': True, 'class_id': 'class-195fd647-2a91-4524-b4e2-7f050ac7dda8', 'session_id': 'e5466056-3354-4623-8ea1-e8a18af6d601', 'user_id': 'P1'}"
09:19:47,instance_selected,"{'instance_id': 'instance-b97d172f-0052-4bf6-b087-4fe1e6af7dd5', 'instance_label': 'rabbit', 'is_from_class': True, 'class_id': 'class-195fd647-2a91-4524-b4e2-7f050ac7dda8', 'session_id': 'e5466056-3354-4623-8ea1-e8a18af6d601', 'user_id': 'P1'}"
09:20:25,api.generate_text_to_graph.succeeded,"{'objects_count': 10, 'relationships_count': 9, 'root_object': 'object1', 'session_id': 'e5466056-3354-4623-8ea1-e8a18af6d601', 'user_id': 'P1'}"
09:20:25,instance.updated,"{'instance_id': 'instance-b97d172f-0052-4bf6-b087-4fe1e6af7dd5', 'instance_label': 'rabbit', 'text_changed': True, 'graph_changed': False, 'session_id': 'e5466056-3354-4623-8ea1-e8a18af6d601', 'user_id': 'P1'}"
09:20:25,instance_selected,"{'instance_id': 'instance-b97d172f-0052-4bf6-b087-4fe1e6af7dd5', 'instance_label': 'rabbit', 'is_from_class': True, 'class_id': 'class-195fd647-2a91-4524-b4e2-7f050ac7dda8', 'session_id': 'e5466056-3354-4623-8ea1-e8a18af6d601', 'user_id': 'P1'}"
09:20:40,api.generate_text_to_graph.succeeded,"{'objects_count': 3, 'relationships_count': 2, 'root_object': 'object1', 'session_id': 'e5466056-3354-4623-8ea1-e8a18af6d601', 'user_id': 'P1'}"
09:20:40,instance.updated,"{'instance_id': 'instance-a6e38a4c-3d55-4f61-81f3-558826446a79', 'instance_label': 'balloon', 'text_changed': True, 'graph_changed': False, 'session_id': 'e5466056-3354-4623-8ea1-e8a18af6d601', 'user_id': 'P1'}"
09:20:40,instance_selected,"{'instance_id': 'instance-b97d172f-0052-4bf6-b087-4fe1e6af7dd5', 'instance_label': 'rabbit', 'is_from_class': True, 'class_id': 'class-195fd647-2a91-4524-b4e2-7f050ac7dda8', 'session_id': 'e5466056-3354-4623-8ea1-e8a18af6d601', 'user_id': 'P1'}"
09:21:03,instance.updated,"{'instance_id': 'instance-9e369952-10a4-4279-9ec1-aa69428e395c', 'instance_label': 'rabbit', 'text_changed': True, 'graph_changed': False, 'session_id': 'e5466056-3354-4623-8ea1-e8a18af6d601', 'user_id': 'P1'}"
09:21:03,api.generate_text_to_graph.succeeded,"{'objects_count': 10, 'relationships_count': 9, 'root_object': 'object1', 'session_id': 'e5466056-3354-4623-8ea1-e8a18af6d601', 'user_id': 'P1'}"
09:21:03,instance_selected,"{'instance_id': 'instance-b97d172f-0052-4bf6-b087-4fe1e6af7dd5', 'instance_label': 'rabbit', 'is_from_class': True, 'class_id': 'class-195fd647-2a91-4524-b4e2-7f050ac7dda8', 'session_id': 'e5466056-3354-4623-8ea1-e8a18af6d601', 'user_id': 'P1'}"
09:21:13,api.generate_text_to_graph.succeeded,"{'objects_count': 6, 'relationships_count': 5, 'root_object': 'object1', 'session_id': 'e5466056-3354-4623-8ea1-e8a18af6d601', 'user_id': 'P1'}"
09:21:13,instance.updated,"{'instance_id': 'instance-5ab7832b-69c5-42ea-8ed3-bde6e5761037', 'instance_label': 'rabbit', 'text_changed': True, 'graph_changed': False, 'session_id': 'e5466056-3354-4623-8ea1-e8a18af6d601', 'user_id': 'P1'}"
09:21:13,instance_selected,"{'instance_id': 'instance-b97d172f-0052-4bf6-b087-4fe1e6af7dd5', 'instance_label': 'rabbit', 'is_from_class': True, 'class_id': 'class-195fd647-2a91-4524-b4e2-7f050ac7dda8', 'session_id': 'e5466056-3354-4623-8ea1-e8a18af6d601', 'user_id': 'P1'}"
09:21:33,api.generate_text_to_graph.succeeded,"{'objects_count': 4, 'relationships_count': 3, 'root_object': 'object1', 'session_id': 'e5466056-3354-4623-8ea1-e8a18af6d601', 'user_id': 'P1'}"
09:21:33,instance.updated,"{'instance_id': 'instance-608e8a4d-b475-4a5b-8cfe-feae5fff45f6', 'instance_label': 'forest', 'text_changed': True, 'graph_changed': False, 'session_id': 'e5466056-3354-4623-8ea1-e8a18af6d601', 'user_id': 'P1'}"
09:21:33,instance_selected,"{'instance_id': 'instance-b97d172f-0052-4bf6-b087-4fe1e6af7dd5', 'instance_label': 'rabbit', 'is_from_class': True, 'class_id': 'class-195fd647-2a91-4524-b4e2-7f050ac7dda8', 'session_id': 'e5466056-3354-4623-8ea1-e8a18af6d601', 'user_id': 'P1'}"
09:21:33,layoutboard.node.resizable.resized,"{'nodeId': 'instance-608e8a4d-b475-4a5b-8cfe-feae5fff45f6-resizable', 'prevSize': {'width': 505, 'height': 507}, 'newSize': {'width': 506, 'height': 513}, 'delta': {'width': 1, 'height': 6}, 'linkedSizeNodeIds': [], 'session_id': 'e5466056-3354-4623-8ea1-e8a18af6d601', 'user_id': 'P1'}"
09:22:07,prompt_saved,{'path': 'output/P1/2025-08-22_09-22-07/prompt.json'}
09:22:07,object_detection_integrated,{'objects_count': 0}
09:22:08,api.generate_image.succeeded,"{'global_caption': 'a scene featuring a baby rabbit character in a 2D sketch illustration in watercolor style, wearing a dirty blue jacket with mud, with a happy face, talking while grabbing a balloon and hugging another rabbit, set against a forest background in a 2D illustration in watercolor style, with a blur effect and bright sunny atmosphere. In addition, there is a baby rabbit character in a watercolor illustration with a bright and passionate face, wearing a dirty green shirt with mud, smiling while looking and pointing at an unknown object, alongside another baby rabbit in a watercolor illustration with a bright and passionate face, wearing a dirty red shirt with mud, looking up at an unknown object, and hugging another rabbit. The scene is completed with a red balloon illustrated in a 2D watercolor sketch, stuck in an unknown object.', 'region_count': 5, 'has_image': True, 'detected_objects_count': 0, 'image_path': 'output/P1/2025-08-22_09-22-07/image.png', 'image_with_layout_path': 'output/P1/2025-08-22_09-22-07/image_with_layout.png', 'timestamp_dir': 'output/P1/2025-08-22_09-22-07', 'session_id': 'e5466056-3354-4623-8ea1-e8a18af6d601', 'user_id': 'P1'}"
09:22:08,object_detection_integrated,"{'objectsCount': 0, 'objects': [], 'session_id': 'e5466056-3354-4623-8ea1-e8a18af6d601', 'user_id': 'P1'}"
09:22:21,layout.node.moved,"{'nodeId': 'instance-9e369952-10a4-4279-9ec1-aa69428e395c', 'newPos': {'x': 49, 'y': 224}, 'session_id': 'e5466056-3354-4623-8ea1-e8a18af6d601', 'user_id': 'P1'}"
09:22:24,layout.node.moved,"{'nodeId': 'instance-9e369952-10a4-4279-9ec1-aa69428e395c', 'newPos': {'x': 49, 'y': 214}, 'session_id': 'e5466056-3354-4623-8ea1-e8a18af6d601', 'user_id': 'P1'}"
09:22:26,layout.node.moved,"{'nodeId': 'instance-a6e38a4c-3d55-4f61-81f3-558826446a79', 'newPos': {'x': 258, 'y': 104}, 'session_id': 'e5466056-3354-4623-8ea1-e8a18af6d601', 'user_id': 'P1'}"
09:22:29,instance_selected,"{'instance_id': 'instance-a6e38a4c-3d55-4f61-81f3-558826446a79', 'instance_label': 'balloon', 'is_from_class': True, 'class_id': 'class-3e5a7aa6-5b51-446b-97b9-b2c655fb78dc', 'session_id': 'e5466056-3354-4623-8ea1-e8a18af6d601', 'user_id': 'P1'}"
09:22:39,api.generate_text_to_graph.succeeded,"{'objects_count': 3, 'relationships_count': 2, 'root_object': 'object1', 'session_id': 'e5466056-3354-4623-8ea1-e8a18af6d601', 'user_id': 'P1'}"
09:22:39,instance.updated,"{'instance_id': 'instance-a6e38a4c-3d55-4f61-81f3-558826446a79', 'instance_label': 'balloon', 'text_changed': True, 'graph_changed': False, 'session_id': 'e5466056-3354-4623-8ea1-e8a18af6d601', 'user_id': 'P1'}"
09:22:39,instance_selected,"{'instance_id': 'instance-a6e38a4c-3d55-4f61-81f3-558826446a79', 'instance_label': 'balloon', 'is_from_class': True, 'class_id': 'class-3e5a7aa6-5b51-446b-97b9-b2c655fb78dc', 'session_id': 'e5466056-3354-4623-8ea1-e8a18af6d601', 'user_id': 'P1'}"
09:23:01,instance_selected,"{'instance_id': 'instance-b97d172f-0052-4bf6-b087-4fe1e6af7dd5', 'instance_label': 'rabbit', 'is_from_class': True, 'class_id': 'class-195fd647-2a91-4524-b4e2-7f050ac7dda8', 'session_id': 'e5466056-3354-4623-8ea1-e8a18af6d601', 'user_id': 'P1'}"
09:23:03,instance_selected,"{'instance_id': 'instance-a6e38a4c-3d55-4f61-81f3-558826446a79', 'instance_label': 'balloon', 'is_from_class': True, 'class_id': 'class-3e5a7aa6-5b51-446b-97b9-b2c655fb78dc', 'session_id': 'e5466056-3354-4623-8ea1-e8a18af6d601', 'user_id': 'P1'}"
09:23:05,instance_selected,"{'instance_id': 'instance-5ab7832b-69c5-42ea-8ed3-bde6e5761037', 'instance_label': 'rabbit', 'is_from_class': True, 'class_id': 'class-195fd647-2a91-4524-b4e2-7f050ac7dda8', 'session_id': 'e5466056-3354-4623-8ea1-e8a18af6d601', 'user_id': 'P1'}"
09:23:07,prompt_saved,{'path': 'output/P1/2025-08-22_09-23-07/prompt.json'}
09:23:07,object_detection_integrated,{'objects_count': 1}
09:23:07,api.generate_image.succeeded,"{'global_caption': 'a scene featuring a baby rabbit character in a 2D sketch illustration in watercolor style, wearing a dirty blue jacket with mud, with a happy face, talking while grabbing a balloon and hugging another rabbit, set against a forest background in a 2D illustration in watercolor style, with a blur effect and bright sunny atmosphere. Additionally, there is a baby rabbit character in a watercolor illustration with a bright and passionate face, wearing a dirty green shirt with mud, smiling while looking and pointing at an unknown object, alongside another baby rabbit in a watercolor illustration with a bright and passionate face, wearing a dirty red shirt with mud, looking up at an unknown object while hugging another rabbit. The scene is completed with a red balloon illustrated in a 2D watercolor sketch, stuck in an unknown object.', 'region_count': 5, 'has_image': True, 'detected_objects_count': 1, 'image_path': 'output/P1/2025-08-22_09-23-07/image.png', 'image_with_layout_path': 'output/P1/2025-08-22_09-23-07/image_with_layout.png', 'timestamp_dir': 'output/P1/2025-08-22_09-23-07', 'session_id': 'e5466056-3354-4623-8ea1-e8a18af6d601', 'user_id': 'P1'}"
09:23:07,object_detection_integrated,"{'objectsCount': 1, 'objects': [{'label': 'teddy bear', 'confidence': 0.2720288038253784}], 'session_id': 'e5466056-3354-4623-8ea1-e8a18af6d601', 'user_id': 'P1'}"
09:23:16,scene_saved,"{'slotNumber': 6, 'instanceCount': 5, 'nodeCount': 10, 'edgeCount': 10, 'session_id': 'e5466056-3354-4623-8ea1-e8a18af6d601', 'user_id': 'P1'}"
09:23:23,system_completed,"{'system': 'system2', 'completion_time': '2025-08-22T09:23:20.943Z', 'session_id': 'e5466056-3354-4623-8ea1-e8a18af6d601', 'user_id': 'P1'}"
09:26:15,system_survey_completed,"{'system_type': 'system2', 'language': 'ko', 'responses': {'mental_demand': 4, 'temporal_demand': 4, 'performance': 5, 'effort': 5, 'frustration': 2, 'exploration': 6, 'engagement': 7, 'effort_reward': 7, 'transparency': 6, 'expressiveness': 6, 'dg1_clarity': 6, 'dg2_prompt_to_image': 7, 'dg2_image_to_prompt': 7, 'dg3_reusability': 7, 'dg3_selective_edit': 7}, 'additional_feedback': '각 오브젝트뿐 아니라 전체 그림을 하이레벨에서 관리할 수 있는 수단이 하나는 있으면 더 좋을 것 같다. negative prompt?가 지원되어도 좋을 것 같다. 사소한 의견입니다...!', 'completion_time': '2025-08-22T09:26:13.122Z', 'system_usage_duration': 3156356, 'session_id': 'e5466056-3354-4623-8ea1-e8a18af6d601', 'user_id': 'P1'}"
