timestamp,id,event,details
2000-01-01 00:01:41,,layout_board.new_box_positioned,"{'position': {'x': 66.671875, 'y': 537}, 'screen_position': {'x': 126, 'y': 580}, 'board_type': 'advanced', 'session_id': 'c8a11a37-2a2a-4691-84d9-7d4c35c7cc61', 'user_id': 'P5'}"
2000-01-01 00:02:04,,layout_board.new_box_positioned,"{'position': {'x': 171.671875, 'y': 187}, 'screen_position': {'x': 231, 'y': 230}, 'board_type': 'advanced', 'session_id': 'c8a11a37-2a2a-4691-84d9-7d4c35c7cc61', 'user_id': 'P5'}"
2000-01-01 00:02:21,instance-c47ff8c9-12d2-4110-b771-9ea8f25c7e26,instance.deleted,"{'instance_id': 'instance-c47ff8c9-12d2-4110-b771-9ea8f25c7e26', 'instance_label': 'Processing...', 'is_from_class': False, 'class_id': None, 'session_id': 'c8a11a37-2a2a-4691-84d9-7d4c35c7cc61', 'user_id': 'P5'}"
2000-01-01 00:02:24,instance-837d9423-a5a2-4bc1-8da2-6f0f75c74db7,instance.deleted,"{'instance_id': 'instance-837d9423-a5a2-4bc1-8da2-6f0f75c74db7', 'instance_label': 'rabbit', 'is_from_class': False, 'class_id': None, 'session_id': 'c8a11a37-2a2a-4691-84d9-7d4c35c7cc61', 'user_id': 'P5'}"
2000-01-01 00:02:26,,layout_board.new_box_positioned,"{'position': {'x': 116.671875, 'y': 107}, 'screen_position': {'x': 176, 'y': 150}, 'board_type': 'advanced', 'session_id': 'c8a11a37-2a2a-4691-84d9-7d4c35c7cc61', 'user_id': 'P5'}"
2000-01-01 00:02:41,instance-edbd3103-cac2-4580-84fc-14fac7d09d76-resizable,layoutboard.node.resizable.resized,"{'nodeId': 'instance-edbd3103-cac2-4580-84fc-14fac7d09d76-resizable', 'prevSize': {'width': 50, 'height': 50}, 'newSize': {'width': 182, 'height': 220}, 'delta': {'width': 132, 'height': 170}, 'linkedSizeNodeIds': [], 'session_id': 'c8a11a37-2a2a-4691-84d9-7d4c35c7cc61', 'user_id': 'P5'}"
2000-01-01 00:02:43,instance-edbd3103-cac2-4580-84fc-14fac7d09d76-resizable,layout.node.moved,"{'nodeId': 'instance-edbd3103-cac2-4580-84fc-14fac7d09d76-resizable', 'newPos': {'x': 129.671875, 'y': 139}, 'session_id': 'c8a11a37-2a2a-4691-84d9-7d4c35c7cc61', 'user_id': 'P5'}"
2000-01-01 00:03:02,instance-edbd3103-cac2-4580-84fc-14fac7d09d76,instance.save,"{'instance_id': 'instance-edbd3103-cac2-4580-84fc-14fac7d09d76', 'session_id': 'c8a11a37-2a2a-4691-84d9-7d4c35c7cc61', 'user_id': 'P5'}"
2000-01-01 00:03:07,instance-edbd3103-cac2-4580-84fc-14fac7d09d76,instance.updated,"{'instance_id': 'instance-edbd3103-cac2-4580-84fc-14fac7d09d76', 'instance_label': 'rabbit', 'text_changed': True, 'graph_changed': False, 'session_id': 'c8a11a37-2a2a-4691-84d9-7d4c35c7cc61', 'user_id': 'P5'}"
2000-01-01 00:03:22,,api.generate_image.succeeded,"{'global_caption': 'a scene featuring a white rabbit wearing a blue jacket holding a red balloon', 'region_count': 1, 'has_image': True, 'detected_objects_count': 0, 'image_path': 'output/P5/2025-08-30_00-03-21/image.png', 'image_with_layout_path': 'output/P5/2025-08-30_00-03-21/image_with_layout.png', 'timestamp_dir': 'output/P5/2025-08-30_00-03-21', 'session_id': 'c8a11a37-2a2a-4691-84d9-7d4c35c7cc61', 'user_id': 'P5'}"
2000-01-01 00:04:03,,api.generate_image.succeeded,"{'global_caption': 'a scene featuring a white rabbit wearing a blue jacket holding a red balloon in the forest', 'region_count': 1, 'has_image': True, 'detected_objects_count': 0, 'image_path': 'output/P5/2025-08-30_00-04-02/image.png', 'image_with_layout_path': 'output/P5/2025-08-30_00-04-02/image_with_layout.png', 'timestamp_dir': 'output/P5/2025-08-30_00-04-02', 'session_id': 'c8a11a37-2a2a-4691-84d9-7d4c35c7cc61', 'user_id': 'P5'}"
2000-01-01 00:04:17,,scene_saved,"{'slotNumber': 1, 'instanceCount': 1, 'nodeCount': 2, 'edgeCount': 0, 'session_id': 'c8a11a37-2a2a-4691-84d9-7d4c35c7cc61', 'user_id': 'P5'}"
2000-01-01 00:04:27,,scene_saved,"{'slotNumber': 1, 'instanceCount': 1, 'nodeCount': 2, 'edgeCount': 0, 'session_id': 'c8a11a37-2a2a-4691-84d9-7d4c35c7cc61', 'user_id': 'P5'}"
2000-01-01 00:04:33,,scene_saved,"{'slotNumber': 2, 'instanceCount': 1, 'nodeCount': 2, 'edgeCount': 0, 'session_id': 'c8a11a37-2a2a-4691-84d9-7d4c35c7cc61', 'user_id': 'P5'}"
2000-01-01 00:04:34,,scene_saved,"{'slotNumber': 2, 'instanceCount': 1, 'nodeCount': 2, 'edgeCount': 0, 'session_id': 'c8a11a37-2a2a-4691-84d9-7d4c35c7cc61', 'user_id': 'P5'}"
2000-01-01 00:05:13,instance-edbd3103-cac2-4580-84fc-14fac7d09d76,instance.deleted,"{'instance_id': 'instance-edbd3103-cac2-4580-84fc-14fac7d09d76', 'instance_label': 'rabbit', 'is_from_class': False, 'class_id': None, 'session_id': 'c8a11a37-2a2a-4691-84d9-7d4c35c7cc61', 'user_id': 'P5'}"
2000-01-01 00:05:19,,layout_board.new_box_positioned,"{'position': {'x': 175.671875, 'y': 215}, 'screen_position': {'x': 235, 'y': 258}, 'board_type': 'advanced', 'session_id': 'c8a11a37-2a2a-4691-84d9-7d4c35c7cc61', 'user_id': 'P5'}"
2000-01-01 00:05:43,instance-b3ff8f32-a1d6-44e2-bc26-cb8607b96358,instance.save,"{'instance_id': 'instance-b3ff8f32-a1d6-44e2-bc26-cb8607b96358', 'session_id': 'c8a11a37-2a2a-4691-84d9-7d4c35c7cc61', 'user_id': 'P5'}"
2000-01-01 00:05:46,instance-b3ff8f32-a1d6-44e2-bc26-cb8607b96358,instance.updated,"{'instance_id': 'instance-b3ff8f32-a1d6-44e2-bc26-cb8607b96358', 'instance_label': 'rabbit', 'text_changed': True, 'graph_changed': False, 'session_id': 'c8a11a37-2a2a-4691-84d9-7d4c35c7cc61', 'user_id': 'P5'}"
2000-01-01 00:05:55,instance-b3ff8f32-a1d6-44e2-bc26-cb8607b96358,instance.save,"{'instance_id': 'instance-b3ff8f32-a1d6-44e2-bc26-cb8607b96358', 'session_id': 'c8a11a37-2a2a-4691-84d9-7d4c35c7cc61', 'user_id': 'P5'}"
2000-01-01 00:05:58,instance-b3ff8f32-a1d6-44e2-bc26-cb8607b96358,instance.updated,"{'instance_id': 'instance-b3ff8f32-a1d6-44e2-bc26-cb8607b96358', 'instance_label': 'rabbit', 'text_changed': True, 'graph_changed': False, 'session_id': 'c8a11a37-2a2a-4691-84d9-7d4c35c7cc61', 'user_id': 'P5'}"
2000-01-01 00:06:01,instance-b3ff8f32-a1d6-44e2-bc26-cb8607b96358-resizable,layoutboard.node.resizable.resized,"{'nodeId': 'instance-b3ff8f32-a1d6-44e2-bc26-cb8607b96358-resizable', 'prevSize': {'width': 50, 'height': 50}, 'newSize': {'width': 128, 'height': 149}, 'delta': {'width': 78, 'height': 99}, 'linkedSizeNodeIds': [], 'session_id': 'c8a11a37-2a2a-4691-84d9-7d4c35c7cc61', 'user_id': 'P5'}"
2000-01-01 00:06:02,instance-b3ff8f32-a1d6-44e2-bc26-cb8607b96358-resizable,layout.node.moved,"{'nodeId': 'instance-b3ff8f32-a1d6-44e2-bc26-cb8607b96358-resizable', 'newPos': {'x': 170.671875, 'y': 157}, 'session_id': 'c8a11a37-2a2a-4691-84d9-7d4c35c7cc61', 'user_id': 'P5'}"
2000-01-01 00:06:04,instance-b3ff8f32-a1d6-44e2-bc26-cb8607b96358-resizable,layoutboard.node.resizable.resized,"{'nodeId': 'instance-b3ff8f32-a1d6-44e2-bc26-cb8607b96358-resizable', 'prevSize': {'width': 50, 'height': 50}, 'newSize': {'width': 118, 'height': 156}, 'delta': {'width': 68, 'height': 106}, 'linkedSizeNodeIds': [], 'session_id': 'c8a11a37-2a2a-4691-84d9-7d4c35c7cc61', 'user_id': 'P5'}"
2000-01-01 00:06:06,instance-b3ff8f32-a1d6-44e2-bc26-cb8607b96358-resizable,layout.node.moved,"{'nodeId': 'instance-b3ff8f32-a1d6-44e2-bc26-cb8607b96358-resizable', 'newPos': {'x': 126.671875, 'y': 194}, 'session_id': 'c8a11a37-2a2a-4691-84d9-7d4c35c7cc61', 'user_id': 'P5'}"
2000-01-01 00:06:12,class-8267a52d-5b60-4f16-abd3-e57662c661e8,class.created,"{'class_id': 'class-8267a52d-5b60-4f16-abd3-e57662c661e8', 'class_name': 'rabbit Class', 'placeholder_count': 2, 'created_from': 'rabbit', 'session_id': 'c8a11a37-2a2a-4691-84d9-7d4c35c7cc61', 'user_id': 'P5'}"
2000-01-01 00:06:32,instance-22c981cd-8c2b-408d-bda2-1c9405ff58ea,instance.created_from_class,"{'instance_id': 'instance-22c981cd-8c2b-408d-bda2-1c9405ff58ea', 'class_id': 'class-8267a52d-5b60-4f16-abd3-e57662c661e8', 'instance_label': 'Rabbit', 'has_text_description': True, 'session_id': 'c8a11a37-2a2a-4691-84d9-7d4c35c7cc61', 'user_id': 'P5'}"
2000-01-01 00:06:37,instance-22c981cd-8c2b-408d-bda2-1c9405ff58ea-resizable,layoutboard.node.resizable.resized,"{'nodeId': 'instance-22c981cd-8c2b-408d-bda2-1c9405ff58ea-resizable', 'prevSize': {'width': 50, 'height': 50}, 'newSize': {'width': 79, 'height': 96}, 'delta': {'width': 29, 'height': 46}, 'linkedSizeNodeIds': [], 'session_id': 'c8a11a37-2a2a-4691-84d9-7d4c35c7cc61', 'user_id': 'P5'}"
2000-01-01 00:06:39,instance-22c981cd-8c2b-408d-bda2-1c9405ff58ea-resizable,layout.node.moved,"{'nodeId': 'instance-22c981cd-8c2b-408d-bda2-1c9405ff58ea-resizable', 'newPos': {'x': 256, 'y': 249}, 'session_id': 'c8a11a37-2a2a-4691-84d9-7d4c35c7cc61', 'user_id': 'P5'}"
2000-01-01 00:06:40,instance-22c981cd-8c2b-408d-bda2-1c9405ff58ea-resizable,layoutboard.node.resizable.resized,"{'nodeId': 'instance-22c981cd-8c2b-408d-bda2-1c9405ff58ea-resizable', 'prevSize': {'width': 50, 'height': 50}, 'newSize': {'width': 97, 'height': 128}, 'delta': {'width': 47, 'height': 78}, 'linkedSizeNodeIds': [], 'session_id': 'c8a11a37-2a2a-4691-84d9-7d4c35c7cc61', 'user_id': 'P5'}"
2000-01-01 00:06:41,instance-22c981cd-8c2b-408d-bda2-1c9405ff58ea-resizable,layout.node.moved,"{'nodeId': 'instance-22c981cd-8c2b-408d-bda2-1c9405ff58ea-resizable', 'newPos': {'x': 268, 'y': 212}, 'session_id': 'c8a11a37-2a2a-4691-84d9-7d4c35c7cc61', 'user_id': 'P5'}"
2000-01-01 00:06:45,instance-b3ff8f32-a1d6-44e2-bc26-cb8607b96358-resizable,layoutboard.node.resizable.resized,"{'nodeId': 'instance-b3ff8f32-a1d6-44e2-bc26-cb8607b96358-resizable', 'prevSize': {'width': 50, 'height': 50}, 'newSize': {'width': 118, 'height': 187}, 'delta': {'width': 68, 'height': 137}, 'linkedSizeNodeIds': [], 'session_id': 'c8a11a37-2a2a-4691-84d9-7d4c35c7cc61', 'user_id': 'P5'}"
2000-01-01 00:06:47,instance-22c981cd-8c2b-408d-bda2-1c9405ff58ea-resizable,layoutboard.node.resizable.resized,"{'nodeId': 'instance-22c981cd-8c2b-408d-bda2-1c9405ff58ea-resizable', 'prevSize': {'width': 50, 'height': 50}, 'newSize': {'width': 98, 'height': 141}, 'delta': {'width': 48, 'height': 91}, 'linkedSizeNodeIds': [], 'session_id': 'c8a11a37-2a2a-4691-84d9-7d4c35c7cc61', 'user_id': 'P5'}"
2000-01-01 00:06:49,instance-22c981cd-8c2b-408d-bda2-1c9405ff58ea-resizable,layout.node.moved,"{'nodeId': 'instance-22c981cd-8c2b-408d-bda2-1c9405ff58ea-resizable', 'newPos': {'x': 262, 'y': 206}, 'session_id': 'c8a11a37-2a2a-4691-84d9-7d4c35c7cc61', 'user_id': 'P5'}"
2000-01-01 00:07:30,class-8267a52d-5b60-4f16-abd3-e57662c661e8,class.updated,"{'class_id': 'class-8267a52d-5b60-4f16-abd3-e57662c661e8', 'class_name': 'rabbit Class', 'placeholder_count': 3, 'object_count': 3, 'session_id': 'c8a11a37-2a2a-4691-84d9-7d4c35c7cc61', 'user_id': 'P5'}"
2000-01-01 00:07:37,instance-fbda95aa-4fc1-4fbf-98ab-daff0a0ff624,instance.created_from_class,"{'instance_id': 'instance-fbda95aa-4fc1-4fbf-98ab-daff0a0ff624', 'class_id': 'class-8267a52d-5b60-4f16-abd3-e57662c661e8', 'instance_label': 'Rabbit', 'has_text_description': True, 'session_id': 'c8a11a37-2a2a-4691-84d9-7d4c35c7cc61', 'user_id': 'P5'}"
2000-01-01 00:07:49,instance-fbda95aa-4fc1-4fbf-98ab-daff0a0ff624,instance.deleted,"{'instance_id': 'instance-fbda95aa-4fc1-4fbf-98ab-daff0a0ff624', 'instance_label': 'Rabbit', 'is_from_class': True, 'class_id': 'class-8267a52d-5b60-4f16-abd3-e57662c661e8', 'session_id': 'c8a11a37-2a2a-4691-84d9-7d4c35c7cc61', 'user_id': 'P5'}"
2000-01-01 00:08:02,instance-86201c3e-8414-46e1-bea4-35f65219300f,instance.created_from_class,"{'instance_id': 'instance-86201c3e-8414-46e1-bea4-35f65219300f', 'class_id': 'class-8267a52d-5b60-4f16-abd3-e57662c661e8', 'instance_label': 'Rabbit', 'has_text_description': True, 'session_id': 'c8a11a37-2a2a-4691-84d9-7d4c35c7cc61', 'user_id': 'P5'}"
2000-01-01 00:08:08,instance-dbc6d96b-af6c-4ded-8885-a036aa71e950,instance.created_from_class,"{'instance_id': 'instance-dbc6d96b-af6c-4ded-8885-a036aa71e950', 'class_id': 'class-8267a52d-5b60-4f16-abd3-e57662c661e8', 'instance_label': 'Rabbit', 'has_text_description': True, 'session_id': 'c8a11a37-2a2a-4691-84d9-7d4c35c7cc61', 'user_id': 'P5'}"
2000-01-01 00:08:12,instance-c268e2a5-e7e0-44c4-8c33-ed6db2a7ed0a,instance.created_from_class,"{'instance_id': 'instance-c268e2a5-e7e0-44c4-8c33-ed6db2a7ed0a', 'class_id': 'class-8267a52d-5b60-4f16-abd3-e57662c661e8', 'instance_label': 'Rabbit', 'has_text_description': True, 'session_id': 'c8a11a37-2a2a-4691-84d9-7d4c35c7cc61', 'user_id': 'P5'}"
2000-01-01 00:08:15,instance-1d788a22-c6f7-4da2-9d0a-7484f3c34c60,instance.created_from_class,"{'instance_id': 'instance-1d788a22-c6f7-4da2-9d0a-7484f3c34c60', 'class_id': 'class-8267a52d-5b60-4f16-abd3-e57662c661e8', 'instance_label': 'Rabbit', 'has_text_description': True, 'session_id': 'c8a11a37-2a2a-4691-84d9-7d4c35c7cc61', 'user_id': 'P5'}"
2000-01-01 00:08:20,instance-1d788a22-c6f7-4da2-9d0a-7484f3c34c60-resizable,layout.node.moved,"{'nodeId': 'instance-1d788a22-c6f7-4da2-9d0a-7484f3c34c60-resizable', 'newPos': {'x': 407, 'y': 148}, 'session_id': 'c8a11a37-2a2a-4691-84d9-7d4c35c7cc61', 'user_id': 'P5'}"
2000-01-01 00:08:21,instance-1d788a22-c6f7-4da2-9d0a-7484f3c34c60-resizable,layoutboard.node.resizable.resized,"{'nodeId': 'instance-1d788a22-c6f7-4da2-9d0a-7484f3c34c60-resizable', 'prevSize': {'width': 50, 'height': 50}, 'newSize': {'width': 52, 'height': 105}, 'delta': {'width': 2, 'height': 55}, 'linkedSizeNodeIds': [], 'session_id': 'c8a11a37-2a2a-4691-84d9-7d4c35c7cc61', 'user_id': 'P5'}"
2000-01-01 00:08:22,instance-1d788a22-c6f7-4da2-9d0a-7484f3c34c60-resizable,layoutboard.node.resizable.resized,"{'nodeId': 'instance-1d788a22-c6f7-4da2-9d0a-7484f3c34c60-resizable', 'prevSize': {'width': 50, 'height': 50}, 'newSize': {'width': 52, 'height': 105}, 'delta': {'width': 2, 'height': 55}, 'linkedSizeNodeIds': [], 'session_id': 'c8a11a37-2a2a-4691-84d9-7d4c35c7cc61', 'user_id': 'P5'}"
2000-01-01 00:08:23,instance-1d788a22-c6f7-4da2-9d0a-7484f3c34c60-resizable,layout.node.moved,"{'nodeId': 'instance-1d788a22-c6f7-4da2-9d0a-7484f3c34c60-resizable', 'newPos': {'x': 441, 'y': 179}, 'session_id': 'c8a11a37-2a2a-4691-84d9-7d4c35c7cc61', 'user_id': 'P5'}"
2000-01-01 00:08:24,instance-1d788a22-c6f7-4da2-9d0a-7484f3c34c60-resizable,layout.node.moved,"{'nodeId': 'instance-1d788a22-c6f7-4da2-9d0a-7484f3c34c60-resizable', 'newPos': {'x': 337, 'y': 164}, 'session_id': 'c8a11a37-2a2a-4691-84d9-7d4c35c7cc61', 'user_id': 'P5'}"
2000-01-01 00:08:26,instance-1d788a22-c6f7-4da2-9d0a-7484f3c34c60-resizable,layout.node.moved,"{'nodeId': 'instance-1d788a22-c6f7-4da2-9d0a-7484f3c34c60-resizable', 'newPos': {'x': 445, 'y': 167}, 'session_id': 'c8a11a37-2a2a-4691-84d9-7d4c35c7cc61', 'user_id': 'P5'}"
2000-01-01 00:08:27,instance-22c981cd-8c2b-408d-bda2-1c9405ff58ea-resizable,layout.node.moved,"{'nodeId': 'instance-22c981cd-8c2b-408d-bda2-1c9405ff58ea-resizable', 'newPos': {'x': 260, 'y': 289}, 'session_id': 'c8a11a37-2a2a-4691-84d9-7d4c35c7cc61', 'user_id': 'P5'}"
2000-01-01 00:08:28,instance-22c981cd-8c2b-408d-bda2-1c9405ff58ea-resizable,layoutboard.node.resizable.resized,"{'nodeId': 'instance-22c981cd-8c2b-408d-bda2-1c9405ff58ea-resizable', 'prevSize': {'width': 50, 'height': 50}, 'newSize': {'width': 107, 'height': 157}, 'delta': {'width': 57, 'height': 107}, 'linkedSizeNodeIds': [], 'session_id': 'c8a11a37-2a2a-4691-84d9-7d4c35c7cc61', 'user_id': 'P5'}"
2000-01-01 00:08:29,instance-b3ff8f32-a1d6-44e2-bc26-cb8607b96358-resizable,layout.node.moved,"{'nodeId': 'instance-b3ff8f32-a1d6-44e2-bc26-cb8607b96358-resizable', 'newPos': {'x': 126.671875, 'y': 223}, 'session_id': 'c8a11a37-2a2a-4691-84d9-7d4c35c7cc61', 'user_id': 'P5'}"
2000-01-01 00:08:31,instance-b3ff8f32-a1d6-44e2-bc26-cb8607b96358-resizable,layoutboard.node.resizable.resized,"{'nodeId': 'instance-b3ff8f32-a1d6-44e2-bc26-cb8607b96358-resizable', 'prevSize': {'width': 50, 'height': 50}, 'newSize': {'width': 131, 'height': 222}, 'delta': {'width': 81, 'height': 172}, 'linkedSizeNodeIds': [], 'session_id': 'c8a11a37-2a2a-4691-84d9-7d4c35c7cc61', 'user_id': 'P5'}"
2000-01-01 00:08:32,instance-1d788a22-c6f7-4da2-9d0a-7484f3c34c60-resizable,layout.node.moved,"{'nodeId': 'instance-1d788a22-c6f7-4da2-9d0a-7484f3c34c60-resizable', 'newPos': {'x': 407, 'y': 136}, 'session_id': 'c8a11a37-2a2a-4691-84d9-7d4c35c7cc61', 'user_id': 'P5'}"
2000-01-01 00:08:34,instance-1d788a22-c6f7-4da2-9d0a-7484f3c34c60-resizable,layoutboard.node.resizable.resized,"{'nodeId': 'instance-1d788a22-c6f7-4da2-9d0a-7484f3c34c60-resizable', 'prevSize': {'width': 50, 'height': 50}, 'newSize': {'width': 67, 'height': 130}, 'delta': {'width': 17, 'height': 80}, 'linkedSizeNodeIds': [], 'session_id': 'c8a11a37-2a2a-4691-84d9-7d4c35c7cc61', 'user_id': 'P5'}"
2000-01-01 00:08:35,instance-1d788a22-c6f7-4da2-9d0a-7484f3c34c60-resizable,layout.node.moved,"{'nodeId': 'instance-1d788a22-c6f7-4da2-9d0a-7484f3c34c60-resizable', 'newPos': {'x': 421, 'y': 160}, 'session_id': 'c8a11a37-2a2a-4691-84d9-7d4c35c7cc61', 'user_id': 'P5'}"
2000-01-01 00:08:36,instance-c268e2a5-e7e0-44c4-8c33-ed6db2a7ed0a-resizable,layout.node.moved,"{'nodeId': 'instance-c268e2a5-e7e0-44c4-8c33-ed6db2a7ed0a-resizable', 'newPos': {'x': 293, 'y': 107}, 'session_id': 'c8a11a37-2a2a-4691-84d9-7d4c35c7cc61', 'user_id': 'P5'}"
2000-01-01 00:08:38,instance-c268e2a5-e7e0-44c4-8c33-ed6db2a7ed0a-resizable,layoutboard.node.resizable.resized,"{'nodeId': 'instance-c268e2a5-e7e0-44c4-8c33-ed6db2a7ed0a-resizable', 'prevSize': {'width': 50, 'height': 50}, 'newSize': {'width': 79, 'height': 141}, 'delta': {'width': 29, 'height': 91}, 'linkedSizeNodeIds': [], 'session_id': 'c8a11a37-2a2a-4691-84d9-7d4c35c7cc61', 'user_id': 'P5'}"
2000-01-01 00:08:39,instance-c268e2a5-e7e0-44c4-8c33-ed6db2a7ed0a-resizable,layout.node.moved,"{'nodeId': 'instance-c268e2a5-e7e0-44c4-8c33-ed6db2a7ed0a-resizable', 'newPos': {'x': 322, 'y': 125}, 'session_id': 'c8a11a37-2a2a-4691-84d9-7d4c35c7cc61', 'user_id': 'P5'}"
2000-01-01 00:08:41,instance-dbc6d96b-af6c-4ded-8885-a036aa71e950-resizable,layout.node.moved,"{'nodeId': 'instance-dbc6d96b-af6c-4ded-8885-a036aa71e950-resizable', 'newPos': {'x': 15, 'y': 127}, 'session_id': 'c8a11a37-2a2a-4691-84d9-7d4c35c7cc61', 'user_id': 'P5'}"
2000-01-01 00:08:43,instance-dbc6d96b-af6c-4ded-8885-a036aa71e950-resizable,layoutboard.node.resizable.resized,"{'nodeId': 'instance-dbc6d96b-af6c-4ded-8885-a036aa71e950-resizable', 'prevSize': {'width': 50, 'height': 50}, 'newSize': {'width': 79, 'height': 164}, 'delta': {'width': 29, 'height': 114}, 'linkedSizeNodeIds': [], 'session_id': 'c8a11a37-2a2a-4691-84d9-7d4c35c7cc61', 'user_id': 'P5'}"
2000-01-01 00:08:44,instance-dbc6d96b-af6c-4ded-8885-a036aa71e950-resizable,layout.node.moved,"{'nodeId': 'instance-dbc6d96b-af6c-4ded-8885-a036aa71e950-resizable', 'newPos': {'x': 21, 'y': 115}, 'session_id': 'c8a11a37-2a2a-4691-84d9-7d4c35c7cc61', 'user_id': 'P5'}"
2000-01-01 00:08:45,instance-86201c3e-8414-46e1-bea4-35f65219300f-resizable,layout.node.moved,"{'nodeId': 'instance-86201c3e-8414-46e1-bea4-35f65219300f-resizable', 'newPos': {'x': 204, 'y': 89}, 'session_id': 'c8a11a37-2a2a-4691-84d9-7d4c35c7cc61', 'user_id': 'P5'}"
2000-01-01 00:08:47,instance-86201c3e-8414-46e1-bea4-35f65219300f-resizable,layoutboard.node.resizable.resized,"{'nodeId': 'instance-86201c3e-8414-46e1-bea4-35f65219300f-resizable', 'prevSize': {'width': 50, 'height': 50}, 'newSize': {'width': 59, 'height': 81}, 'delta': {'width': 9, 'height': 31}, 'linkedSizeNodeIds': [], 'session_id': 'c8a11a37-2a2a-4691-84d9-7d4c35c7cc61', 'user_id': 'P5'}"
2000-01-01 00:08:52,instance-86201c3e-8414-46e1-bea4-35f65219300f-resizable,layout.node.moved,"{'nodeId': 'instance-86201c3e-8414-46e1-bea4-35f65219300f-resizable', 'newPos': {'x': 248, 'y': 128}, 'session_id': 'c8a11a37-2a2a-4691-84d9-7d4c35c7cc61', 'user_id': 'P5'}"
2000-01-01 00:09:00,instance-b3ff8f32-a1d6-44e2-bc26-cb8607b96358,instance.save,"{'instance_id': 'instance-b3ff8f32-a1d6-44e2-bc26-cb8607b96358', 'session_id': 'c8a11a37-2a2a-4691-84d9-7d4c35c7cc61', 'user_id': 'P5'}"
2000-01-01 00:09:03,instance-b3ff8f32-a1d6-44e2-bc26-cb8607b96358,instance.save,"{'instance_id': 'instance-b3ff8f32-a1d6-44e2-bc26-cb8607b96358', 'session_id': 'c8a11a37-2a2a-4691-84d9-7d4c35c7cc61', 'user_id': 'P5'}"
2000-01-01 00:09:11,instance-b3ff8f32-a1d6-44e2-bc26-cb8607b96358,instance.save,"{'instance_id': 'instance-b3ff8f32-a1d6-44e2-bc26-cb8607b96358', 'session_id': 'c8a11a37-2a2a-4691-84d9-7d4c35c7cc61', 'user_id': 'P5'}"
2000-01-01 00:09:16,instance-b3ff8f32-a1d6-44e2-bc26-cb8607b96358,instance.updated,"{'instance_id': 'instance-b3ff8f32-a1d6-44e2-bc26-cb8607b96358', 'instance_label': 'rabbit', 'text_changed': True, 'graph_changed': False, 'session_id': 'c8a11a37-2a2a-4691-84d9-7d4c35c7cc61', 'user_id': 'P5'}"
2000-01-01 00:09:28,instance-b3ff8f32-a1d6-44e2-bc26-cb8607b96358,instance.save,"{'instance_id': 'instance-b3ff8f32-a1d6-44e2-bc26-cb8607b96358', 'session_id': 'c8a11a37-2a2a-4691-84d9-7d4c35c7cc61', 'user_id': 'P5'}"
2000-01-01 00:09:35,instance-b3ff8f32-a1d6-44e2-bc26-cb8607b96358,instance.updated,"{'instance_id': 'instance-b3ff8f32-a1d6-44e2-bc26-cb8607b96358', 'instance_label': 'rabbit', 'text_changed': True, 'graph_changed': False, 'session_id': 'c8a11a37-2a2a-4691-84d9-7d4c35c7cc61', 'user_id': 'P5'}"
2000-01-01 00:09:49,instance-c268e2a5-e7e0-44c4-8c33-ed6db2a7ed0a,instance.save,"{'instance_id': 'instance-c268e2a5-e7e0-44c4-8c33-ed6db2a7ed0a', 'session_id': 'c8a11a37-2a2a-4691-84d9-7d4c35c7cc61', 'user_id': 'P5'}"
2000-01-01 00:09:54,instance-c268e2a5-e7e0-44c4-8c33-ed6db2a7ed0a,instance.save,"{'instance_id': 'instance-c268e2a5-e7e0-44c4-8c33-ed6db2a7ed0a', 'session_id': 'c8a11a37-2a2a-4691-84d9-7d4c35c7cc61', 'user_id': 'P5'}"
2000-01-01 00:09:55,instance-c268e2a5-e7e0-44c4-8c33-ed6db2a7ed0a,instance.updated,"{'instance_id': 'instance-c268e2a5-e7e0-44c4-8c33-ed6db2a7ed0a', 'instance_label': 'Rabbit', 'text_changed': False, 'graph_changed': True, 'session_id': 'c8a11a37-2a2a-4691-84d9-7d4c35c7cc61', 'user_id': 'P5'}"
2000-01-01 00:10:11,instance-dbc6d96b-af6c-4ded-8885-a036aa71e950,instance.save,"{'instance_id': 'instance-dbc6d96b-af6c-4ded-8885-a036aa71e950', 'session_id': 'c8a11a37-2a2a-4691-84d9-7d4c35c7cc61', 'user_id': 'P5'}"
2000-01-01 00:10:15,instance-dbc6d96b-af6c-4ded-8885-a036aa71e950,instance.updated,"{'instance_id': 'instance-dbc6d96b-af6c-4ded-8885-a036aa71e950', 'instance_label': 'rabbit', 'text_changed': True, 'graph_changed': False, 'session_id': 'c8a11a37-2a2a-4691-84d9-7d4c35c7cc61', 'user_id': 'P5'}"
2000-01-01 00:10:35,instance-22c981cd-8c2b-408d-bda2-1c9405ff58ea,instance.save,"{'instance_id': 'instance-22c981cd-8c2b-408d-bda2-1c9405ff58ea', 'session_id': 'c8a11a37-2a2a-4691-84d9-7d4c35c7cc61', 'user_id': 'P5'}"
2000-01-01 00:10:39,instance-22c981cd-8c2b-408d-bda2-1c9405ff58ea,instance.updated,"{'instance_id': 'instance-22c981cd-8c2b-408d-bda2-1c9405ff58ea', 'instance_label': 'rabbit', 'text_changed': True, 'graph_changed': False, 'session_id': 'c8a11a37-2a2a-4691-84d9-7d4c35c7cc61', 'user_id': 'P5'}"
2000-01-01 00:10:59,,api.generate_image.succeeded,"{'global_caption': 'a scene featuring a cute white rabbit with animation character style in the forest wearing a blue jacket and holding a red balloon, a cute white rabbit with an animated style in the forest, a cute white rabbit with an animated character style in the forest, a cute blue rabbit with an animated character style in the forest, a cute black rabbit with an animated character style in the forest, and a cute white rabbit with an animated character style in the forest', 'region_count': 6, 'has_image': True, 'detected_objects_count': 0, 'image_path': 'output/P5/2025-08-30_00-10-58/image.png', 'image_with_layout_path': 'output/P5/2025-08-30_00-10-58/image_with_layout.png', 'timestamp_dir': 'output/P5/2025-08-30_00-10-58', 'session_id': 'c8a11a37-2a2a-4691-84d9-7d4c35c7cc61', 'user_id': 'P5'}"
2000-01-01 00:11:37,instance-b3ff8f32-a1d6-44e2-bc26-cb8607b96358,object_node.extract.confirmed,"{'object_id': 'object3', 'object_name': 'balloon', 'parent_instance_id': 'instance-b3ff8f32-a1d6-44e2-bc26-cb8607b96358', 'session_id': 'c8a11a37-2a2a-4691-84d9-7d4c35c7cc61', 'user_id': 'P5'}"
2000-01-01 00:11:46,instance-b13ca059-6a7d-4f83-bbc1-96e28e0849c9-resizable,layout.node.moved,"{'nodeId': 'instance-b13ca059-6a7d-4f83-bbc1-96e28e0849c9-resizable', 'newPos': {'x': 155, 'y': 54}, 'session_id': 'c8a11a37-2a2a-4691-84d9-7d4c35c7cc61', 'user_id': 'P5'}"
2000-01-01 00:11:50,instance-b13ca059-6a7d-4f83-bbc1-96e28e0849c9-resizable,layout.node.moved,"{'nodeId': 'instance-b13ca059-6a7d-4f83-bbc1-96e28e0849c9-resizable', 'newPos': {'x': 214, 'y': 305}, 'session_id': 'c8a11a37-2a2a-4691-84d9-7d4c35c7cc61', 'user_id': 'P5'}"
2000-01-01 00:11:51,instance-b13ca059-6a7d-4f83-bbc1-96e28e0849c9-resizable,layout.node.moved,"{'nodeId': 'instance-b13ca059-6a7d-4f83-bbc1-96e28e0849c9-resizable', 'newPos': {'x': 215, 'y': 297}, 'session_id': 'c8a11a37-2a2a-4691-84d9-7d4c35c7cc61', 'user_id': 'P5'}"
2000-01-01 00:12:23,,api.generate_image.succeeded,"{'global_caption': 'a scene featuring a cute white rabbit wearing a blue jacket in the forest, holding a red balloon, a cute yellow rabbit with an animated style in the forest, a cute white rabbit with an animated character style in the forest, a cute blue rabbit with an animated character style in the forest, a cute black rabbit with an animated character style in the forest, and another cute white rabbit with an animated character style in the forest', 'region_count': 7, 'has_image': True, 'detected_objects_count': 0, 'image_path': 'output/P5/2025-08-30_00-12-22/image.png', 'image_with_layout_path': 'output/P5/2025-08-30_00-12-22/image_with_layout.png', 'timestamp_dir': 'output/P5/2025-08-30_00-12-22', 'session_id': 'c8a11a37-2a2a-4691-84d9-7d4c35c7cc61', 'user_id': 'P5'}"
2000-01-01 00:12:31,,scene_saved,"{'slotNumber': 2, 'instanceCount': 7, 'nodeCount': 14, 'edgeCount': 1, 'session_id': 'c8a11a37-2a2a-4691-84d9-7d4c35c7cc61', 'user_id': 'P5'}"
2000-01-01 00:12:35,,scene_saved,"{'slotNumber': 2, 'instanceCount': 7, 'nodeCount': 14, 'edgeCount': 1, 'session_id': 'c8a11a37-2a2a-4691-84d9-7d4c35c7cc61', 'user_id': 'P5'}"
2000-01-01 00:12:58,instance-22c981cd-8c2b-408d-bda2-1c9405ff58ea-resizable,layoutboard.node.resizable.resized,"{'nodeId': 'instance-22c981cd-8c2b-408d-bda2-1c9405ff58ea-resizable', 'prevSize': {'width': 50, 'height': 50}, 'newSize': {'width': 107, 'height': 157}, 'delta': {'width': 57, 'height': 107}, 'linkedSizeNodeIds': [], 'session_id': 'c8a11a37-2a2a-4691-84d9-7d4c35c7cc61', 'user_id': 'P5'}"
2000-01-01 00:13:24,instance-1d788a22-c6f7-4da2-9d0a-7484f3c34c60,instance.deleted,"{'instance_id': 'instance-1d788a22-c6f7-4da2-9d0a-7484f3c34c60', 'instance_label': 'Rabbit', 'is_from_class': True, 'class_id': 'class-8267a52d-5b60-4f16-abd3-e57662c661e8', 'session_id': 'c8a11a37-2a2a-4691-84d9-7d4c35c7cc61', 'user_id': 'P5'}"
2000-01-01 00:13:32,instance-86201c3e-8414-46e1-bea4-35f65219300f,instance.deleted,"{'instance_id': 'instance-86201c3e-8414-46e1-bea4-35f65219300f', 'instance_label': 'Rabbit', 'is_from_class': True, 'class_id': 'class-8267a52d-5b60-4f16-abd3-e57662c661e8', 'session_id': 'c8a11a37-2a2a-4691-84d9-7d4c35c7cc61', 'user_id': 'P5'}"
2000-01-01 00:13:58,instance-b3ff8f32-a1d6-44e2-bc26-cb8607b96358,instance.save,"{'instance_id': 'instance-b3ff8f32-a1d6-44e2-bc26-cb8607b96358', 'session_id': 'c8a11a37-2a2a-4691-84d9-7d4c35c7cc61', 'user_id': 'P5'}"
2000-01-01 00:14:15,instance-b3ff8f32-a1d6-44e2-bc26-cb8607b96358,instance.save,"{'instance_id': 'instance-b3ff8f32-a1d6-44e2-bc26-cb8607b96358', 'session_id': 'c8a11a37-2a2a-4691-84d9-7d4c35c7cc61', 'user_id': 'P5'}"
2000-01-01 00:14:21,instance-b3ff8f32-a1d6-44e2-bc26-cb8607b96358,instance.save,"{'instance_id': 'instance-b3ff8f32-a1d6-44e2-bc26-cb8607b96358', 'session_id': 'c8a11a37-2a2a-4691-84d9-7d4c35c7cc61', 'user_id': 'P5'}"
2000-01-01 00:14:25,instance-b3ff8f32-a1d6-44e2-bc26-cb8607b96358,instance.updated,"{'instance_id': 'instance-b3ff8f32-a1d6-44e2-bc26-cb8607b96358', 'instance_label': 'rabbit', 'text_changed': True, 'graph_changed': False, 'session_id': 'c8a11a37-2a2a-4691-84d9-7d4c35c7cc61', 'user_id': 'P5'}"
2000-01-01 00:14:37,instance-b3ff8f32-a1d6-44e2-bc26-cb8607b96358,instance.save,"{'instance_id': 'instance-b3ff8f32-a1d6-44e2-bc26-cb8607b96358', 'session_id': 'c8a11a37-2a2a-4691-84d9-7d4c35c7cc61', 'user_id': 'P5'}"
2000-01-01 00:14:43,instance-b3ff8f32-a1d6-44e2-bc26-cb8607b96358,instance.updated,"{'instance_id': 'instance-b3ff8f32-a1d6-44e2-bc26-cb8607b96358', 'instance_label': 'rabbit', 'text_changed': True, 'graph_changed': False, 'session_id': 'c8a11a37-2a2a-4691-84d9-7d4c35c7cc61', 'user_id': 'P5'}"
2000-01-01 00:14:59,instance-b13ca059-6a7d-4f83-bbc1-96e28e0849c9-resizable,layout.node.moved,"{'nodeId': 'instance-b13ca059-6a7d-4f83-bbc1-96e28e0849c9-resizable', 'newPos': {'x': 258, 'y': 101}, 'session_id': 'c8a11a37-2a2a-4691-84d9-7d4c35c7cc61', 'user_id': 'P5'}"
2000-01-01 00:15:00,,relationship_node.deleted,"{'relationship_id': 'instance-b3ff8f32-a1d6-44e2-bc26-cb8607b96358-instance-b13ca059-6a7d-4f83-bbc1-96e28e0849c9', 'source_object_id': 'instance-b3ff8f32-a1d6-44e2-bc26-cb8607b96358', 'target_object_id': 'instance-b13ca059-6a7d-4f83-bbc1-96e28e0849c9', 'relation': 'holding', 'source_object_name': 'rabbit', 'target_object_name': 'balloon', 'session_id': 'c8a11a37-2a2a-4691-84d9-7d4c35c7cc61', 'user_id': 'P5'}"
2000-01-01 00:15:03,instance-b13ca059-6a7d-4f83-bbc1-96e28e0849c9-resizable,layoutboard.node.resizable.resized,"{'nodeId': 'instance-b13ca059-6a7d-4f83-bbc1-96e28e0849c9-resizable', 'prevSize': {'width': 50, 'height': 50}, 'newSize': {'width': 54, 'height': 111}, 'delta': {'width': 4, 'height': 61}, 'linkedSizeNodeIds': [], 'session_id': 'c8a11a37-2a2a-4691-84d9-7d4c35c7cc61', 'user_id': 'P5'}"
2000-01-01 00:15:05,instance-b13ca059-6a7d-4f83-bbc1-96e28e0849c9-resizable,layout.node.moved,"{'nodeId': 'instance-b13ca059-6a7d-4f83-bbc1-96e28e0849c9-resizable', 'newPos': {'x': 252, 'y': 103}, 'session_id': 'c8a11a37-2a2a-4691-84d9-7d4c35c7cc61', 'user_id': 'P5'}"
2000-01-01 00:15:08,instance-22c981cd-8c2b-408d-bda2-1c9405ff58ea-resizable,layout.node.moved,"{'nodeId': 'instance-22c981cd-8c2b-408d-bda2-1c9405ff58ea-resizable', 'newPos': {'x': 366, 'y': 208}, 'session_id': 'c8a11a37-2a2a-4691-84d9-7d4c35c7cc61', 'user_id': 'P5'}"
2000-01-01 00:15:09,instance-22c981cd-8c2b-408d-bda2-1c9405ff58ea-resizable,layoutboard.node.resizable.resized,"{'nodeId': 'instance-22c981cd-8c2b-408d-bda2-1c9405ff58ea-resizable', 'prevSize': {'width': 50, 'height': 50}, 'newSize': {'width': 101, 'height': 145}, 'delta': {'width': 51, 'height': 95}, 'linkedSizeNodeIds': [], 'session_id': 'c8a11a37-2a2a-4691-84d9-7d4c35c7cc61', 'user_id': 'P5'}"
2000-01-01 00:15:10,instance-22c981cd-8c2b-408d-bda2-1c9405ff58ea-resizable,layout.node.moved,"{'nodeId': 'instance-22c981cd-8c2b-408d-bda2-1c9405ff58ea-resizable', 'newPos': {'x': 381, 'y': 220}, 'session_id': 'c8a11a37-2a2a-4691-84d9-7d4c35c7cc61', 'user_id': 'P5'}"
2000-01-01 00:15:12,instance-b3ff8f32-a1d6-44e2-bc26-cb8607b96358-resizable,layout.node.moved,"{'nodeId': 'instance-b3ff8f32-a1d6-44e2-bc26-cb8607b96358-resizable', 'newPos': {'x': 161.671875, 'y': 223}, 'session_id': 'c8a11a37-2a2a-4691-84d9-7d4c35c7cc61', 'user_id': 'P5'}"
2000-01-01 00:15:14,instance-b3ff8f32-a1d6-44e2-bc26-cb8607b96358-resizable,layoutboard.node.resizable.resized,"{'nodeId': 'instance-b3ff8f32-a1d6-44e2-bc26-cb8607b96358-resizable', 'prevSize': {'width': 50, 'height': 50}, 'newSize': {'width': 174, 'height': 272}, 'delta': {'width': 124, 'height': 222}, 'linkedSizeNodeIds': [], 'session_id': 'c8a11a37-2a2a-4691-84d9-7d4c35c7cc61', 'user_id': 'P5'}"
2000-01-01 00:15:14,instance-b3ff8f32-a1d6-44e2-bc26-cb8607b96358-resizable,layout.node.moved,"{'nodeId': 'instance-b3ff8f32-a1d6-44e2-bc26-cb8607b96358-resizable', 'newPos': {'x': 152.671875, 'y': 223}, 'session_id': 'c8a11a37-2a2a-4691-84d9-7d4c35c7cc61', 'user_id': 'P5'}"
2000-01-01 00:15:16,instance-b13ca059-6a7d-4f83-bbc1-96e28e0849c9-resizable,layout.node.moved,"{'nodeId': 'instance-b13ca059-6a7d-4f83-bbc1-96e28e0849c9-resizable', 'newPos': {'x': 258, 'y': 67}, 'session_id': 'c8a11a37-2a2a-4691-84d9-7d4c35c7cc61', 'user_id': 'P5'}"
2000-01-01 00:15:18,instance-c268e2a5-e7e0-44c4-8c33-ed6db2a7ed0a-resizable,layout.node.moved,"{'nodeId': 'instance-c268e2a5-e7e0-44c4-8c33-ed6db2a7ed0a-resizable', 'newPos': {'x': 345, 'y': 186}, 'session_id': 'c8a11a37-2a2a-4691-84d9-7d4c35c7cc61', 'user_id': 'P5'}"
2000-01-01 00:15:19,instance-22c981cd-8c2b-408d-bda2-1c9405ff58ea-resizable,layout.node.moved,"{'nodeId': 'instance-22c981cd-8c2b-408d-bda2-1c9405ff58ea-resizable', 'newPos': {'x': 396, 'y': 229}, 'session_id': 'c8a11a37-2a2a-4691-84d9-7d4c35c7cc61', 'user_id': 'P5'}"
2000-01-01 00:15:20,instance-b3ff8f32-a1d6-44e2-bc26-cb8607b96358-resizable,layout.node.moved,"{'nodeId': 'instance-b3ff8f32-a1d6-44e2-bc26-cb8607b96358-resizable', 'newPos': {'x': 134.671875, 'y': 195}, 'session_id': 'c8a11a37-2a2a-4691-84d9-7d4c35c7cc61', 'user_id': 'P5'}"
2000-01-01 00:15:21,instance-b13ca059-6a7d-4f83-bbc1-96e28e0849c9-resizable,layout.node.moved,"{'nodeId': 'instance-b13ca059-6a7d-4f83-bbc1-96e28e0849c9-resizable', 'newPos': {'x': 269, 'y': 62}, 'session_id': 'c8a11a37-2a2a-4691-84d9-7d4c35c7cc61', 'user_id': 'P5'}"
2000-01-01 00:15:23,instance-dbc6d96b-af6c-4ded-8885-a036aa71e950-resizable,layout.node.moved,"{'nodeId': 'instance-dbc6d96b-af6c-4ded-8885-a036aa71e950-resizable', 'newPos': {'x': 29, 'y': 112}, 'session_id': 'c8a11a37-2a2a-4691-84d9-7d4c35c7cc61', 'user_id': 'P5'}"
2000-01-01 00:15:27,instance-dbc6d96b-af6c-4ded-8885-a036aa71e950-resizable,layout.node.moved,"{'nodeId': 'instance-dbc6d96b-af6c-4ded-8885-a036aa71e950-resizable', 'newPos': {'x': 9, 'y': 283}, 'session_id': 'c8a11a37-2a2a-4691-84d9-7d4c35c7cc61', 'user_id': 'P5'}"
2000-01-01 00:15:31,,layout_board.new_box_positioned,"{'position': {'x': 24.671875, 'y': 31}, 'screen_position': {'x': 84, 'y': 74}, 'board_type': 'advanced', 'session_id': 'c8a11a37-2a2a-4691-84d9-7d4c35c7cc61', 'user_id': 'P5'}"
2000-01-01 00:15:38,instance-3360e775-ddfb-4ccf-be5b-d95a0479e597-resizable,layoutboard.node.resizable.resized,"{'nodeId': 'instance-3360e775-ddfb-4ccf-be5b-d95a0479e597-resizable', 'prevSize': {'width': 50, 'height': 50}, 'newSize': {'width': 187, 'height': 101}, 'delta': {'width': 137, 'height': 51}, 'linkedSizeNodeIds': [], 'session_id': 'c8a11a37-2a2a-4691-84d9-7d4c35c7cc61', 'user_id': 'P5'}"
2000-01-01 00:16:00,instance-3360e775-ddfb-4ccf-be5b-d95a0479e597,instance.save,"{'instance_id': 'instance-3360e775-ddfb-4ccf-be5b-d95a0479e597', 'session_id': 'c8a11a37-2a2a-4691-84d9-7d4c35c7cc61', 'user_id': 'P5'}"
2000-01-01 00:16:02,instance-3360e775-ddfb-4ccf-be5b-d95a0479e597,instance.updated,"{'instance_id': 'instance-3360e775-ddfb-4ccf-be5b-d95a0479e597', 'instance_label': 'character', 'text_changed': True, 'graph_changed': False, 'session_id': 'c8a11a37-2a2a-4691-84d9-7d4c35c7cc61', 'user_id': 'P5'}"
2000-01-01 00:16:28,,api.generate_image.succeeded,"{'global_caption': 'a scene featuring a cute crying running white rabbit wearing a blue jacket in the forest with an animated character, holding a balloon; alongside a cute yellow rabbit with an animated style, a cute blue rabbit with an animated character style, and a cute black rabbit with an animated character style; with a red balloon and a wind character wickedly smiling.', 'region_count': 6, 'has_image': True, 'detected_objects_count': 0, 'image_path': 'output/P5/2025-08-30_00-16-27/image.png', 'image_with_layout_path': 'output/P5/2025-08-30_00-16-27/image_with_layout.png', 'timestamp_dir': 'output/P5/2025-08-30_00-16-27', 'session_id': 'c8a11a37-2a2a-4691-84d9-7d4c35c7cc61', 'user_id': 'P5'}"
2000-01-01 00:16:42,instance-c268e2a5-e7e0-44c4-8c33-ed6db2a7ed0a,instance.deleted,"{'instance_id': 'instance-c268e2a5-e7e0-44c4-8c33-ed6db2a7ed0a', 'instance_label': 'Rabbit', 'is_from_class': True, 'class_id': 'class-8267a52d-5b60-4f16-abd3-e57662c661e8', 'session_id': 'c8a11a37-2a2a-4691-84d9-7d4c35c7cc61', 'user_id': 'P5'}"
2000-01-01 00:16:46,instance-22c981cd-8c2b-408d-bda2-1c9405ff58ea,instance.deleted,"{'instance_id': 'instance-22c981cd-8c2b-408d-bda2-1c9405ff58ea', 'instance_label': 'rabbit', 'is_from_class': True, 'class_id': 'class-8267a52d-5b60-4f16-abd3-e57662c661e8', 'session_id': 'c8a11a37-2a2a-4691-84d9-7d4c35c7cc61', 'user_id': 'P5'}"
2000-01-01 00:16:58,instance-dbc6d96b-af6c-4ded-8885-a036aa71e950,instance.deleted,"{'instance_id': 'instance-dbc6d96b-af6c-4ded-8885-a036aa71e950', 'instance_label': 'rabbit', 'is_from_class': True, 'class_id': 'class-8267a52d-5b60-4f16-abd3-e57662c661e8', 'session_id': 'c8a11a37-2a2a-4691-84d9-7d4c35c7cc61', 'user_id': 'P5'}"
2000-01-01 00:17:15,instance-b13ca059-6a7d-4f83-bbc1-96e28e0849c9-resizable,layout.node.moved,"{'nodeId': 'instance-b13ca059-6a7d-4f83-bbc1-96e28e0849c9-resizable', 'newPos': {'x': 376, 'y': 63}, 'session_id': 'c8a11a37-2a2a-4691-84d9-7d4c35c7cc61', 'user_id': 'P5'}"
2000-01-01 00:17:16,,relationship_node.deleted,"{'relationship_id': 'instance-b3ff8f32-a1d6-44e2-bc26-cb8607b96358-instance-b13ca059-6a7d-4f83-bbc1-96e28e0849c9', 'source_object_id': 'instance-b3ff8f32-a1d6-44e2-bc26-cb8607b96358', 'target_object_id': 'instance-b13ca059-6a7d-4f83-bbc1-96e28e0849c9', 'relation': 'holding', 'source_object_name': 'rabbit', 'target_object_name': 'balloon', 'session_id': 'c8a11a37-2a2a-4691-84d9-7d4c35c7cc61', 'user_id': 'P5'}"
2000-01-01 00:17:18,instance-b13ca059-6a7d-4f83-bbc1-96e28e0849c9-resizable,layoutboard.node.resizable.resized,"{'nodeId': 'instance-b13ca059-6a7d-4f83-bbc1-96e28e0849c9-resizable', 'prevSize': {'width': 50, 'height': 50}, 'newSize': {'width': 62, 'height': 146}, 'delta': {'width': 12, 'height': 96}, 'linkedSizeNodeIds': [], 'session_id': 'c8a11a37-2a2a-4691-84d9-7d4c35c7cc61', 'user_id': 'P5'}"
2000-01-01 00:17:43,instance-3360e775-ddfb-4ccf-be5b-d95a0479e597,instance.save,"{'instance_id': 'instance-3360e775-ddfb-4ccf-be5b-d95a0479e597', 'session_id': 'c8a11a37-2a2a-4691-84d9-7d4c35c7cc61', 'user_id': 'P5'}"
2000-01-01 00:17:43,instance-3360e775-ddfb-4ccf-be5b-d95a0479e597,instance.updated,"{'instance_id': 'instance-3360e775-ddfb-4ccf-be5b-d95a0479e597', 'instance_label': 'character', 'text_changed': False, 'graph_changed': True, 'session_id': 'c8a11a37-2a2a-4691-84d9-7d4c35c7cc61', 'user_id': 'P5'}"
2000-01-01 00:17:47,instance-b13ca059-6a7d-4f83-bbc1-96e28e0849c9-resizable,layoutboard.node.resizable.resized,"{'nodeId': 'instance-b13ca059-6a7d-4f83-bbc1-96e28e0849c9-resizable', 'prevSize': {'width': 50, 'height': 50}, 'newSize': {'width': 84, 'height': 170}, 'delta': {'width': 34, 'height': 120}, 'linkedSizeNodeIds': [], 'session_id': 'c8a11a37-2a2a-4691-84d9-7d4c35c7cc61', 'user_id': 'P5'}"
2000-01-01 00:17:48,instance-b13ca059-6a7d-4f83-bbc1-96e28e0849c9-resizable,layout.node.moved,"{'nodeId': 'instance-b13ca059-6a7d-4f83-bbc1-96e28e0849c9-resizable', 'newPos': {'x': 368, 'y': 38}, 'session_id': 'c8a11a37-2a2a-4691-84d9-7d4c35c7cc61', 'user_id': 'P5'}"
2000-01-01 00:18:14,,api.generate_image.succeeded,"{'global_caption': 'a scene featuring a cute crying running white rabbit wearing a blue jacket in the forest with an animated character, holding a red balloon, alongside a wind character cute wickedly smiling.', 'region_count': 3, 'has_image': True, 'detected_objects_count': 0, 'image_path': 'output/P5/2025-08-30_00-18-13/image.png', 'image_with_layout_path': 'output/P5/2025-08-30_00-18-13/image_with_layout.png', 'timestamp_dir': 'output/P5/2025-08-30_00-18-13', 'session_id': 'c8a11a37-2a2a-4691-84d9-7d4c35c7cc61', 'user_id': 'P5'}"
2000-01-01 00:18:41,instance-3360e775-ddfb-4ccf-be5b-d95a0479e597,instance.save,"{'instance_id': 'instance-3360e775-ddfb-4ccf-be5b-d95a0479e597', 'session_id': 'c8a11a37-2a2a-4691-84d9-7d4c35c7cc61', 'user_id': 'P5'}"
2000-01-01 00:18:41,instance-3360e775-ddfb-4ccf-be5b-d95a0479e597,instance.updated,"{'instance_id': 'instance-3360e775-ddfb-4ccf-be5b-d95a0479e597', 'instance_label': 'character', 'text_changed': False, 'graph_changed': True, 'session_id': 'c8a11a37-2a2a-4691-84d9-7d4c35c7cc61', 'user_id': 'P5'}"
2000-01-01 00:18:46,,relationship_node.deleted,"{'relationship_id': 'instance-b3ff8f32-a1d6-44e2-bc26-cb8607b96358-instance-b13ca059-6a7d-4f83-bbc1-96e28e0849c9', 'source_object_id': 'instance-b3ff8f32-a1d6-44e2-bc26-cb8607b96358', 'target_object_id': 'instance-b13ca059-6a7d-4f83-bbc1-96e28e0849c9', 'relation': 'holding', 'source_object_name': 'rabbit', 'target_object_name': 'balloon', 'session_id': 'c8a11a37-2a2a-4691-84d9-7d4c35c7cc61', 'user_id': 'P5'}"
2000-01-01 00:19:01,instance-b13ca059-6a7d-4f83-bbc1-96e28e0849c9,instance.save,"{'instance_id': 'instance-b13ca059-6a7d-4f83-bbc1-96e28e0849c9', 'session_id': 'c8a11a37-2a2a-4691-84d9-7d4c35c7cc61', 'user_id': 'P5'}"
2000-01-01 00:19:02,instance-b13ca059-6a7d-4f83-bbc1-96e28e0849c9,instance.updated,"{'instance_id': 'instance-b13ca059-6a7d-4f83-bbc1-96e28e0849c9', 'instance_label': 'balloon', 'text_changed': False, 'graph_changed': True, 'session_id': 'c8a11a37-2a2a-4691-84d9-7d4c35c7cc61', 'user_id': 'P5'}"
2000-01-01 00:19:13,,relationship_node.deleted,"{'relationship_id': 'instance-b3ff8f32-a1d6-44e2-bc26-cb8607b96358-instance-b13ca059-6a7d-4f83-bbc1-96e28e0849c9', 'source_object_id': 'instance-b3ff8f32-a1d6-44e2-bc26-cb8607b96358', 'target_object_id': 'instance-b13ca059-6a7d-4f83-bbc1-96e28e0849c9', 'relation': 'holding', 'source_object_name': 'rabbit', 'target_object_name': 'balloon', 'session_id': 'c8a11a37-2a2a-4691-84d9-7d4c35c7cc61', 'user_id': 'P5'}"
2000-01-01 00:19:41,,api.generate_image.succeeded,"{'global_caption': 'a scene featuring a cute, crying, running white rabbit wearing a blue jacket in the forest with an animated character, a red floating balloon, and a wind character cute wickedly smiling.', 'region_count': 3, 'has_image': True, 'detected_objects_count': 0, 'image_path': 'output/P5/2025-08-30_00-19-41/image.png', 'image_with_layout_path': 'output/P5/2025-08-30_00-19-41/image_with_layout.png', 'timestamp_dir': 'output/P5/2025-08-30_00-19-41', 'session_id': 'c8a11a37-2a2a-4691-84d9-7d4c35c7cc61', 'user_id': 'P5'}"
2000-01-01 00:20:44,instance-3360e775-ddfb-4ccf-be5b-d95a0479e597,instance.save,"{'instance_id': 'instance-3360e775-ddfb-4ccf-be5b-d95a0479e597', 'session_id': 'c8a11a37-2a2a-4691-84d9-7d4c35c7cc61', 'user_id': 'P5'}"
2000-01-01 00:20:46,instance-3360e775-ddfb-4ccf-be5b-d95a0479e597,instance.updated,"{'instance_id': 'instance-3360e775-ddfb-4ccf-be5b-d95a0479e597', 'instance_label': 'storm', 'text_changed': True, 'graph_changed': False, 'session_id': 'c8a11a37-2a2a-4691-84d9-7d4c35c7cc61', 'user_id': 'P5'}"
2000-01-01 00:20:48,,relationship_node.deleted,"{'relationship_id': 'instance-b3ff8f32-a1d6-44e2-bc26-cb8607b96358-instance-b13ca059-6a7d-4f83-bbc1-96e28e0849c9', 'source_object_id': 'instance-b3ff8f32-a1d6-44e2-bc26-cb8607b96358', 'target_object_id': 'instance-b13ca059-6a7d-4f83-bbc1-96e28e0849c9', 'relation': 'holding', 'source_object_name': 'rabbit', 'target_object_name': 'balloon', 'session_id': 'c8a11a37-2a2a-4691-84d9-7d4c35c7cc61', 'user_id': 'P5'}"
2000-01-01 00:21:04,instance-3360e775-ddfb-4ccf-be5b-d95a0479e597,instance.save,"{'instance_id': 'instance-3360e775-ddfb-4ccf-be5b-d95a0479e597', 'session_id': 'c8a11a37-2a2a-4691-84d9-7d4c35c7cc61', 'user_id': 'P5'}"
2000-01-01 00:21:05,instance-3360e775-ddfb-4ccf-be5b-d95a0479e597,instance.updated,"{'instance_id': 'instance-3360e775-ddfb-4ccf-be5b-d95a0479e597', 'instance_label': 'storm', 'text_changed': True, 'graph_changed': False, 'session_id': 'c8a11a37-2a2a-4691-84d9-7d4c35c7cc61', 'user_id': 'P5'}"
2000-01-01 00:21:16,instance-3360e775-ddfb-4ccf-be5b-d95a0479e597,instance.save,"{'instance_id': 'instance-3360e775-ddfb-4ccf-be5b-d95a0479e597', 'session_id': 'c8a11a37-2a2a-4691-84d9-7d4c35c7cc61', 'user_id': 'P5'}"
2000-01-01 00:21:18,instance-3360e775-ddfb-4ccf-be5b-d95a0479e597,instance.updated,"{'instance_id': 'instance-3360e775-ddfb-4ccf-be5b-d95a0479e597', 'instance_label': 'breeze', 'text_changed': True, 'graph_changed': False, 'session_id': 'c8a11a37-2a2a-4691-84d9-7d4c35c7cc61', 'user_id': 'P5'}"
2000-01-01 00:21:23,,relationship_node.deleted,"{'relationship_id': 'instance-b3ff8f32-a1d6-44e2-bc26-cb8607b96358-instance-b13ca059-6a7d-4f83-bbc1-96e28e0849c9', 'source_object_id': 'instance-b3ff8f32-a1d6-44e2-bc26-cb8607b96358', 'target_object_id': 'instance-b13ca059-6a7d-4f83-bbc1-96e28e0849c9', 'relation': 'holding', 'source_object_name': 'rabbit', 'target_object_name': 'balloon', 'session_id': 'c8a11a37-2a2a-4691-84d9-7d4c35c7cc61', 'user_id': 'P5'}"
2000-01-01 00:21:42,,api.generate_image.succeeded,"{'global_caption': 'a scene featuring a cute crying running white rabbit wearing a blue jacket in the forest with an animated character, a red floating balloon, and a white breeze wickedly smiling.', 'region_count': 3, 'has_image': True, 'detected_objects_count': 0, 'image_path': 'output/P5/2025-08-30_00-21-42/image.png', 'image_with_layout_path': 'output/P5/2025-08-30_00-21-42/image_with_layout.png', 'timestamp_dir': 'output/P5/2025-08-30_00-21-42', 'session_id': 'c8a11a37-2a2a-4691-84d9-7d4c35c7cc61', 'user_id': 'P5'}"
2000-01-01 00:21:53,,scene_saved,"{'slotNumber': 3, 'instanceCount': 3, 'nodeCount': 6, 'edgeCount': 0, 'session_id': 'c8a11a37-2a2a-4691-84d9-7d4c35c7cc61', 'user_id': 'P5'}"
2000-01-01 00:21:55,,scene_saved,"{'slotNumber': 3, 'instanceCount': 3, 'nodeCount': 6, 'edgeCount': 0, 'session_id': 'c8a11a37-2a2a-4691-84d9-7d4c35c7cc61', 'user_id': 'P5'}"
2000-01-01 00:22:22,instance-1d788a22-c6f7-4da2-9d0a-7484f3c34c60,instance.deleted,"{'instance_id': 'instance-1d788a22-c6f7-4da2-9d0a-7484f3c34c60', 'instance_label': 'Rabbit', 'is_from_class': True, 'class_id': 'class-8267a52d-5b60-4f16-abd3-e57662c661e8', 'session_id': 'c8a11a37-2a2a-4691-84d9-7d4c35c7cc61', 'user_id': 'P5'}"
2000-01-01 00:22:29,instance-dbc6d96b-af6c-4ded-8885-a036aa71e950,instance.deleted,"{'instance_id': 'instance-dbc6d96b-af6c-4ded-8885-a036aa71e950', 'instance_label': 'rabbit', 'is_from_class': True, 'class_id': 'class-8267a52d-5b60-4f16-abd3-e57662c661e8', 'session_id': 'c8a11a37-2a2a-4691-84d9-7d4c35c7cc61', 'user_id': 'P5'}"
2000-01-01 00:22:37,instance-86201c3e-8414-46e1-bea4-35f65219300f,instance.deleted,"{'instance_id': 'instance-86201c3e-8414-46e1-bea4-35f65219300f', 'instance_label': 'Rabbit', 'is_from_class': True, 'class_id': 'class-8267a52d-5b60-4f16-abd3-e57662c661e8', 'session_id': 'c8a11a37-2a2a-4691-84d9-7d4c35c7cc61', 'user_id': 'P5'}"
2000-01-01 00:22:45,instance-b13ca059-6a7d-4f83-bbc1-96e28e0849c9,instance.deleted,"{'instance_id': 'instance-b13ca059-6a7d-4f83-bbc1-96e28e0849c9', 'instance_label': 'balloon', 'is_from_class': False, 'class_id': None, 'session_id': 'c8a11a37-2a2a-4691-84d9-7d4c35c7cc61', 'user_id': 'P5'}"
2000-01-01 00:22:47,instance-b3ff8f32-a1d6-44e2-bc26-cb8607b96358-resizable,layout.node.moved,"{'nodeId': 'instance-b3ff8f32-a1d6-44e2-bc26-cb8607b96358-resizable', 'newPos': {'x': 36.671875, 'y': 199}, 'session_id': 'c8a11a37-2a2a-4691-84d9-7d4c35c7cc61', 'user_id': 'P5'}"
2000-01-01 00:22:48,instance-22c981cd-8c2b-408d-bda2-1c9405ff58ea-resizable,layout.node.moved,"{'nodeId': 'instance-22c981cd-8c2b-408d-bda2-1c9405ff58ea-resizable', 'newPos': {'x': 275, 'y': 320}, 'session_id': 'c8a11a37-2a2a-4691-84d9-7d4c35c7cc61', 'user_id': 'P5'}"
2000-01-01 00:22:49,instance-c268e2a5-e7e0-44c4-8c33-ed6db2a7ed0a-resizable,layout.node.moved,"{'nodeId': 'instance-c268e2a5-e7e0-44c4-8c33-ed6db2a7ed0a-resizable', 'newPos': {'x': 291, 'y': 149}, 'session_id': 'c8a11a37-2a2a-4691-84d9-7d4c35c7cc61', 'user_id': 'P5'}"
2000-01-01 00:22:51,instance-b3ff8f32-a1d6-44e2-bc26-cb8607b96358-resizable,layout.node.moved,"{'nodeId': 'instance-b3ff8f32-a1d6-44e2-bc26-cb8607b96358-resizable', 'newPos': {'x': 47.671875, 'y': 186}, 'session_id': 'c8a11a37-2a2a-4691-84d9-7d4c35c7cc61', 'user_id': 'P5'}"
2000-01-01 00:23:16,instance-b3ff8f32-a1d6-44e2-bc26-cb8607b96358,instance.save,"{'instance_id': 'instance-b3ff8f32-a1d6-44e2-bc26-cb8607b96358', 'session_id': 'c8a11a37-2a2a-4691-84d9-7d4c35c7cc61', 'user_id': 'P5'}"
2000-01-01 00:23:31,instance-b3ff8f32-a1d6-44e2-bc26-cb8607b96358,instance.save,"{'instance_id': 'instance-b3ff8f32-a1d6-44e2-bc26-cb8607b96358', 'session_id': 'c8a11a37-2a2a-4691-84d9-7d4c35c7cc61', 'user_id': 'P5'}"
2000-01-01 00:23:36,instance-b3ff8f32-a1d6-44e2-bc26-cb8607b96358,instance.updated,"{'instance_id': 'instance-b3ff8f32-a1d6-44e2-bc26-cb8607b96358', 'instance_label': 'rabbit', 'text_changed': True, 'graph_changed': False, 'session_id': 'c8a11a37-2a2a-4691-84d9-7d4c35c7cc61', 'user_id': 'P5'}"
2000-01-01 00:23:46,instance-22c981cd-8c2b-408d-bda2-1c9405ff58ea,instance.save,"{'instance_id': 'instance-22c981cd-8c2b-408d-bda2-1c9405ff58ea', 'session_id': 'c8a11a37-2a2a-4691-84d9-7d4c35c7cc61', 'user_id': 'P5'}"
2000-01-01 00:23:48,instance-22c981cd-8c2b-408d-bda2-1c9405ff58ea,instance.updated,"{'instance_id': 'instance-22c981cd-8c2b-408d-bda2-1c9405ff58ea', 'instance_label': 'rabbit', 'text_changed': True, 'graph_changed': False, 'session_id': 'c8a11a37-2a2a-4691-84d9-7d4c35c7cc61', 'user_id': 'P5'}"
2000-01-01 00:24:02,instance-c268e2a5-e7e0-44c4-8c33-ed6db2a7ed0a,instance.save,"{'instance_id': 'instance-c268e2a5-e7e0-44c4-8c33-ed6db2a7ed0a', 'session_id': 'c8a11a37-2a2a-4691-84d9-7d4c35c7cc61', 'user_id': 'P5'}"
2000-01-01 00:24:05,instance-c268e2a5-e7e0-44c4-8c33-ed6db2a7ed0a,instance.updated,"{'instance_id': 'instance-c268e2a5-e7e0-44c4-8c33-ed6db2a7ed0a', 'instance_label': 'rabbit', 'text_changed': True, 'graph_changed': False, 'session_id': 'c8a11a37-2a2a-4691-84d9-7d4c35c7cc61', 'user_id': 'P5'}"
2000-01-01 00:24:07,,layout_board.new_box_positioned,"{'position': {'x': 79.671875, 'y': 536}, 'screen_position': {'x': 139, 'y': 559}, 'board_type': 'advanced', 'session_id': 'c8a11a37-2a2a-4691-84d9-7d4c35c7cc61', 'user_id': 'P5'}"
2000-01-01 00:24:14,instance-c268e2a5-e7e0-44c4-8c33-ed6db2a7ed0a-resizable,layout.node.moved,"{'nodeId': 'instance-c268e2a5-e7e0-44c4-8c33-ed6db2a7ed0a-resizable', 'newPos': {'x': 274, 'y': 159}, 'session_id': 'c8a11a37-2a2a-4691-84d9-7d4c35c7cc61', 'user_id': 'P5'}"
2000-01-01 00:24:15,instance-22c981cd-8c2b-408d-bda2-1c9405ff58ea-resizable,layout.node.moved,"{'nodeId': 'instance-22c981cd-8c2b-408d-bda2-1c9405ff58ea-resizable', 'newPos': {'x': 277, 'y': 324}, 'session_id': 'c8a11a37-2a2a-4691-84d9-7d4c35c7cc61', 'user_id': 'P5'}"
2000-01-01 00:24:17,instance-b3ff8f32-a1d6-44e2-bc26-cb8607b96358-resizable,layout.node.moved,"{'nodeId': 'instance-b3ff8f32-a1d6-44e2-bc26-cb8607b96358-resizable', 'newPos': {'x': 59.671875, 'y': 175}, 'session_id': 'c8a11a37-2a2a-4691-84d9-7d4c35c7cc61', 'user_id': 'P5'}"
2000-01-01 00:24:22,instance-a16c549c-50c7-4ef8-8736-1d6147914186,instance.deleted,"{'instance_id': 'instance-a16c549c-50c7-4ef8-8736-1d6147914186', 'instance_label': 'bulb', 'is_from_class': False, 'class_id': None, 'session_id': 'c8a11a37-2a2a-4691-84d9-7d4c35c7cc61', 'user_id': 'P5'}"
2000-01-01 00:24:25,,layout_board.new_box_positioned,"{'position': {'x': 432.671875, 'y': 297}, 'screen_position': {'x': 492, 'y': 320}, 'board_type': 'advanced', 'session_id': 'c8a11a37-2a2a-4691-84d9-7d4c35c7cc61', 'user_id': 'P5'}"
2000-01-01 00:24:30,instance-c63c5fe0-9b23-4f2c-9b70-a26d60619cdb-resizable,layout.node.moved,"{'nodeId': 'instance-c63c5fe0-9b23-4f2c-9b70-a26d60619cdb-resizable', 'newPos': {'x': 270.671875, 'y': 268}, 'session_id': 'c8a11a37-2a2a-4691-84d9-7d4c35c7cc61', 'user_id': 'P5'}"
2000-01-01 00:24:31,instance-c268e2a5-e7e0-44c4-8c33-ed6db2a7ed0a-resizable,layout.node.moved,"{'nodeId': 'instance-c268e2a5-e7e0-44c4-8c33-ed6db2a7ed0a-resizable', 'newPos': {'x': 345, 'y': 172}, 'session_id': 'c8a11a37-2a2a-4691-84d9-7d4c35c7cc61', 'user_id': 'P5'}"
2000-01-01 00:24:33,instance-22c981cd-8c2b-408d-bda2-1c9405ff58ea-resizable,layout.node.moved,"{'nodeId': 'instance-22c981cd-8c2b-408d-bda2-1c9405ff58ea-resizable', 'newPos': {'x': 329, 'y': 325}, 'session_id': 'c8a11a37-2a2a-4691-84d9-7d4c35c7cc61', 'user_id': 'P5'}"
2000-01-01 00:24:35,instance-c63c5fe0-9b23-4f2c-9b70-a26d60619cdb-resizable,layout.node.moved,"{'nodeId': 'instance-c63c5fe0-9b23-4f2c-9b70-a26d60619cdb-resizable', 'newPos': {'x': 287.671875, 'y': 319}, 'session_id': 'c8a11a37-2a2a-4691-84d9-7d4c35c7cc61', 'user_id': 'P5'}"
2000-01-01 00:25:14,,api.generate_image.succeeded,"{'global_caption': 'a scene featuring a smiling cute yellow rabbit with an animated style in the forest, a serious cute black rabbit with an animated character style in the forest, a cute crying white rabbit wearing a blue jacket in the forest with an animated character, and a light bulb', 'region_count': 4, 'has_image': True, 'detected_objects_count': 0, 'image_path': 'output/P5/2025-08-30_00-25-13/image.png', 'image_with_layout_path': 'output/P5/2025-08-30_00-25-13/image_with_layout.png', 'timestamp_dir': 'output/P5/2025-08-30_00-25-13', 'session_id': 'c8a11a37-2a2a-4691-84d9-7d4c35c7cc61', 'user_id': 'P5'}"
2000-01-01 00:25:23,,scene_saved,"{'slotNumber': 4, 'instanceCount': 4, 'nodeCount': 8, 'edgeCount': 0, 'session_id': 'c8a11a37-2a2a-4691-84d9-7d4c35c7cc61', 'user_id': 'P5'}"
2000-01-01 00:25:36,instance-c63c5fe0-9b23-4f2c-9b70-a26d60619cdb,instance.deleted,"{'instance_id': 'instance-c63c5fe0-9b23-4f2c-9b70-a26d60619cdb', 'instance_label': 'bulb', 'is_from_class': False, 'class_id': None, 'session_id': 'c8a11a37-2a2a-4691-84d9-7d4c35c7cc61', 'user_id': 'P5'}"
2000-01-01 00:25:44,instance-22c981cd-8c2b-408d-bda2-1c9405ff58ea,instance.save,"{'instance_id': 'instance-22c981cd-8c2b-408d-bda2-1c9405ff58ea', 'session_id': 'c8a11a37-2a2a-4691-84d9-7d4c35c7cc61', 'user_id': 'P5'}"
2000-01-01 00:25:48,instance-22c981cd-8c2b-408d-bda2-1c9405ff58ea,instance.updated,"{'instance_id': 'instance-22c981cd-8c2b-408d-bda2-1c9405ff58ea', 'instance_label': 'rabbit', 'text_changed': True, 'graph_changed': False, 'session_id': 'c8a11a37-2a2a-4691-84d9-7d4c35c7cc61', 'user_id': 'P5'}"
2000-01-01 00:25:58,instance-c268e2a5-e7e0-44c4-8c33-ed6db2a7ed0a,instance.save,"{'instance_id': 'instance-c268e2a5-e7e0-44c4-8c33-ed6db2a7ed0a', 'session_id': 'c8a11a37-2a2a-4691-84d9-7d4c35c7cc61', 'user_id': 'P5'}"
2000-01-01 00:26:02,instance-c268e2a5-e7e0-44c4-8c33-ed6db2a7ed0a,instance.updated,"{'instance_id': 'instance-c268e2a5-e7e0-44c4-8c33-ed6db2a7ed0a', 'instance_label': 'rabbit', 'text_changed': True, 'graph_changed': False, 'session_id': 'c8a11a37-2a2a-4691-84d9-7d4c35c7cc61', 'user_id': 'P5'}"
2000-01-01 00:26:51,instance-b3ff8f32-a1d6-44e2-bc26-cb8607b96358-resizable,layoutboard.node.resizable.resized,"{'nodeId': 'instance-b3ff8f32-a1d6-44e2-bc26-cb8607b96358-resizable', 'prevSize': {'width': 174, 'height': 272}, 'newSize': {'width': 180, 'height': 299}, 'delta': {'width': 6, 'height': 27}, 'linkedSizeNodeIds': [], 'session_id': 'c8a11a37-2a2a-4691-84d9-7d4c35c7cc61', 'user_id': 'P5'}"
2000-01-01 00:26:52,instance-c268e2a5-e7e0-44c4-8c33-ed6db2a7ed0a-resizable,layout.node.moved,"{'nodeId': 'instance-c268e2a5-e7e0-44c4-8c33-ed6db2a7ed0a-resizable', 'newPos': {'x': 259, 'y': 183}, 'session_id': 'c8a11a37-2a2a-4691-84d9-7d4c35c7cc61', 'user_id': 'P5'}"
2000-01-01 00:26:54,instance-c268e2a5-e7e0-44c4-8c33-ed6db2a7ed0a-resizable,layoutboard.node.resizable.resized,"{'nodeId': 'instance-c268e2a5-e7e0-44c4-8c33-ed6db2a7ed0a-resizable', 'prevSize': {'width': 79, 'height': 141}, 'newSize': {'width': 95, 'height': 164}, 'delta': {'width': 16, 'height': 23}, 'linkedSizeNodeIds': [], 'session_id': 'c8a11a37-2a2a-4691-84d9-7d4c35c7cc61', 'user_id': 'P5'}"
2000-01-01 00:26:56,instance-22c981cd-8c2b-408d-bda2-1c9405ff58ea-resizable,layout.node.moved,"{'nodeId': 'instance-22c981cd-8c2b-408d-bda2-1c9405ff58ea-resizable', 'newPos': {'x': 344, 'y': 325}, 'session_id': 'c8a11a37-2a2a-4691-84d9-7d4c35c7cc61', 'user_id': 'P5'}"
2000-01-01 00:27:14,instance-b3ff8f32-a1d6-44e2-bc26-cb8607b96358,instance.save,"{'instance_id': 'instance-b3ff8f32-a1d6-44e2-bc26-cb8607b96358', 'session_id': 'c8a11a37-2a2a-4691-84d9-7d4c35c7cc61', 'user_id': 'P5'}"
2000-01-01 00:27:15,instance-b3ff8f32-a1d6-44e2-bc26-cb8607b96358,instance.updated,"{'instance_id': 'instance-b3ff8f32-a1d6-44e2-bc26-cb8607b96358', 'instance_label': 'rabbit', 'text_changed': False, 'graph_changed': True, 'session_id': 'c8a11a37-2a2a-4691-84d9-7d4c35c7cc61', 'user_id': 'P5'}"
2000-01-01 00:27:46,,api.generate_image.succeeded,"{'global_caption': 'a scene featuring a running smiling cute yellow rabbit with an animated style in the forest, a running smiling cute black rabbit with an animated character style in the forest, and a cute crying white rabbit wearing a torn and muddy blue jacket in the forest with an animated character', 'region_count': 3, 'has_image': True, 'detected_objects_count': 0, 'image_path': 'output/P5/2025-08-30_00-27-45/image.png', 'image_with_layout_path': 'output/P5/2025-08-30_00-27-45/image_with_layout.png', 'timestamp_dir': 'output/P5/2025-08-30_00-27-45', 'session_id': 'c8a11a37-2a2a-4691-84d9-7d4c35c7cc61', 'user_id': 'P5'}"
2000-01-01 00:28:07,instance-b3ff8f32-a1d6-44e2-bc26-cb8607b96358,instance.save,"{'instance_id': 'instance-b3ff8f32-a1d6-44e2-bc26-cb8607b96358', 'session_id': 'c8a11a37-2a2a-4691-84d9-7d4c35c7cc61', 'user_id': 'P5'}"
2000-01-01 00:28:10,instance-22c981cd-8c2b-408d-bda2-1c9405ff58ea-resizable,layout.node.moved,"{'nodeId': 'instance-22c981cd-8c2b-408d-bda2-1c9405ff58ea-resizable', 'newPos': {'x': 378, 'y': 235}, 'session_id': 'c8a11a37-2a2a-4691-84d9-7d4c35c7cc61', 'user_id': 'P5'}"
2000-01-01 00:28:12,instance-b3ff8f32-a1d6-44e2-bc26-cb8607b96358,instance.updated,"{'instance_id': 'instance-b3ff8f32-a1d6-44e2-bc26-cb8607b96358', 'instance_label': 'rabbit', 'text_changed': True, 'graph_changed': False, 'session_id': 'c8a11a37-2a2a-4691-84d9-7d4c35c7cc61', 'user_id': 'P5'}"
2000-01-01 00:28:13,instance-c268e2a5-e7e0-44c4-8c33-ed6db2a7ed0a-resizable,layoutboard.node.resizable.resized,"{'nodeId': 'instance-c268e2a5-e7e0-44c4-8c33-ed6db2a7ed0a-resizable', 'prevSize': {'width': 79, 'height': 141}, 'newSize': {'width': 97, 'height': 219}, 'delta': {'width': 18, 'height': 78}, 'linkedSizeNodeIds': [], 'session_id': 'c8a11a37-2a2a-4691-84d9-7d4c35c7cc61', 'user_id': 'P5'}"
2000-01-01 00:28:14,instance-22c981cd-8c2b-408d-bda2-1c9405ff58ea-resizable,layout.node.moved,"{'nodeId': 'instance-22c981cd-8c2b-408d-bda2-1c9405ff58ea-resizable', 'newPos': {'x': 378, 'y': 190}, 'session_id': 'c8a11a37-2a2a-4691-84d9-7d4c35c7cc61', 'user_id': 'P5'}"
2000-01-01 00:28:16,instance-22c981cd-8c2b-408d-bda2-1c9405ff58ea-resizable,layoutboard.node.resizable.resized,"{'nodeId': 'instance-22c981cd-8c2b-408d-bda2-1c9405ff58ea-resizable', 'prevSize': {'width': 101, 'height': 145}, 'newSize': {'width': 116, 'height': 208}, 'delta': {'width': 15, 'height': 63}, 'linkedSizeNodeIds': [], 'session_id': 'c8a11a37-2a2a-4691-84d9-7d4c35c7cc61', 'user_id': 'P5'}"
2000-01-01 00:28:17,instance-22c981cd-8c2b-408d-bda2-1c9405ff58ea-resizable,layout.node.moved,"{'nodeId': 'instance-22c981cd-8c2b-408d-bda2-1c9405ff58ea-resizable', 'newPos': {'x': 378, 'y': 167}, 'session_id': 'c8a11a37-2a2a-4691-84d9-7d4c35c7cc61', 'user_id': 'P5'}"
2000-01-01 00:28:18,instance-b3ff8f32-a1d6-44e2-bc26-cb8607b96358-resizable,layout.node.moved,"{'nodeId': 'instance-b3ff8f32-a1d6-44e2-bc26-cb8607b96358-resizable', 'newPos': {'x': 38.671875, 'y': 177}, 'session_id': 'c8a11a37-2a2a-4691-84d9-7d4c35c7cc61', 'user_id': 'P5'}"
2000-01-01 00:28:19,instance-c268e2a5-e7e0-44c4-8c33-ed6db2a7ed0a-resizable,layout.node.moved,"{'nodeId': 'instance-c268e2a5-e7e0-44c4-8c33-ed6db2a7ed0a-resizable', 'newPos': {'x': 258, 'y': 181}, 'session_id': 'c8a11a37-2a2a-4691-84d9-7d4c35c7cc61', 'user_id': 'P5'}"
2000-01-01 00:28:20,instance-22c981cd-8c2b-408d-bda2-1c9405ff58ea-resizable,layout.node.moved,"{'nodeId': 'instance-22c981cd-8c2b-408d-bda2-1c9405ff58ea-resizable', 'newPos': {'x': 377, 'y': 160}, 'session_id': 'c8a11a37-2a2a-4691-84d9-7d4c35c7cc61', 'user_id': 'P5'}"
2000-01-01 00:28:45,,api.generate_image.succeeded,"{'global_caption': 'a scene featuring a running smiling cute yellow rabbit with an animated style in the forest, a running smiling cute black rabbit with an animated character style in the forest, and a cute smiling white rabbit wearing a torn and muddy blue jacket in the forest with an animated character', 'region_count': 3, 'has_image': True, 'detected_objects_count': 0, 'image_path': 'output/P5/2025-08-30_00-28-45/image.png', 'image_with_layout_path': 'output/P5/2025-08-30_00-28-45/image_with_layout.png', 'timestamp_dir': 'output/P5/2025-08-30_00-28-45', 'session_id': 'c8a11a37-2a2a-4691-84d9-7d4c35c7cc61', 'user_id': 'P5'}"
2000-01-01 00:29:19,instance-b3ff8f32-a1d6-44e2-bc26-cb8607b96358,instance.save,"{'instance_id': 'instance-b3ff8f32-a1d6-44e2-bc26-cb8607b96358', 'session_id': 'c8a11a37-2a2a-4691-84d9-7d4c35c7cc61', 'user_id': 'P5'}"
2000-01-01 00:29:20,instance-b3ff8f32-a1d6-44e2-bc26-cb8607b96358,instance.updated,"{'instance_id': 'instance-b3ff8f32-a1d6-44e2-bc26-cb8607b96358', 'instance_label': 'rabbit', 'text_changed': False, 'graph_changed': True, 'session_id': 'c8a11a37-2a2a-4691-84d9-7d4c35c7cc61', 'user_id': 'P5'}"
2000-01-01 00:29:46,,api.generate_image.succeeded,"{'global_caption': 'a scene featuring a running smiling cute yellow rabbit with an animated style in the forest, a running smiling cute black rabbit with an animated character style in the forest, and a cute smiling white rabbit wearing a torn, muddy, and dirty blue jacket in the forest with an animated character', 'region_count': 3, 'has_image': True, 'detected_objects_count': 0, 'image_path': 'output/P5/2025-08-30_00-29-45/image.png', 'image_with_layout_path': 'output/P5/2025-08-30_00-29-45/image_with_layout.png', 'timestamp_dir': 'output/P5/2025-08-30_00-29-45', 'session_id': 'c8a11a37-2a2a-4691-84d9-7d4c35c7cc61', 'user_id': 'P5'}"
2000-01-01 00:29:52,,scene_saved,"{'slotNumber': 5, 'instanceCount': 3, 'nodeCount': 6, 'edgeCount': 0, 'session_id': 'c8a11a37-2a2a-4691-84d9-7d4c35c7cc61', 'user_id': 'P5'}"
2000-01-01 00:30:34,instance-22c981cd-8c2b-408d-bda2-1c9405ff58ea,instance.save,"{'instance_id': 'instance-22c981cd-8c2b-408d-bda2-1c9405ff58ea', 'session_id': 'c8a11a37-2a2a-4691-84d9-7d4c35c7cc61', 'user_id': 'P5'}"
2000-01-01 00:30:38,instance-22c981cd-8c2b-408d-bda2-1c9405ff58ea,instance.updated,"{'instance_id': 'instance-22c981cd-8c2b-408d-bda2-1c9405ff58ea', 'instance_label': 'rabbit', 'text_changed': True, 'graph_changed': False, 'session_id': 'c8a11a37-2a2a-4691-84d9-7d4c35c7cc61', 'user_id': 'P5'}"
2000-01-01 00:30:42,instance-22c981cd-8c2b-408d-bda2-1c9405ff58ea-resizable,layout.node.moved,"{'nodeId': 'instance-22c981cd-8c2b-408d-bda2-1c9405ff58ea-resizable', 'newPos': {'x': 182, 'y': 179}, 'session_id': 'c8a11a37-2a2a-4691-84d9-7d4c35c7cc61', 'user_id': 'P5'}"
2000-01-01 00:30:43,instance-b3ff8f32-a1d6-44e2-bc26-cb8607b96358-resizable,layout.node.moved,"{'nodeId': 'instance-b3ff8f32-a1d6-44e2-bc26-cb8607b96358-resizable', 'newPos': {'x': 30.671875, 'y': 185}, 'session_id': 'c8a11a37-2a2a-4691-84d9-7d4c35c7cc61', 'user_id': 'P5'}"
2000-01-01 00:30:44,instance-c268e2a5-e7e0-44c4-8c33-ed6db2a7ed0a-resizable,layout.node.moved,"{'nodeId': 'instance-c268e2a5-e7e0-44c4-8c33-ed6db2a7ed0a-resizable', 'newPos': {'x': 281, 'y': 269}, 'session_id': 'c8a11a37-2a2a-4691-84d9-7d4c35c7cc61', 'user_id': 'P5'}"
2000-01-01 00:30:46,instance-22c981cd-8c2b-408d-bda2-1c9405ff58ea-resizable,layout.node.moved,"{'nodeId': 'instance-22c981cd-8c2b-408d-bda2-1c9405ff58ea-resizable', 'newPos': {'x': 170, 'y': 149}, 'session_id': 'c8a11a37-2a2a-4691-84d9-7d4c35c7cc61', 'user_id': 'P5'}"
2000-01-01 00:30:48,instance-c268e2a5-e7e0-44c4-8c33-ed6db2a7ed0a-resizable,layoutboard.node.resizable.resized,"{'nodeId': 'instance-c268e2a5-e7e0-44c4-8c33-ed6db2a7ed0a-resizable', 'prevSize': {'width': 79, 'height': 141}, 'newSize': {'width': 95, 'height': 104}, 'delta': {'width': 16, 'height': -37}, 'linkedSizeNodeIds': [], 'session_id': 'c8a11a37-2a2a-4691-84d9-7d4c35c7cc61', 'user_id': 'P5'}"
2000-01-01 00:30:49,instance-c268e2a5-e7e0-44c4-8c33-ed6db2a7ed0a-resizable,layout.node.moved,"{'nodeId': 'instance-c268e2a5-e7e0-44c4-8c33-ed6db2a7ed0a-resizable', 'newPos': {'x': 258, 'y': 383}, 'session_id': 'c8a11a37-2a2a-4691-84d9-7d4c35c7cc61', 'user_id': 'P5'}"
2000-01-01 00:30:56,,layout_board.new_box_positioned,"{'position': {'x': 383.671875, 'y': 147}, 'screen_position': {'x': 443, 'y': 190}, 'board_type': 'advanced', 'session_id': 'c8a11a37-2a2a-4691-84d9-7d4c35c7cc61', 'user_id': 'P5'}"
2000-01-01 00:31:01,instance-0433a57e-4192-42f4-a52b-d3b8d058810e-resizable,layoutboard.node.resizable.resized,"{'nodeId': 'instance-0433a57e-4192-42f4-a52b-d3b8d058810e-resizable', 'prevSize': {'width': 50, 'height': 50}, 'newSize': {'width': 120, 'height': 305}, 'delta': {'width': 70, 'height': 255}, 'linkedSizeNodeIds': [], 'session_id': 'c8a11a37-2a2a-4691-84d9-7d4c35c7cc61', 'user_id': 'P5'}"
2000-01-01 00:31:02,instance-0433a57e-4192-42f4-a52b-d3b8d058810e-resizable,layout.node.moved,"{'nodeId': 'instance-0433a57e-4192-42f4-a52b-d3b8d058810e-resizable', 'newPos': {'x': 335.671875, 'y': 69}, 'session_id': 'c8a11a37-2a2a-4691-84d9-7d4c35c7cc61', 'user_id': 'P5'}"
2000-01-01 00:31:04,instance-0433a57e-4192-42f4-a52b-d3b8d058810e-resizable,layoutboard.node.resizable.resized,"{'nodeId': 'instance-0433a57e-4192-42f4-a52b-d3b8d058810e-resizable', 'prevSize': {'width': 50, 'height': 50}, 'newSize': {'width': 169, 'height': 410}, 'delta': {'width': 119, 'height': 360}, 'linkedSizeNodeIds': [], 'session_id': 'c8a11a37-2a2a-4691-84d9-7d4c35c7cc61', 'user_id': 'P5'}"
2000-01-01 00:31:04,instance-0433a57e-4192-42f4-a52b-d3b8d058810e-resizable,layout.node.moved,"{'nodeId': 'instance-0433a57e-4192-42f4-a52b-d3b8d058810e-resizable', 'newPos': {'x': 335.671875, 'y': 80}, 'session_id': 'c8a11a37-2a2a-4691-84d9-7d4c35c7cc61', 'user_id': 'P5'}"
2000-01-01 00:31:08,instance-c268e2a5-e7e0-44c4-8c33-ed6db2a7ed0a-resizable,layout.node.moved,"{'nodeId': 'instance-c268e2a5-e7e0-44c4-8c33-ed6db2a7ed0a-resizable', 'newPos': {'x': 380, 'y': 32}, 'session_id': 'c8a11a37-2a2a-4691-84d9-7d4c35c7cc61', 'user_id': 'P5'}"
2000-01-01 00:31:16,instance-c268e2a5-e7e0-44c4-8c33-ed6db2a7ed0a,instance.save,"{'instance_id': 'instance-c268e2a5-e7e0-44c4-8c33-ed6db2a7ed0a', 'session_id': 'c8a11a37-2a2a-4691-84d9-7d4c35c7cc61', 'user_id': 'P5'}"
2000-01-01 00:31:21,instance-c268e2a5-e7e0-44c4-8c33-ed6db2a7ed0a,instance.updated,"{'instance_id': 'instance-c268e2a5-e7e0-44c4-8c33-ed6db2a7ed0a', 'instance_label': 'rabbit', 'text_changed': True, 'graph_changed': False, 'session_id': 'c8a11a37-2a2a-4691-84d9-7d4c35c7cc61', 'user_id': 'P5'}"
2000-01-01 00:31:26,instance-0433a57e-4192-42f4-a52b-d3b8d058810e-resizable,layout.node.moved,"{'nodeId': 'instance-0433a57e-4192-42f4-a52b-d3b8d058810e-resizable', 'newPos': {'x': 343, 'y': 102}, 'session_id': 'c8a11a37-2a2a-4691-84d9-7d4c35c7cc61', 'user_id': 'P5'}"
2000-01-01 00:31:27,instance-0433a57e-4192-42f4-a52b-d3b8d058810e-resizable,layout.node.moved,"{'nodeId': 'instance-0433a57e-4192-42f4-a52b-d3b8d058810e-resizable', 'newPos': {'x': 328, 'y': 80}, 'session_id': 'c8a11a37-2a2a-4691-84d9-7d4c35c7cc61', 'user_id': 'P5'}"
2000-01-01 00:31:30,instance-c268e2a5-e7e0-44c4-8c33-ed6db2a7ed0a,layout.node.moved,"{'nodeId': 'instance-c268e2a5-e7e0-44c4-8c33-ed6db2a7ed0a', 'newPos': {'x': 213, 'y': 307}, 'session_id': 'c8a11a37-2a2a-4691-84d9-7d4c35c7cc61', 'user_id': 'P5'}"
2000-01-01 00:31:31,instance-22c981cd-8c2b-408d-bda2-1c9405ff58ea-resizable,layout.node.moved,"{'nodeId': 'instance-22c981cd-8c2b-408d-bda2-1c9405ff58ea-resizable', 'newPos': {'x': 177, 'y': 91}, 'session_id': 'c8a11a37-2a2a-4691-84d9-7d4c35c7cc61', 'user_id': 'P5'}"
2000-01-01 00:31:32,instance-b3ff8f32-a1d6-44e2-bc26-cb8607b96358-resizable,layout.node.moved,"{'nodeId': 'instance-b3ff8f32-a1d6-44e2-bc26-cb8607b96358-resizable', 'newPos': {'x': 34.671875, 'y': 170}, 'session_id': 'c8a11a37-2a2a-4691-84d9-7d4c35c7cc61', 'user_id': 'P5'}"
2000-01-01 00:31:33,instance-c268e2a5-e7e0-44c4-8c33-ed6db2a7ed0a-resizable,layout.node.moved,"{'nodeId': 'instance-c268e2a5-e7e0-44c4-8c33-ed6db2a7ed0a-resizable', 'newPos': {'x': 198, 'y': 302}, 'session_id': 'c8a11a37-2a2a-4691-84d9-7d4c35c7cc61', 'user_id': 'P5'}"
2000-01-01 00:31:34,instance-c268e2a5-e7e0-44c4-8c33-ed6db2a7ed0a-resizable,layoutboard.node.resizable.resized,"{'nodeId': 'instance-c268e2a5-e7e0-44c4-8c33-ed6db2a7ed0a-resizable', 'prevSize': {'width': 79, 'height': 141}, 'newSize': {'width': 101, 'height': 138}, 'delta': {'width': 22, 'height': -3}, 'linkedSizeNodeIds': [], 'session_id': 'c8a11a37-2a2a-4691-84d9-7d4c35c7cc61', 'user_id': 'P5'}"
2000-01-01 00:31:47,instance-c268e2a5-e7e0-44c4-8c33-ed6db2a7ed0a,instance.save,"{'instance_id': 'instance-c268e2a5-e7e0-44c4-8c33-ed6db2a7ed0a', 'session_id': 'c8a11a37-2a2a-4691-84d9-7d4c35c7cc61', 'user_id': 'P5'}"
2000-01-01 00:31:48,instance-c268e2a5-e7e0-44c4-8c33-ed6db2a7ed0a,instance.updated,"{'instance_id': 'instance-c268e2a5-e7e0-44c4-8c33-ed6db2a7ed0a', 'instance_label': 'rabbit', 'text_changed': False, 'graph_changed': True, 'session_id': 'c8a11a37-2a2a-4691-84d9-7d4c35c7cc61', 'user_id': 'P5'}"
2000-01-01 00:31:53,,layout_board.new_box_positioned,"{'position': {'x': 440.671875, 'y': 53}, 'screen_position': {'x': 500, 'y': 76}, 'board_type': 'advanced', 'session_id': 'c8a11a37-2a2a-4691-84d9-7d4c35c7cc61', 'user_id': 'P5'}"
2000-01-01 00:32:02,instance-96f7195a-d962-4b96-a6b4-4fbab5eff06c-resizable,layoutboard.node.resizable.resized,"{'nodeId': 'instance-96f7195a-d962-4b96-a6b4-4fbab5eff06c-resizable', 'prevSize': {'width': 50, 'height': 50}, 'newSize': {'width': 50, 'height': 85}, 'delta': {'width': 0, 'height': 35}, 'linkedSizeNodeIds': [], 'session_id': 'c8a11a37-2a2a-4691-84d9-7d4c35c7cc61', 'user_id': 'P5'}"
2000-01-01 00:32:03,instance-96f7195a-d962-4b96-a6b4-4fbab5eff06c-resizable,layout.node.moved,"{'nodeId': 'instance-96f7195a-d962-4b96-a6b4-4fbab5eff06c-resizable', 'newPos': {'x': 414.671875, 'y': 53}, 'session_id': 'c8a11a37-2a2a-4691-84d9-7d4c35c7cc61', 'user_id': 'P5'}"
2000-01-01 00:32:10,instance-96f7195a-d962-4b96-a6b4-4fbab5eff06c-resizable,layoutboard.node.resizable.resized,"{'nodeId': 'instance-96f7195a-d962-4b96-a6b4-4fbab5eff06c-resizable', 'prevSize': {'width': 50, 'height': 50}, 'newSize': {'width': 73, 'height': 78}, 'delta': {'width': 23, 'height': 28}, 'linkedSizeNodeIds': [], 'session_id': 'c8a11a37-2a2a-4691-84d9-7d4c35c7cc61', 'user_id': 'P5'}"
2000-01-01 00:32:20,instance-96f7195a-d962-4b96-a6b4-4fbab5eff06c-resizable,layout.node.moved,"{'nodeId': 'instance-96f7195a-d962-4b96-a6b4-4fbab5eff06c-resizable', 'newPos': {'x': 327.671875, 'y': 42}, 'session_id': 'c8a11a37-2a2a-4691-84d9-7d4c35c7cc61', 'user_id': 'P5'}"
2000-01-01 00:32:33,instance-96f7195a-d962-4b96-a6b4-4fbab5eff06c,layout.node.moved,"{'nodeId': 'instance-96f7195a-d962-4b96-a6b4-4fbab5eff06c', 'newPos': {'x': 392, 'y': 20}, 'session_id': 'c8a11a37-2a2a-4691-84d9-7d4c35c7cc61', 'user_id': 'P5'}"
2000-01-01 00:33:00,,relationship_node.created,"{'relationship_id': 'instance-837d9423-a5a2-4bc1-8da2-6f0f75c74db7->object3:looking at', 'sourceId': 'instance-837d9423-a5a2-4bc1-8da2-6f0f75c74db7', 'targetId': 'object3', 'relation': 'looking at', 'video_time': '44:20'}"
2000-01-01 00:33:06,,relationship_node.created,"{'relationship_id': 'instance-837d9423-a5a2-4bc1-8da2-6f0f75c74db7->object3:pointing at', 'sourceId': 'instance-837d9423-a5a2-4bc1-8da2-6f0f75c74db7', 'targetId': 'object3', 'relation': 'pointing at', 'video_time': '44:26'}"
2000-01-01 00:33:24,,relationship_node.created,"{'relationship_id': 'instance-837d9423-a5a2-4bc1-8da2-6f0f75c74db7->object3:looking at', 'sourceId': 'instance-837d9423-a5a2-4bc1-8da2-6f0f75c74db7', 'targetId': 'object3', 'relation': 'looking at', 'video_time': '44:44'}"
2000-01-01 00:33:57,,api.generate_image.succeeded,"{'global_caption': 'a scene featuring a smiling cute yellow rabbit with an animated style in the forest pointing at a tree, a running smiling cute black rabbit with an animated character style looking at a tree in the forest, a cute smiling white rabbit wearing a torn, muddy, and dirty blue jacket in the forest looking at a tree, a big tree with a balloon related to the tree, and a red balloon on the tree.', 'region_count': 5, 'has_image': True, 'detected_objects_count': 0, 'image_path': 'output/P5/2025-08-30_00-33-57/image.png', 'image_with_layout_path': 'output/P5/2025-08-30_00-33-57/image_with_layout.png', 'timestamp_dir': 'output/P5/2025-08-30_00-33-57', 'session_id': 'c8a11a37-2a2a-4691-84d9-7d4c35c7cc61', 'user_id': 'P5'}"
2000-01-01 00:34:29,instance-96f7195a-d962-4b96-a6b4-4fbab5eff06c,layout.node.moved,"{'nodeId': 'instance-96f7195a-d962-4b96-a6b4-4fbab5eff06c', 'newPos': {'x': 392, 'y': 18}, 'session_id': 'c8a11a37-2a2a-4691-84d9-7d4c35c7cc61', 'user_id': 'P5'}"
2000-01-01 00:34:34,instance-c268e2a5-e7e0-44c4-8c33-ed6db2a7ed0a-resizable,layout.node.moved,"{'nodeId': 'instance-c268e2a5-e7e0-44c4-8c33-ed6db2a7ed0a-resizable', 'newPos': {'x': 206, 'y': 326}, 'session_id': 'c8a11a37-2a2a-4691-84d9-7d4c35c7cc61', 'user_id': 'P5'}"
2000-01-01 00:34:36,instance-22c981cd-8c2b-408d-bda2-1c9405ff58ea-resizable,layout.node.moved,"{'nodeId': 'instance-22c981cd-8c2b-408d-bda2-1c9405ff58ea-resizable', 'newPos': {'x': 179, 'y': 83}, 'session_id': 'c8a11a37-2a2a-4691-84d9-7d4c35c7cc61', 'user_id': 'P5'}"
2000-01-01 00:35:09,,api.generate_image.succeeded,"{'global_caption': 'a scene featuring a smiling cute yellow rabbit with an animated style in the forest pointing at a tree, a running smiling cute black rabbit with an animated character style looking at a tree in the forest, a cute smiling white rabbit wearing a torn, muddy, and dirty blue jacket in the forest looking at a tree, a big tree with a balloon related to the tree, and a red balloon on the tree.', 'region_count': 5, 'has_image': True, 'detected_objects_count': 0, 'image_path': 'output/P5/2025-08-30_00-35-09/image.png', 'image_with_layout_path': 'output/P5/2025-08-30_00-35-09/image_with_layout.png', 'timestamp_dir': 'output/P5/2025-08-30_00-35-09', 'session_id': 'c8a11a37-2a2a-4691-84d9-7d4c35c7cc61', 'user_id': 'P5'}"
2000-01-01 00:35:50,,api.generate_image.succeeded,"{'global_caption': 'a scene featuring a smiling cute yellow rabbit with an animated style in the forest pointing at a tree, a running smiling cute black rabbit with an animated character style looking at a tree in the forest, a cute smiling white rabbit wearing a torn, muddy, and dirty blue jacket in the forest looking at a tree, a big tree with a tree-related balloon, and a red balloon on the tree.', 'region_count': 5, 'has_image': True, 'detected_objects_count': 0, 'image_path': 'output/P5/2025-08-30_00-35-50/image.png', 'image_with_layout_path': 'output/P5/2025-08-30_00-35-50/image_with_layout.png', 'timestamp_dir': 'output/P5/2025-08-30_00-35-50', 'session_id': 'c8a11a37-2a2a-4691-84d9-7d4c35c7cc61', 'user_id': 'P5'}"
2000-01-01 00:36:13,,scene_saved,"{'slotNumber': 6, 'instanceCount': 5, 'nodeCount': 10, 'edgeCount': 4, 'session_id': 'c8a11a37-2a2a-4691-84d9-7d4c35c7cc61', 'user_id': 'P5'}"
2000-01-01 00:36:29,instance-0433a57e-4192-42f4-a52b-d3b8d058810e-resizable,layout.node.moved,"{'nodeId': 'instance-0433a57e-4192-42f4-a52b-d3b8d058810e-resizable', 'newPos': {'x': 157, 'y': 30}, 'session_id': 'c8a11a37-2a2a-4691-84d9-7d4c35c7cc61', 'user_id': 'P5'}"
2000-01-01 00:36:33,instance-96f7195a-d962-4b96-a6b4-4fbab5eff06c-resizable,layout.node.moved,"{'nodeId': 'instance-96f7195a-d962-4b96-a6b4-4fbab5eff06c-resizable', 'newPos': {'x': 371, 'y': 122}, 'session_id': 'c8a11a37-2a2a-4691-84d9-7d4c35c7cc61', 'user_id': 'P5'}"
2000-01-01 00:36:36,instance-96f7195a-d962-4b96-a6b4-4fbab5eff06c-resizable,layout.node.moved,"{'nodeId': 'instance-96f7195a-d962-4b96-a6b4-4fbab5eff06c-resizable', 'newPos': {'x': 439, 'y': 179}, 'session_id': 'c8a11a37-2a2a-4691-84d9-7d4c35c7cc61', 'user_id': 'P5'}"
2000-01-01 00:36:38,,relationship_node.deleted,"{'relationship_id': 'instance-0433a57e-4192-42f4-a52b-d3b8d058810e-instance-96f7195a-d962-4b96-a6b4-4fbab5eff06c', 'source_object_id': 'instance-0433a57e-4192-42f4-a52b-d3b8d058810e', 'target_object_id': 'instance-96f7195a-d962-4b96-a6b4-4fbab5eff06c', 'relation': 'related', 'source_object_name': 'tree', 'target_object_name': 'balloon', 'session_id': 'c8a11a37-2a2a-4691-84d9-7d4c35c7cc61', 'user_id': 'P5'}"
2000-01-01 00:36:40,instance-0433a57e-4192-42f4-a52b-d3b8d058810e-resizable,layout.node.moved,"{'nodeId': 'instance-0433a57e-4192-42f4-a52b-d3b8d058810e-resizable', 'newPos': {'x': 319, 'y': 39}, 'session_id': 'c8a11a37-2a2a-4691-84d9-7d4c35c7cc61', 'user_id': 'P5'}"
2000-01-01 00:36:41,instance-0433a57e-4192-42f4-a52b-d3b8d058810e-resizable,layout.node.moved,"{'nodeId': 'instance-0433a57e-4192-42f4-a52b-d3b8d058810e-resizable', 'newPos': {'x': 343, 'y': 39}, 'session_id': 'c8a11a37-2a2a-4691-84d9-7d4c35c7cc61', 'user_id': 'P5'}"
2000-01-01 00:36:47,instance-c268e2a5-e7e0-44c4-8c33-ed6db2a7ed0a-resizable,layout.node.moved,"{'nodeId': 'instance-c268e2a5-e7e0-44c4-8c33-ed6db2a7ed0a-resizable', 'newPos': {'x': 42, 'y': 290}, 'session_id': 'c8a11a37-2a2a-4691-84d9-7d4c35c7cc61', 'user_id': 'P5'}"
2000-01-01 00:36:52,instance-22c981cd-8c2b-408d-bda2-1c9405ff58ea-resizable,layout.node.moved,"{'nodeId': 'instance-22c981cd-8c2b-408d-bda2-1c9405ff58ea-resizable', 'newPos': {'x': 278, 'y': 282}, 'session_id': 'c8a11a37-2a2a-4691-84d9-7d4c35c7cc61', 'user_id': 'P5'}"
2000-01-01 00:36:53,,relationship_node.deleted,"{'relationship_id': 'instance-c268e2a5-e7e0-44c4-8c33-ed6db2a7ed0a-instance-0433a57e-4192-42f4-a52b-d3b8d058810e', 'source_object_id': 'instance-c268e2a5-e7e0-44c4-8c33-ed6db2a7ed0a', 'target_object_id': 'instance-0433a57e-4192-42f4-a52b-d3b8d058810e', 'relation': 'looking at', 'source_object_name': 'rabbit', 'target_object_name': 'tree', 'session_id': 'c8a11a37-2a2a-4691-84d9-7d4c35c7cc61', 'user_id': 'P5'}"
2000-01-01 00:36:54,,relationship_node.deleted,"{'relationship_id': 'instance-b3ff8f32-a1d6-44e2-bc26-cb8607b96358-instance-0433a57e-4192-42f4-a52b-d3b8d058810e', 'source_object_id': 'instance-b3ff8f32-a1d6-44e2-bc26-cb8607b96358', 'target_object_id': 'instance-0433a57e-4192-42f4-a52b-d3b8d058810e', 'relation': 'looking at', 'source_object_name': 'rabbit', 'target_object_name': 'tree', 'session_id': 'c8a11a37-2a2a-4691-84d9-7d4c35c7cc61', 'user_id': 'P5'}"
2000-01-01 00:36:56,instance-b3ff8f32-a1d6-44e2-bc26-cb8607b96358-resizable,layout.node.moved,"{'nodeId': 'instance-b3ff8f32-a1d6-44e2-bc26-cb8607b96358-resizable', 'newPos': {'x': 11.671875, 'y': 162}, 'session_id': 'c8a11a37-2a2a-4691-84d9-7d4c35c7cc61', 'user_id': 'P5'}"
2000-01-01 00:36:57,instance-b3ff8f32-a1d6-44e2-bc26-cb8607b96358-resizable,layout.node.moved,"{'nodeId': 'instance-b3ff8f32-a1d6-44e2-bc26-cb8607b96358-resizable', 'newPos': {'x': 198.671875, 'y': 91}, 'session_id': 'c8a11a37-2a2a-4691-84d9-7d4c35c7cc61', 'user_id': 'P5'}"
2000-01-01 00:36:58,instance-c268e2a5-e7e0-44c4-8c33-ed6db2a7ed0a-resizable,layout.node.moved,"{'nodeId': 'instance-c268e2a5-e7e0-44c4-8c33-ed6db2a7ed0a-resizable', 'newPos': {'x': 282, 'y': 295}, 'session_id': 'c8a11a37-2a2a-4691-84d9-7d4c35c7cc61', 'user_id': 'P5'}"
2000-01-01 00:36:59,instance-b3ff8f32-a1d6-44e2-bc26-cb8607b96358-resizable,layout.node.moved,"{'nodeId': 'instance-b3ff8f32-a1d6-44e2-bc26-cb8607b96358-resizable', 'newPos': {'x': 26.671875, 'y': 142}, 'session_id': 'c8a11a37-2a2a-4691-84d9-7d4c35c7cc61', 'user_id': 'P5'}"
2000-01-01 00:37:02,instance-b3ff8f32-a1d6-44e2-bc26-cb8607b96358-resizable,layoutboard.node.resizable.resized,"{'nodeId': 'instance-b3ff8f32-a1d6-44e2-bc26-cb8607b96358-resizable', 'prevSize': {'width': 174, 'height': 272}, 'newSize': {'width': 136, 'height': 264}, 'delta': {'width': -38, 'height': -8}, 'linkedSizeNodeIds': [], 'session_id': 'c8a11a37-2a2a-4691-84d9-7d4c35c7cc61', 'user_id': 'P5'}"
2000-01-01 00:37:03,instance-0433a57e-4192-42f4-a52b-d3b8d058810e-resizable,layout.node.moved,"{'nodeId': 'instance-0433a57e-4192-42f4-a52b-d3b8d058810e-resizable', 'newPos': {'x': 151, 'y': 37}, 'session_id': 'c8a11a37-2a2a-4691-84d9-7d4c35c7cc61', 'user_id': 'P5'}"
2000-01-01 00:37:05,instance-0433a57e-4192-42f4-a52b-d3b8d058810e-resizable,layout.node.moved,"{'nodeId': 'instance-0433a57e-4192-42f4-a52b-d3b8d058810e-resizable', 'newPos': {'x': 33, 'y': 56}, 'session_id': 'c8a11a37-2a2a-4691-84d9-7d4c35c7cc61', 'user_id': 'P5'}"
2000-01-01 00:37:06,,relationship_node.deleted,"{'relationship_id': 'instance-22c981cd-8c2b-408d-bda2-1c9405ff58ea-instance-0433a57e-4192-42f4-a52b-d3b8d058810e', 'source_object_id': 'instance-22c981cd-8c2b-408d-bda2-1c9405ff58ea', 'target_object_id': 'instance-0433a57e-4192-42f4-a52b-d3b8d058810e', 'relation': 'pointing at', 'source_object_name': 'rabbit', 'target_object_name': 'tree', 'session_id': 'c8a11a37-2a2a-4691-84d9-7d4c35c7cc61', 'user_id': 'P5'}"
2000-01-01 00:37:07,instance-c268e2a5-e7e0-44c4-8c33-ed6db2a7ed0a-resizable,layout.node.moved,"{'nodeId': 'instance-c268e2a5-e7e0-44c4-8c33-ed6db2a7ed0a-resizable', 'newPos': {'x': 386, 'y': 281}, 'session_id': 'c8a11a37-2a2a-4691-84d9-7d4c35c7cc61', 'user_id': 'P5'}"
2000-01-01 00:37:08,instance-22c981cd-8c2b-408d-bda2-1c9405ff58ea-resizable,layout.node.moved,"{'nodeId': 'instance-22c981cd-8c2b-408d-bda2-1c9405ff58ea-resizable', 'newPos': {'x': 292, 'y': 241}, 'session_id': 'c8a11a37-2a2a-4691-84d9-7d4c35c7cc61', 'user_id': 'P5'}"
2000-01-01 00:37:08,instance-c268e2a5-e7e0-44c4-8c33-ed6db2a7ed0a-resizable,layout.node.moved,"{'nodeId': 'instance-c268e2a5-e7e0-44c4-8c33-ed6db2a7ed0a-resizable', 'newPos': {'x': 404, 'y': 281}, 'session_id': 'c8a11a37-2a2a-4691-84d9-7d4c35c7cc61', 'user_id': 'P5'}"
2000-01-01 00:37:10,instance-0433a57e-4192-42f4-a52b-d3b8d058810e-resizable,layout.node.moved,"{'nodeId': 'instance-0433a57e-4192-42f4-a52b-d3b8d058810e-resizable', 'newPos': {'x': 180, 'y': 55}, 'session_id': 'c8a11a37-2a2a-4691-84d9-7d4c35c7cc61', 'user_id': 'P5'}"
2000-01-01 00:37:12,instance-96f7195a-d962-4b96-a6b4-4fbab5eff06c-resizable,layout.node.moved,"{'nodeId': 'instance-96f7195a-d962-4b96-a6b4-4fbab5eff06c-resizable', 'newPos': {'x': 201, 'y': 31}, 'session_id': 'c8a11a37-2a2a-4691-84d9-7d4c35c7cc61', 'user_id': 'P5'}"
2000-01-01 00:37:13,instance-22c981cd-8c2b-408d-bda2-1c9405ff58ea-resizable,layout.node.moved,"{'nodeId': 'instance-22c981cd-8c2b-408d-bda2-1c9405ff58ea-resizable', 'newPos': {'x': 310, 'y': 36}, 'session_id': 'c8a11a37-2a2a-4691-84d9-7d4c35c7cc61', 'user_id': 'P5'}"
2000-01-01 00:37:15,instance-22c981cd-8c2b-408d-bda2-1c9405ff58ea-resizable,layoutboard.node.resizable.resized,"{'nodeId': 'instance-22c981cd-8c2b-408d-bda2-1c9405ff58ea-resizable', 'prevSize': {'width': 101, 'height': 145}, 'newSize': {'width': 81, 'height': 99}, 'delta': {'width': -20, 'height': -46}, 'linkedSizeNodeIds': [], 'session_id': 'c8a11a37-2a2a-4691-84d9-7d4c35c7cc61', 'user_id': 'P5'}"
2000-01-01 00:37:18,instance-22c981cd-8c2b-408d-bda2-1c9405ff58ea-resizable,layout.node.moved,"{'nodeId': 'instance-22c981cd-8c2b-408d-bda2-1c9405ff58ea-resizable', 'newPos': {'x': 284, 'y': 5}, 'session_id': 'c8a11a37-2a2a-4691-84d9-7d4c35c7cc61', 'user_id': 'P5'}"
2000-01-01 00:37:21,instance-0433a57e-4192-42f4-a52b-d3b8d058810e-resizable,layout.node.moved,"{'nodeId': 'instance-0433a57e-4192-42f4-a52b-d3b8d058810e-resizable', 'newPos': {'x': 198, 'y': 63}, 'session_id': 'c8a11a37-2a2a-4691-84d9-7d4c35c7cc61', 'user_id': 'P5'}"
2000-01-01 00:37:23,instance-96f7195a-d962-4b96-a6b4-4fbab5eff06c-resizable,layout.node.moved,"{'nodeId': 'instance-96f7195a-d962-4b96-a6b4-4fbab5eff06c-resizable', 'newPos': {'x': 196, 'y': 20}, 'session_id': 'c8a11a37-2a2a-4691-84d9-7d4c35c7cc61', 'user_id': 'P5'}"
2000-01-01 00:37:24,instance-c268e2a5-e7e0-44c4-8c33-ed6db2a7ed0a-resizable,layout.node.moved,"{'nodeId': 'instance-c268e2a5-e7e0-44c4-8c33-ed6db2a7ed0a-resizable', 'newPos': {'x': 379, 'y': 233}, 'session_id': 'c8a11a37-2a2a-4691-84d9-7d4c35c7cc61', 'user_id': 'P5'}"
2000-01-01 00:37:26,instance-c268e2a5-e7e0-44c4-8c33-ed6db2a7ed0a-resizable,layoutboard.node.resizable.resized,"{'nodeId': 'instance-c268e2a5-e7e0-44c4-8c33-ed6db2a7ed0a-resizable', 'prevSize': {'width': 79, 'height': 141}, 'newSize': {'width': 106, 'height': 201}, 'delta': {'width': 27, 'height': 60}, 'linkedSizeNodeIds': [], 'session_id': 'c8a11a37-2a2a-4691-84d9-7d4c35c7cc61', 'user_id': 'P5'}"
2000-01-01 00:37:27,instance-b3ff8f32-a1d6-44e2-bc26-cb8607b96358-resizable,layout.node.moved,"{'nodeId': 'instance-b3ff8f32-a1d6-44e2-bc26-cb8607b96358-resizable', 'newPos': {'x': 28.671875, 'y': 194}, 'session_id': 'c8a11a37-2a2a-4691-84d9-7d4c35c7cc61', 'user_id': 'P5'}"
2000-01-01 00:37:37,instance-22c981cd-8c2b-408d-bda2-1c9405ff58ea,instance.save,"{'instance_id': 'instance-22c981cd-8c2b-408d-bda2-1c9405ff58ea', 'session_id': 'c8a11a37-2a2a-4691-84d9-7d4c35c7cc61', 'user_id': 'P5'}"
2000-01-01 00:37:39,instance-22c981cd-8c2b-408d-bda2-1c9405ff58ea,instance.updated,"{'instance_id': 'instance-22c981cd-8c2b-408d-bda2-1c9405ff58ea', 'instance_label': 'rabbit', 'text_changed': False, 'graph_changed': True, 'session_id': 'c8a11a37-2a2a-4691-84d9-7d4c35c7cc61', 'user_id': 'P5'}"
2000-01-01 00:37:45,instance-96f7195a-d962-4b96-a6b4-4fbab5eff06c-resizable,layout.node.moved,"{'nodeId': 'instance-96f7195a-d962-4b96-a6b4-4fbab5eff06c-resizable', 'newPos': {'x': 101, 'y': 20}, 'session_id': 'c8a11a37-2a2a-4691-84d9-7d4c35c7cc61', 'user_id': 'P5'}"
2000-01-01 00:37:46,instance-0433a57e-4192-42f4-a52b-d3b8d058810e-resizable,layout.node.moved,"{'nodeId': 'instance-0433a57e-4192-42f4-a52b-d3b8d058810e-resizable', 'newPos': {'x': 197, 'y': 102}, 'session_id': 'c8a11a37-2a2a-4691-84d9-7d4c35c7cc61', 'user_id': 'P5'}"
2000-01-01 00:37:48,instance-22c981cd-8c2b-408d-bda2-1c9405ff58ea-resizable,layout.node.moved,"{'nodeId': 'instance-22c981cd-8c2b-408d-bda2-1c9405ff58ea-resizable', 'newPos': {'x': 334, 'y': 5}, 'session_id': 'c8a11a37-2a2a-4691-84d9-7d4c35c7cc61', 'user_id': 'P5'}"
2000-01-01 00:37:49,instance-22c981cd-8c2b-408d-bda2-1c9405ff58ea-resizable,layout.node.moved,"{'nodeId': 'instance-22c981cd-8c2b-408d-bda2-1c9405ff58ea-resizable', 'newPos': {'x': 373, 'y': 5}, 'session_id': 'c8a11a37-2a2a-4691-84d9-7d4c35c7cc61', 'user_id': 'P5'}"
2000-01-01 00:37:52,,relationship_node.edited,"{'relationship_id': 'instance-0433a57e-4192-42f4-a52b-d3b8d058810e-instance-22c981cd-8c2b-408d-bda2-1c9405ff58ea', 'source_object_id': 'instance-0433a57e-4192-42f4-a52b-d3b8d058810e', 'target_object_id': 'instance-22c981cd-8c2b-408d-bda2-1c9405ff58ea', 'old_relation': 'related', 'new_relation': 'on the', 'source_object_name': 'tree', 'target_object_name': 'rabbit', 'session_id': 'c8a11a37-2a2a-4691-84d9-7d4c35c7cc61', 'user_id': 'P5'}"
2000-01-01 00:37:53,instance-0433a57e-4192-42f4-a52b-d3b8d058810e-resizable,layout.node.moved,"{'nodeId': 'instance-0433a57e-4192-42f4-a52b-d3b8d058810e-resizable', 'newPos': {'x': 198, 'y': 87}, 'session_id': 'c8a11a37-2a2a-4691-84d9-7d4c35c7cc61', 'user_id': 'P5'}"
2000-01-01 00:37:55,instance-22c981cd-8c2b-408d-bda2-1c9405ff58ea-resizable,layout.node.moved,"{'nodeId': 'instance-22c981cd-8c2b-408d-bda2-1c9405ff58ea-resizable', 'newPos': {'x': 284, 'y': 10}, 'session_id': 'c8a11a37-2a2a-4691-84d9-7d4c35c7cc61', 'user_id': 'P5'}"
2000-01-01 00:37:56,instance-96f7195a-d962-4b96-a6b4-4fbab5eff06c-resizable,layout.node.moved,"{'nodeId': 'instance-96f7195a-d962-4b96-a6b4-4fbab5eff06c-resizable', 'newPos': {'x': 133, 'y': 0}, 'session_id': 'c8a11a37-2a2a-4691-84d9-7d4c35c7cc61', 'user_id': 'P5'}"
2000-01-01 00:38:05,instance-96f7195a-d962-4b96-a6b4-4fbab5eff06c-resizable,layout.node.moved,"{'nodeId': 'instance-96f7195a-d962-4b96-a6b4-4fbab5eff06c-resizable', 'newPos': {'x': 190, 'y': 18}, 'session_id': 'c8a11a37-2a2a-4691-84d9-7d4c35c7cc61', 'user_id': 'P5'}"
2000-01-01 00:38:06,instance-c268e2a5-e7e0-44c4-8c33-ed6db2a7ed0a-resizable,layout.node.moved,"{'nodeId': 'instance-c268e2a5-e7e0-44c4-8c33-ed6db2a7ed0a-resizable', 'newPos': {'x': 383, 'y': 249}, 'session_id': 'c8a11a37-2a2a-4691-84d9-7d4c35c7cc61', 'user_id': 'P5'}"
2000-01-01 00:38:06,,relationship_node.created,"{'relationship_id': 'instance-837d9423-a5a2-4bc1-8da2-6f0f75c74db7->object3:looking at', 'sourceId': 'instance-837d9423-a5a2-4bc1-8da2-6f0f75c74db7', 'targetId': 'object3', 'relation': 'looking at', 'video_time': '49:26'}"
2000-01-01 00:38:08,instance-c268e2a5-e7e0-44c4-8c33-ed6db2a7ed0a-resizable,layout.node.moved,"{'nodeId': 'instance-c268e2a5-e7e0-44c4-8c33-ed6db2a7ed0a-resizable', 'newPos': {'x': 383, 'y': 258}, 'session_id': 'c8a11a37-2a2a-4691-84d9-7d4c35c7cc61', 'user_id': 'P5'}"
2000-01-01 00:38:23,,relationship_node.created,"{'relationship_id': 'instance-837d9423-a5a2-4bc1-8da2-6f0f75c74db7->object3:looking at', 'sourceId': 'instance-837d9423-a5a2-4bc1-8da2-6f0f75c74db7', 'targetId': 'object3', 'relation': 'looking at', 'video_time': '49:43'}"
2000-01-01 00:38:54,,api.generate_image.succeeded,"{'global_caption': 'a scene featuring a smiling cute yellow rabbit with an animated style in the forest on a tree, a running smiling cute black rabbit with an animated character style looking at a tree in the forest while the rabbit looks at a balloon, a cute smiling white rabbit wearing a torn, muddy, and dirty blue jacket in the forest with an animated character while looking at a balloon, a big tree on the rabbit with a tree on the balloon, and a red balloon on the tree', 'region_count': 5, 'has_image': True, 'detected_objects_count': 0, 'image_path': 'output/P5/2025-08-30_00-38-54/image.png', 'image_with_layout_path': 'output/P5/2025-08-30_00-38-54/image_with_layout.png', 'timestamp_dir': 'output/P5/2025-08-30_00-38-54', 'session_id': 'c8a11a37-2a2a-4691-84d9-7d4c35c7cc61', 'user_id': 'P5'}"
2000-01-01 00:39:11,instance-22c981cd-8c2b-408d-bda2-1c9405ff58ea,layout.node.moved,"{'nodeId': 'instance-22c981cd-8c2b-408d-bda2-1c9405ff58ea', 'newPos': {'x': 306, 'y': 9}, 'session_id': 'c8a11a37-2a2a-4691-84d9-7d4c35c7cc61', 'user_id': 'P5'}"
2000-01-01 00:39:13,instance-22c981cd-8c2b-408d-bda2-1c9405ff58ea-resizable,layoutboard.node.resizable.resized,"{'nodeId': 'instance-22c981cd-8c2b-408d-bda2-1c9405ff58ea-resizable', 'prevSize': {'width': 101, 'height': 145}, 'newSize': {'width': 107, 'height': 133}, 'delta': {'width': 6, 'height': -12}, 'linkedSizeNodeIds': [], 'session_id': 'c8a11a37-2a2a-4691-84d9-7d4c35c7cc61', 'user_id': 'P5'}"
2000-01-01 00:39:15,instance-0433a57e-4192-42f4-a52b-d3b8d058810e-resizable,layoutboard.node.resizable.resized,"{'nodeId': 'instance-0433a57e-4192-42f4-a52b-d3b8d058810e-resizable', 'prevSize': {'width': 50, 'height': 50}, 'newSize': {'width': 169, 'height': 322}, 'delta': {'width': 119, 'height': 272}, 'linkedSizeNodeIds': [], 'session_id': 'c8a11a37-2a2a-4691-84d9-7d4c35c7cc61', 'user_id': 'P5'}"
2000-01-01 00:39:16,instance-22c981cd-8c2b-408d-bda2-1c9405ff58ea-resizable,layout.node.moved,"{'nodeId': 'instance-22c981cd-8c2b-408d-bda2-1c9405ff58ea-resizable', 'newPos': {'x': 267, 'y': 3}, 'session_id': 'c8a11a37-2a2a-4691-84d9-7d4c35c7cc61', 'user_id': 'P5'}"
2000-01-01 00:39:18,instance-22c981cd-8c2b-408d-bda2-1c9405ff58ea-resizable,layoutboard.node.resizable.resized,"{'nodeId': 'instance-22c981cd-8c2b-408d-bda2-1c9405ff58ea-resizable', 'prevSize': {'width': 101, 'height': 145}, 'newSize': {'width': 120, 'height': 187}, 'delta': {'width': 19, 'height': 42}, 'linkedSizeNodeIds': [], 'session_id': 'c8a11a37-2a2a-4691-84d9-7d4c35c7cc61', 'user_id': 'P5'}"
2000-01-01 00:39:20,instance-96f7195a-d962-4b96-a6b4-4fbab5eff06c-resizable,layout.node.moved,"{'nodeId': 'instance-96f7195a-d962-4b96-a6b4-4fbab5eff06c-resizable', 'newPos': {'x': 197, 'y': 101}, 'session_id': 'c8a11a37-2a2a-4691-84d9-7d4c35c7cc61', 'user_id': 'P5'}"
2000-01-01 00:39:50,,api.generate_image.succeeded,"{'global_caption': 'a scene featuring a smiling cute yellow rabbit with an animated style in the forest on a tree, a running smiling cute black rabbit with an animated character style looking at a tree in the forest while the rabbit looks at a balloon, a cute smiling white rabbit wearing a torn, muddy, and dirty blue jacket in the forest with an animated character while looking at a balloon, a big tree on the rabbit with a tree on the balloon, and a red balloon on the tree', 'region_count': 5, 'has_image': True, 'detected_objects_count': 0, 'image_path': 'output/P5/2025-08-30_00-39-49/image.png', 'image_with_layout_path': 'output/P5/2025-08-30_00-39-49/image_with_layout.png', 'timestamp_dir': 'output/P5/2025-08-30_00-39-49', 'session_id': 'c8a11a37-2a2a-4691-84d9-7d4c35c7cc61', 'user_id': 'P5'}"
2000-01-01 00:40:05,instance-96f7195a-d962-4b96-a6b4-4fbab5eff06c-resizable,layout.node.moved,"{'nodeId': 'instance-96f7195a-d962-4b96-a6b4-4fbab5eff06c-resizable', 'newPos': {'x': 173, 'y': 80}, 'session_id': 'c8a11a37-2a2a-4691-84d9-7d4c35c7cc61', 'user_id': 'P5'}"
2000-01-01 00:40:17,instance-96f7195a-d962-4b96-a6b4-4fbab5eff06c,instance.save,"{'instance_id': 'instance-96f7195a-d962-4b96-a6b4-4fbab5eff06c', 'session_id': 'c8a11a37-2a2a-4691-84d9-7d4c35c7cc61', 'user_id': 'P5'}"
2000-01-01 00:40:17,instance-96f7195a-d962-4b96-a6b4-4fbab5eff06c,instance.updated,"{'instance_id': 'instance-96f7195a-d962-4b96-a6b4-4fbab5eff06c', 'instance_label': 'balloon', 'text_changed': False, 'graph_changed': True, 'session_id': 'c8a11a37-2a2a-4691-84d9-7d4c35c7cc61', 'user_id': 'P5'}"
2000-01-01 00:40:34,instance-22c981cd-8c2b-408d-bda2-1c9405ff58ea,instance.save,"{'instance_id': 'instance-22c981cd-8c2b-408d-bda2-1c9405ff58ea', 'session_id': 'c8a11a37-2a2a-4691-84d9-7d4c35c7cc61', 'user_id': 'P5'}"
2000-01-01 00:40:35,instance-22c981cd-8c2b-408d-bda2-1c9405ff58ea,instance.updated,"{'instance_id': 'instance-22c981cd-8c2b-408d-bda2-1c9405ff58ea', 'instance_label': 'rabbit', 'text_changed': False, 'graph_changed': True, 'session_id': 'c8a11a37-2a2a-4691-84d9-7d4c35c7cc61', 'user_id': 'P5'}"
2000-01-01 00:41:08,,api.generate_image.succeeded,"{'global_caption': 'a scene featuring a smiling cute yellow rabbit with an animated style in the forest, a running smiling cute black rabbit with an animated character style looking at a tree in the forest while the rabbit looks at a balloon, a cute smiling white rabbit wearing a torn, muddy, and dirty blue jacket in the forest with an animated character while looking at a balloon, a big tree on the rabbit with a tree on the balloon, and a red balloon.', 'region_count': 5, 'has_image': True, 'detected_objects_count': 0, 'image_path': 'output/P5/2025-08-30_00-41-08/image.png', 'image_with_layout_path': 'output/P5/2025-08-30_00-41-08/image_with_layout.png', 'timestamp_dir': 'output/P5/2025-08-30_00-41-08', 'session_id': 'c8a11a37-2a2a-4691-84d9-7d4c35c7cc61', 'user_id': 'P5'}"
2000-01-01 00:41:25,instance-96f7195a-d962-4b96-a6b4-4fbab5eff06c-resizable,layout.node.moved,"{'nodeId': 'instance-96f7195a-d962-4b96-a6b4-4fbab5eff06c-resizable', 'newPos': {'x': 192, 'y': 91}, 'session_id': 'c8a11a37-2a2a-4691-84d9-7d4c35c7cc61', 'user_id': 'P5'}"
2000-01-01 00:41:44,instance-0433a57e-4192-42f4-a52b-d3b8d058810e-resizable,layout.node.moved,"{'nodeId': 'instance-0433a57e-4192-42f4-a52b-d3b8d058810e-resizable', 'newPos': {'x': 219, 'y': 121}, 'session_id': 'c8a11a37-2a2a-4691-84d9-7d4c35c7cc61', 'user_id': 'P5'}"
2000-01-01 00:41:46,instance-0433a57e-4192-42f4-a52b-d3b8d058810e-resizable,layout.node.moved,"{'nodeId': 'instance-0433a57e-4192-42f4-a52b-d3b8d058810e-resizable', 'newPos': {'x': 217, 'y': 168}, 'session_id': 'c8a11a37-2a2a-4691-84d9-7d4c35c7cc61', 'user_id': 'P5'}"
2000-01-01 00:41:48,instance-22c981cd-8c2b-408d-bda2-1c9405ff58ea-resizable,layout.node.moved,"{'nodeId': 'instance-22c981cd-8c2b-408d-bda2-1c9405ff58ea-resizable', 'newPos': {'x': 392, 'y': 2}, 'session_id': 'c8a11a37-2a2a-4691-84d9-7d4c35c7cc61', 'user_id': 'P5'}"
2000-01-01 00:41:49,,relationship_node.deleted,"{'relationship_id': 'instance-0433a57e-4192-42f4-a52b-d3b8d058810e-instance-22c981cd-8c2b-408d-bda2-1c9405ff58ea', 'source_object_id': 'instance-0433a57e-4192-42f4-a52b-d3b8d058810e', 'target_object_id': 'instance-22c981cd-8c2b-408d-bda2-1c9405ff58ea', 'relation': 'on the', 'source_object_name': 'tree', 'target_object_name': 'rabbit', 'session_id': 'c8a11a37-2a2a-4691-84d9-7d4c35c7cc61', 'user_id': 'P5'}"
2000-01-01 00:41:51,,relationship_node.deleted,"{'relationship_id': 'instance-0433a57e-4192-42f4-a52b-d3b8d058810e-instance-96f7195a-d962-4b96-a6b4-4fbab5eff06c', 'source_object_id': 'instance-0433a57e-4192-42f4-a52b-d3b8d058810e', 'target_object_id': 'instance-96f7195a-d962-4b96-a6b4-4fbab5eff06c', 'relation': 'on the', 'source_object_name': 'tree', 'target_object_name': 'balloon', 'session_id': 'c8a11a37-2a2a-4691-84d9-7d4c35c7cc61', 'user_id': 'P5'}"
2000-01-01 00:41:52,instance-96f7195a-d962-4b96-a6b4-4fbab5eff06c-resizable,layout.node.moved,"{'nodeId': 'instance-96f7195a-d962-4b96-a6b4-4fbab5eff06c-resizable', 'newPos': {'x': 79, 'y': 39}, 'session_id': 'c8a11a37-2a2a-4691-84d9-7d4c35c7cc61', 'user_id': 'P5'}"
2000-01-01 00:41:53,,relationship_node.deleted,"{'relationship_id': 'instance-b3ff8f32-a1d6-44e2-bc26-cb8607b96358-instance-96f7195a-d962-4b96-a6b4-4fbab5eff06c', 'source_object_id': 'instance-b3ff8f32-a1d6-44e2-bc26-cb8607b96358', 'target_object_id': 'instance-96f7195a-d962-4b96-a6b4-4fbab5eff06c', 'relation': 'looking at', 'source_object_name': 'rabbit', 'target_object_name': 'balloon', 'session_id': 'c8a11a37-2a2a-4691-84d9-7d4c35c7cc61', 'user_id': 'P5'}"
2000-01-01 00:41:54,instance-96f7195a-d962-4b96-a6b4-4fbab5eff06c-resizable,layout.node.moved,"{'nodeId': 'instance-96f7195a-d962-4b96-a6b4-4fbab5eff06c-resizable', 'newPos': {'x': 92, 'y': 262}, 'session_id': 'c8a11a37-2a2a-4691-84d9-7d4c35c7cc61', 'user_id': 'P5'}"
2000-01-01 00:41:56,instance-0433a57e-4192-42f4-a52b-d3b8d058810e-resizable,layout.node.moved,"{'nodeId': 'instance-0433a57e-4192-42f4-a52b-d3b8d058810e-resizable', 'newPos': {'x': 142, 'y': 23}, 'session_id': 'c8a11a37-2a2a-4691-84d9-7d4c35c7cc61', 'user_id': 'P5'}"
2000-01-01 00:41:58,instance-c268e2a5-e7e0-44c4-8c33-ed6db2a7ed0a,layout.node.moved,"{'nodeId': 'instance-c268e2a5-e7e0-44c4-8c33-ed6db2a7ed0a', 'newPos': {'x': 392, 'y': 243}, 'session_id': 'c8a11a37-2a2a-4691-84d9-7d4c35c7cc61', 'user_id': 'P5'}"
2000-01-01 00:41:59,,relationship_node.deleted,"{'relationship_id': 'instance-c268e2a5-e7e0-44c4-8c33-ed6db2a7ed0a-instance-96f7195a-d962-4b96-a6b4-4fbab5eff06c', 'source_object_id': 'instance-c268e2a5-e7e0-44c4-8c33-ed6db2a7ed0a', 'target_object_id': 'instance-96f7195a-d962-4b96-a6b4-4fbab5eff06c', 'relation': 'looking at', 'source_object_name': 'rabbit', 'target_object_name': 'balloon', 'session_id': 'c8a11a37-2a2a-4691-84d9-7d4c35c7cc61', 'user_id': 'P5'}"
2000-01-01 00:42:00,instance-0433a57e-4192-42f4-a52b-d3b8d058810e-resizable,layout.node.moved,"{'nodeId': 'instance-0433a57e-4192-42f4-a52b-d3b8d058810e-resizable', 'newPos': {'x': 221, 'y': 7}, 'session_id': 'c8a11a37-2a2a-4691-84d9-7d4c35c7cc61', 'user_id': 'P5'}"
2000-01-01 00:42:00,instance-0433a57e-4192-42f4-a52b-d3b8d058810e-resizable,layout.node.moved,"{'nodeId': 'instance-0433a57e-4192-42f4-a52b-d3b8d058810e-resizable', 'newPos': {'x': 218, 'y': 34}, 'session_id': 'c8a11a37-2a2a-4691-84d9-7d4c35c7cc61', 'user_id': 'P5'}"
2000-01-01 00:42:01,instance-0433a57e-4192-42f4-a52b-d3b8d058810e-resizable,layout.node.moved,"{'nodeId': 'instance-0433a57e-4192-42f4-a52b-d3b8d058810e-resizable', 'newPos': {'x': 214, 'y': 58}, 'session_id': 'c8a11a37-2a2a-4691-84d9-7d4c35c7cc61', 'user_id': 'P5'}"
2000-01-01 00:42:03,instance-0433a57e-4192-42f4-a52b-d3b8d058810e-resizable,layout.node.moved,"{'nodeId': 'instance-0433a57e-4192-42f4-a52b-d3b8d058810e-resizable', 'newPos': {'x': 198, 'y': 127}, 'session_id': 'c8a11a37-2a2a-4691-84d9-7d4c35c7cc61', 'user_id': 'P5'}"
2000-01-01 00:42:07,instance-0433a57e-4192-42f4-a52b-d3b8d058810e,instance.deleted,"{'instance_id': 'instance-0433a57e-4192-42f4-a52b-d3b8d058810e', 'instance_label': 'tree', 'is_from_class': False, 'class_id': None, 'session_id': 'c8a11a37-2a2a-4691-84d9-7d4c35c7cc61', 'user_id': 'P5'}"
2000-01-01 00:42:09,instance-b3ff8f32-a1d6-44e2-bc26-cb8607b96358-resizable,layout.node.moved,"{'nodeId': 'instance-b3ff8f32-a1d6-44e2-bc26-cb8607b96358-resizable', 'newPos': {'x': 21.671875, 'y': 176}, 'session_id': 'c8a11a37-2a2a-4691-84d9-7d4c35c7cc61', 'user_id': 'P5'}"
2000-01-01 00:42:10,instance-96f7195a-d962-4b96-a6b4-4fbab5eff06c-resizable,layout.node.moved,"{'nodeId': 'instance-96f7195a-d962-4b96-a6b4-4fbab5eff06c-resizable', 'newPos': {'x': 169, 'y': 262}, 'session_id': 'c8a11a37-2a2a-4691-84d9-7d4c35c7cc61', 'user_id': 'P5'}"
2000-01-01 00:42:10,instance-b3ff8f32-a1d6-44e2-bc26-cb8607b96358-resizable,layout.node.moved,"{'nodeId': 'instance-b3ff8f32-a1d6-44e2-bc26-cb8607b96358-resizable', 'newPos': {'x': 21.671875, 'y': 236}, 'session_id': 'c8a11a37-2a2a-4691-84d9-7d4c35c7cc61', 'user_id': 'P5'}"
2000-01-01 00:42:11,instance-b3ff8f32-a1d6-44e2-bc26-cb8607b96358-resizable,layout.node.moved,"{'nodeId': 'instance-b3ff8f32-a1d6-44e2-bc26-cb8607b96358-resizable', 'newPos': {'x': 21.671875, 'y': 138}, 'session_id': 'c8a11a37-2a2a-4691-84d9-7d4c35c7cc61', 'user_id': 'P5'}"
2000-01-01 00:42:12,instance-b3ff8f32-a1d6-44e2-bc26-cb8607b96358-resizable,layoutboard.node.resizable.resized,"{'nodeId': 'instance-b3ff8f32-a1d6-44e2-bc26-cb8607b96358-resizable', 'prevSize': {'width': 174, 'height': 272}, 'newSize': {'width': 136, 'height': 332}, 'delta': {'width': -38, 'height': 60}, 'linkedSizeNodeIds': [], 'session_id': 'c8a11a37-2a2a-4691-84d9-7d4c35c7cc61', 'user_id': 'P5'}"
2000-01-01 00:42:13,instance-b3ff8f32-a1d6-44e2-bc26-cb8607b96358-resizable,layout.node.moved,"{'nodeId': 'instance-b3ff8f32-a1d6-44e2-bc26-cb8607b96358-resizable', 'newPos': {'x': 21.671875, 'y': 158}, 'session_id': 'c8a11a37-2a2a-4691-84d9-7d4c35c7cc61', 'user_id': 'P5'}"
2000-01-01 00:42:18,,relationship_node.created,"{'relationship_id': 'instance-837d9423-a5a2-4bc1-8da2-6f0f75c74db7->object3:holding', 'sourceId': 'instance-837d9423-a5a2-4bc1-8da2-6f0f75c74db7', 'targetId': 'object3', 'relation': 'holding', 'video_time': '53:38'}"
2000-01-01 00:42:20,instance-b3ff8f32-a1d6-44e2-bc26-cb8607b96358-resizable,layout.node.moved,"{'nodeId': 'instance-b3ff8f32-a1d6-44e2-bc26-cb8607b96358-resizable', 'newPos': {'x': 152.671875, 'y': 165}, 'session_id': 'c8a11a37-2a2a-4691-84d9-7d4c35c7cc61', 'user_id': 'P5'}"
2000-01-01 00:42:21,instance-96f7195a-d962-4b96-a6b4-4fbab5eff06c-resizable,layout.node.moved,"{'nodeId': 'instance-96f7195a-d962-4b96-a6b4-4fbab5eff06c-resizable', 'newPos': {'x': 270, 'y': 262}, 'session_id': 'c8a11a37-2a2a-4691-84d9-7d4c35c7cc61', 'user_id': 'P5'}"
2000-01-01 00:42:21,instance-b3ff8f32-a1d6-44e2-bc26-cb8607b96358-resizable,layout.node.moved,"{'nodeId': 'instance-b3ff8f32-a1d6-44e2-bc26-cb8607b96358-resizable', 'newPos': {'x': 152.671875, 'y': 142}, 'session_id': 'c8a11a37-2a2a-4691-84d9-7d4c35c7cc61', 'user_id': 'P5'}"
2000-01-01 00:42:23,instance-b3ff8f32-a1d6-44e2-bc26-cb8607b96358-resizable,layoutboard.node.resizable.resized,"{'nodeId': 'instance-b3ff8f32-a1d6-44e2-bc26-cb8607b96358-resizable', 'prevSize': {'width': 174, 'height': 272}, 'newSize': {'width': 172, 'height': 346}, 'delta': {'width': -2, 'height': 74}, 'linkedSizeNodeIds': [], 'session_id': 'c8a11a37-2a2a-4691-84d9-7d4c35c7cc61', 'user_id': 'P5'}"
2000-01-01 00:42:24,instance-c268e2a5-e7e0-44c4-8c33-ed6db2a7ed0a-resizable,layout.node.moved,"{'nodeId': 'instance-c268e2a5-e7e0-44c4-8c33-ed6db2a7ed0a-resizable', 'newPos': {'x': 357, 'y': 221}, 'session_id': 'c8a11a37-2a2a-4691-84d9-7d4c35c7cc61', 'user_id': 'P5'}"
2000-01-01 00:42:26,instance-c268e2a5-e7e0-44c4-8c33-ed6db2a7ed0a-resizable,layoutboard.node.resizable.resized,"{'nodeId': 'instance-c268e2a5-e7e0-44c4-8c33-ed6db2a7ed0a-resizable', 'prevSize': {'width': 79, 'height': 141}, 'newSize': {'width': 113, 'height': 223}, 'delta': {'width': 34, 'height': 82}, 'linkedSizeNodeIds': [], 'session_id': 'c8a11a37-2a2a-4691-84d9-7d4c35c7cc61', 'user_id': 'P5'}"
2000-01-01 00:42:28,instance-22c981cd-8c2b-408d-bda2-1c9405ff58ea-resizable,layout.node.moved,"{'nodeId': 'instance-22c981cd-8c2b-408d-bda2-1c9405ff58ea-resizable', 'newPos': {'x': 15, 'y': 237}, 'session_id': 'c8a11a37-2a2a-4691-84d9-7d4c35c7cc61', 'user_id': 'P5'}"
2000-01-01 00:42:29,instance-22c981cd-8c2b-408d-bda2-1c9405ff58ea-resizable,layoutboard.node.resizable.resized,"{'nodeId': 'instance-22c981cd-8c2b-408d-bda2-1c9405ff58ea-resizable', 'prevSize': {'width': 101, 'height': 145}, 'newSize': {'width': 122, 'height': 219}, 'delta': {'width': 21, 'height': 74}, 'linkedSizeNodeIds': [], 'session_id': 'c8a11a37-2a2a-4691-84d9-7d4c35c7cc61', 'user_id': 'P5'}"
2000-01-01 00:42:59,class-8267a52d-5b60-4f16-abd3-e57662c661e8,class.updated,"{'class_id': 'class-8267a52d-5b60-4f16-abd3-e57662c661e8', 'class_name': 'rabbit Class', 'placeholder_count': 3, 'object_count': 3, 'session_id': 'c8a11a37-2a2a-4691-84d9-7d4c35c7cc61', 'user_id': 'P5'}"
2000-01-01 00:43:21,class-8267a52d-5b60-4f16-abd3-e57662c661e8,class.updated,"{'class_id': 'class-8267a52d-5b60-4f16-abd3-e57662c661e8', 'class_name': 'rabbit Class', 'placeholder_count': 3, 'object_count': 3, 'session_id': 'c8a11a37-2a2a-4691-84d9-7d4c35c7cc61', 'user_id': 'P5'}"
2000-01-01 00:43:36,class-8267a52d-5b60-4f16-abd3-e57662c661e8,class.updated,"{'class_id': 'class-8267a52d-5b60-4f16-abd3-e57662c661e8', 'class_name': 'rabbit Class', 'placeholder_count': 3, 'object_count': 3, 'session_id': 'c8a11a37-2a2a-4691-84d9-7d4c35c7cc61', 'user_id': 'P5'}"
2000-01-01 00:44:00,instance-b3ff8f32-a1d6-44e2-bc26-cb8607b96358,instance.save,"{'instance_id': 'instance-b3ff8f32-a1d6-44e2-bc26-cb8607b96358', 'session_id': 'c8a11a37-2a2a-4691-84d9-7d4c35c7cc61', 'user_id': 'P5'}"
2000-01-01 00:44:05,instance-b3ff8f32-a1d6-44e2-bc26-cb8607b96358,instance.updated,"{'instance_id': 'instance-b3ff8f32-a1d6-44e2-bc26-cb8607b96358', 'instance_label': 'rabbit', 'text_changed': True, 'graph_changed': False, 'session_id': 'c8a11a37-2a2a-4691-84d9-7d4c35c7cc61', 'user_id': 'P5'}"
2000-01-01 00:44:10,instance-22c981cd-8c2b-408d-bda2-1c9405ff58ea,instance.save,"{'instance_id': 'instance-22c981cd-8c2b-408d-bda2-1c9405ff58ea', 'session_id': 'c8a11a37-2a2a-4691-84d9-7d4c35c7cc61', 'user_id': 'P5'}"
2000-01-01 00:44:15,instance-22c981cd-8c2b-408d-bda2-1c9405ff58ea,instance.updated,"{'instance_id': 'instance-22c981cd-8c2b-408d-bda2-1c9405ff58ea', 'instance_label': 'rabbit', 'text_changed': True, 'graph_changed': False, 'session_id': 'c8a11a37-2a2a-4691-84d9-7d4c35c7cc61', 'user_id': 'P5'}"
2000-01-01 00:44:21,instance-c268e2a5-e7e0-44c4-8c33-ed6db2a7ed0a,instance.save,"{'instance_id': 'instance-c268e2a5-e7e0-44c4-8c33-ed6db2a7ed0a', 'session_id': 'c8a11a37-2a2a-4691-84d9-7d4c35c7cc61', 'user_id': 'P5'}"
2000-01-01 00:44:25,instance-c268e2a5-e7e0-44c4-8c33-ed6db2a7ed0a,instance.updated,"{'instance_id': 'instance-c268e2a5-e7e0-44c4-8c33-ed6db2a7ed0a', 'instance_label': 'rabbit', 'text_changed': True, 'graph_changed': False, 'session_id': 'c8a11a37-2a2a-4691-84d9-7d4c35c7cc61', 'user_id': 'P5'}"
2000-01-01 00:44:54,,api.generate_image.succeeded,"{'global_caption': 'a scene featuring a dirty smiling cute yellow rabbit with an animated style in the forest, a dirty smiling cute black rabbit with an animated character style in the forest, a dirty cute smiling white rabbit in the forest with an animated character holding a red balloon, and a red balloon.', 'region_count': 4, 'has_image': True, 'detected_objects_count': 0, 'image_path': 'output/P5/2025-08-30_00-44-53/image.png', 'image_with_layout_path': 'output/P5/2025-08-30_00-44-53/image_with_layout.png', 'timestamp_dir': 'output/P5/2025-08-30_00-44-53', 'session_id': 'c8a11a37-2a2a-4691-84d9-7d4c35c7cc61', 'user_id': 'P5'}"
2000-01-01 00:45:25,instance-b3ff8f32-a1d6-44e2-bc26-cb8607b96358,instance.save,"{'instance_id': 'instance-b3ff8f32-a1d6-44e2-bc26-cb8607b96358', 'session_id': 'c8a11a37-2a2a-4691-84d9-7d4c35c7cc61', 'user_id': 'P5'}"
2000-01-01 00:45:29,instance-b3ff8f32-a1d6-44e2-bc26-cb8607b96358,instance.updated,"{'instance_id': 'instance-b3ff8f32-a1d6-44e2-bc26-cb8607b96358', 'instance_label': 'rabbit', 'text_changed': True, 'graph_changed': False, 'session_id': 'c8a11a37-2a2a-4691-84d9-7d4c35c7cc61', 'user_id': 'P5'}"
2000-01-01 00:45:44,instance-b3ff8f32-a1d6-44e2-bc26-cb8607b96358,instance.save,"{'instance_id': 'instance-b3ff8f32-a1d6-44e2-bc26-cb8607b96358', 'session_id': 'c8a11a37-2a2a-4691-84d9-7d4c35c7cc61', 'user_id': 'P5'}"
2000-01-01 00:45:45,instance-b3ff8f32-a1d6-44e2-bc26-cb8607b96358,instance.updated,"{'instance_id': 'instance-b3ff8f32-a1d6-44e2-bc26-cb8607b96358', 'instance_label': 'rabbit', 'text_changed': False, 'graph_changed': True, 'session_id': 'c8a11a37-2a2a-4691-84d9-7d4c35c7cc61', 'user_id': 'P5'}"
2000-01-01 00:46:11,,api.generate_image.succeeded,"{'global_caption': 'a scene featuring a dirty smiling cute yellow rabbit with an animated style in the forest, a dirty smiling cute black rabbit with an animated character style in the forest, a dirty cute smiling white rabbit wearing a muddy, torn blue jacket in the forest with an animated character, holding a red balloon, and a red balloon.', 'region_count': 4, 'has_image': True, 'detected_objects_count': 0, 'image_path': 'output/P5/2025-08-30_00-46-10/image.png', 'image_with_layout_path': 'output/P5/2025-08-30_00-46-10/image_with_layout.png', 'timestamp_dir': 'output/P5/2025-08-30_00-46-10', 'session_id': 'c8a11a37-2a2a-4691-84d9-7d4c35c7cc61', 'user_id': 'P5'}"
